CVE_ID,Baseline,Risk_Score,Rank
CVE-2020-10640,CVSS-only,10.0,1
CVE-2021-21960,CVSS-only,10.0,2
CVE-2021-21961,CVSS-only,10.0,3
CVE-2021-27460,CVSS-only,10.0,4
CVE-2021-27462,CVSS-only,10.0,5
CVE-2021-27464,CVSS-only,10.0,6
CVE-2021-27466,CVSS-only,10.0,7
CVE-2021-27468,CVSS-only,10.0,8
CVE-2021-27470,CVSS-only,10.0,9
CVE-2021-27472,CVSS-only,10.0,10
CVE-2021-27474,CVSS-only,10.0,11
CVE-2021-27476,CVSS-only,10.0,12
CVE-2021-43832,CVSS-only,10.0,13
CVE-2021-46250,CVSS-only,10.0,14
CVE-2021-46433,CVSS-only,10.0,15
CVE-2022-0543,CVSS-only,10.0,16
CVE-2022-0735,CVSS-only,10.0,17
CVE-2022-20699,CVSS-only,10.0,18
CVE-2022-20700,CVSS-only,10.0,19
CVE-2022-20701,CVSS-only,10.0,20
CVE-2022-20702,CVSS-only,10.0,21
CVE-2022-20703,CVSS-only,10.0,22
CVE-2022-20704,CVSS-only,10.0,23
CVE-2022-20705,CVSS-only,10.0,24
CVE-2022-20706,CVSS-only,10.0,25
CVE-2022-20707,CVSS-only,10.0,26
CVE-2022-20708,CVSS-only,10.0,27
CVE-2022-20709,CVSS-only,10.0,28
CVE-2022-20710,CVSS-only,10.0,29
CVE-2022-20711,CVSS-only,10.0,30
CVE-2022-20712,CVSS-only,10.0,31
CVE-2022-20749,CVSS-only,10.0,32
CVE-2022-21141,CVSS-only,10.0,33
CVE-2022-21196,CVSS-only,10.0,34
CVE-2022-21215,CVSS-only,10.0,35
CVE-2022-21275,CVSS-only,10.0,36
CVE-2022-21389,CVSS-only,10.0,37
CVE-2022-21390,CVSS-only,10.0,38
CVE-2022-21643,CVSS-only,10.0,39
CVE-2022-22536,CVSS-only,10.0,40
CVE-2022-22947,CVSS-only,10.0,41
CVE-2022-22995,CVSS-only,10.0,42
CVE-2022-24760,CVSS-only,10.0,43
CVE-2022-24783,CVSS-only,10.0,44
CVE-2022-24796,CVSS-only,10.0,45
CVE-2021-32008,CVSS-only,9.9,46
CVE-2021-35683,CVSS-only,9.9,47
CVE-2021-36302,CVSS-only,9.9,48
CVE-2021-3781,CVSS-only,9.9,49
CVE-2021-42940,CVSS-only,9.9,50
CVE-2021-42952,CVSS-only,9.9,51
CVE-2021-43779,CVSS-only,9.9,52
CVE-2021-43928,CVSS-only,9.9,53
CVE-2022-0767,CVSS-only,9.9,54
CVE-2022-21276,CVSS-only,9.9,55
CVE-2022-21391,CVSS-only,9.9,56
CVE-2022-21675,CVSS-only,9.9,57
CVE-2022-23603,CVSS-only,9.9,58
CVE-2022-24663,CVSS-only,9.9,59
CVE-2022-24664,CVSS-only,9.9,60
CVE-2022-24665,CVSS-only,9.9,61
CVE-2022-24768,CVSS-only,9.9,62
CVE-2013-20004,CVSS-only,9.8,63
CVE-2016-1239,CVSS-only,9.8,64
CVE-2020-12775,CVSS-only,9.8,65
CVE-2020-13675,CVSS-only,9.8,66
CVE-2020-14115,CVSS-only,9.8,67
CVE-2020-15591,CVSS-only,9.8,68
CVE-2020-17383,CVSS-only,9.8,69
CVE-2020-24769,CVSS-only,9.8,70
CVE-2020-24770,CVSS-only,9.8,71
CVE-2020-25197,CVSS-only,9.8,72
CVE-2020-25905,CVSS-only,9.8,73
CVE-2020-26728,CVSS-only,9.8,74
CVE-2020-28102,CVSS-only,9.8,75
CVE-2020-28103,CVSS-only,9.8,76
CVE-2020-36062,CVSS-only,9.8,77
CVE-2020-36064,CVSS-only,9.8,78
CVE-2020-4877,CVSS-only,9.8,79
CVE-2020-4879,CVSS-only,9.8,80
CVE-2021-1049,CVSS-only,9.8,81
CVE-2021-20001,CVSS-only,9.8,82
CVE-2021-20325,CVSS-only,9.8,83
CVE-2021-22426,CVSS-only,9.8,84
CVE-2021-22429,CVSS-only,9.8,85
CVE-2021-22430,CVSS-only,9.8,86
CVE-2021-22431,CVSS-only,9.8,87
CVE-2021-22432,CVSS-only,9.8,88
CVE-2021-22433,CVSS-only,9.8,89
CVE-2021-22434,CVSS-only,9.8,90
CVE-2021-22480,CVSS-only,9.8,91
CVE-2021-22801,CVSS-only,9.8,92
CVE-2021-22802,CVSS-only,9.8,93
CVE-2021-22803,CVSS-only,9.8,94
CVE-2021-22820,CVSS-only,9.8,95
CVE-2021-23158,CVSS-only,9.8,96
CVE-2021-23165,CVSS-only,9.8,97
CVE-2021-23484,CVSS-only,9.8,98
CVE-2021-23543,CVSS-only,9.8,99
CVE-2021-23555,CVSS-only,9.8,100
CVE-2021-23594,CVSS-only,9.8,101
CVE-2021-24042,CVSS-only,9.8,102
CVE-2021-24044,CVSS-only,9.8,103
CVE-2021-24762,CVSS-only,9.8,104
CVE-2021-24867,CVSS-only,9.8,105
CVE-2021-24949,CVSS-only,9.8,106
CVE-2021-25003,CVSS-only,9.8,107
CVE-2021-25007,CVSS-only,9.8,108
CVE-2021-25032,CVSS-only,9.8,109
CVE-2021-25070,CVSS-only,9.8,110
CVE-2021-25114,CVSS-only,9.8,111
CVE-2021-25981,CVSS-only,9.8,112
CVE-2021-25992,CVSS-only,9.8,113
CVE-2021-26599,CVSS-only,9.8,114
CVE-2021-26600,CVSS-only,9.8,115
CVE-2021-26706,CVSS-only,9.8,116
CVE-2021-27426,CVSS-only,9.8,117
CVE-2021-27428,CVSS-only,9.8,118
CVE-2021-27797,CVSS-only,9.8,119
CVE-2021-29215,CVSS-only,9.8,120
CVE-2021-29393,CVSS-only,9.8,121
CVE-2021-29396,CVSS-only,9.8,122
CVE-2021-29655,CVSS-only,9.8,123
CVE-2021-29656,CVSS-only,9.8,124
CVE-2021-30351,CVSS-only,9.8,125
CVE-2021-30636,CVSS-only,9.8,126
CVE-2021-31326,CVSS-only,9.8,127
CVE-2021-31522,CVSS-only,9.8,128
CVE-2021-31617,CVSS-only,9.8,129
CVE-2021-31932,CVSS-only,9.8,130
CVE-2021-3242,CVSS-only,9.8,131
CVE-2021-33046,CVSS-only,9.8,132
CVE-2021-33912,CVSS-only,9.8,133
CVE-2021-33913,CVSS-only,9.8,134
CVE-2021-33945,CVSS-only,9.8,135
CVE-2021-33962,CVSS-only,9.8,136
CVE-2021-33963,CVSS-only,9.8,137
CVE-2021-34235,CVSS-only,9.8,138
CVE-2021-34993,CVSS-only,9.8,139
CVE-2021-35003,CVSS-only,9.8,140
CVE-2021-35004,CVSS-only,9.8,141
CVE-2021-35587,CVSS-only,9.8,142
CVE-2021-35689,CVSS-only,9.8,143
CVE-2021-36152,CVSS-only,9.8,144
CVE-2021-36166,CVSS-only,9.8,145
CVE-2021-36294,CVSS-only,9.8,146
CVE-2021-3657,CVSS-only,9.8,147
CVE-2021-37120,CVSS-only,9.8,148
CVE-2021-37121,CVSS-only,9.8,149
CVE-2021-37128,CVSS-only,9.8,150
CVE-2021-37354,CVSS-only,9.8,151
CVE-2021-3762,CVSS-only,9.8,152
CVE-2021-3773,CVSS-only,9.8,153
CVE-2021-38172,CVSS-only,9.8,154
CVE-2021-38278,CVSS-only,9.8,155
CVE-2021-38697,CVSS-only,9.8,156
CVE-2021-39070,CVSS-only,9.8,157
CVE-2021-39363,CVSS-only,9.8,158
CVE-2021-39383,CVSS-only,9.8,159
CVE-2021-39384,CVSS-only,9.8,160
CVE-2021-39616,CVSS-only,9.8,161
CVE-2021-39623,CVSS-only,9.8,162
CVE-2021-39658,CVSS-only,9.8,163
CVE-2021-39675,CVSS-only,9.8,164
CVE-2021-39708,CVSS-only,9.8,165
CVE-2021-39710,CVSS-only,9.8,166
CVE-2021-39720,CVSS-only,9.8,167
CVE-2021-39723,CVSS-only,9.8,168
CVE-2021-39737,CVSS-only,9.8,169
CVE-2021-39979,CVSS-only,9.8,170
CVE-2021-39990,CVSS-only,9.8,171
CVE-2021-39993,CVSS-only,9.8,172
CVE-2021-39994,CVSS-only,9.8,173
CVE-2021-39996,CVSS-only,9.8,174
CVE-2021-39997,CVSS-only,9.8,175
CVE-2021-40010,CVSS-only,9.8,176
CVE-2021-40046,CVSS-only,9.8,177
CVE-2021-40050,CVSS-only,9.8,178
CVE-2021-40247,CVSS-only,9.8,179
CVE-2021-4039,CVSS-only,9.8,180
CVE-2021-40408,CVSS-only,9.8,181
CVE-2021-40409,CVSS-only,9.8,182
CVE-2021-4045,CVSS-only,9.8,183
CVE-2021-40595,CVSS-only,9.8,184
CVE-2021-40596,CVSS-only,9.8,185
CVE-2021-40722,CVSS-only,9.8,186
CVE-2021-40855,CVSS-only,9.8,187
CVE-2021-40907,CVSS-only,9.8,188
CVE-2021-40908,CVSS-only,9.8,189
CVE-2021-41193,CVSS-only,9.8,190
CVE-2021-41471,CVSS-only,9.8,191
CVE-2021-41472,CVSS-only,9.8,192
CVE-2021-41609,CVSS-only,9.8,193
CVE-2021-41659,CVSS-only,9.8,194
CVE-2021-41660,CVSS-only,9.8,195
CVE-2021-4171,CVSS-only,9.8,196
CVE-2021-41736,CVSS-only,9.8,197
CVE-2021-41816,CVSS-only,9.8,198
CVE-2021-41842,CVSS-only,9.8,199
CVE-2021-41928,CVSS-only,9.8,200
CVE-2021-42392,CVSS-only,9.8,201
CVE-2021-42637,CVSS-only,9.8,202
CVE-2021-42786,CVSS-only,9.8,203
CVE-2021-42854,CVSS-only,9.8,204
CVE-2021-42911,CVSS-only,9.8,205
CVE-2021-43049,CVSS-only,9.8,206
CVE-2021-43084,CVSS-only,9.8,207
CVE-2021-43086,CVSS-only,9.8,208
CVE-2021-43090,CVSS-only,9.8,209
CVE-2021-43110,CVSS-only,9.8,210
CVE-2021-43118,CVSS-only,9.8,211
CVE-2021-43142,CVSS-only,9.8,212
CVE-2021-43297,CVSS-only,9.8,213
CVE-2021-43298,CVSS-only,9.8,214
CVE-2021-43299,CVSS-only,9.8,215
CVE-2021-43300,CVSS-only,9.8,216
CVE-2021-43301,CVSS-only,9.8,217
CVE-2021-43303,CVSS-only,9.8,218
CVE-2021-43394,CVSS-only,9.8,219
CVE-2021-43420,CVSS-only,9.8,220
CVE-2021-43479,CVSS-only,9.8,221
CVE-2021-43484,CVSS-only,9.8,222
CVE-2021-43506,CVSS-only,9.8,223
CVE-2021-43509,CVSS-only,9.8,224
CVE-2021-43510,CVSS-only,9.8,225
CVE-2021-43636,CVSS-only,9.8,226
CVE-2021-43650,CVSS-only,9.8,227
CVE-2021-43700,CVSS-only,9.8,228
CVE-2021-43711,CVSS-only,9.8,229
CVE-2021-43722,CVSS-only,9.8,230
CVE-2021-43735,CVSS-only,9.8,231
CVE-2021-43736,CVSS-only,9.8,232
CVE-2021-43958,CVSS-only,9.8,233
CVE-2021-44087,CVSS-only,9.8,234
CVE-2021-44088,CVSS-only,9.8,235
CVE-2021-44090,CVSS-only,9.8,236
CVE-2021-44092,CVSS-only,9.8,237
CVE-2021-44127,CVSS-only,9.8,238
CVE-2021-44244,CVSS-only,9.8,239
CVE-2021-44245,CVSS-only,9.8,240
CVE-2021-44247,CVSS-only,9.8,241
CVE-2021-44249,CVSS-only,9.8,242
CVE-2021-44259,CVSS-only,9.8,243
CVE-2021-44530,CVSS-only,9.8,244
CVE-2021-44550,CVSS-only,9.8,245
CVE-2021-44567,CVSS-only,9.8,246
CVE-2021-44610,CVSS-only,9.8,247
CVE-2021-44617,CVSS-only,9.8,248
CVE-2021-44618,CVSS-only,9.8,249
CVE-2021-44620,CVSS-only,9.8,250
CVE-2021-44622,CVSS-only,9.8,251
CVE-2021-44623,CVSS-only,9.8,252
CVE-2021-44625,CVSS-only,9.8,253
CVE-2021-44626,CVSS-only,9.8,254
CVE-2021-44627,CVSS-only,9.8,255
CVE-2021-44628,CVSS-only,9.8,256
CVE-2021-44629,CVSS-only,9.8,257
CVE-2021-44630,CVSS-only,9.8,258
CVE-2021-44631,CVSS-only,9.8,259
CVE-2021-44632,CVSS-only,9.8,260
CVE-2021-44663,CVSS-only,9.8,261
CVE-2021-44734,CVSS-only,9.8,262
CVE-2021-44735,CVSS-only,9.8,263
CVE-2021-44736,CVSS-only,9.8,264
CVE-2021-44738,CVSS-only,9.8,265
CVE-2021-44868,CVSS-only,9.8,266
CVE-2021-44880,CVSS-only,9.8,267
CVE-2021-44881,CVSS-only,9.8,268
CVE-2021-44882,CVSS-only,9.8,269
CVE-2021-44906,CVSS-only,9.8,270
CVE-2021-44908,CVSS-only,9.8,271
CVE-2021-44971,CVSS-only,9.8,272
CVE-2021-44978,CVSS-only,9.8,273
CVE-2021-45003,CVSS-only,9.8,274
CVE-2021-45005,CVSS-only,9.8,275
CVE-2021-45029,CVSS-only,9.8,276
CVE-2021-45040,CVSS-only,9.8,277
CVE-2021-45327,CVSS-only,9.8,278
CVE-2021-45330,CVSS-only,9.8,279
CVE-2021-45331,CVSS-only,9.8,280
CVE-2021-45334,CVSS-only,9.8,281
CVE-2021-45364,CVSS-only,9.8,282
CVE-2021-45382,CVSS-only,9.8,283
CVE-2021-45389,CVSS-only,9.8,284
CVE-2021-45401,CVSS-only,9.8,285
CVE-2021-45411,CVSS-only,9.8,286
CVE-2021-45414,CVSS-only,9.8,287
CVE-2021-45420,CVSS-only,9.8,288
CVE-2021-45428,CVSS-only,9.8,289
CVE-2021-45435,CVSS-only,9.8,290
CVE-2021-45456,CVSS-only,9.8,291
CVE-2021-45468,CVSS-only,9.8,292
CVE-2021-45733,CVSS-only,9.8,293
CVE-2021-45738,CVSS-only,9.8,294
CVE-2021-45740,CVSS-only,9.8,295
CVE-2021-45742,CVSS-only,9.8,296
CVE-2021-45756,CVSS-only,9.8,297
CVE-2021-45786,CVSS-only,9.8,298
CVE-2021-45802,CVSS-only,9.8,299
CVE-2021-45807,CVSS-only,9.8,300
CVE-2021-45809,CVSS-only,9.8,301
CVE-2021-45834,CVSS-only,9.8,302
CVE-2021-45835,CVSS-only,9.8,303
CVE-2021-45865,CVSS-only,9.8,304
CVE-2021-45876,CVSS-only,9.8,305
CVE-2021-45877,CVSS-only,9.8,306
CVE-2021-45887,CVSS-only,9.8,307
CVE-2021-45898,CVSS-only,9.8,308
CVE-2021-45899,CVSS-only,9.8,309
CVE-2021-45951,CVSS-only,9.8,310
CVE-2021-45952,CVSS-only,9.8,311
CVE-2021-45953,CVSS-only,9.8,312
CVE-2021-45954,CVSS-only,9.8,313
CVE-2021-45955,CVSS-only,9.8,314
CVE-2021-45956,CVSS-only,9.8,315
CVE-2021-45957,CVSS-only,9.8,316
CVE-2021-45966,CVSS-only,9.8,317
CVE-2021-45967,CVSS-only,9.8,318
CVE-2021-45977,CVSS-only,9.8,319
CVE-2021-45986,CVSS-only,9.8,320
CVE-2021-45987,CVSS-only,9.8,321
CVE-2021-45990,CVSS-only,9.8,322
CVE-2021-45998,CVSS-only,9.8,323
CVE-2021-46007,CVSS-only,9.8,324
CVE-2021-46009,CVSS-only,9.8,325
CVE-2021-46013,CVSS-only,9.8,326
CVE-2021-46024,CVSS-only,9.8,327
CVE-2021-46033,CVSS-only,9.8,328
CVE-2021-46036,CVSS-only,9.8,329
CVE-2021-46061,CVSS-only,9.8,330
CVE-2021-46067,CVSS-only,9.8,331
CVE-2021-46089,CVSS-only,9.8,332
CVE-2021-46093,CVSS-only,9.8,333
CVE-2021-46110,CVSS-only,9.8,334
CVE-2021-46198,CVSS-only,9.8,335
CVE-2021-46200,CVSS-only,9.8,336
CVE-2021-46201,CVSS-only,9.8,337
CVE-2021-46204,CVSS-only,9.8,338
CVE-2021-46226,CVSS-only,9.8,339
CVE-2021-46227,CVSS-only,9.8,340
CVE-2021-46228,CVSS-only,9.8,341
CVE-2021-46229,CVSS-only,9.8,342
CVE-2021-46230,CVSS-only,9.8,343
CVE-2021-46231,CVSS-only,9.8,344
CVE-2021-46232,CVSS-only,9.8,345
CVE-2021-46233,CVSS-only,9.8,346
CVE-2021-46262,CVSS-only,9.8,347
CVE-2021-46263,CVSS-only,9.8,348
CVE-2021-46264,CVSS-only,9.8,349
CVE-2021-46265,CVSS-only,9.8,350
CVE-2021-46307,CVSS-only,9.8,351
CVE-2021-46308,CVSS-only,9.8,352
CVE-2021-46309,CVSS-only,9.8,353
CVE-2021-46314,CVSS-only,9.8,354
CVE-2021-46315,CVSS-only,9.8,355
CVE-2021-46319,CVSS-only,9.8,356
CVE-2021-46321,CVSS-only,9.8,357
CVE-2021-46361,CVSS-only,9.8,358
CVE-2021-46362,CVSS-only,9.8,359
CVE-2021-46377,CVSS-only,9.8,360
CVE-2021-46384,CVSS-only,9.8,361
CVE-2021-46386,CVSS-only,9.8,362
CVE-2021-46393,CVSS-only,9.8,363
CVE-2021-46394,CVSS-only,9.8,364
CVE-2021-46427,CVSS-only,9.8,365
CVE-2021-46428,CVSS-only,9.8,366
CVE-2021-46444,CVSS-only,9.8,367
CVE-2021-46445,CVSS-only,9.8,368
CVE-2021-46446,CVSS-only,9.8,369
CVE-2021-46448,CVSS-only,9.8,370
CVE-2021-46451,CVSS-only,9.8,371
CVE-2021-46452,CVSS-only,9.8,372
CVE-2021-46453,CVSS-only,9.8,373
CVE-2021-46454,CVSS-only,9.8,374
CVE-2021-46455,CVSS-only,9.8,375
CVE-2021-46456,CVSS-only,9.8,376
CVE-2021-46457,CVSS-only,9.8,377
CVE-2021-46461,CVSS-only,9.8,378
CVE-2021-46463,CVSS-only,9.8,379
CVE-2021-46560,CVSS-only,9.8,380
CVE-2021-46660,CVSS-only,9.8,381
CVE-2021-46703,CVSS-only,9.8,382
CVE-2021-46704,CVSS-only,9.8,383
CVE-2022-0080,CVSS-only,9.8,384
CVE-2022-0086,CVSS-only,9.8,385
CVE-2022-0139,CVSS-only,9.8,386
CVE-2022-0169,CVSS-only,9.8,387
CVE-2022-0224,CVSS-only,9.8,388
CVE-2022-0239,CVSS-only,9.8,389
CVE-2022-0254,CVSS-only,9.8,390
CVE-2022-0265,CVSS-only,9.8,391
CVE-2022-0318,CVSS-only,9.8,392
CVE-2022-0320,CVSS-only,9.8,393
CVE-2022-0332,CVSS-only,9.8,394
CVE-2022-0339,CVSS-only,9.8,395
CVE-2022-0342,CVSS-only,9.8,396
CVE-2022-0349,CVSS-only,9.8,397
CVE-2022-0362,CVSS-only,9.8,398
CVE-2022-0401,CVSS-only,9.8,399
CVE-2022-0412,CVSS-only,9.8,400
CVE-2022-0434,CVSS-only,9.8,401
CVE-2022-0441,CVSS-only,9.8,402
CVE-2022-0479,CVSS-only,9.8,403
CVE-2022-0513,CVSS-only,9.8,404
CVE-2022-0547,CVSS-only,9.8,405
CVE-2022-0559,CVSS-only,9.8,406
CVE-2022-0570,CVSS-only,9.8,407
CVE-2022-0631,CVSS-only,9.8,408
CVE-2022-0651,CVSS-only,9.8,409
CVE-2022-0658,CVSS-only,9.8,410
CVE-2022-0664,CVSS-only,9.8,411
CVE-2022-0679,CVSS-only,9.8,412
CVE-2022-0691,CVSS-only,9.8,413
CVE-2022-0694,CVSS-only,9.8,414
CVE-2022-0730,CVSS-only,9.8,415
CVE-2022-0739,CVSS-only,9.8,416
CVE-2022-0747,CVSS-only,9.8,417
CVE-2022-0748,CVSS-only,9.8,418
CVE-2022-0760,CVSS-only,9.8,419
CVE-2022-0766,CVSS-only,9.8,420
CVE-2022-0784,CVSS-only,9.8,421
CVE-2022-0787,CVSS-only,9.8,422
CVE-2022-0839,CVSS-only,9.8,423
CVE-2022-0841,CVSS-only,9.8,424
CVE-2022-0845,CVSS-only,9.8,425
CVE-2022-0846,CVSS-only,9.8,426
CVE-2022-0848,CVSS-only,9.8,427
CVE-2022-0888,CVSS-only,9.8,428
CVE-2022-0895,CVSS-only,9.8,429
CVE-2022-0923,CVSS-only,9.8,430
CVE-2022-0982,CVSS-only,9.8,431
CVE-2022-1000,CVSS-only,9.8,432
CVE-2022-1040,CVSS-only,9.8,433
CVE-2022-21142,CVSS-only,9.8,434
CVE-2022-21194,CVSS-only,9.8,435
CVE-2022-21217,CVSS-only,9.8,436
CVE-2022-21306,CVSS-only,9.8,437
CVE-2022-21849,CVSS-only,9.8,438
CVE-2022-21907,CVSS-only,9.8,439
CVE-2022-22055,CVSS-only,9.8,440
CVE-2022-22056,CVSS-only,9.8,441
CVE-2022-22273,CVSS-only,9.8,442
CVE-2022-22274,CVSS-only,9.8,443
CVE-2022-22294,CVSS-only,9.8,444
CVE-2022-22295,CVSS-only,9.8,445
CVE-2022-22532,CVSS-only,9.8,446
CVE-2022-22586,CVSS-only,9.8,447
CVE-2022-22587,CVSS-only,9.8,448
CVE-2022-22632,CVSS-only,9.8,449
CVE-2022-22635,CVSS-only,9.8,450
CVE-2022-22641,CVSS-only,9.8,451
CVE-2022-22642,CVSS-only,9.8,452
CVE-2022-22687,CVSS-only,9.8,453
CVE-2022-22704,CVSS-only,9.8,454
CVE-2022-22720,CVSS-only,9.8,455
CVE-2022-22770,CVSS-only,9.8,456
CVE-2022-22805,CVSS-only,9.8,457
CVE-2022-22806,CVSS-only,9.8,458
CVE-2022-22810,CVSS-only,9.8,459
CVE-2022-22813,CVSS-only,9.8,460
CVE-2022-22814,CVSS-only,9.8,461
CVE-2022-22817,CVSS-only,9.8,462
CVE-2022-22822,CVSS-only,9.8,463
CVE-2022-22823,CVSS-only,9.8,464
CVE-2022-22824,CVSS-only,9.8,465
CVE-2022-22831,CVSS-only,9.8,466
CVE-2022-22832,CVSS-only,9.8,467
CVE-2022-22845,CVSS-only,9.8,468
CVE-2022-22847,CVSS-only,9.8,469
CVE-2022-22880,CVSS-only,9.8,470
CVE-2022-22881,CVSS-only,9.8,471
CVE-2022-22885,CVSS-only,9.8,472
CVE-2022-22912,CVSS-only,9.8,473
CVE-2022-22916,CVSS-only,9.8,474
CVE-2022-22922,CVSS-only,9.8,475
CVE-2022-22928,CVSS-only,9.8,476
CVE-2022-22929,CVSS-only,9.8,477
CVE-2022-22930,CVSS-only,9.8,478
CVE-2022-22987,CVSS-only,9.8,479
CVE-2022-22989,CVSS-only,9.8,480
CVE-2022-23126,CVSS-only,9.8,481
CVE-2022-23128,CVSS-only,9.8,482
CVE-2022-23178,CVSS-only,9.8,483
CVE-2022-23218,CVSS-only,9.8,484
CVE-2022-23219,CVSS-only,9.8,485
CVE-2022-23221,CVSS-only,9.8,486
CVE-2022-23227,CVSS-only,9.8,487
CVE-2022-23303,CVSS-only,9.8,488
CVE-2022-23304,CVSS-only,9.8,489
CVE-2022-23305,CVSS-only,9.8,490
CVE-2022-23314,CVSS-only,9.8,491
CVE-2022-23315,CVSS-only,9.8,492
CVE-2022-23329,CVSS-only,9.8,493
CVE-2022-23335,CVSS-only,9.8,494
CVE-2022-23336,CVSS-only,9.8,495
CVE-2022-23337,CVSS-only,9.8,496
CVE-2022-23340,CVSS-only,9.8,497
CVE-2022-23358,CVSS-only,9.8,498
CVE-2022-23363,CVSS-only,9.8,499
CVE-2022-23364,CVSS-only,9.8,500
CVE-2022-23365,CVSS-only,9.8,501
CVE-2022-23366,CVSS-only,9.8,502
CVE-2022-23379,CVSS-only,9.8,503
CVE-2022-23389,CVSS-only,9.8,504
CVE-2022-23390,CVSS-only,9.8,505
CVE-2022-23402,CVSS-only,9.8,506
CVE-2022-23640,CVSS-only,9.8,507
CVE-2022-23730,CVSS-only,9.8,508
CVE-2022-23795,CVSS-only,9.8,509
CVE-2022-23797,CVSS-only,9.8,510
CVE-2022-23799,CVSS-only,9.8,511
CVE-2022-23812,CVSS-only,9.8,512
CVE-2022-23848,CVSS-only,9.8,513
CVE-2022-23852,CVSS-only,9.8,514
CVE-2022-23855,CVSS-only,9.8,515
CVE-2022-23878,CVSS-only,9.8,516
CVE-2022-23880,CVSS-only,9.8,517
CVE-2022-23881,CVSS-only,9.8,518
CVE-2022-23882,CVSS-only,9.8,519
CVE-2022-23884,CVSS-only,9.8,520
CVE-2022-23898,CVSS-only,9.8,521
CVE-2022-23899,CVSS-only,9.8,522
CVE-2022-23901,CVSS-only,9.8,523
CVE-2022-23902,CVSS-only,9.8,524
CVE-2022-23943,CVSS-only,9.8,525
CVE-2022-23992,CVSS-only,9.8,526
CVE-2022-24047,CVSS-only,9.8,527
CVE-2022-24049,CVSS-only,9.8,528
CVE-2022-24074,CVSS-only,9.8,529
CVE-2022-24086,CVSS-only,9.8,530
CVE-2022-24112,CVSS-only,9.8,531
CVE-2022-24126,CVSS-only,9.8,532
CVE-2022-24136,CVSS-only,9.8,533
CVE-2022-24144,CVSS-only,9.8,534
CVE-2022-24148,CVSS-only,9.8,535
CVE-2022-24150,CVSS-only,9.8,536
CVE-2022-24165,CVSS-only,9.8,537
CVE-2022-24167,CVSS-only,9.8,538
CVE-2022-24168,CVSS-only,9.8,539
CVE-2022-24170,CVSS-only,9.8,540
CVE-2022-24171,CVSS-only,9.8,541
CVE-2022-24193,CVSS-only,9.8,542
CVE-2022-24206,CVSS-only,9.8,543
CVE-2022-24219,CVSS-only,9.8,544
CVE-2022-24220,CVSS-only,9.8,545
CVE-2022-24221,CVSS-only,9.8,546
CVE-2022-24222,CVSS-only,9.8,547
CVE-2022-24223,CVSS-only,9.8,548
CVE-2022-24259,CVSS-only,9.8,549
CVE-2022-24260,CVSS-only,9.8,550
CVE-2022-24263,CVSS-only,9.8,551
CVE-2022-24292,CVSS-only,9.8,552
CVE-2022-24293,CVSS-only,9.8,553
CVE-2022-24300,CVSS-only,9.8,554
CVE-2022-24305,CVSS-only,9.8,555
CVE-2022-24306,CVSS-only,9.8,556
CVE-2022-24307,CVSS-only,9.8,557
CVE-2022-24310,CVSS-only,9.8,558
CVE-2022-24311,CVSS-only,9.8,559
CVE-2022-24312,CVSS-only,9.8,560
CVE-2022-24313,CVSS-only,9.8,561
CVE-2022-24331,CVSS-only,9.8,562
CVE-2022-24340,CVSS-only,9.8,563
CVE-2022-24442,CVSS-only,9.8,564
CVE-2022-24552,CVSS-only,9.8,565
CVE-2022-24553,CVSS-only,9.8,566
CVE-2022-24568,CVSS-only,9.8,567
CVE-2022-24571,CVSS-only,9.8,568
CVE-2022-24595,CVSS-only,9.8,569
CVE-2022-24600,CVSS-only,9.8,570
CVE-2022-24602,CVSS-only,9.8,571
CVE-2022-24603,CVSS-only,9.8,572
CVE-2022-24604,CVSS-only,9.8,573
CVE-2022-24605,CVSS-only,9.8,574
CVE-2022-24606,CVSS-only,9.8,575
CVE-2022-24607,CVSS-only,9.8,576
CVE-2022-24609,CVSS-only,9.8,577
CVE-2022-24637,CVSS-only,9.8,578
CVE-2022-24651,CVSS-only,9.8,579
CVE-2022-24652,CVSS-only,9.8,580
CVE-2022-24677,CVSS-only,9.8,581
CVE-2022-24693,CVSS-only,9.8,582
CVE-2022-24704,CVSS-only,9.8,583
CVE-2022-24705,CVSS-only,9.8,584
CVE-2022-24720,CVSS-only,9.8,585
CVE-2022-24752,CVSS-only,9.8,586
CVE-2022-24766,CVSS-only,9.8,587
CVE-2022-24934,CVSS-only,9.8,588
CVE-2022-24954,CVSS-only,9.8,589
CVE-2022-24955,CVSS-only,9.8,590
CVE-2022-24961,CVSS-only,9.8,591
CVE-2022-24977,CVSS-only,9.8,592
CVE-2022-24984,CVSS-only,9.8,593
CVE-2022-24988,CVSS-only,9.8,594
CVE-2022-24995,CVSS-only,9.8,595
CVE-2022-25003,CVSS-only,9.8,596
CVE-2022-25004,CVSS-only,9.8,597
CVE-2022-25016,CVSS-only,9.8,598
CVE-2022-25045,CVSS-only,9.8,599
CVE-2022-25060,CVSS-only,9.8,600
CVE-2022-25061,CVSS-only,9.8,601
CVE-2022-25064,CVSS-only,9.8,602
CVE-2022-25072,CVSS-only,9.8,603
CVE-2022-25073,CVSS-only,9.8,604
CVE-2022-25074,CVSS-only,9.8,605
CVE-2022-25075,CVSS-only,9.8,606
CVE-2022-25076,CVSS-only,9.8,607
CVE-2022-25077,CVSS-only,9.8,608
CVE-2022-25078,CVSS-only,9.8,609
CVE-2022-25079,CVSS-only,9.8,610
CVE-2022-25080,CVSS-only,9.8,611
CVE-2022-25081,CVSS-only,9.8,612
CVE-2022-25082,CVSS-only,9.8,613
CVE-2022-25083,CVSS-only,9.8,614
CVE-2022-25084,CVSS-only,9.8,615
CVE-2022-25089,CVSS-only,9.8,616
CVE-2022-25095,CVSS-only,9.8,617
CVE-2022-25096,CVSS-only,9.8,618
CVE-2022-25125,CVSS-only,9.8,619
CVE-2022-25130,CVSS-only,9.8,620
CVE-2022-25131,CVSS-only,9.8,621
CVE-2022-25132,CVSS-only,9.8,622
CVE-2022-25133,CVSS-only,9.8,623
CVE-2022-25134,CVSS-only,9.8,624
CVE-2022-25135,CVSS-only,9.8,625
CVE-2022-25136,CVSS-only,9.8,626
CVE-2022-25137,CVSS-only,9.8,627
CVE-2022-25139,CVSS-only,9.8,628
CVE-2022-25148,CVSS-only,9.8,629
CVE-2022-25149,CVSS-only,9.8,630
CVE-2022-25222,CVSS-only,9.8,631
CVE-2022-25235,CVSS-only,9.8,632
CVE-2022-25236,CVSS-only,9.8,633
CVE-2022-25246,CVSS-only,9.8,634
CVE-2022-25247,CVSS-only,9.8,635
CVE-2022-25251,CVSS-only,9.8,636
CVE-2022-25262,CVSS-only,9.8,637
CVE-2022-25263,CVSS-only,9.8,638
CVE-2022-25299,CVSS-only,9.8,639
CVE-2022-25315,CVSS-only,9.8,640
CVE-2022-25322,CVSS-only,9.8,641
CVE-2022-25329,CVSS-only,9.8,642
CVE-2022-25330,CVSS-only,9.8,643
CVE-2022-25337,CVSS-only,9.8,644
CVE-2022-25347,CVSS-only,9.8,645
CVE-2022-25390,CVSS-only,9.8,646
CVE-2022-25394,CVSS-only,9.8,647
CVE-2022-25396,CVSS-only,9.8,648
CVE-2022-25398,CVSS-only,9.8,649
CVE-2022-25399,CVSS-only,9.8,650
CVE-2022-25403,CVSS-only,9.8,651
CVE-2022-25404,CVSS-only,9.8,652
CVE-2022-25405,CVSS-only,9.8,653
CVE-2022-25406,CVSS-only,9.8,654
CVE-2022-25411,CVSS-only,9.8,655
CVE-2022-25414,CVSS-only,9.8,656
CVE-2022-25417,CVSS-only,9.8,657
CVE-2022-25418,CVSS-only,9.8,658
CVE-2022-25420,CVSS-only,9.8,659
CVE-2022-25427,CVSS-only,9.8,660
CVE-2022-25428,CVSS-only,9.8,661
CVE-2022-25429,CVSS-only,9.8,662
CVE-2022-25431,CVSS-only,9.8,663
CVE-2022-25433,CVSS-only,9.8,664
CVE-2022-25434,CVSS-only,9.8,665
CVE-2022-25435,CVSS-only,9.8,666
CVE-2022-25437,CVSS-only,9.8,667
CVE-2022-25438,CVSS-only,9.8,668
CVE-2022-25439,CVSS-only,9.8,669
CVE-2022-25440,CVSS-only,9.8,670
CVE-2022-25441,CVSS-only,9.8,671
CVE-2022-25445,CVSS-only,9.8,672
CVE-2022-25446,CVSS-only,9.8,673
CVE-2022-25447,CVSS-only,9.8,674
CVE-2022-25448,CVSS-only,9.8,675
CVE-2022-25449,CVSS-only,9.8,676
CVE-2022-25450,CVSS-only,9.8,677
CVE-2022-25451,CVSS-only,9.8,678
CVE-2022-25452,CVSS-only,9.8,679
CVE-2022-25453,CVSS-only,9.8,680
CVE-2022-25454,CVSS-only,9.8,681
CVE-2022-25455,CVSS-only,9.8,682
CVE-2022-25456,CVSS-only,9.8,683
CVE-2022-25457,CVSS-only,9.8,684
CVE-2022-25458,CVSS-only,9.8,685
CVE-2022-25459,CVSS-only,9.8,686
CVE-2022-25460,CVSS-only,9.8,687
CVE-2022-25461,CVSS-only,9.8,688
CVE-2022-25487,CVSS-only,9.8,689
CVE-2022-25488,CVSS-only,9.8,690
CVE-2022-25490,CVSS-only,9.8,691
CVE-2022-25492,CVSS-only,9.8,692
CVE-2022-25494,CVSS-only,9.8,693
CVE-2022-25495,CVSS-only,9.8,694
CVE-2022-25498,CVSS-only,9.8,695
CVE-2022-25505,CVSS-only,9.8,696
CVE-2022-25517,CVSS-only,9.8,697
CVE-2022-25521,CVSS-only,9.8,698
CVE-2022-25578,CVSS-only,9.8,699
CVE-2022-25621,CVSS-only,9.8,700
CVE-2022-25643,CVSS-only,9.8,701
CVE-2022-25757,CVSS-only,9.8,702
CVE-2022-25809,CVSS-only,9.8,703
CVE-2022-25880,CVSS-only,9.8,704
CVE-2022-25980,CVSS-only,9.8,705
CVE-2022-26013,CVSS-only,9.8,706
CVE-2022-26059,CVSS-only,9.8,707
CVE-2022-26065,CVSS-only,9.8,708
CVE-2022-26069,CVSS-only,9.8,709
CVE-2022-26100,CVSS-only,9.8,710
CVE-2022-26143,CVSS-only,9.8,711
CVE-2022-26148,CVSS-only,9.8,712
CVE-2022-26169,CVSS-only,9.8,713
CVE-2022-26170,CVSS-only,9.8,714
CVE-2022-26171,CVSS-only,9.8,715
CVE-2022-26174,CVSS-only,9.8,716
CVE-2022-26184,CVSS-only,9.8,717
CVE-2022-26186,CVSS-only,9.8,718
CVE-2022-26187,CVSS-only,9.8,719
CVE-2022-26188,CVSS-only,9.8,720
CVE-2022-26189,CVSS-only,9.8,721
CVE-2022-26198,CVSS-only,9.8,722
CVE-2022-26201,CVSS-only,9.8,723
CVE-2022-26205,CVSS-only,9.8,724
CVE-2022-26206,CVSS-only,9.8,725
CVE-2022-26207,CVSS-only,9.8,726
CVE-2022-26208,CVSS-only,9.8,727
CVE-2022-26209,CVSS-only,9.8,728
CVE-2022-26210,CVSS-only,9.8,729
CVE-2022-26211,CVSS-only,9.8,730
CVE-2022-26212,CVSS-only,9.8,731
CVE-2022-26213,CVSS-only,9.8,732
CVE-2022-26214,CVSS-only,9.8,733
CVE-2022-26245,CVSS-only,9.8,734
CVE-2022-26249,CVSS-only,9.8,735
CVE-2022-26255,CVSS-only,9.8,736
CVE-2022-26258,CVSS-only,9.8,737
CVE-2022-26260,CVSS-only,9.8,738
CVE-2022-26265,CVSS-only,9.8,739
CVE-2022-26268,CVSS-only,9.8,740
CVE-2022-26272,CVSS-only,9.8,741
CVE-2022-26273,CVSS-only,9.8,742
CVE-2022-26278,CVSS-only,9.8,743
CVE-2022-26279,CVSS-only,9.8,744
CVE-2022-26283,CVSS-only,9.8,745
CVE-2022-26284,CVSS-only,9.8,746
CVE-2022-26285,CVSS-only,9.8,747
CVE-2022-26289,CVSS-only,9.8,748
CVE-2022-26290,CVSS-only,9.8,749
CVE-2022-26293,CVSS-only,9.8,750
CVE-2022-26301,CVSS-only,9.8,751
CVE-2022-26313,CVSS-only,9.8,752
CVE-2022-26314,CVSS-only,9.8,753
CVE-2022-26318,CVSS-only,9.8,754
CVE-2022-26338,CVSS-only,9.8,755
CVE-2022-26349,CVSS-only,9.8,756
CVE-2022-26495,CVSS-only,9.8,757
CVE-2022-26496,CVSS-only,9.8,758
CVE-2022-26501,CVSS-only,9.8,759
CVE-2022-26514,CVSS-only,9.8,760
CVE-2022-26520,CVSS-only,9.8,761
CVE-2022-26536,CVSS-only,9.8,762
CVE-2022-26645,CVSS-only,9.8,763
CVE-2022-26646,CVSS-only,9.8,764
CVE-2022-26666,CVSS-only,9.8,765
CVE-2022-26667,CVSS-only,9.8,766
CVE-2022-26836,CVSS-only,9.8,767
CVE-2022-26871,CVSS-only,9.8,768
CVE-2022-26887,CVSS-only,9.8,769
CVE-2022-26990,CVSS-only,9.8,770
CVE-2022-26991,CVSS-only,9.8,771
CVE-2022-26992,CVSS-only,9.8,772
CVE-2022-26993,CVSS-only,9.8,773
CVE-2022-26994,CVSS-only,9.8,774
CVE-2022-26995,CVSS-only,9.8,775
CVE-2022-26996,CVSS-only,9.8,776
CVE-2022-26997,CVSS-only,9.8,777
CVE-2022-26998,CVSS-only,9.8,778
CVE-2022-26999,CVSS-only,9.8,779
CVE-2022-27000,CVSS-only,9.8,780
CVE-2022-27001,CVSS-only,9.8,781
CVE-2022-27002,CVSS-only,9.8,782
CVE-2022-27003,CVSS-only,9.8,783
CVE-2022-27004,CVSS-only,9.8,784
CVE-2022-27005,CVSS-only,9.8,785
CVE-2022-27076,CVSS-only,9.8,786
CVE-2022-27077,CVSS-only,9.8,787
CVE-2022-27078,CVSS-only,9.8,788
CVE-2022-27079,CVSS-only,9.8,789
CVE-2022-27080,CVSS-only,9.8,790
CVE-2022-27081,CVSS-only,9.8,791
CVE-2022-27082,CVSS-only,9.8,792
CVE-2022-27083,CVSS-only,9.8,793
CVE-2022-27175,CVSS-only,9.8,794
CVE-2022-27228,CVSS-only,9.8,795
CVE-2022-27240,CVSS-only,9.8,796
CVE-2022-27250,CVSS-only,9.8,797
CVE-2022-27811,CVSS-only,9.8,798
CVE-2022-27919,CVSS-only,9.8,799
CVE-2022-28205,CVSS-only,9.8,800
CVE-2022-28206,CVSS-only,9.8,801
CVE-2022-28209,CVSS-only,9.8,802
CVE-2021-24814,CVSS-only,9.6,803
CVE-2021-25010,CVSS-only,9.6,804
CVE-2021-26622,CVSS-only,9.6,805
CVE-2021-37208,CVSS-only,9.6,806
CVE-2021-40909,CVSS-only,9.6,807
CVE-2021-4201,CVSS-only,9.6,808
CVE-2022-0097,CVSS-only,9.6,809
CVE-2022-0290,CVSS-only,9.6,810
CVE-2022-20658,CVSS-only,9.6,811
CVE-2022-21241,CVSS-only,9.6,812
CVE-2022-22114,CVSS-only,9.6,813
CVE-2022-25069,CVSS-only,9.6,814
CVE-2022-25395,CVSS-only,9.6,815
CVE-2021-42787,CVSS-only,9.4,816
CVE-2022-24711,CVSS-only,9.4,817
CVE-2021-21965,CVSS-only,9.3,818
CVE-2021-30275,CVSS-only,9.3,819
CVE-2021-30276,CVSS-only,9.3,820
CVE-2021-30285,CVSS-only,9.3,821
CVE-2021-30317,CVSS-only,9.3,822
CVE-2021-42833,CVSS-only,9.3,823
CVE-2021-43052,CVSS-only,9.3,824
CVE-2022-21817,CVSS-only,9.3,825
CVE-2022-26131,CVSS-only,9.3,826
CVE-2020-25176,CVSS-only,9.1,827
CVE-2021-22394,CVSS-only,9.1,828
CVE-2021-22448,CVSS-only,9.1,829
CVE-2021-22805,CVSS-only,9.1,830
CVE-2021-22823,CVSS-only,9.1,831
CVE-2021-24043,CVSS-only,9.1,832
CVE-2021-28500,CVSS-only,9.1,833
CVE-2021-28501,CVSS-only,9.1,834
CVE-2021-28506,CVSS-only,9.1,835
CVE-2021-33293,CVSS-only,9.1,836
CVE-2021-37116,CVSS-only,9.1,837
CVE-2021-3850,CVSS-only,9.1,838
CVE-2021-39635,CVSS-only,9.1,839
CVE-2021-39982,CVSS-only,9.1,840
CVE-2021-40053,CVSS-only,9.1,841
CVE-2021-40525,CVSS-only,9.1,842
CVE-2021-4070,CVSS-only,9.1,843
CVE-2021-42640,CVSS-only,9.1,844
CVE-2021-42767,CVSS-only,9.1,845
CVE-2021-42853,CVSS-only,9.1,846
CVE-2021-43302,CVSS-only,9.1,847
CVE-2021-44521,CVSS-only,9.1,848
CVE-2021-44757,CVSS-only,9.1,849
CVE-2021-45079,CVSS-only,9.1,850
CVE-2021-45490,CVSS-only,9.1,851
CVE-2021-45878,CVSS-only,9.1,852
CVE-2021-46063,CVSS-only,9.1,853
CVE-2021-46743,CVSS-only,9.1,854
CVE-2022-0365,CVSS-only,9.1,855
CVE-2022-0482,CVSS-only,9.1,856
CVE-2022-0525,CVSS-only,9.1,857
CVE-2022-0591,CVSS-only,9.1,858
CVE-2022-0623,CVSS-only,9.1,859
CVE-2022-0671,CVSS-only,9.1,860
CVE-2022-0686,CVSS-only,9.1,861
CVE-2022-0715,CVSS-only,9.1,862
CVE-2022-0717,CVSS-only,9.1,863
CVE-2022-0742,CVSS-only,9.1,864
CVE-2022-0768,CVSS-only,9.1,865
CVE-2022-0860,CVSS-only,9.1,866
CVE-2022-0871,CVSS-only,9.1,867
CVE-2022-1106,CVSS-only,9.1,868
CVE-2022-21644,CVSS-only,9.1,869
CVE-2022-21669,CVSS-only,9.1,870
CVE-2022-21722,CVSS-only,9.1,871
CVE-2022-21723,CVSS-only,9.1,872
CVE-2022-22374,CVSS-only,9.1,873
CVE-2022-22544,CVSS-only,9.1,874
CVE-2022-22721,CVSS-only,9.1,875
CVE-2022-22951,CVSS-only,9.1,876
CVE-2022-22952,CVSS-only,9.1,877
CVE-2022-23096,CVSS-only,9.1,878
CVE-2022-23097,CVSS-only,9.1,879
CVE-2022-23131,CVSS-only,9.1,880
CVE-2022-23357,CVSS-only,9.1,881
CVE-2022-23383,CVSS-only,9.1,882
CVE-2022-23408,CVSS-only,9.1,883
CVE-2022-23610,CVSS-only,9.1,884
CVE-2022-23806,CVSS-only,9.1,885
CVE-2022-23944,CVSS-only,9.1,886
CVE-2022-23959,CVSS-only,9.1,887
CVE-2022-24218,CVSS-only,9.1,888
CVE-2022-24303,CVSS-only,9.1,889
CVE-2022-24387,CVSS-only,9.1,890
CVE-2022-24790,CVSS-only,9.1,891
CVE-2022-24976,CVSS-only,9.1,892
CVE-2022-25010,CVSS-only,9.1,893
CVE-2022-25098,CVSS-only,9.1,894
CVE-2022-25260,CVSS-only,9.1,895
CVE-2022-25312,CVSS-only,9.1,896
CVE-2022-25359,CVSS-only,9.1,897
CVE-2022-25402,CVSS-only,9.1,898
CVE-2022-25577,CVSS-only,9.1,899
CVE-2022-26320,CVSS-only,9.1,900
CVE-2022-26546,CVSS-only,9.1,901
CVE-2022-26629,CVSS-only,9.1,902
CVE-2022-26960,CVSS-only,9.1,903
CVE-2022-28223,CVSS-only,9.1,904
CVE-2022-21686,CVSS-only,9.0,905
CVE-2022-21846,CVSS-only,9.0,906
CVE-2022-21855,CVSS-only,9.0,907
CVE-2022-21901,CVSS-only,9.0,908
CVE-2022-21969,CVSS-only,9.0,909
CVE-2022-22115,CVSS-only,9.0,910
CVE-2022-23631,CVSS-only,9.0,911
CVE-2022-24123,CVSS-only,9.0,912
CVE-2015-3298,CVSS-only,8.8,913
CVE-2019-16864,CVSS-only,8.8,914
CVE-2020-10632,CVSS-only,8.8,915
CVE-2020-18326,CVSS-only,8.8,916
CVE-2020-24772,CVSS-only,8.8,917
CVE-2020-25718,CVSS-only,8.8,918
CVE-2020-25721,CVSS-only,8.8,919
CVE-2020-25722,CVSS-only,8.8,920
CVE-2020-28679,CVSS-only,8.8,921
CVE-2020-7534,CVSS-only,8.8,922
CVE-2020-9057,CVSS-only,8.8,923
CVE-2021-0162,CVSS-only,8.8,924
CVE-2021-0163,CVSS-only,8.8,925
CVE-2021-20046,CVSS-only,8.8,926
CVE-2021-20048,CVSS-only,8.8,927
CVE-2021-21408,CVSS-only,8.8,928
CVE-2021-22724,CVSS-only,8.8,929
CVE-2021-22725,CVSS-only,8.8,930
CVE-2021-22748,CVSS-only,8.8,931
CVE-2021-22783,CVSS-only,8.8,932
CVE-2021-22826,CVSS-only,8.8,933
CVE-2021-22827,CVSS-only,8.8,934
CVE-2021-22954,CVSS-only,8.8,935
CVE-2021-23843,CVSS-only,8.8,936
CVE-2021-24696,CVSS-only,8.8,937
CVE-2021-24704,CVSS-only,8.8,938
CVE-2021-24763,CVSS-only,8.8,939
CVE-2021-24803,CVSS-only,8.8,940
CVE-2021-24864,CVSS-only,8.8,941
CVE-2021-24879,CVSS-only,8.8,942
CVE-2021-24919,CVSS-only,8.8,943
CVE-2021-24952,CVSS-only,8.8,944
CVE-2021-24959,CVSS-only,8.8,945
CVE-2021-24962,CVSS-only,8.8,946
CVE-2021-25030,CVSS-only,8.8,947
CVE-2021-25036,CVSS-only,8.8,948
CVE-2021-25051,CVSS-only,8.8,949
CVE-2021-25052,CVSS-only,8.8,950
CVE-2021-25053,CVSS-only,8.8,951
CVE-2021-25054,CVSS-only,8.8,952
CVE-2021-25069,CVSS-only,8.8,953
CVE-2021-25073,CVSS-only,8.8,954
CVE-2021-25076,CVSS-only,8.8,955
CVE-2021-25082,CVSS-only,8.8,956
CVE-2021-25994,CVSS-only,8.8,957
CVE-2021-26726,CVSS-only,8.8,958
CVE-2021-29845,CVSS-only,8.8,959
CVE-2021-32649,CVSS-only,8.8,960
CVE-2021-32650,CVSS-only,8.8,961
CVE-2021-32849,CVSS-only,8.8,962
CVE-2021-33115,CVSS-only,8.8,963
CVE-2021-33828,CVSS-only,8.8,964
CVE-2021-33964,CVSS-only,8.8,965
CVE-2021-33965,CVSS-only,8.8,966
CVE-2021-34086,CVSS-only,8.8,967
CVE-2021-34257,CVSS-only,8.8,968
CVE-2021-34865,CVSS-only,8.8,969
CVE-2021-34868,CVSS-only,8.8,970
CVE-2021-34869,CVSS-only,8.8,971
CVE-2021-34977,CVSS-only,8.8,972
CVE-2021-34978,CVSS-only,8.8,973
CVE-2021-34979,CVSS-only,8.8,974
CVE-2021-34980,CVSS-only,8.8,975
CVE-2021-34994,CVSS-only,8.8,976
CVE-2021-34995,CVSS-only,8.8,977
CVE-2021-34996,CVSS-only,8.8,978
CVE-2021-34997,CVSS-only,8.8,979
CVE-2021-3656,CVSS-only,8.8,980
CVE-2021-36625,CVSS-only,8.8,981
CVE-2021-37197,CVSS-only,8.8,982
CVE-2021-37198,CVSS-only,8.8,983
CVE-2021-3738,CVSS-only,8.8,984
CVE-2021-38965,CVSS-only,8.8,985
CVE-2021-39022,CVSS-only,8.8,986
CVE-2021-39031,CVSS-only,8.8,987
CVE-2021-39044,CVSS-only,8.8,988
CVE-2021-39066,CVSS-only,8.8,989
CVE-2021-39280,CVSS-only,8.8,990
CVE-2021-39297,CVSS-only,8.8,991
CVE-2021-39298,CVSS-only,8.8,992
CVE-2021-39299,CVSS-only,8.8,993
CVE-2021-39300,CVSS-only,8.8,994
CVE-2021-39301,CVSS-only,8.8,995
CVE-2021-3967,CVSS-only,8.8,996
CVE-2021-39772,CVSS-only,8.8,997
CVE-2021-40000,CVSS-only,8.8,998
CVE-2021-40002,CVSS-only,8.8,999
CVE-2021-40044,CVSS-only,8.8,1000
CVE-2021-4029,CVSS-only,8.8,1001
CVE-2021-40360,CVSS-only,8.8,1002
CVE-2021-40388,CVSS-only,8.8,1003
CVE-2021-40389,CVSS-only,8.8,1004
CVE-2021-40396,CVSS-only,8.8,1005
CVE-2021-40416,CVSS-only,8.8,1006
CVE-2021-40420,CVSS-only,8.8,1007
CVE-2021-40662,CVSS-only,8.8,1008
CVE-2021-4080,CVSS-only,8.8,1009
CVE-2021-40904,CVSS-only,8.8,1010
CVE-2021-40905,CVSS-only,8.8,1011
CVE-2021-4093,CVSS-only,8.8,1012
CVE-2021-4099,CVSS-only,8.8,1013
CVE-2021-4100,CVSS-only,8.8,1014
CVE-2021-41000,CVSS-only,8.8,1015
CVE-2021-41001,CVSS-only,8.8,1016
CVE-2021-4101,CVSS-only,8.8,1017
CVE-2021-41018,CVSS-only,8.8,1018
CVE-2021-4102,CVSS-only,8.8,1019
CVE-2021-41282,CVSS-only,8.8,1020
CVE-2021-4133,CVSS-only,8.8,1021
CVE-2021-4154,CVSS-only,8.8,1022
CVE-2021-41552,CVSS-only,8.8,1023
CVE-2021-41597,CVSS-only,8.8,1024
CVE-2021-41598,CVSS-only,8.8,1025
CVE-2021-41599,CVSS-only,8.8,1026
CVE-2021-4164,CVSS-only,8.8,1027
CVE-2021-42559,CVSS-only,8.8,1028
CVE-2021-42560,CVSS-only,8.8,1029
CVE-2021-42561,CVSS-only,8.8,1030
CVE-2021-42950,CVSS-only,8.8,1031
CVE-2021-42951,CVSS-only,8.8,1032
CVE-2021-43073,CVSS-only,8.8,1033
CVE-2021-43075,CVSS-only,8.8,1034
CVE-2021-43077,CVSS-only,8.8,1035
CVE-2021-43269,CVSS-only,8.8,1036
CVE-2021-43304,CVSS-only,8.8,1037
CVE-2021-43305,CVSS-only,8.8,1038
CVE-2021-43353,CVSS-only,8.8,1039
CVE-2021-43738,CVSS-only,8.8,1040
CVE-2021-43852,CVSS-only,8.8,1041
CVE-2021-43970,CVSS-only,8.8,1042
CVE-2021-43971,CVSS-only,8.8,1043
CVE-2021-43973,CVSS-only,8.8,1044
CVE-2021-43999,CVSS-only,8.8,1045
CVE-2021-44122,CVSS-only,8.8,1046
CVE-2021-44123,CVSS-only,8.8,1047
CVE-2021-44142,CVSS-only,8.8,1048
CVE-2021-44302,CVSS-only,8.8,1049
CVE-2021-44312,CVSS-only,8.8,1050
CVE-2021-44648,CVSS-only,8.8,1051
CVE-2021-44651,CVSS-only,8.8,1052
CVE-2021-44664,CVSS-only,8.8,1053
CVE-2021-44673,CVSS-only,8.8,1054
CVE-2021-44737,CVSS-only,8.8,1055
CVE-2021-44827,CVSS-only,8.8,1056
CVE-2021-44892,CVSS-only,8.8,1057
CVE-2021-44967,CVSS-only,8.8,1058
CVE-2021-44981,CVSS-only,8.8,1059
CVE-2021-45008,CVSS-only,8.8,1060
CVE-2021-45010,CVSS-only,8.8,1061
CVE-2021-45033,CVSS-only,8.8,1062
CVE-2021-45222,CVSS-only,8.8,1063
CVE-2021-45268,CVSS-only,8.8,1064
CVE-2021-45326,CVSS-only,8.8,1065
CVE-2021-45341,CVSS-only,8.8,1066
CVE-2021-45394,CVSS-only,8.8,1067
CVE-2021-45406,CVSS-only,8.8,1068
CVE-2021-45791,CVSS-only,8.8,1069
CVE-2021-45803,CVSS-only,8.8,1070
CVE-2021-45806,CVSS-only,8.8,1071
CVE-2021-45808,CVSS-only,8.8,1072
CVE-2021-45821,CVSS-only,8.8,1073
CVE-2021-45886,CVSS-only,8.8,1074
CVE-2021-45897,CVSS-only,8.8,1075
CVE-2021-45960,CVSS-only,8.8,1076
CVE-2021-46008,CVSS-only,8.8,1077
CVE-2021-46010,CVSS-only,8.8,1078
CVE-2021-46076,CVSS-only,8.8,1079
CVE-2021-46097,CVSS-only,8.8,1080
CVE-2021-46113,CVSS-only,8.8,1081
CVE-2021-46114,CVSS-only,8.8,1082
CVE-2021-46147,CVSS-only,8.8,1083
CVE-2021-46164,CVSS-only,8.8,1084
CVE-2021-46242,CVSS-only,8.8,1085
CVE-2021-46360,CVSS-only,8.8,1086
CVE-2021-46366,CVSS-only,8.8,1087
CVE-2021-46398,CVSS-only,8.8,1088
CVE-2022-0096,CVSS-only,8.8,1089
CVE-2022-0098,CVSS-only,8.8,1090
CVE-2022-0099,CVSS-only,8.8,1091
CVE-2022-0100,CVSS-only,8.8,1092
CVE-2022-0101,CVSS-only,8.8,1093
CVE-2022-0102,CVSS-only,8.8,1094
CVE-2022-0103,CVSS-only,8.8,1095
CVE-2022-0104,CVSS-only,8.8,1096
CVE-2022-0105,CVSS-only,8.8,1097
CVE-2022-0106,CVSS-only,8.8,1098
CVE-2022-0107,CVSS-only,8.8,1099
CVE-2022-0115,CVSS-only,8.8,1100
CVE-2022-0134,CVSS-only,8.8,1101
CVE-2022-0180,CVSS-only,8.8,1102
CVE-2022-0190,CVSS-only,8.8,1103
CVE-2022-0196,CVSS-only,8.8,1104
CVE-2022-0197,CVSS-only,8.8,1105
CVE-2022-0204,CVSS-only,8.8,1106
CVE-2022-0215,CVSS-only,8.8,1107
CVE-2022-0258,CVSS-only,8.8,1108
CVE-2022-0270,CVSS-only,8.8,1109
CVE-2022-0289,CVSS-only,8.8,1110
CVE-2022-0293,CVSS-only,8.8,1111
CVE-2022-0295,CVSS-only,8.8,1112
CVE-2022-0296,CVSS-only,8.8,1113
CVE-2022-0297,CVSS-only,8.8,1114
CVE-2022-0298,CVSS-only,8.8,1115
CVE-2022-0300,CVSS-only,8.8,1116
CVE-2022-0302,CVSS-only,8.8,1117
CVE-2022-0304,CVSS-only,8.8,1118
CVE-2022-0306,CVSS-only,8.8,1119
CVE-2022-0307,CVSS-only,8.8,1120
CVE-2022-0308,CVSS-only,8.8,1121
CVE-2022-0310,CVSS-only,8.8,1122
CVE-2022-0311,CVSS-only,8.8,1123
CVE-2022-0323,CVSS-only,8.8,1124
CVE-2022-0335,CVSS-only,8.8,1125
CVE-2022-0355,CVSS-only,8.8,1126
CVE-2022-0366,CVSS-only,8.8,1127
CVE-2022-0386,CVSS-only,8.8,1128
CVE-2022-0410,CVSS-only,8.8,1129
CVE-2022-0411,CVSS-only,8.8,1130
CVE-2022-0415,CVSS-only,8.8,1131
CVE-2022-0435,CVSS-only,8.8,1132
CVE-2022-0439,CVSS-only,8.8,1133
CVE-2022-0478,CVSS-only,8.8,1134
CVE-2022-0484,CVSS-only,8.8,1135
CVE-2022-0499,CVSS-only,8.8,1136
CVE-2022-0687,CVSS-only,8.8,1137
CVE-2022-0729,CVSS-only,8.8,1138
CVE-2022-0770,CVSS-only,8.8,1139
CVE-2022-0811,CVSS-only,8.8,1140
CVE-2022-0819,CVSS-only,8.8,1141
CVE-2022-0824,CVSS-only,8.8,1142
CVE-2022-0896,CVSS-only,8.8,1143
CVE-2022-0981,CVSS-only,8.8,1144
CVE-2022-0983,CVSS-only,8.8,1145
CVE-2022-1030,CVSS-only,8.8,1146
CVE-2022-1049,CVSS-only,8.8,1147
CVE-2022-1050,CVSS-only,8.8,1148
CVE-2022-1064,CVSS-only,8.8,1149
CVE-2022-20617,CVSS-only,8.8,1150
CVE-2022-20650,CVSS-only,8.8,1151
CVE-2022-21173,CVSS-only,8.8,1152
CVE-2022-21392,CVSS-only,8.8,1153
CVE-2022-21808,CVSS-only,8.8,1154
CVE-2022-21840,CVSS-only,8.8,1155
CVE-2022-21850,CVSS-only,8.8,1156
CVE-2022-21851,CVSS-only,8.8,1157
CVE-2022-21857,CVSS-only,8.8,1158
CVE-2022-21920,CVSS-only,8.8,1159
CVE-2022-21922,CVSS-only,8.8,1160
CVE-2022-21984,CVSS-only,8.8,1161
CVE-2022-21990,CVSS-only,8.8,1162
CVE-2022-22005,CVSS-only,8.8,1163
CVE-2022-22111,CVSS-only,8.8,1164
CVE-2022-22113,CVSS-only,8.8,1165
CVE-2022-22150,CVSS-only,8.8,1166
CVE-2022-22346,CVSS-only,8.8,1167
CVE-2022-22394,CVSS-only,8.8,1168
CVE-2022-22509,CVSS-only,8.8,1169
CVE-2022-22590,CVSS-only,8.8,1170
CVE-2022-22620,CVSS-only,8.8,1171
CVE-2022-22688,CVSS-only,8.8,1172
CVE-2022-22689,CVSS-only,8.8,1173
CVE-2022-22723,CVSS-only,8.8,1174
CVE-2022-22725,CVSS-only,8.8,1175
CVE-2022-22727,CVSS-only,8.8,1176
CVE-2022-22729,CVSS-only,8.8,1177
CVE-2022-22735,CVSS-only,8.8,1178
CVE-2022-22771,CVSS-only,8.8,1179
CVE-2022-22808,CVSS-only,8.8,1180
CVE-2022-22825,CVSS-only,8.8,1181
CVE-2022-22826,CVSS-only,8.8,1182
CVE-2022-22827,CVSS-only,8.8,1183
CVE-2022-22834,CVSS-only,8.8,1184
CVE-2022-22854,CVSS-only,8.8,1185
CVE-2022-22909,CVSS-only,8.8,1186
CVE-2022-22934,CVSS-only,8.8,1187
CVE-2022-22936,CVSS-only,8.8,1188
CVE-2022-22941,CVSS-only,8.8,1189
CVE-2022-22985,CVSS-only,8.8,1190
CVE-2022-22986,CVSS-only,8.8,1191
CVE-2022-22994,CVSS-only,8.8,1192
CVE-2022-23013,CVSS-only,8.8,1193
CVE-2022-23118,CVSS-only,8.8,1194
CVE-2022-23176,CVSS-only,8.8,1195
CVE-2022-23274,CVSS-only,8.8,1196
CVE-2022-23277,CVSS-only,8.8,1197
CVE-2022-23285,CVSS-only,8.8,1198
CVE-2022-23294,CVSS-only,8.8,1199
CVE-2022-23302,CVSS-only,8.8,1200
CVE-2022-23307,CVSS-only,8.8,1201
CVE-2022-23330,CVSS-only,8.8,1202
CVE-2022-23331,CVSS-only,8.8,1203
CVE-2022-23346,CVSS-only,8.8,1204
CVE-2022-23349,CVSS-only,8.8,1205
CVE-2022-23375,CVSS-only,8.8,1206
CVE-2022-23380,CVSS-only,8.8,1207
CVE-2022-23384,CVSS-only,8.8,1208
CVE-2022-23559,CVSS-only,8.8,1209
CVE-2022-23560,CVSS-only,8.8,1210
CVE-2022-23561,CVSS-only,8.8,1211
CVE-2022-23566,CVSS-only,8.8,1212
CVE-2022-23574,CVSS-only,8.8,1213
CVE-2022-23587,CVSS-only,8.8,1214
CVE-2022-23594,CVSS-only,8.8,1215
CVE-2022-23604,CVSS-only,8.8,1216
CVE-2022-23614,CVSS-only,8.8,1217
CVE-2022-23616,CVSS-only,8.8,1218
CVE-2022-23642,CVSS-only,8.8,1219
CVE-2022-23644,CVSS-only,8.8,1220
CVE-2022-23652,CVSS-only,8.8,1221
CVE-2022-23858,CVSS-only,8.8,1222
CVE-2022-23873,CVSS-only,8.8,1223
CVE-2022-23888,CVSS-only,8.8,1224
CVE-2022-23940,CVSS-only,8.8,1225
CVE-2022-24046,CVSS-only,8.8,1226
CVE-2022-24125,CVSS-only,8.8,1227
CVE-2022-24235,CVSS-only,8.8,1228
CVE-2022-24237,CVSS-only,8.8,1229
CVE-2022-24251,CVSS-only,8.8,1230
CVE-2022-24252,CVSS-only,8.8,1231
CVE-2022-24253,CVSS-only,8.8,1232
CVE-2022-24254,CVSS-only,8.8,1233
CVE-2022-24255,CVSS-only,8.8,1234
CVE-2022-24262,CVSS-only,8.8,1235
CVE-2022-24288,CVSS-only,8.8,1236
CVE-2022-24289,CVSS-only,8.8,1237
CVE-2022-24295,CVSS-only,8.8,1238
CVE-2022-24299,CVSS-only,8.8,1239
CVE-2022-24342,CVSS-only,8.8,1240
CVE-2022-24354,CVSS-only,8.8,1241
CVE-2022-24355,CVSS-only,8.8,1242
CVE-2022-24356,CVSS-only,8.8,1243
CVE-2022-24357,CVSS-only,8.8,1244
CVE-2022-24358,CVSS-only,8.8,1245
CVE-2022-24359,CVSS-only,8.8,1246
CVE-2022-24360,CVSS-only,8.8,1247
CVE-2022-24361,CVSS-only,8.8,1248
CVE-2022-24362,CVSS-only,8.8,1249
CVE-2022-24363,CVSS-only,8.8,1250
CVE-2022-24364,CVSS-only,8.8,1251
CVE-2022-24365,CVSS-only,8.8,1252
CVE-2022-24366,CVSS-only,8.8,1253
CVE-2022-24367,CVSS-only,8.8,1254
CVE-2022-24369,CVSS-only,8.8,1255
CVE-2022-24384,CVSS-only,8.8,1256
CVE-2022-24386,CVSS-only,8.8,1257
CVE-2022-24407,CVSS-only,8.8,1258
CVE-2022-24450,CVSS-only,8.8,1259
CVE-2022-24508,CVSS-only,8.8,1260
CVE-2022-24551,CVSS-only,8.8,1261
CVE-2022-24644,CVSS-only,8.8,1262
CVE-2022-24676,CVSS-only,8.8,1263
CVE-2022-24709,CVSS-only,8.8,1264
CVE-2022-24724,CVSS-only,8.8,1265
CVE-2022-24750,CVSS-only,8.8,1266
CVE-2022-24770,CVSS-only,8.8,1267
CVE-2022-24947,CVSS-only,8.8,1268
CVE-2022-24971,CVSS-only,8.8,1269
CVE-2022-24985,CVSS-only,8.8,1270
CVE-2022-25008,CVSS-only,8.8,1271
CVE-2022-25018,CVSS-only,8.8,1272
CVE-2022-25023,CVSS-only,8.8,1273
CVE-2022-25094,CVSS-only,8.8,1274
CVE-2022-25173,CVSS-only,8.8,1275
CVE-2022-25174,CVSS-only,8.8,1276
CVE-2022-25175,CVSS-only,8.8,1277
CVE-2022-25181,CVSS-only,8.8,1278
CVE-2022-25182,CVSS-only,8.8,1279
CVE-2022-25183,CVSS-only,8.8,1280
CVE-2022-25192,CVSS-only,8.8,1281
CVE-2022-25194,CVSS-only,8.8,1282
CVE-2022-25198,CVSS-only,8.8,1283
CVE-2022-25199,CVSS-only,8.8,1284
CVE-2022-25200,CVSS-only,8.8,1285
CVE-2022-25205,CVSS-only,8.8,1286
CVE-2022-25206,CVSS-only,8.8,1287
CVE-2022-25207,CVSS-only,8.8,1288
CVE-2022-25208,CVSS-only,8.8,1289
CVE-2022-25209,CVSS-only,8.8,1290
CVE-2022-25211,CVSS-only,8.8,1291
CVE-2022-25212,CVSS-only,8.8,1292
CVE-2022-25241,CVSS-only,8.8,1293
CVE-2022-25242,CVSS-only,8.8,1294
CVE-2022-25267,CVSS-only,8.8,1295
CVE-2022-25268,CVSS-only,8.8,1296
CVE-2022-25291,CVSS-only,8.8,1297
CVE-2022-25292,CVSS-only,8.8,1298
CVE-2022-25293,CVSS-only,8.8,1299
CVE-2022-25360,CVSS-only,8.8,1300
CVE-2022-25510,CVSS-only,8.8,1301
CVE-2022-25523,CVSS-only,8.8,1302
CVE-2022-25766,CVSS-only,8.8,1303
CVE-2022-25915,CVSS-only,8.8,1304
CVE-2022-26019,CVSS-only,8.8,1305
CVE-2022-26183,CVSS-only,8.8,1306
CVE-2022-26266,CVSS-only,8.8,1307
CVE-2022-26500,CVSS-only,8.8,1308
CVE-2022-26504,CVSS-only,8.8,1309
CVE-2022-26846,CVSS-only,8.8,1310
CVE-2022-27204,CVSS-only,8.8,1311
CVE-2022-27223,CVSS-only,8.8,1312
CVE-2022-27226,CVSS-only,8.8,1313
CVE-2022-27245,CVSS-only,8.8,1314
CVE-2022-27432,CVSS-only,8.8,1315
CVE-2022-27945,CVSS-only,8.8,1316
CVE-2022-27946,CVSS-only,8.8,1317
CVE-2022-27947,CVSS-only,8.8,1318
CVE-2022-28136,CVSS-only,8.8,1319
CVE-2022-28150,CVSS-only,8.8,1320
CVE-2021-39946,CVSS-only,8.7,1321
CVE-2022-21690,CVSS-only,8.7,1322
CVE-2021-1573,CVSS-only,8.6,1323
CVE-2021-22821,CVSS-only,8.6,1324
CVE-2021-23664,CVSS-only,8.6,1325
CVE-2021-27475,CVSS-only,8.6,1326
CVE-2021-34704,CVSS-only,8.6,1327
CVE-2021-40401,CVSS-only,8.6,1328
CVE-2021-43799,CVSS-only,8.6,1329
CVE-2021-44793,CVSS-only,8.6,1330
CVE-2022-0244,CVSS-only,8.6,1331
CVE-2022-0550,CVSS-only,8.6,1332
CVE-2022-0551,CVSS-only,8.6,1333
CVE-2022-1055,CVSS-only,8.6,1334
CVE-2022-20623,CVSS-only,8.6,1335
CVE-2022-20624,CVSS-only,8.6,1336
CVE-2022-21176,CVSS-only,8.6,1337
CVE-2022-22351,CVSS-only,8.6,1338
CVE-2022-22690,CVSS-only,8.6,1339
CVE-2022-23425,CVSS-only,8.6,1340
CVE-2022-24610,CVSS-only,8.6,1341
CVE-2022-25354,CVSS-only,8.6,1342
CVE-2021-43053,CVSS-only,8.5,1343
CVE-2022-22772,CVSS-only,8.5,1344
CVE-2022-23626,CVSS-only,8.5,1345
CVE-2022-24715,CVSS-only,8.5,1346
CVE-2022-24754,CVSS-only,8.5,1347
CVE-2021-0066,CVSS-only,8.4,1348
CVE-2021-22284,CVSS-only,8.4,1349
CVE-2021-27430,CVSS-only,8.4,1350
CVE-2021-30262,CVSS-only,8.4,1351
CVE-2021-30274,CVSS-only,8.4,1352
CVE-2021-30282,CVSS-only,8.4,1353
CVE-2021-30318,CVSS-only,8.4,1354
CVE-2021-30335,CVSS-only,8.4,1355
CVE-2021-30336,CVSS-only,8.4,1356
CVE-2021-30337,CVSS-only,8.4,1357
CVE-2021-35068,CVSS-only,8.4,1358
CVE-2021-35074,CVSS-only,8.4,1359
CVE-2021-35075,CVSS-only,8.4,1360
CVE-2021-35077,CVSS-only,8.4,1361
CVE-2021-4088,CVSS-only,8.4,1362
CVE-2021-43050,CVSS-only,8.4,1363
CVE-2022-0162,CVSS-only,8.4,1364
CVE-2022-0185,CVSS-only,8.4,1365
CVE-2022-23428,CVSS-only,8.4,1366
CVE-2022-25219,CVSS-only,8.4,1367
CVE-2013-20003,CVSS-only,8.3,1368
CVE-2020-14521,CVSS-only,8.3,1369
CVE-2020-14523,CVSS-only,8.3,1370
CVE-2021-21968,CVSS-only,8.3,1371
CVE-2021-44082,CVSS-only,8.3,1372
CVE-2021-44458,CVSS-only,8.3,1373
CVE-2022-0218,CVSS-only,8.3,1374
CVE-2022-21837,CVSS-only,8.3,1375
CVE-2022-22551,CVSS-only,8.3,1376
CVE-2022-23597,CVSS-only,8.3,1377
CVE-2022-23609,CVSS-only,8.3,1378
CVE-2022-25602,CVSS-only,8.3,1379
CVE-2020-4875,CVSS-only,8.2,1380
CVE-2020-4876,CVSS-only,8.2,1381
CVE-2020-8107,CVSS-only,8.2,1382
CVE-2021-21708,CVSS-only,8.2,1383
CVE-2021-23470,CVSS-only,8.2,1384
CVE-2021-33627,CVSS-only,8.2,1385
CVE-2021-34867,CVSS-only,8.2,1386
CVE-2021-35254,CVSS-only,8.2,1387
CVE-2021-3835,CVSS-only,8.2,1388
CVE-2021-3861,CVSS-only,8.2,1389
CVE-2021-4120,CVSS-only,8.2,1390
CVE-2021-41837,CVSS-only,8.2,1391
CVE-2021-41838,CVSS-only,8.2,1392
CVE-2021-41839,CVSS-only,8.2,1393
CVE-2021-41840,CVSS-only,8.2,1394
CVE-2021-41841,CVSS-only,8.2,1395
CVE-2021-42060,CVSS-only,8.2,1396
CVE-2021-42113,CVSS-only,8.2,1397
CVE-2021-42554,CVSS-only,8.2,1398
CVE-2021-43323,CVSS-only,8.2,1399
CVE-2021-43615,CVSS-only,8.2,1400
CVE-2021-43860,CVSS-only,8.2,1401
CVE-2021-44683,CVSS-only,8.2,1402
CVE-2021-44905,CVSS-only,8.2,1403
CVE-2021-45969,CVSS-only,8.2,1404
CVE-2021-45970,CVSS-only,8.2,1405
CVE-2021-45971,CVSS-only,8.2,1406
CVE-2022-1071,CVSS-only,8.2,1407
CVE-2022-21648,CVSS-only,8.2,1408
CVE-2022-21699,CVSS-only,8.2,1409
CVE-2022-21796,CVSS-only,8.2,1410
CVE-2022-21824,CVSS-only,8.2,1411
CVE-2022-22554,CVSS-only,8.2,1412
CVE-2022-23924,CVSS-only,8.2,1413
CVE-2022-23925,CVSS-only,8.2,1414
CVE-2022-23926,CVSS-only,8.2,1415
CVE-2022-23927,CVSS-only,8.2,1416
CVE-2022-23928,CVSS-only,8.2,1417
CVE-2022-23929,CVSS-only,8.2,1418
CVE-2022-23930,CVSS-only,8.2,1419
CVE-2022-23931,CVSS-only,8.2,1420
CVE-2022-23932,CVSS-only,8.2,1421
CVE-2022-23933,CVSS-only,8.2,1422
CVE-2022-23934,CVSS-only,8.2,1423
CVE-2022-24031,CVSS-only,8.2,1424
CVE-2022-24069,CVSS-only,8.2,1425
CVE-2022-24129,CVSS-only,8.2,1426
CVE-2022-24415,CVSS-only,8.2,1427
CVE-2022-24416,CVSS-only,8.2,1428
CVE-2022-24419,CVSS-only,8.2,1429
CVE-2022-24420,CVSS-only,8.2,1430
CVE-2022-24421,CVSS-only,8.2,1431
CVE-2016-3735,CVSS-only,8.1,1432
CVE-2018-25029,CVSS-only,8.1,1433
CVE-2020-21554,CVSS-only,8.1,1434
CVE-2020-25717,CVSS-only,8.1,1435
CVE-2020-9058,CVSS-only,8.1,1436
CVE-2021-21959,CVSS-only,8.1,1437
CVE-2021-21962,CVSS-only,8.1,1438
CVE-2021-21969,CVSS-only,8.1,1439
CVE-2021-21970,CVSS-only,8.1,1440
CVE-2021-23214,CVSS-only,8.1,1441
CVE-2021-24823,CVSS-only,8.1,1442
CVE-2021-26601,CVSS-only,8.1,1443
CVE-2021-26613,CVSS-only,8.1,1444
CVE-2021-26617,CVSS-only,8.1,1445
CVE-2021-26621,CVSS-only,8.1,1446
CVE-2021-29454,CVSS-only,8.1,1447
CVE-2021-32025,CVSS-only,8.1,1448
CVE-2021-33113,CVSS-only,8.1,1449
CVE-2021-36171,CVSS-only,8.1,1450
CVE-2021-36348,CVSS-only,8.1,1451
CVE-2021-36777,CVSS-only,8.1,1452
CVE-2021-37134,CVSS-only,8.1,1453
CVE-2021-38682,CVSS-only,8.1,1454
CVE-2021-38689,CVSS-only,8.1,1455
CVE-2021-38690,CVSS-only,8.1,1456
CVE-2021-38691,CVSS-only,8.1,1457
CVE-2021-38692,CVSS-only,8.1,1458
CVE-2021-41002,CVSS-only,8.1,1459
CVE-2021-41112,CVSS-only,8.1,1460
CVE-2021-41766,CVSS-only,8.1,1461
CVE-2021-41987,CVSS-only,8.1,1462
CVE-2021-42387,CVSS-only,8.1,1463
CVE-2021-42388,CVSS-only,8.1,1464
CVE-2021-42562,CVSS-only,8.1,1465
CVE-2021-42631,CVSS-only,8.1,1466
CVE-2021-42635,CVSS-only,8.1,1467
CVE-2021-42638,CVSS-only,8.1,1468
CVE-2021-42753,CVSS-only,8.1,1469
CVE-2021-43145,CVSS-only,8.1,1470
CVE-2021-43664,CVSS-only,8.1,1471
CVE-2021-43765,CVSS-only,8.1,1472
CVE-2021-44176,CVSS-only,8.1,1473
CVE-2021-44177,CVSS-only,8.1,1474
CVE-2021-44463,CVSS-only,8.1,1475
CVE-2021-44564,CVSS-only,8.1,1476
CVE-2021-44593,CVSS-only,8.1,1477
CVE-2021-44759,CVSS-only,8.1,1478
CVE-2021-45460,CVSS-only,8.1,1479
CVE-2021-46037,CVSS-only,8.1,1480
CVE-2021-46143,CVSS-only,8.1,1481
CVE-2021-46255,CVSS-only,8.1,1482
CVE-2022-0114,CVSS-only,8.1,1483
CVE-2022-0130,CVSS-only,8.1,1484
CVE-2022-0229,CVSS-only,8.1,1485
CVE-2022-0759,CVSS-only,8.1,1486
CVE-2022-0829,CVSS-only,8.1,1487
CVE-2022-1191,CVSS-only,8.1,1488
CVE-2022-21177,CVSS-only,8.1,1489
CVE-2022-21187,CVSS-only,8.1,1490
CVE-2022-21250,CVSS-only,8.1,1491
CVE-2022-21255,CVSS-only,8.1,1492
CVE-2022-21273,CVSS-only,8.1,1493
CVE-2022-21274,CVSS-only,8.1,1494
CVE-2022-21646,CVSS-only,8.1,1495
CVE-2022-21660,CVSS-only,8.1,1496
CVE-2022-21671,CVSS-only,8.1,1497
CVE-2022-21726,CVSS-only,8.1,1498
CVE-2022-21728,CVSS-only,8.1,1499
CVE-2022-21730,CVSS-only,8.1,1500
CVE-2022-21991,CVSS-only,8.1,1501
CVE-2022-22145,CVSS-only,8.1,1502
CVE-2022-22151,CVSS-only,8.1,1503
CVE-2022-22530,CVSS-only,8.1,1504
CVE-2022-22531,CVSS-only,8.1,1505
CVE-2022-22553,CVSS-only,8.1,1506
CVE-2022-22811,CVSS-only,8.1,1507
CVE-2022-23107,CVSS-only,8.1,1508
CVE-2022-23256,CVSS-only,8.1,1509
CVE-2022-23272,CVSS-only,8.1,1510
CVE-2022-23592,CVSS-only,8.1,1511
CVE-2022-23601,CVSS-only,8.1,1512
CVE-2022-23608,CVSS-only,8.1,1513
CVE-2022-23611,CVSS-only,8.1,1514
CVE-2022-23623,CVSS-only,8.1,1515
CVE-2022-23624,CVSS-only,8.1,1516
CVE-2022-23639,CVSS-only,8.1,1517
CVE-2022-23654,CVSS-only,8.1,1518
CVE-2022-23835,CVSS-only,8.1,1519
CVE-2022-24335,CVSS-only,8.1,1520
CVE-2022-24433,CVSS-only,8.1,1521
CVE-2022-24469,CVSS-only,8.1,1522
CVE-2022-24647,CVSS-only,8.1,1523
CVE-2022-24721,CVSS-only,8.1,1524
CVE-2022-24722,CVSS-only,8.1,1525
CVE-2022-24738,CVSS-only,8.1,1526
CVE-2022-24755,CVSS-only,8.1,1527
CVE-2022-24759,CVSS-only,8.1,1528
CVE-2022-24791,CVSS-only,8.1,1529
CVE-2022-25090,CVSS-only,8.1,1530
CVE-2022-25218,CVSS-only,8.1,1531
CVE-2022-25364,CVSS-only,8.1,1532
CVE-2022-25412,CVSS-only,8.1,1533
CVE-2022-25471,CVSS-only,8.1,1534
CVE-2022-25838,CVSS-only,8.1,1535
CVE-2022-27607,CVSS-only,8.1,1536
CVE-2022-28140,CVSS-only,8.1,1537
CVE-2022-28154,CVSS-only,8.1,1538
CVE-2022-28155,CVSS-only,8.1,1539
CVE-2021-22825,CVSS-only,8.0,1540
CVE-2021-24905,CVSS-only,8.0,1541
CVE-2021-24936,CVSS-only,8.0,1542
CVE-2021-3589,CVSS-only,8.0,1543
CVE-2021-4030,CVSS-only,8.0,1544
CVE-2021-4157,CVSS-only,8.0,1545
CVE-2021-43761,CVSS-only,8.0,1546
CVE-2021-43764,CVSS-only,8.0,1547
CVE-2021-43816,CVSS-only,8.0,1548
CVE-2021-44158,CVSS-only,8.0,1549
CVE-2021-45917,CVSS-only,8.0,1550
CVE-2022-0121,CVSS-only,8.0,1551
CVE-2022-0269,CVSS-only,8.0,1552
CVE-2022-21661,CVSS-only,8.0,1553
CVE-2022-21662,CVSS-only,8.0,1554
CVE-2022-21668,CVSS-only,8.0,1555
CVE-2022-21893,CVSS-only,8.0,1556
CVE-2022-21987,CVSS-only,8.0,1557
CVE-2022-22121,CVSS-only,8.0,1558
CVE-2022-22765,CVSS-only,8.0,1559
CVE-2022-22769,CVSS-only,8.0,1560
CVE-2022-23634,CVSS-only,8.0,1561
CVE-2022-24128,CVSS-only,8.0,1562
CVE-2022-24915,CVSS-only,8.0,1563
CVE-2022-27198,CVSS-only,8.0,1564
CVE-2022-21995,CVSS-only,7.9,1565
CVE-2022-24931,CVSS-only,7.9,1566
CVE-2019-25058,CVSS-only,7.8,1567
CVE-2020-12891,CVSS-only,7.8,1568
CVE-2020-14110,CVSS-only,7.8,1569
CVE-2020-14111,CVSS-only,7.8,1570
CVE-2020-14481,CVSS-only,7.8,1571
CVE-2020-25184,CVSS-only,7.8,1572
CVE-2020-26007,CVSS-only,7.8,1573
CVE-2020-26008,CVSS-only,7.8,1574
CVE-2020-6917,CVSS-only,7.8,1575
CVE-2020-6918,CVSS-only,7.8,1576
CVE-2020-6919,CVSS-only,7.8,1577
CVE-2020-6921,CVSS-only,7.8,1578
CVE-2020-6922,CVSS-only,7.8,1579
CVE-2021-0091,CVSS-only,7.8,1580
CVE-2021-0099,CVSS-only,7.8,1581
CVE-2021-0116,CVSS-only,7.8,1582
CVE-2021-0117,CVSS-only,7.8,1583
CVE-2021-0156,CVSS-only,7.8,1584
CVE-2021-0164,CVSS-only,7.8,1585
CVE-2021-0957,CVSS-only,7.8,1586
CVE-2021-0959,CVSS-only,7.8,1587
CVE-2021-1000,CVSS-only,7.8,1588
CVE-2021-1033,CVSS-only,7.8,1589
CVE-2021-1035,CVSS-only,7.8,1590
CVE-2021-1036,CVSS-only,7.8,1591
CVE-2021-20319,CVSS-only,7.8,1592
CVE-2021-21958,CVSS-only,7.8,1593
CVE-2021-22042,CVSS-only,7.8,1594
CVE-2021-22045,CVSS-only,7.8,1595
CVE-2021-22796,CVSS-only,7.8,1596
CVE-2021-22807,CVSS-only,7.8,1597
CVE-2021-22808,CVSS-only,7.8,1598
CVE-2021-22817,CVSS-only,7.8,1599
CVE-2021-23138,CVSS-only,7.8,1600
CVE-2021-23152,CVSS-only,7.8,1601
CVE-2021-23157,CVSS-only,7.8,1602
CVE-2021-23180,CVSS-only,7.8,1603
CVE-2021-23191,CVSS-only,7.8,1604
CVE-2021-23206,CVSS-only,7.8,1605
CVE-2021-26252,CVSS-only,7.8,1606
CVE-2021-26259,CVSS-only,7.8,1607
CVE-2021-26616,CVSS-only,7.8,1608
CVE-2021-26948,CVSS-only,7.8,1609
CVE-2021-27654,CVSS-only,7.8,1610
CVE-2021-27971,CVSS-only,7.8,1611
CVE-2021-28277,CVSS-only,7.8,1612
CVE-2021-28278,CVSS-only,7.8,1613
CVE-2021-29219,CVSS-only,7.8,1614
CVE-2021-30267,CVSS-only,7.8,1615
CVE-2021-30268,CVSS-only,7.8,1616
CVE-2021-30279,CVSS-only,7.8,1617
CVE-2021-30289,CVSS-only,7.8,1618
CVE-2021-30303,CVSS-only,7.8,1619
CVE-2021-30308,CVSS-only,7.8,1620
CVE-2021-30309,CVSS-only,7.8,1621
CVE-2021-30311,CVSS-only,7.8,1622
CVE-2021-30319,CVSS-only,7.8,1623
CVE-2021-30322,CVSS-only,7.8,1624
CVE-2021-30323,CVSS-only,7.8,1625
CVE-2021-30360,CVSS-only,7.8,1626
CVE-2021-30771,CVSS-only,7.8,1627
CVE-2021-33101,CVSS-only,7.8,1628
CVE-2021-33129,CVSS-only,7.8,1629
CVE-2021-33137,CVSS-only,7.8,1630
CVE-2021-33658,CVSS-only,7.8,1631
CVE-2021-34401,CVSS-only,7.8,1632
CVE-2021-34403,CVSS-only,7.8,1633
CVE-2021-34858,CVSS-only,7.8,1634
CVE-2021-34866,CVSS-only,7.8,1635
CVE-2021-34871,CVSS-only,7.8,1636
CVE-2021-34872,CVSS-only,7.8,1637
CVE-2021-34873,CVSS-only,7.8,1638
CVE-2021-34874,CVSS-only,7.8,1639
CVE-2021-34875,CVSS-only,7.8,1640
CVE-2021-34876,CVSS-only,7.8,1641
CVE-2021-34877,CVSS-only,7.8,1642
CVE-2021-34878,CVSS-only,7.8,1643
CVE-2021-34879,CVSS-only,7.8,1644
CVE-2021-34880,CVSS-only,7.8,1645
CVE-2021-34885,CVSS-only,7.8,1646
CVE-2021-34891,CVSS-only,7.8,1647
CVE-2021-34892,CVSS-only,7.8,1648
CVE-2021-34893,CVSS-only,7.8,1649
CVE-2021-34894,CVSS-only,7.8,1650
CVE-2021-34895,CVSS-only,7.8,1651
CVE-2021-34896,CVSS-only,7.8,1652
CVE-2021-34897,CVSS-only,7.8,1653
CVE-2021-34898,CVSS-only,7.8,1654
CVE-2021-34899,CVSS-only,7.8,1655
CVE-2021-34900,CVSS-only,7.8,1656
CVE-2021-34903,CVSS-only,7.8,1657
CVE-2021-34904,CVSS-only,7.8,1658
CVE-2021-34905,CVSS-only,7.8,1659
CVE-2021-34906,CVSS-only,7.8,1660
CVE-2021-34907,CVSS-only,7.8,1661
CVE-2021-34908,CVSS-only,7.8,1662
CVE-2021-34909,CVSS-only,7.8,1663
CVE-2021-34911,CVSS-only,7.8,1664
CVE-2021-34912,CVSS-only,7.8,1665
CVE-2021-34913,CVSS-only,7.8,1666
CVE-2021-34914,CVSS-only,7.8,1667
CVE-2021-34915,CVSS-only,7.8,1668
CVE-2021-34917,CVSS-only,7.8,1669
CVE-2021-34918,CVSS-only,7.8,1670
CVE-2021-34919,CVSS-only,7.8,1671
CVE-2021-34920,CVSS-only,7.8,1672
CVE-2021-34921,CVSS-only,7.8,1673
CVE-2021-34922,CVSS-only,7.8,1674
CVE-2021-34923,CVSS-only,7.8,1675
CVE-2021-34924,CVSS-only,7.8,1676
CVE-2021-34925,CVSS-only,7.8,1677
CVE-2021-34926,CVSS-only,7.8,1678
CVE-2021-34927,CVSS-only,7.8,1679
CVE-2021-34928,CVSS-only,7.8,1680
CVE-2021-34929,CVSS-only,7.8,1681
CVE-2021-34930,CVSS-only,7.8,1682
CVE-2021-34931,CVSS-only,7.8,1683
CVE-2021-34932,CVSS-only,7.8,1684
CVE-2021-34933,CVSS-only,7.8,1685
CVE-2021-34934,CVSS-only,7.8,1686
CVE-2021-34935,CVSS-only,7.8,1687
CVE-2021-34936,CVSS-only,7.8,1688
CVE-2021-34937,CVSS-only,7.8,1689
CVE-2021-34938,CVSS-only,7.8,1690
CVE-2021-34939,CVSS-only,7.8,1691
CVE-2021-34940,CVSS-only,7.8,1692
CVE-2021-34941,CVSS-only,7.8,1693
CVE-2021-34942,CVSS-only,7.8,1694
CVE-2021-34945,CVSS-only,7.8,1695
CVE-2021-34946,CVSS-only,7.8,1696
CVE-2021-34998,CVSS-only,7.8,1697
CVE-2021-35069,CVSS-only,7.8,1698
CVE-2021-3551,CVSS-only,7.8,1699
CVE-2021-3560,CVSS-only,7.8,1700
CVE-2021-3575,CVSS-only,7.8,1701
CVE-2021-3578,CVSS-only,7.8,1702
CVE-2021-36289,CVSS-only,7.8,1703
CVE-2021-36339,CVSS-only,7.8,1704
CVE-2021-36409,CVSS-only,7.8,1705
CVE-2021-36412,CVSS-only,7.8,1706
CVE-2021-36414,CVSS-only,7.8,1707
CVE-2021-36417,CVSS-only,7.8,1708
CVE-2021-37109,CVSS-only,7.8,1709
CVE-2021-3715,CVSS-only,7.8,1710
CVE-2021-3760,CVSS-only,7.8,1711
CVE-2021-37852,CVSS-only,7.8,1712
CVE-2021-38990,CVSS-only,7.8,1713
CVE-2021-38991,CVSS-only,7.8,1714
CVE-2021-39618,CVSS-only,7.8,1715
CVE-2021-39619,CVSS-only,7.8,1716
CVE-2021-39620,CVSS-only,7.8,1717
CVE-2021-39621,CVSS-only,7.8,1718
CVE-2021-39622,CVSS-only,7.8,1719
CVE-2021-39626,CVSS-only,7.8,1720
CVE-2021-39627,CVSS-only,7.8,1721
CVE-2021-39630,CVSS-only,7.8,1722
CVE-2021-39632,CVSS-only,7.8,1723
CVE-2021-39634,CVSS-only,7.8,1724
CVE-2021-39662,CVSS-only,7.8,1725
CVE-2021-39663,CVSS-only,7.8,1726
CVE-2021-39668,CVSS-only,7.8,1727
CVE-2021-39669,CVSS-only,7.8,1728
CVE-2021-39672,CVSS-only,7.8,1729
CVE-2021-39674,CVSS-only,7.8,1730
CVE-2021-39676,CVSS-only,7.8,1731
CVE-2021-39678,CVSS-only,7.8,1732
CVE-2021-39681,CVSS-only,7.8,1733
CVE-2021-39682,CVSS-only,7.8,1734
CVE-2021-39684,CVSS-only,7.8,1735
CVE-2021-39685,CVSS-only,7.8,1736
CVE-2021-39692,CVSS-only,7.8,1737
CVE-2021-39693,CVSS-only,7.8,1738
CVE-2021-39694,CVSS-only,7.8,1739
CVE-2021-39695,CVSS-only,7.8,1740
CVE-2021-39697,CVSS-only,7.8,1741
CVE-2021-39698,CVSS-only,7.8,1742
CVE-2021-39701,CVSS-only,7.8,1743
CVE-2021-39702,CVSS-only,7.8,1744
CVE-2021-39703,CVSS-only,7.8,1745
CVE-2021-39704,CVSS-only,7.8,1746
CVE-2021-39706,CVSS-only,7.8,1747
CVE-2021-39707,CVSS-only,7.8,1748
CVE-2021-39709,CVSS-only,7.8,1749
CVE-2021-39714,CVSS-only,7.8,1750
CVE-2021-39732,CVSS-only,7.8,1751
CVE-2021-39734,CVSS-only,7.8,1752
CVE-2021-39741,CVSS-only,7.8,1753
CVE-2021-39743,CVSS-only,7.8,1754
CVE-2021-39746,CVSS-only,7.8,1755
CVE-2021-39749,CVSS-only,7.8,1756
CVE-2021-39750,CVSS-only,7.8,1757
CVE-2021-39752,CVSS-only,7.8,1758
CVE-2021-39758,CVSS-only,7.8,1759
CVE-2021-39759,CVSS-only,7.8,1760
CVE-2021-39763,CVSS-only,7.8,1761
CVE-2021-39764,CVSS-only,7.8,1762
CVE-2021-39767,CVSS-only,7.8,1763
CVE-2021-39768,CVSS-only,7.8,1764
CVE-2021-39771,CVSS-only,7.8,1765
CVE-2021-39776,CVSS-only,7.8,1766
CVE-2021-39780,CVSS-only,7.8,1767
CVE-2021-39781,CVSS-only,7.8,1768
CVE-2021-39782,CVSS-only,7.8,1769
CVE-2021-39783,CVSS-only,7.8,1770
CVE-2021-39784,CVSS-only,7.8,1771
CVE-2021-39787,CVSS-only,7.8,1772
CVE-2021-39789,CVSS-only,7.8,1773
CVE-2021-39790,CVSS-only,7.8,1774
CVE-2021-39793,CVSS-only,7.8,1775
CVE-2021-39992,CVSS-only,7.8,1776
CVE-2021-40043,CVSS-only,7.8,1777
CVE-2021-40158,CVSS-only,7.8,1778
CVE-2021-40159,CVSS-only,7.8,1779
CVE-2021-40167,CVSS-only,7.8,1780
CVE-2021-4034,CVSS-only,7.8,1781
CVE-2021-40363,CVSS-only,7.8,1782
CVE-2021-40376,CVSS-only,7.8,1783
CVE-2021-40397,CVSS-only,7.8,1784
CVE-2021-40568,CVSS-only,7.8,1785
CVE-2021-40570,CVSS-only,7.8,1786
CVE-2021-40571,CVSS-only,7.8,1787
CVE-2021-40574,CVSS-only,7.8,1788
CVE-2021-40734,CVSS-only,7.8,1789
CVE-2021-40735,CVSS-only,7.8,1790
CVE-2021-40736,CVSS-only,7.8,1791
CVE-2021-40738,CVSS-only,7.8,1792
CVE-2021-40739,CVSS-only,7.8,1793
CVE-2021-40740,CVSS-only,7.8,1794
CVE-2021-40763,CVSS-only,7.8,1795
CVE-2021-40764,CVSS-only,7.8,1796
CVE-2021-40765,CVSS-only,7.8,1797
CVE-2021-40777,CVSS-only,7.8,1798
CVE-2021-40779,CVSS-only,7.8,1799
CVE-2021-40780,CVSS-only,7.8,1800
CVE-2021-40786,CVSS-only,7.8,1801
CVE-2021-40787,CVSS-only,7.8,1802
CVE-2021-40792,CVSS-only,7.8,1803
CVE-2021-40793,CVSS-only,7.8,1804
CVE-2021-40794,CVSS-only,7.8,1805
CVE-2021-41016,CVSS-only,7.8,1806
CVE-2021-4106,CVSS-only,7.8,1807
CVE-2021-41388,CVSS-only,7.8,1808
CVE-2021-41848,CVSS-only,7.8,1809
CVE-2021-41850,CVSS-only,7.8,1810
CVE-2021-4197,CVSS-only,7.8,1811
CVE-2021-4199,CVSS-only,7.8,1812
CVE-2021-42526,CVSS-only,7.8,1813
CVE-2021-42527,CVSS-only,7.8,1814
CVE-2021-42533,CVSS-only,7.8,1815
CVE-2021-42712,CVSS-only,7.8,1816
CVE-2021-42713,CVSS-only,7.8,1817
CVE-2021-42714,CVSS-only,7.8,1818
CVE-2021-42719,CVSS-only,7.8,1819
CVE-2021-42720,CVSS-only,7.8,1820
CVE-2021-42722,CVSS-only,7.8,1821
CVE-2021-42724,CVSS-only,7.8,1822
CVE-2021-42728,CVSS-only,7.8,1823
CVE-2021-42729,CVSS-only,7.8,1824
CVE-2021-42730,CVSS-only,7.8,1825
CVE-2021-42810,CVSS-only,7.8,1826
CVE-2021-42855,CVSS-only,7.8,1827
CVE-2021-43579,CVSS-only,7.8,1828
CVE-2021-43619,CVSS-only,7.8,1829
CVE-2021-43940,CVSS-only,7.8,1830
CVE-2021-44000,CVSS-only,7.8,1831
CVE-2021-44016,CVSS-only,7.8,1832
CVE-2021-44018,CVSS-only,7.8,1833
CVE-2021-44049,CVSS-only,7.8,1834
CVE-2021-44132,CVSS-only,7.8,1835
CVE-2021-44204,CVSS-only,7.8,1836
CVE-2021-44331,CVSS-only,7.8,1837
CVE-2021-44334,CVSS-only,7.8,1838
CVE-2021-44335,CVSS-only,7.8,1839
CVE-2021-44339,CVSS-only,7.8,1840
CVE-2021-44340,CVSS-only,7.8,1841
CVE-2021-44342,CVSS-only,7.8,1842
CVE-2021-44343,CVSS-only,7.8,1843
CVE-2021-44454,CVSS-only,7.8,1844
CVE-2021-44462,CVSS-only,7.8,1845
CVE-2021-44537,CVSS-only,7.8,1846
CVE-2021-44652,CVSS-only,7.8,1847
CVE-2021-44701,CVSS-only,7.8,1848
CVE-2021-44703,CVSS-only,7.8,1849
CVE-2021-44704,CVSS-only,7.8,1850
CVE-2021-44705,CVSS-only,7.8,1851
CVE-2021-44706,CVSS-only,7.8,1852
CVE-2021-44707,CVSS-only,7.8,1853
CVE-2021-44708,CVSS-only,7.8,1854
CVE-2021-44709,CVSS-only,7.8,1855
CVE-2021-44710,CVSS-only,7.8,1856
CVE-2021-44711,CVSS-only,7.8,1857
CVE-2021-44730,CVSS-only,7.8,1858
CVE-2021-44731,CVSS-only,7.8,1859
CVE-2021-44743,CVSS-only,7.8,1860
CVE-2021-44828,CVSS-only,7.8,1861
CVE-2021-44852,CVSS-only,7.8,1862
CVE-2021-44899,CVSS-only,7.8,1863
CVE-2021-44900,CVSS-only,7.8,1864
CVE-2021-44901,CVSS-only,7.8,1865
CVE-2021-44903,CVSS-only,7.8,1866
CVE-2021-44968,CVSS-only,7.8,1867
CVE-2021-44988,CVSS-only,7.8,1868
CVE-2021-45053,CVSS-only,7.8,1869
CVE-2021-45055,CVSS-only,7.8,1870
CVE-2021-45056,CVSS-only,7.8,1871
CVE-2021-45057,CVSS-only,7.8,1872
CVE-2021-45058,CVSS-only,7.8,1873
CVE-2021-45060,CVSS-only,7.8,1874
CVE-2021-45061,CVSS-only,7.8,1875
CVE-2021-45062,CVSS-only,7.8,1876
CVE-2021-45064,CVSS-only,7.8,1877
CVE-2021-45068,CVSS-only,7.8,1878
CVE-2021-45082,CVSS-only,7.8,1879
CVE-2021-45231,CVSS-only,7.8,1880
CVE-2021-45342,CVSS-only,7.8,1881
CVE-2021-45417,CVSS-only,7.8,1882
CVE-2021-45440,CVSS-only,7.8,1883
CVE-2021-45441,CVSS-only,7.8,1884
CVE-2021-45444,CVSS-only,7.8,1885
CVE-2021-45844,CVSS-only,7.8,1886
CVE-2021-45845,CVSS-only,7.8,1887
CVE-2021-45912,CVSS-only,7.8,1888
CVE-2021-45926,CVSS-only,7.8,1889
CVE-2021-45927,CVSS-only,7.8,1890
CVE-2021-45975,CVSS-only,7.8,1891
CVE-2021-45978,CVSS-only,7.8,1892
CVE-2021-45979,CVSS-only,7.8,1893
CVE-2021-45980,CVSS-only,7.8,1894
CVE-2021-46064,CVSS-only,7.8,1895
CVE-2021-46151,CVSS-only,7.8,1896
CVE-2021-46152,CVSS-only,7.8,1897
CVE-2021-46153,CVSS-only,7.8,1898
CVE-2021-46154,CVSS-only,7.8,1899
CVE-2021-46155,CVSS-only,7.8,1900
CVE-2021-46156,CVSS-only,7.8,1901
CVE-2021-46157,CVSS-only,7.8,1902
CVE-2021-46158,CVSS-only,7.8,1903
CVE-2021-46159,CVSS-only,7.8,1904
CVE-2021-46160,CVSS-only,7.8,1905
CVE-2021-46161,CVSS-only,7.8,1906
CVE-2021-46162,CVSS-only,7.8,1907
CVE-2021-46165,CVSS-only,7.8,1908
CVE-2021-46324,CVSS-only,7.8,1909
CVE-2021-46325,CVSS-only,7.8,1910
CVE-2021-46326,CVSS-only,7.8,1911
CVE-2021-46328,CVSS-only,7.8,1912
CVE-2021-46332,CVSS-only,7.8,1913
CVE-2021-46334,CVSS-only,7.8,1914
CVE-2021-46363,CVSS-only,7.8,1915
CVE-2021-46364,CVSS-only,7.8,1916
CVE-2021-46365,CVSS-only,7.8,1917
CVE-2021-46368,CVSS-only,7.8,1918
CVE-2021-46482,CVSS-only,7.8,1919
CVE-2021-46483,CVSS-only,7.8,1920
CVE-2021-46509,CVSS-only,7.8,1921
CVE-2021-46513,CVSS-only,7.8,1922
CVE-2021-46518,CVSS-only,7.8,1923
CVE-2021-46519,CVSS-only,7.8,1924
CVE-2021-46520,CVSS-only,7.8,1925
CVE-2021-46521,CVSS-only,7.8,1926
CVE-2021-46522,CVSS-only,7.8,1927
CVE-2021-46523,CVSS-only,7.8,1928
CVE-2021-46524,CVSS-only,7.8,1929
CVE-2021-46525,CVSS-only,7.8,1930
CVE-2021-46526,CVSS-only,7.8,1931
CVE-2021-46527,CVSS-only,7.8,1932
CVE-2021-46562,CVSS-only,7.8,1933
CVE-2021-46563,CVSS-only,7.8,1934
CVE-2021-46564,CVSS-only,7.8,1935
CVE-2021-46565,CVSS-only,7.8,1936
CVE-2021-46566,CVSS-only,7.8,1937
CVE-2021-46567,CVSS-only,7.8,1938
CVE-2021-46568,CVSS-only,7.8,1939
CVE-2021-46569,CVSS-only,7.8,1940
CVE-2021-46570,CVSS-only,7.8,1941
CVE-2021-46571,CVSS-only,7.8,1942
CVE-2021-46572,CVSS-only,7.8,1943
CVE-2021-46573,CVSS-only,7.8,1944
CVE-2021-46574,CVSS-only,7.8,1945
CVE-2021-46575,CVSS-only,7.8,1946
CVE-2021-46576,CVSS-only,7.8,1947
CVE-2021-46577,CVSS-only,7.8,1948
CVE-2021-46578,CVSS-only,7.8,1949
CVE-2021-46579,CVSS-only,7.8,1950
CVE-2021-46580,CVSS-only,7.8,1951
CVE-2021-46581,CVSS-only,7.8,1952
CVE-2021-46582,CVSS-only,7.8,1953
CVE-2021-46583,CVSS-only,7.8,1954
CVE-2021-46584,CVSS-only,7.8,1955
CVE-2021-46585,CVSS-only,7.8,1956
CVE-2021-46586,CVSS-only,7.8,1957
CVE-2021-46587,CVSS-only,7.8,1958
CVE-2021-46588,CVSS-only,7.8,1959
CVE-2021-46590,CVSS-only,7.8,1960
CVE-2021-46591,CVSS-only,7.8,1961
CVE-2021-46592,CVSS-only,7.8,1962
CVE-2021-46597,CVSS-only,7.8,1963
CVE-2021-46598,CVSS-only,7.8,1964
CVE-2021-46601,CVSS-only,7.8,1965
CVE-2021-46603,CVSS-only,7.8,1966
CVE-2021-46604,CVSS-only,7.8,1967
CVE-2021-46605,CVSS-only,7.8,1968
CVE-2021-46606,CVSS-only,7.8,1969
CVE-2021-46609,CVSS-only,7.8,1970
CVE-2021-46612,CVSS-only,7.8,1971
CVE-2021-46613,CVSS-only,7.8,1972
CVE-2021-46614,CVSS-only,7.8,1973
CVE-2021-46617,CVSS-only,7.8,1974
CVE-2021-46619,CVSS-only,7.8,1975
CVE-2021-46621,CVSS-only,7.8,1976
CVE-2021-46622,CVSS-only,7.8,1977
CVE-2021-46625,CVSS-only,7.8,1978
CVE-2021-46626,CVSS-only,7.8,1979
CVE-2021-46627,CVSS-only,7.8,1980
CVE-2021-46631,CVSS-only,7.8,1981
CVE-2021-46633,CVSS-only,7.8,1982
CVE-2021-46634,CVSS-only,7.8,1983
CVE-2021-46635,CVSS-only,7.8,1984
CVE-2021-46636,CVSS-only,7.8,1985
CVE-2021-46638,CVSS-only,7.8,1986
CVE-2021-46639,CVSS-only,7.8,1987
CVE-2021-46640,CVSS-only,7.8,1988
CVE-2021-46641,CVSS-only,7.8,1989
CVE-2021-46643,CVSS-only,7.8,1990
CVE-2021-46644,CVSS-only,7.8,1991
CVE-2021-46645,CVSS-only,7.8,1992
CVE-2021-46646,CVSS-only,7.8,1993
CVE-2021-46647,CVSS-only,7.8,1994
CVE-2021-46648,CVSS-only,7.8,1995
CVE-2021-46652,CVSS-only,7.8,1996
CVE-2021-46653,CVSS-only,7.8,1997
CVE-2021-46655,CVSS-only,7.8,1998
CVE-2021-46656,CVSS-only,7.8,1999
CVE-2021-46699,CVSS-only,7.8,2000
CVE-2022-0015,CVSS-only,7.8,2001
CVE-2022-0128,CVSS-only,7.8,2002
CVE-2022-0166,CVSS-only,7.8,2003
CVE-2022-0261,CVSS-only,7.8,2004
CVE-2022-0263,CVSS-only,7.8,2005
CVE-2022-0301,CVSS-only,7.8,2006
CVE-2022-0330,CVSS-only,7.8,2007
CVE-2022-0351,CVSS-only,7.8,2008
CVE-2022-0359,CVSS-only,7.8,2009
CVE-2022-0361,CVSS-only,7.8,2010
CVE-2022-0368,CVSS-only,7.8,2011
CVE-2022-0392,CVSS-only,7.8,2012
CVE-2022-0407,CVSS-only,7.8,2013
CVE-2022-0408,CVSS-only,7.8,2014
CVE-2022-0409,CVSS-only,7.8,2015
CVE-2022-0413,CVSS-only,7.8,2016
CVE-2022-0417,CVSS-only,7.8,2017
CVE-2022-0443,CVSS-only,7.8,2018
CVE-2022-0483,CVSS-only,7.8,2019
CVE-2022-0492,CVSS-only,7.8,2020
CVE-2022-0500,CVSS-only,7.8,2021
CVE-2022-0516,CVSS-only,7.8,2022
CVE-2022-0520,CVSS-only,7.8,2023
CVE-2022-0523,CVSS-only,7.8,2024
CVE-2022-0545,CVSS-only,7.8,2025
CVE-2022-0546,CVSS-only,7.8,2026
CVE-2022-0554,CVSS-only,7.8,2027
CVE-2022-0572,CVSS-only,7.8,2028
CVE-2022-0629,CVSS-only,7.8,2029
CVE-2022-0646,CVSS-only,7.8,2030
CVE-2022-0676,CVSS-only,7.8,2031
CVE-2022-0685,CVSS-only,7.8,2032
CVE-2022-0847,CVSS-only,7.8,2033
CVE-2022-0943,CVSS-only,7.8,2034
CVE-2022-0995,CVSS-only,7.8,2035
CVE-2022-0998,CVSS-only,7.8,2036
CVE-2022-1011,CVSS-only,7.8,2037
CVE-2022-1031,CVSS-only,7.8,2038
CVE-2022-1033,CVSS-only,7.8,2039
CVE-2022-1154,CVSS-only,7.8,2040
CVE-2022-1160,CVSS-only,7.8,2041
CVE-2022-20001,CVSS-only,7.8,2042
CVE-2022-20002,CVSS-only,7.8,2043
CVE-2022-20012,CVSS-only,7.8,2044
CVE-2022-20024,CVSS-only,7.8,2045
CVE-2022-20025,CVSS-only,7.8,2046
CVE-2022-20026,CVSS-only,7.8,2047
CVE-2022-20027,CVSS-only,7.8,2048
CVE-2022-20028,CVSS-only,7.8,2049
CVE-2022-20031,CVSS-only,7.8,2050
CVE-2022-20040,CVSS-only,7.8,2051
CVE-2022-20041,CVSS-only,7.8,2052
CVE-2022-20043,CVSS-only,7.8,2053
CVE-2022-20044,CVSS-only,7.8,2054
CVE-2022-20045,CVSS-only,7.8,2055
CVE-2022-20047,CVSS-only,7.8,2056
CVE-2022-20048,CVSS-only,7.8,2057
CVE-2022-20053,CVSS-only,7.8,2058
CVE-2022-20054,CVSS-only,7.8,2059
CVE-2022-21124,CVSS-only,7.8,2060
CVE-2022-21137,CVSS-only,7.8,2061
CVE-2022-21174,CVSS-only,7.8,2062
CVE-2022-21203,CVSS-only,7.8,2063
CVE-2022-21204,CVSS-only,7.8,2064
CVE-2022-21209,CVSS-only,7.8,2065
CVE-2022-21219,CVSS-only,7.8,2066
CVE-2022-21220,CVSS-only,7.8,2067
CVE-2022-21821,CVSS-only,7.8,2068
CVE-2022-21825,CVSS-only,7.8,2069
CVE-2022-21833,CVSS-only,7.8,2070
CVE-2022-21835,CVSS-only,7.8,2071
CVE-2022-21836,CVSS-only,7.8,2072
CVE-2022-21841,CVSS-only,7.8,2073
CVE-2022-21842,CVSS-only,7.8,2074
CVE-2022-21844,CVSS-only,7.8,2075
CVE-2022-21852,CVSS-only,7.8,2076
CVE-2022-21858,CVSS-only,7.8,2077
CVE-2022-21874,CVSS-only,7.8,2078
CVE-2022-21878,CVSS-only,7.8,2079
CVE-2022-21884,CVSS-only,7.8,2080
CVE-2022-21885,CVSS-only,7.8,2081
CVE-2022-21888,CVSS-only,7.8,2082
CVE-2022-21895,CVSS-only,7.8,2083
CVE-2022-21897,CVSS-only,7.8,2084
CVE-2022-21898,CVSS-only,7.8,2085
CVE-2022-21902,CVSS-only,7.8,2086
CVE-2022-21908,CVSS-only,7.8,2087
CVE-2022-21910,CVSS-only,7.8,2088
CVE-2022-21912,CVSS-only,7.8,2089
CVE-2022-21914,CVSS-only,7.8,2090
CVE-2022-21916,CVSS-only,7.8,2091
CVE-2022-21917,CVSS-only,7.8,2092
CVE-2022-21926,CVSS-only,7.8,2093
CVE-2022-21927,CVSS-only,7.8,2094
CVE-2022-21944,CVSS-only,7.8,2095
CVE-2022-21971,CVSS-only,7.8,2096
CVE-2022-21974,CVSS-only,7.8,2097
CVE-2022-21981,CVSS-only,7.8,2098
CVE-2022-21988,CVSS-only,7.8,2099
CVE-2022-21989,CVSS-only,7.8,2100
CVE-2022-21992,CVSS-only,7.8,2101
CVE-2022-21994,CVSS-only,7.8,2102
CVE-2022-21996,CVSS-only,7.8,2103
CVE-2022-21999,CVSS-only,7.8,2104
CVE-2022-22000,CVSS-only,7.8,2105
CVE-2022-22001,CVSS-only,7.8,2106
CVE-2022-22003,CVSS-only,7.8,2107
CVE-2022-22004,CVSS-only,7.8,2108
CVE-2022-22006,CVSS-only,7.8,2109
CVE-2022-22007,CVSS-only,7.8,2110
CVE-2022-22141,CVSS-only,7.8,2111
CVE-2022-22148,CVSS-only,7.8,2112
CVE-2022-22301,CVSS-only,7.8,2113
CVE-2022-22308,CVSS-only,7.8,2114
CVE-2022-22528,CVSS-only,7.8,2115
CVE-2022-22578,CVSS-only,7.8,2116
CVE-2022-22579,CVSS-only,7.8,2117
CVE-2022-22584,CVSS-only,7.8,2118
CVE-2022-22591,CVSS-only,7.8,2119
CVE-2022-22593,CVSS-only,7.8,2120
CVE-2022-22596,CVSS-only,7.8,2121
CVE-2022-22597,CVSS-only,7.8,2122
CVE-2022-22601,CVSS-only,7.8,2123
CVE-2022-22602,CVSS-only,7.8,2124
CVE-2022-22603,CVSS-only,7.8,2125
CVE-2022-22604,CVSS-only,7.8,2126
CVE-2022-22605,CVSS-only,7.8,2127
CVE-2022-22606,CVSS-only,7.8,2128
CVE-2022-22607,CVSS-only,7.8,2129
CVE-2022-22608,CVSS-only,7.8,2130
CVE-2022-22611,CVSS-only,7.8,2131
CVE-2022-22612,CVSS-only,7.8,2132
CVE-2022-22613,CVSS-only,7.8,2133
CVE-2022-22614,CVSS-only,7.8,2134
CVE-2022-22615,CVSS-only,7.8,2135
CVE-2022-22617,CVSS-only,7.8,2136
CVE-2022-22618,CVSS-only,7.8,2137
CVE-2022-22631,CVSS-only,7.8,2138
CVE-2022-22633,CVSS-only,7.8,2139
CVE-2022-22634,CVSS-only,7.8,2140
CVE-2022-22636,CVSS-only,7.8,2141
CVE-2022-22639,CVSS-only,7.8,2142
CVE-2022-22640,CVSS-only,7.8,2143
CVE-2022-22657,CVSS-only,7.8,2144
CVE-2022-22661,CVSS-only,7.8,2145
CVE-2022-22664,CVSS-only,7.8,2146
CVE-2022-22665,CVSS-only,7.8,2147
CVE-2022-22666,CVSS-only,7.8,2148
CVE-2022-22667,CVSS-only,7.8,2149
CVE-2022-22669,CVSS-only,7.8,2150
CVE-2022-22706,CVSS-only,7.8,2151
CVE-2022-22709,CVSS-only,7.8,2152
CVE-2022-22715,CVSS-only,7.8,2153
CVE-2022-22718,CVSS-only,7.8,2154
CVE-2022-22819,CVSS-only,7.8,2155
CVE-2022-22888,CVSS-only,7.8,2156
CVE-2022-22893,CVSS-only,7.8,2157
CVE-2022-22894,CVSS-only,7.8,2158
CVE-2022-22895,CVSS-only,7.8,2159
CVE-2022-22945,CVSS-only,7.8,2160
CVE-2022-22990,CVSS-only,7.8,2161
CVE-2022-22991,CVSS-only,7.8,2162
CVE-2022-22992,CVSS-only,7.8,2163
CVE-2022-22993,CVSS-only,7.8,2164
CVE-2022-22996,CVSS-only,7.8,2165
CVE-2022-23033,CVSS-only,7.8,2166
CVE-2022-23095,CVSS-only,7.8,2167
CVE-2022-23120,CVSS-only,7.8,2168
CVE-2022-23186,CVSS-only,7.8,2169
CVE-2022-23187,CVSS-only,7.8,2170
CVE-2022-23188,CVSS-only,7.8,2171
CVE-2022-23200,CVSS-only,7.8,2172
CVE-2022-23203,CVSS-only,7.8,2173
CVE-2022-23220,CVSS-only,7.8,2174
CVE-2022-23222,CVSS-only,7.8,2175
CVE-2022-23266,CVSS-only,7.8,2176
CVE-2022-23276,CVSS-only,7.8,2177
CVE-2022-23282,CVSS-only,7.8,2178
CVE-2022-23290,CVSS-only,7.8,2179
CVE-2022-23291,CVSS-only,7.8,2180
CVE-2022-23293,CVSS-only,7.8,2181
CVE-2022-23295,CVSS-only,7.8,2182
CVE-2022-23296,CVSS-only,7.8,2183
CVE-2022-23299,CVSS-only,7.8,2184
CVE-2022-23300,CVSS-only,7.8,2185
CVE-2022-23301,CVSS-only,7.8,2186
CVE-2022-23401,CVSS-only,7.8,2187
CVE-2022-23410,CVSS-only,7.8,2188
CVE-2022-23613,CVSS-only,7.8,2189
CVE-2022-23727,CVSS-only,7.8,2190
CVE-2022-23729,CVSS-only,7.8,2191
CVE-2022-23731,CVSS-only,7.8,2192
CVE-2022-23803,CVSS-only,7.8,2193
CVE-2022-23804,CVSS-only,7.8,2194
CVE-2022-23850,CVSS-only,7.8,2195
CVE-2022-23853,CVSS-only,7.8,2196
CVE-2022-23868,CVSS-only,7.8,2197
CVE-2022-23935,CVSS-only,7.8,2198
CVE-2022-23946,CVSS-only,7.8,2199
CVE-2022-23947,CVSS-only,7.8,2200
CVE-2022-23985,CVSS-only,7.8,2201
CVE-2022-24048,CVSS-only,7.8,2202
CVE-2022-24050,CVSS-only,7.8,2203
CVE-2022-24051,CVSS-only,7.8,2204
CVE-2022-24052,CVSS-only,7.8,2205
CVE-2022-24056,CVSS-only,7.8,2206
CVE-2022-24057,CVSS-only,7.8,2207
CVE-2022-24058,CVSS-only,7.8,2208
CVE-2022-24059,CVSS-only,7.8,2209
CVE-2022-24062,CVSS-only,7.8,2210
CVE-2022-24063,CVSS-only,7.8,2211
CVE-2022-24064,CVSS-only,7.8,2212
CVE-2022-24091,CVSS-only,7.8,2213
CVE-2022-24092,CVSS-only,7.8,2214
CVE-2022-24094,CVSS-only,7.8,2215
CVE-2022-24095,CVSS-only,7.8,2216
CVE-2022-24096,CVSS-only,7.8,2217
CVE-2022-24097,CVSS-only,7.8,2218
CVE-2022-24113,CVSS-only,7.8,2219
CVE-2022-24115,CVSS-only,7.8,2220
CVE-2022-24122,CVSS-only,7.8,2221
CVE-2022-24232,CVSS-only,7.8,2222
CVE-2022-24285,CVSS-only,7.8,2223
CVE-2022-24286,CVSS-only,7.8,2224
CVE-2022-24345,CVSS-only,7.8,2225
CVE-2022-24346,CVSS-only,7.8,2226
CVE-2022-24396,CVSS-only,7.8,2227
CVE-2022-24408,CVSS-only,7.8,2228
CVE-2022-24451,CVSS-only,7.8,2229
CVE-2022-24452,CVSS-only,7.8,2230
CVE-2022-24453,CVSS-only,7.8,2231
CVE-2022-24454,CVSS-only,7.8,2232
CVE-2022-24455,CVSS-only,7.8,2233
CVE-2022-24456,CVSS-only,7.8,2234
CVE-2022-24457,CVSS-only,7.8,2235
CVE-2022-24459,CVSS-only,7.8,2236
CVE-2022-24461,CVSS-only,7.8,2237
CVE-2022-24501,CVSS-only,7.8,2238
CVE-2022-24507,CVSS-only,7.8,2239
CVE-2022-24509,CVSS-only,7.8,2240
CVE-2022-24510,CVSS-only,7.8,2241
CVE-2022-24575,CVSS-only,7.8,2242
CVE-2022-24577,CVSS-only,7.8,2243
CVE-2022-24578,CVSS-only,7.8,2244
CVE-2022-24618,CVSS-only,7.8,2245
CVE-2022-24655,CVSS-only,7.8,2246
CVE-2022-24661,CVSS-only,7.8,2247
CVE-2022-24671,CVSS-only,7.8,2248
CVE-2022-24679,CVSS-only,7.8,2249
CVE-2022-24680,CVSS-only,7.8,2250
CVE-2022-24696,CVSS-only,7.8,2251
CVE-2022-24958,CVSS-only,7.8,2252
CVE-2022-24986,CVSS-only,7.8,2253
CVE-2022-25031,CVSS-only,7.8,2254
CVE-2022-25044,CVSS-only,7.8,2255
CVE-2022-25099,CVSS-only,7.8,2256
CVE-2022-25101,CVSS-only,7.8,2257
CVE-2022-25115,CVSS-only,7.8,2258
CVE-2022-25150,CVSS-only,7.8,2259
CVE-2022-25170,CVSS-only,7.8,2260
CVE-2022-25217,CVSS-only,7.8,2261
CVE-2022-25230,CVSS-only,7.8,2262
CVE-2022-25234,CVSS-only,7.8,2263
CVE-2022-25255,CVSS-only,7.8,2264
CVE-2022-25265,CVSS-only,7.8,2265
CVE-2022-25294,CVSS-only,7.8,2266
CVE-2022-25325,CVSS-only,7.8,2267
CVE-2022-25348,CVSS-only,7.8,2268
CVE-2022-25365,CVSS-only,7.8,2269
CVE-2022-25366,CVSS-only,7.8,2270
CVE-2022-25372,CVSS-only,7.8,2271
CVE-2022-25465,CVSS-only,7.8,2272
CVE-2022-25485,CVSS-only,7.8,2273
CVE-2022-25486,CVSS-only,7.8,2274
CVE-2022-25581,CVSS-only,7.8,2275
CVE-2022-25623,CVSS-only,7.8,2276
CVE-2022-25636,CVSS-only,7.8,2277
CVE-2022-25943,CVSS-only,7.8,2278
CVE-2022-25949,CVSS-only,7.8,2279
CVE-2022-25969,CVSS-only,7.8,2280
CVE-2022-26081,CVSS-only,7.8,2281
CVE-2022-26125,CVSS-only,7.8,2282
CVE-2022-26126,CVSS-only,7.8,2283
CVE-2022-26127,CVSS-only,7.8,2284
CVE-2022-26128,CVSS-only,7.8,2285
CVE-2022-26129,CVSS-only,7.8,2286
CVE-2022-26181,CVSS-only,7.8,2287
CVE-2022-26259,CVSS-only,7.8,2288
CVE-2022-26337,CVSS-only,7.8,2289
CVE-2022-26490,CVSS-only,7.8,2290
CVE-2022-26503,CVSS-only,7.8,2291
CVE-2022-26511,CVSS-only,7.8,2292
CVE-2022-26526,CVSS-only,7.8,2293
CVE-2022-26839,CVSS-only,7.8,2294
CVE-2022-26967,CVSS-only,7.8,2295
CVE-2022-26981,CVSS-only,7.8,2296
CVE-2022-27050,CVSS-only,7.8,2297
CVE-2022-27052,CVSS-only,7.8,2298
CVE-2022-27243,CVSS-only,7.8,2299
CVE-2022-27666,CVSS-only,7.8,2300
CVE-2022-27772,CVSS-only,7.8,2301
CVE-2022-27815,CVSS-only,7.8,2302
CVE-2022-27940,CVSS-only,7.8,2303
CVE-2022-27941,CVSS-only,7.8,2304
CVE-2022-27942,CVSS-only,7.8,2305
CVE-2022-28128,CVSS-only,7.8,2306
CVE-2021-27471,CVSS-only,7.7,2307
CVE-2021-31854,CVSS-only,7.7,2308
CVE-2021-32586,CVSS-only,7.7,2309
CVE-2021-44358,CVSS-only,7.7,2310
CVE-2021-44359,CVSS-only,7.7,2311
CVE-2021-44360,CVSS-only,7.7,2312
CVE-2021-44361,CVSS-only,7.7,2313
CVE-2021-44362,CVSS-only,7.7,2314
CVE-2021-44363,CVSS-only,7.7,2315
CVE-2021-44364,CVSS-only,7.7,2316
CVE-2021-44365,CVSS-only,7.7,2317
CVE-2021-44367,CVSS-only,7.7,2318
CVE-2021-44368,CVSS-only,7.7,2319
CVE-2021-44369,CVSS-only,7.7,2320
CVE-2021-44370,CVSS-only,7.7,2321
CVE-2021-44371,CVSS-only,7.7,2322
CVE-2021-44372,CVSS-only,7.7,2323
CVE-2021-44373,CVSS-only,7.7,2324
CVE-2021-44374,CVSS-only,7.7,2325
CVE-2021-44376,CVSS-only,7.7,2326
CVE-2021-44377,CVSS-only,7.7,2327
CVE-2021-44378,CVSS-only,7.7,2328
CVE-2021-44379,CVSS-only,7.7,2329
CVE-2021-44380,CVSS-only,7.7,2330
CVE-2021-44381,CVSS-only,7.7,2331
CVE-2021-44382,CVSS-only,7.7,2332
CVE-2021-44383,CVSS-only,7.7,2333
CVE-2021-44384,CVSS-only,7.7,2334
CVE-2021-44385,CVSS-only,7.7,2335
CVE-2021-44386,CVSS-only,7.7,2336
CVE-2021-44387,CVSS-only,7.7,2337
CVE-2021-44388,CVSS-only,7.7,2338
CVE-2021-44389,CVSS-only,7.7,2339
CVE-2021-44390,CVSS-only,7.7,2340
CVE-2021-44391,CVSS-only,7.7,2341
CVE-2021-44392,CVSS-only,7.7,2342
CVE-2021-44393,CVSS-only,7.7,2343
CVE-2021-44395,CVSS-only,7.7,2344
CVE-2021-44396,CVSS-only,7.7,2345
CVE-2021-44397,CVSS-only,7.7,2346
CVE-2021-44398,CVSS-only,7.7,2347
CVE-2021-44399,CVSS-only,7.7,2348
CVE-2021-44400,CVSS-only,7.7,2349
CVE-2021-44401,CVSS-only,7.7,2350
CVE-2021-44402,CVSS-only,7.7,2351
CVE-2021-44403,CVSS-only,7.7,2352
CVE-2021-44404,CVSS-only,7.7,2353
CVE-2021-44405,CVSS-only,7.7,2354
CVE-2021-44406,CVSS-only,7.7,2355
CVE-2021-44407,CVSS-only,7.7,2356
CVE-2021-44408,CVSS-only,7.7,2357
CVE-2021-44409,CVSS-only,7.7,2358
CVE-2021-44410,CVSS-only,7.7,2359
CVE-2021-44411,CVSS-only,7.7,2360
CVE-2021-44412,CVSS-only,7.7,2361
CVE-2021-44413,CVSS-only,7.7,2362
CVE-2021-44414,CVSS-only,7.7,2363
CVE-2021-44415,CVSS-only,7.7,2364
CVE-2021-44416,CVSS-only,7.7,2365
CVE-2021-44417,CVSS-only,7.7,2366
CVE-2021-44418,CVSS-only,7.7,2367
CVE-2021-44419,CVSS-only,7.7,2368
CVE-2021-45031,CVSS-only,7.7,2369
CVE-2022-0427,CVSS-only,7.7,2370
CVE-2022-0908,CVSS-only,7.7,2371
CVE-2022-21382,CVSS-only,7.7,2372
CVE-2022-21647,CVSS-only,7.7,2373
CVE-2022-21682,CVSS-only,7.7,2374
CVE-2022-22152,CVSS-only,7.7,2375
CVE-2022-22262,CVSS-only,7.7,2376
CVE-2022-22264,CVSS-only,7.7,2377
CVE-2022-22988,CVSS-only,7.7,2378
CVE-2022-23263,CVSS-only,7.7,2379
CVE-2022-23602,CVSS-only,7.7,2380
CVE-2022-24348,CVSS-only,7.7,2381
CVE-2022-24730,CVSS-only,7.7,2382
CVE-2022-24753,CVSS-only,7.7,2383
CVE-2019-12266,CVSS-only,7.6,2384
CVE-2021-23702,CVSS-only,7.6,2385
CVE-2022-0565,CVSS-only,7.6,2386
CVE-2022-21649,CVSS-only,7.6,2387
CVE-2022-21650,CVSS-only,7.6,2388
CVE-2022-21727,CVSS-only,7.6,2389
CVE-2022-21736,CVSS-only,7.6,2390
CVE-2022-21740,CVSS-only,7.6,2391
CVE-2022-21819,CVSS-only,7.6,2392
CVE-2022-21891,CVSS-only,7.6,2393
CVE-2022-21932,CVSS-only,7.6,2394
CVE-2022-23558,CVSS-only,7.6,2395
CVE-2022-23562,CVSS-only,7.6,2396
CVE-2022-23573,CVSS-only,7.6,2397
CVE-2022-23584,CVSS-only,7.6,2398
CVE-2022-24718,CVSS-only,7.6,2399
CVE-2022-24789,CVSS-only,7.6,2400
CVE-2007-20001,CVSS-only,7.5,2401
CVE-2016-20013,CVSS-only,7.5,2402
CVE-2017-0371,CVSS-only,7.5,2403
CVE-2018-25032,CVSS-only,7.5,2404
CVE-2019-25057,CVSS-only,7.5,2405
CVE-2019-9564,CVSS-only,7.5,2406
CVE-2020-12965,CVSS-only,7.5,2407
CVE-2020-13670,CVSS-only,7.5,2408
CVE-2020-13677,CVSS-only,7.5,2409
CVE-2020-14107,CVSS-only,7.5,2410
CVE-2020-19858,CVSS-only,7.5,2411
CVE-2020-19861,CVSS-only,7.5,2412
CVE-2020-22844,CVSS-only,7.5,2413
CVE-2020-22845,CVSS-only,7.5,2414
CVE-2020-23026,CVSS-only,7.5,2415
CVE-2020-23315,CVSS-only,7.5,2416
CVE-2020-24771,CVSS-only,7.5,2417
CVE-2020-25178,CVSS-only,7.5,2418
CVE-2020-27467,CVSS-only,7.5,2419
CVE-2020-29050,CVSS-only,7.5,2420
CVE-2020-36517,CVSS-only,7.5,2421
CVE-2020-36518,CVSS-only,7.5,2422
CVE-2020-5953,CVSS-only,7.5,2423
CVE-2020-5956,CVSS-only,7.5,2424
CVE-2021-20299,CVSS-only,7.5,2425
CVE-2021-20612,CVSS-only,7.5,2426
CVE-2021-20613,CVSS-only,7.5,2427
CVE-2021-22043,CVSS-only,7.5,2428
CVE-2021-22050,CVSS-only,7.5,2429
CVE-2021-22285,CVSS-only,7.5,2430
CVE-2021-22286,CVSS-only,7.5,2431
CVE-2021-22288,CVSS-only,7.5,2432
CVE-2021-22319,CVSS-only,7.5,2433
CVE-2021-22395,CVSS-only,7.5,2434
CVE-2021-22489,CVSS-only,7.5,2435
CVE-2021-22569,CVSS-only,7.5,2436
CVE-2021-22785,CVSS-only,7.5,2437
CVE-2021-22787,CVSS-only,7.5,2438
CVE-2021-22788,CVSS-only,7.5,2439
CVE-2021-22798,CVSS-only,7.5,2440
CVE-2021-22800,CVSS-only,7.5,2441
CVE-2021-22804,CVSS-only,7.5,2442
CVE-2021-22806,CVSS-only,7.5,2443
CVE-2021-22816,CVSS-only,7.5,2444
CVE-2021-22818,CVSS-only,7.5,2445
CVE-2021-22824,CVSS-only,7.5,2446
CVE-2021-23192,CVSS-only,7.5,2447
CVE-2021-23236,CVSS-only,7.5,2448
CVE-2021-23246,CVSS-only,7.5,2449
CVE-2021-23460,CVSS-only,7.5,2450
CVE-2021-23497,CVSS-only,7.5,2451
CVE-2021-23507,CVSS-only,7.5,2452
CVE-2021-23567,CVSS-only,7.5,2453
CVE-2021-23597,CVSS-only,7.5,2454
CVE-2021-23631,CVSS-only,7.5,2455
CVE-2021-24831,CVSS-only,7.5,2456
CVE-2021-24839,CVSS-only,7.5,2457
CVE-2021-24893,CVSS-only,7.5,2458
CVE-2021-24906,CVSS-only,7.5,2459
CVE-2021-24948,CVSS-only,7.5,2460
CVE-2021-25087,CVSS-only,7.5,2461
CVE-2021-25093,CVSS-only,7.5,2462
CVE-2021-25636,CVSS-only,7.5,2463
CVE-2021-26620,CVSS-only,7.5,2464
CVE-2021-27422,CVSS-only,7.5,2465
CVE-2021-27738,CVSS-only,7.5,2466
CVE-2021-27756,CVSS-only,7.5,2467
CVE-2021-27757,CVSS-only,7.5,2468
CVE-2021-28276,CVSS-only,7.5,2469
CVE-2021-29395,CVSS-only,7.5,2470
CVE-2021-29397,CVSS-only,7.5,2471
CVE-2021-29632,CVSS-only,7.5,2472
CVE-2021-30273,CVSS-only,7.5,2473
CVE-2021-30287,CVSS-only,7.5,2474
CVE-2021-30293,CVSS-only,7.5,2475
CVE-2021-30300,CVSS-only,7.5,2476
CVE-2021-30301,CVSS-only,7.5,2477
CVE-2021-30307,CVSS-only,7.5,2478
CVE-2021-30326,CVSS-only,7.5,2479
CVE-2021-30330,CVSS-only,7.5,2480
CVE-2021-30353,CVSS-only,7.5,2481
CVE-2021-32476,CVSS-only,7.5,2482
CVE-2021-32545,CVSS-only,7.5,2483
CVE-2021-32732,CVSS-only,7.5,2484
CVE-2021-32996,CVSS-only,7.5,2485
CVE-2021-33498,CVSS-only,7.5,2486
CVE-2021-33499,CVSS-only,7.5,2487
CVE-2021-33625,CVSS-only,7.5,2488
CVE-2021-3422,CVSS-only,7.5,2489
CVE-2021-34797,CVSS-only,7.5,2490
CVE-2021-34805,CVSS-only,7.5,2491
CVE-2021-35380,CVSS-only,7.5,2492
CVE-2021-3567,CVSS-only,7.5,2493
CVE-2021-35969,CVSS-only,7.5,2494
CVE-2021-3610,CVSS-only,7.5,2495
CVE-2021-36342,CVSS-only,7.5,2496
CVE-2021-36343,CVSS-only,7.5,2497
CVE-2021-3698,CVSS-only,7.5,2498
CVE-2021-37027,CVSS-only,7.5,2499
CVE-2021-37098,CVSS-only,7.5,2500
CVE-2021-37110,CVSS-only,7.5,2501
CVE-2021-37111,CVSS-only,7.5,2502
CVE-2021-37113,CVSS-only,7.5,2503
CVE-2021-37117,CVSS-only,7.5,2504
CVE-2021-37119,CVSS-only,7.5,2505
CVE-2021-37125,CVSS-only,7.5,2506
CVE-2021-37126,CVSS-only,7.5,2507
CVE-2021-37133,CVSS-only,7.5,2508
CVE-2021-37185,CVSS-only,7.5,2509
CVE-2021-37194,CVSS-only,7.5,2510
CVE-2021-37204,CVSS-only,7.5,2511
CVE-2021-37205,CVSS-only,7.5,2512
CVE-2021-3737,CVSS-only,7.5,2513
CVE-2021-3748,CVSS-only,7.5,2514
CVE-2021-37517,CVSS-only,7.5,2515
CVE-2021-3814,CVSS-only,7.5,2516
CVE-2021-38266,CVSS-only,7.5,2517
CVE-2021-38296,CVSS-only,7.5,2518
CVE-2021-3842,CVSS-only,7.5,2519
CVE-2021-3845,CVSS-only,7.5,2520
CVE-2021-3852,CVSS-only,7.5,2521
CVE-2021-38576,CVSS-only,7.5,2522
CVE-2021-38694,CVSS-only,7.5,2523
CVE-2021-38696,CVSS-only,7.5,2524
CVE-2021-38772,CVSS-only,7.5,2525
CVE-2021-38783,CVSS-only,7.5,2526
CVE-2021-38784,CVSS-only,7.5,2527
CVE-2021-38785,CVSS-only,7.5,2528
CVE-2021-38786,CVSS-only,7.5,2529
CVE-2021-38787,CVSS-only,7.5,2530
CVE-2021-38788,CVSS-only,7.5,2531
CVE-2021-38789,CVSS-only,7.5,2532
CVE-2021-38918,CVSS-only,7.5,2533
CVE-2021-38921,CVSS-only,7.5,2534
CVE-2021-38935,CVSS-only,7.5,2535
CVE-2021-38957,CVSS-only,7.5,2536
CVE-2021-38960,CVSS-only,7.5,2537
CVE-2021-39034,CVSS-only,7.5,2538
CVE-2021-39293,CVSS-only,7.5,2539
CVE-2021-39364,CVSS-only,7.5,2540
CVE-2021-39480,CVSS-only,7.5,2541
CVE-2021-3965,CVSS-only,7.5,2542
CVE-2021-39677,CVSS-only,7.5,2543
CVE-2021-39716,CVSS-only,7.5,2544
CVE-2021-39726,CVSS-only,7.5,2545
CVE-2021-39762,CVSS-only,7.5,2546
CVE-2021-39966,CVSS-only,7.5,2547
CVE-2021-39967,CVSS-only,7.5,2548
CVE-2021-39968,CVSS-only,7.5,2549
CVE-2021-39969,CVSS-only,7.5,2550
CVE-2021-39970,CVSS-only,7.5,2551
CVE-2021-39971,CVSS-only,7.5,2552
CVE-2021-39972,CVSS-only,7.5,2553
CVE-2021-39973,CVSS-only,7.5,2554
CVE-2021-39974,CVSS-only,7.5,2555
CVE-2021-39975,CVSS-only,7.5,2556
CVE-2021-39977,CVSS-only,7.5,2557
CVE-2021-39978,CVSS-only,7.5,2558
CVE-2021-39983,CVSS-only,7.5,2559
CVE-2021-39984,CVSS-only,7.5,2560
CVE-2021-39985,CVSS-only,7.5,2561
CVE-2021-39987,CVSS-only,7.5,2562
CVE-2021-39988,CVSS-only,7.5,2563
CVE-2021-39989,CVSS-only,7.5,2564
CVE-2021-39998,CVSS-only,7.5,2565
CVE-2021-40004,CVSS-only,7.5,2566
CVE-2021-40005,CVSS-only,7.5,2567
CVE-2021-40011,CVSS-only,7.5,2568
CVE-2021-40014,CVSS-only,7.5,2569
CVE-2021-40018,CVSS-only,7.5,2570
CVE-2021-40020,CVSS-only,7.5,2571
CVE-2021-40021,CVSS-only,7.5,2572
CVE-2021-40022,CVSS-only,7.5,2573
CVE-2021-40025,CVSS-only,7.5,2574
CVE-2021-40026,CVSS-only,7.5,2575
CVE-2021-40027,CVSS-only,7.5,2576
CVE-2021-40028,CVSS-only,7.5,2577
CVE-2021-40029,CVSS-only,7.5,2578
CVE-2021-40031,CVSS-only,7.5,2579
CVE-2021-40032,CVSS-only,7.5,2580
CVE-2021-40035,CVSS-only,7.5,2581
CVE-2021-40038,CVSS-only,7.5,2582
CVE-2021-40039,CVSS-only,7.5,2583
CVE-2021-40047,CVSS-only,7.5,2584
CVE-2021-40048,CVSS-only,7.5,2585
CVE-2021-40049,CVSS-only,7.5,2586
CVE-2021-40051,CVSS-only,7.5,2587
CVE-2021-40052,CVSS-only,7.5,2588
CVE-2021-40054,CVSS-only,7.5,2589
CVE-2021-40056,CVSS-only,7.5,2590
CVE-2021-40057,CVSS-only,7.5,2591
CVE-2021-40058,CVSS-only,7.5,2592
CVE-2021-40060,CVSS-only,7.5,2593
CVE-2021-40061,CVSS-only,7.5,2594
CVE-2021-40062,CVSS-only,7.5,2595
CVE-2021-40063,CVSS-only,7.5,2596
CVE-2021-40064,CVSS-only,7.5,2597
CVE-2021-40110,CVSS-only,7.5,2598
CVE-2021-40148,CVSS-only,7.5,2599
CVE-2021-4021,CVSS-only,7.5,2600
CVE-2021-4031,CVSS-only,7.5,2601
CVE-2021-40406,CVSS-only,7.5,2602
CVE-2021-40419,CVSS-only,7.5,2603
CVE-2021-40423,CVSS-only,7.5,2604
CVE-2021-40635,CVSS-only,7.5,2605
CVE-2021-40636,CVSS-only,7.5,2606
CVE-2021-4076,CVSS-only,7.5,2607
CVE-2021-40846,CVSS-only,7.5,2608
CVE-2021-4091,CVSS-only,7.5,2609
CVE-2021-41040,CVSS-only,7.5,2610
CVE-2021-41442,CVSS-only,7.5,2611
CVE-2021-41608,CVSS-only,7.5,2612
CVE-2021-41652,CVSS-only,7.5,2613
CVE-2021-41769,CVSS-only,7.5,2614
CVE-2021-41807,CVSS-only,7.5,2615
CVE-2021-41817,CVSS-only,7.5,2616
CVE-2021-41819,CVSS-only,7.5,2617
CVE-2021-42016,CVSS-only,7.5,2618
CVE-2021-42020,CVSS-only,7.5,2619
CVE-2021-42219,CVSS-only,7.5,2620
CVE-2021-42555,CVSS-only,7.5,2621
CVE-2021-42577,CVSS-only,7.5,2622
CVE-2021-42641,CVSS-only,7.5,2623
CVE-2021-42642,CVSS-only,7.5,2624
CVE-2021-43045,CVSS-only,7.5,2625
CVE-2021-43091,CVSS-only,7.5,2626
CVE-2021-43109,CVSS-only,7.5,2627
CVE-2021-43522,CVSS-only,7.5,2628
CVE-2021-43663,CVSS-only,7.5,2629
CVE-2021-43666,CVSS-only,7.5,2630
CVE-2021-43734,CVSS-only,7.5,2631
CVE-2021-43824,CVSS-only,7.5,2632
CVE-2021-43826,CVSS-only,7.5,2633
CVE-2021-43859,CVSS-only,7.5,2634
CVE-2021-43863,CVSS-only,7.5,2635
CVE-2021-43957,CVSS-only,7.5,2636
CVE-2021-44032,CVSS-only,7.5,2637
CVE-2021-44040,CVSS-only,7.5,2638
CVE-2021-44081,CVSS-only,7.5,2639
CVE-2021-44124,CVSS-only,7.5,2640
CVE-2021-44139,CVSS-only,7.5,2641
CVE-2021-44246,CVSS-only,7.5,2642
CVE-2021-44260,CVSS-only,7.5,2643
CVE-2021-44262,CVSS-only,7.5,2644
CVE-2021-44345,CVSS-only,7.5,2645
CVE-2021-44351,CVSS-only,7.5,2646
CVE-2021-44477,CVSS-only,7.5,2647
CVE-2021-44581,CVSS-only,7.5,2648
CVE-2021-44586,CVSS-only,7.5,2649
CVE-2021-44716,CVSS-only,7.5,2650
CVE-2021-44866,CVSS-only,7.5,2651
CVE-2021-44878,CVSS-only,7.5,2652
CVE-2021-44977,CVSS-only,7.5,2653
CVE-2021-45034,CVSS-only,7.5,2654
CVE-2021-45115,CVSS-only,7.5,2655
CVE-2021-45116,CVSS-only,7.5,2656
CVE-2021-45325,CVSS-only,7.5,2657
CVE-2021-45347,CVSS-only,7.5,2658
CVE-2021-45348,CVSS-only,7.5,2659
CVE-2021-45391,CVSS-only,7.5,2660
CVE-2021-45392,CVSS-only,7.5,2661
CVE-2021-45421,CVSS-only,7.5,2662
CVE-2021-45445,CVSS-only,7.5,2663
CVE-2021-45457,CVSS-only,7.5,2664
CVE-2021-45458,CVSS-only,7.5,2665
CVE-2021-45734,CVSS-only,7.5,2666
CVE-2021-45735,CVSS-only,7.5,2667
CVE-2021-45736,CVSS-only,7.5,2668
CVE-2021-45737,CVSS-only,7.5,2669
CVE-2021-45739,CVSS-only,7.5,2670
CVE-2021-45741,CVSS-only,7.5,2671
CVE-2021-45746,CVSS-only,7.5,2672
CVE-2021-45757,CVSS-only,7.5,2673
CVE-2021-45761,CVSS-only,7.5,2674
CVE-2021-45769,CVSS-only,7.5,2675
CVE-2021-45773,CVSS-only,7.5,2676
CVE-2021-45793,CVSS-only,7.5,2677
CVE-2021-45794,CVSS-only,7.5,2678
CVE-2021-45810,CVSS-only,7.5,2679
CVE-2021-45848,CVSS-only,7.5,2680
CVE-2021-45851,CVSS-only,7.5,2681
CVE-2021-45856,CVSS-only,7.5,2682
CVE-2021-45968,CVSS-only,7.5,2683
CVE-2021-45988,CVSS-only,7.5,2684
CVE-2021-45989,CVSS-only,7.5,2685
CVE-2021-45991,CVSS-only,7.5,2686
CVE-2021-45992,CVSS-only,7.5,2687
CVE-2021-45993,CVSS-only,7.5,2688
CVE-2021-45994,CVSS-only,7.5,2689
CVE-2021-45995,CVSS-only,7.5,2690
CVE-2021-45996,CVSS-only,7.5,2691
CVE-2021-45997,CVSS-only,7.5,2692
CVE-2021-46020,CVSS-only,7.5,2693
CVE-2021-46082,CVSS-only,7.5,2694
CVE-2021-46086,CVSS-only,7.5,2695
CVE-2021-46101,CVSS-only,7.5,2696
CVE-2021-46102,CVSS-only,7.5,2697
CVE-2021-46104,CVSS-only,7.5,2698
CVE-2021-46107,CVSS-only,7.5,2699
CVE-2021-46149,CVSS-only,7.5,2700
CVE-2021-46170,CVSS-only,7.5,2701
CVE-2021-46247,CVSS-only,7.5,2702
CVE-2021-46320,CVSS-only,7.5,2703
CVE-2021-46354,CVSS-only,7.5,2704
CVE-2021-46359,CVSS-only,7.5,2705
CVE-2021-46371,CVSS-only,7.5,2706
CVE-2021-46378,CVSS-only,7.5,2707
CVE-2021-46381,CVSS-only,7.5,2708
CVE-2021-46383,CVSS-only,7.5,2709
CVE-2021-46385,CVSS-only,7.5,2710
CVE-2021-46389,CVSS-only,7.5,2711
CVE-2021-46408,CVSS-only,7.5,2712
CVE-2021-46458,CVSS-only,7.5,2713
CVE-2021-46459,CVSS-only,7.5,2714
CVE-2021-46462,CVSS-only,7.5,2715
CVE-2021-46559,CVSS-only,7.5,2716
CVE-2021-46669,CVSS-only,7.5,2717
CVE-2022-0132,CVSS-only,7.5,2718
CVE-2022-0133,CVSS-only,7.5,2719
CVE-2022-0138,CVSS-only,7.5,2720
CVE-2022-0153,CVSS-only,7.5,2721
CVE-2022-0154,CVSS-only,7.5,2722
CVE-2022-0214,CVSS-only,7.5,2723
CVE-2022-0236,CVSS-only,7.5,2724
CVE-2022-0240,CVSS-only,7.5,2725
CVE-2022-0247,CVSS-only,7.5,2726
CVE-2022-0280,CVSS-only,7.5,2727
CVE-2022-0281,CVSS-only,7.5,2728
CVE-2022-0315,CVSS-only,7.5,2729
CVE-2022-0391,CVSS-only,7.5,2730
CVE-2022-0481,CVSS-only,7.5,2731
CVE-2022-0524,CVSS-only,7.5,2732
CVE-2022-0538,CVSS-only,7.5,2733
CVE-2022-0618,CVSS-only,7.5,2734
CVE-2022-0635,CVSS-only,7.5,2735
CVE-2022-0654,CVSS-only,7.5,2736
CVE-2022-0660,CVSS-only,7.5,2737
CVE-2022-0666,CVSS-only,7.5,2738
CVE-2022-0667,CVSS-only,7.5,2739
CVE-2022-0711,CVSS-only,7.5,2740
CVE-2022-0725,CVSS-only,7.5,2741
CVE-2022-0732,CVSS-only,7.5,2742
CVE-2022-0736,CVSS-only,7.5,2743
CVE-2022-0777,CVSS-only,7.5,2744
CVE-2022-0778,CVSS-only,7.5,2745
CVE-2022-0853,CVSS-only,7.5,2746
CVE-2022-0913,CVSS-only,7.5,2747
CVE-2022-0918,CVSS-only,7.5,2748
CVE-2022-1036,CVSS-only,7.5,2749
CVE-2022-1061,CVSS-only,7.5,2750
CVE-2022-1176,CVSS-only,7.5,2751
CVE-2022-20653,CVSS-only,7.5,2752
CVE-2022-20698,CVSS-only,7.5,2753
CVE-2022-21134,CVSS-only,7.5,2754
CVE-2022-21143,CVSS-only,7.5,2755
CVE-2022-21193,CVSS-only,7.5,2756
CVE-2022-21205,CVSS-only,7.5,2757
CVE-2022-21236,CVSS-only,7.5,2758
CVE-2022-21251,CVSS-only,7.5,2759
CVE-2022-21266,CVSS-only,7.5,2760
CVE-2022-21292,CVSS-only,7.5,2761
CVE-2022-21300,CVSS-only,7.5,2762
CVE-2022-21346,CVSS-only,7.5,2763
CVE-2022-21371,CVSS-only,7.5,2764
CVE-2022-21655,CVSS-only,7.5,2765
CVE-2022-21667,CVSS-only,7.5,2766
CVE-2022-21676,CVSS-only,7.5,2767
CVE-2022-21680,CVSS-only,7.5,2768
CVE-2022-21681,CVSS-only,7.5,2769
CVE-2022-21688,CVSS-only,7.5,2770
CVE-2022-21689,CVSS-only,7.5,2771
CVE-2022-21698,CVSS-only,7.5,2772
CVE-2022-21712,CVSS-only,7.5,2773
CVE-2022-21716,CVSS-only,7.5,2774
CVE-2022-21798,CVSS-only,7.5,2775
CVE-2022-21801,CVSS-only,7.5,2776
CVE-2022-21822,CVSS-only,7.5,2777
CVE-2022-21843,CVSS-only,7.5,2778
CVE-2022-21848,CVSS-only,7.5,2779
CVE-2022-21880,CVSS-only,7.5,2780
CVE-2022-21883,CVSS-only,7.5,2781
CVE-2022-21889,CVSS-only,7.5,2782
CVE-2022-21890,CVSS-only,7.5,2783
CVE-2022-21904,CVSS-only,7.5,2784
CVE-2022-21911,CVSS-only,7.5,2785
CVE-2022-21965,CVSS-only,7.5,2786
CVE-2022-21986,CVSS-only,7.5,2787
CVE-2022-21993,CVSS-only,7.5,2788
CVE-2022-22110,CVSS-only,7.5,2789
CVE-2022-22153,CVSS-only,7.5,2790
CVE-2022-22159,CVSS-only,7.5,2791
CVE-2022-22161,CVSS-only,7.5,2792
CVE-2022-22170,CVSS-only,7.5,2793
CVE-2022-22171,CVSS-only,7.5,2794
CVE-2022-22173,CVSS-only,7.5,2795
CVE-2022-22174,CVSS-only,7.5,2796
CVE-2022-22175,CVSS-only,7.5,2797
CVE-2022-22178,CVSS-only,7.5,2798
CVE-2022-22180,CVSS-only,7.5,2799
CVE-2022-22288,CVSS-only,7.5,2800
CVE-2022-22336,CVSS-only,7.5,2801
CVE-2022-22354,CVSS-only,7.5,2802
CVE-2022-22510,CVSS-only,7.5,2803
CVE-2022-22533,CVSS-only,7.5,2804
CVE-2022-22540,CVSS-only,7.5,2805
CVE-2022-22543,CVSS-only,7.5,2806
CVE-2022-22547,CVSS-only,7.5,2807
CVE-2022-22585,CVSS-only,7.5,2808
CVE-2022-22609,CVSS-only,7.5,2809
CVE-2022-22643,CVSS-only,7.5,2810
CVE-2022-22651,CVSS-only,7.5,2811
CVE-2022-22653,CVSS-only,7.5,2812
CVE-2022-22719,CVSS-only,7.5,2813
CVE-2022-22722,CVSS-only,7.5,2814
CVE-2022-22724,CVSS-only,7.5,2815
CVE-2022-22828,CVSS-only,7.5,2816
CVE-2022-22833,CVSS-only,7.5,2817
CVE-2022-22846,CVSS-only,7.5,2818
CVE-2022-22914,CVSS-only,7.5,2819
CVE-2022-23010,CVSS-only,7.5,2820
CVE-2022-23011,CVSS-only,7.5,2821
CVE-2022-23012,CVSS-only,7.5,2822
CVE-2022-23015,CVSS-only,7.5,2823
CVE-2022-23016,CVSS-only,7.5,2824
CVE-2022-23017,CVSS-only,7.5,2825
CVE-2022-23018,CVSS-only,7.5,2826
CVE-2022-23019,CVSS-only,7.5,2827
CVE-2022-23020,CVSS-only,7.5,2828
CVE-2022-23021,CVSS-only,7.5,2829
CVE-2022-23022,CVSS-only,7.5,2830
CVE-2022-23024,CVSS-only,7.5,2831
CVE-2022-23025,CVSS-only,7.5,2832
CVE-2022-23094,CVSS-only,7.5,2833
CVE-2022-23098,CVSS-only,7.5,2834
CVE-2022-23116,CVSS-only,7.5,2835
CVE-2022-23117,CVSS-only,7.5,2836
CVE-2022-23119,CVSS-only,7.5,2837
CVE-2022-23206,CVSS-only,7.5,2838
CVE-2022-23223,CVSS-only,7.5,2839
CVE-2022-23228,CVSS-only,7.5,2840
CVE-2022-23233,CVSS-only,7.5,2841
CVE-2022-23308,CVSS-only,7.5,2842
CVE-2022-23317,CVSS-only,7.5,2843
CVE-2022-23320,CVSS-only,7.5,2844
CVE-2022-23327,CVSS-only,7.5,2845
CVE-2022-23328,CVSS-only,7.5,2846
CVE-2022-23345,CVSS-only,7.5,2847
CVE-2022-23347,CVSS-only,7.5,2848
CVE-2022-23352,CVSS-only,7.5,2849
CVE-2022-23377,CVSS-only,7.5,2850
CVE-2022-23387,CVSS-only,7.5,2851
CVE-2022-23435,CVSS-only,7.5,2852
CVE-2022-23591,CVSS-only,7.5,2853
CVE-2022-23596,CVSS-only,7.5,2854
CVE-2022-23612,CVSS-only,7.5,2855
CVE-2022-23630,CVSS-only,7.5,2856
CVE-2022-23635,CVSS-only,7.5,2857
CVE-2022-23647,CVSS-only,7.5,2858
CVE-2022-23648,CVSS-only,7.5,2859
CVE-2022-23772,CVSS-only,7.5,2860
CVE-2022-23773,CVSS-only,7.5,2861
CVE-2022-23793,CVSS-only,7.5,2862
CVE-2022-23833,CVSS-only,7.5,2863
CVE-2022-23837,CVSS-only,7.5,2864
CVE-2022-23913,CVSS-only,7.5,2865
CVE-2022-23921,CVSS-only,7.5,2866
CVE-2022-23945,CVSS-only,7.5,2867
CVE-2022-23968,CVSS-only,7.5,2868
CVE-2022-23986,CVSS-only,7.5,2869
CVE-2022-23989,CVSS-only,7.5,2870
CVE-2022-23990,CVSS-only,7.5,2871
CVE-2022-24030,CVSS-only,7.5,2872
CVE-2022-24121,CVSS-only,7.5,2873
CVE-2022-24124,CVSS-only,7.5,2874
CVE-2022-24132,CVSS-only,7.5,2875
CVE-2022-24142,CVSS-only,7.5,2876
CVE-2022-24143,CVSS-only,7.5,2877
CVE-2022-24145,CVSS-only,7.5,2878
CVE-2022-24146,CVSS-only,7.5,2879
CVE-2022-24147,CVSS-only,7.5,2880
CVE-2022-24149,CVSS-only,7.5,2881
CVE-2022-24151,CVSS-only,7.5,2882
CVE-2022-24152,CVSS-only,7.5,2883
CVE-2022-24153,CVSS-only,7.5,2884
CVE-2022-24154,CVSS-only,7.5,2885
CVE-2022-24155,CVSS-only,7.5,2886
CVE-2022-24156,CVSS-only,7.5,2887
CVE-2022-24157,CVSS-only,7.5,2888
CVE-2022-24158,CVSS-only,7.5,2889
CVE-2022-24159,CVSS-only,7.5,2890
CVE-2022-24160,CVSS-only,7.5,2891
CVE-2022-24161,CVSS-only,7.5,2892
CVE-2022-24162,CVSS-only,7.5,2893
CVE-2022-24163,CVSS-only,7.5,2894
CVE-2022-24164,CVSS-only,7.5,2895
CVE-2022-24166,CVSS-only,7.5,2896
CVE-2022-24169,CVSS-only,7.5,2897
CVE-2022-24172,CVSS-only,7.5,2898
CVE-2022-24226,CVSS-only,7.5,2899
CVE-2022-24264,CVSS-only,7.5,2900
CVE-2022-24265,CVSS-only,7.5,2901
CVE-2022-24266,CVSS-only,7.5,2902
CVE-2022-24291,CVSS-only,7.5,2903
CVE-2022-24314,CVSS-only,7.5,2904
CVE-2022-24315,CVSS-only,7.5,2905
CVE-2022-24316,CVSS-only,7.5,2906
CVE-2022-24317,CVSS-only,7.5,2907
CVE-2022-24318,CVSS-only,7.5,2908
CVE-2022-24321,CVSS-only,7.5,2909
CVE-2022-24327,CVSS-only,7.5,2910
CVE-2022-24341,CVSS-only,7.5,2911
CVE-2022-24464,CVSS-only,7.5,2912
CVE-2022-24601,CVSS-only,7.5,2913
CVE-2022-24646,CVSS-only,7.5,2914
CVE-2022-24666,CVSS-only,7.5,2915
CVE-2022-24667,CVSS-only,7.5,2916
CVE-2022-24668,CVSS-only,7.5,2917
CVE-2022-24678,CVSS-only,7.5,2918
CVE-2022-24683,CVSS-only,7.5,2919
CVE-2022-24685,CVSS-only,7.5,2920
CVE-2022-24713,CVSS-only,7.5,2921
CVE-2022-24716,CVSS-only,7.5,2922
CVE-2022-24726,CVSS-only,7.5,2923
CVE-2022-24756,CVSS-only,7.5,2924
CVE-2022-24757,CVSS-only,7.5,2925
CVE-2022-24758,CVSS-only,7.5,2926
CVE-2022-24761,CVSS-only,7.5,2927
CVE-2022-24763,CVSS-only,7.5,2928
CVE-2022-24764,CVSS-only,7.5,2929
CVE-2022-24771,CVSS-only,7.5,2930
CVE-2022-24772,CVSS-only,7.5,2931
CVE-2022-24775,CVSS-only,7.5,2932
CVE-2022-24777,CVSS-only,7.5,2933
CVE-2022-24778,CVSS-only,7.5,2934
CVE-2022-24794,CVSS-only,7.5,2935
CVE-2022-24798,CVSS-only,7.5,2936
CVE-2022-24916,CVSS-only,7.5,2937
CVE-2022-24921,CVSS-only,7.5,2938
CVE-2022-24975,CVSS-only,7.5,2939
CVE-2022-24980,CVSS-only,7.5,2940
CVE-2022-24983,CVSS-only,7.5,2941
CVE-2022-25062,CVSS-only,7.5,2942
CVE-2022-25104,CVSS-only,7.5,2943
CVE-2022-25216,CVSS-only,7.5,2944
CVE-2022-25249,CVSS-only,7.5,2945
CVE-2022-25250,CVSS-only,7.5,2946
CVE-2022-25252,CVSS-only,7.5,2947
CVE-2022-25264,CVSS-only,7.5,2948
CVE-2022-25271,CVSS-only,7.5,2949
CVE-2022-25297,CVSS-only,7.5,2950
CVE-2022-25298,CVSS-only,7.5,2951
CVE-2022-25314,CVSS-only,7.5,2952
CVE-2022-25331,CVSS-only,7.5,2953
CVE-2022-25335,CVSS-only,7.5,2954
CVE-2022-25352,CVSS-only,7.5,2955
CVE-2022-25374,CVSS-only,7.5,2956
CVE-2022-25389,CVSS-only,7.5,2957
CVE-2022-25393,CVSS-only,7.5,2958
CVE-2022-25401,CVSS-only,7.5,2959
CVE-2022-25462,CVSS-only,7.5,2960
CVE-2022-25481,CVSS-only,7.5,2961
CVE-2022-25491,CVSS-only,7.5,2962
CVE-2022-25508,CVSS-only,7.5,2963
CVE-2022-25512,CVSS-only,7.5,2964
CVE-2022-25514,CVSS-only,7.5,2965
CVE-2022-25546,CVSS-only,7.5,2966
CVE-2022-25547,CVSS-only,7.5,2967
CVE-2022-25548,CVSS-only,7.5,2968
CVE-2022-25549,CVSS-only,7.5,2969
CVE-2022-25550,CVSS-only,7.5,2970
CVE-2022-25551,CVSS-only,7.5,2971
CVE-2022-25552,CVSS-only,7.5,2972
CVE-2022-25553,CVSS-only,7.5,2973
CVE-2022-25554,CVSS-only,7.5,2974
CVE-2022-25555,CVSS-only,7.5,2975
CVE-2022-25556,CVSS-only,7.5,2976
CVE-2022-25557,CVSS-only,7.5,2977
CVE-2022-25558,CVSS-only,7.5,2978
CVE-2022-25560,CVSS-only,7.5,2979
CVE-2022-25561,CVSS-only,7.5,2980
CVE-2022-25566,CVSS-only,7.5,2981
CVE-2022-25568,CVSS-only,7.5,2982
CVE-2022-25571,CVSS-only,7.5,2983
CVE-2022-25598,CVSS-only,7.5,2984
CVE-2022-25634,CVSS-only,7.5,2985
CVE-2022-25640,CVSS-only,7.5,2986
CVE-2022-26243,CVSS-only,7.5,2987
CVE-2022-26267,CVSS-only,7.5,2988
CVE-2022-26271,CVSS-only,7.5,2989
CVE-2022-26300,CVSS-only,7.5,2990
CVE-2022-26311,CVSS-only,7.5,2991
CVE-2022-26353,CVSS-only,7.5,2992
CVE-2022-26534,CVSS-only,7.5,2993
CVE-2022-26660,CVSS-only,7.5,2994
CVE-2022-26662,CVSS-only,7.5,2995
CVE-2022-26779,CVSS-only,7.5,2996
CVE-2022-27191,CVSS-only,7.5,2997
CVE-2022-27192,CVSS-only,7.5,2998
CVE-2022-27227,CVSS-only,7.5,2999
CVE-2022-27333,CVSS-only,7.5,3000
CVE-2022-27658,CVSS-only,7.5,3001
CVE-2022-27881,CVSS-only,7.5,3002
CVE-2022-27882,CVSS-only,7.5,3003
CVE-2022-28142,CVSS-only,7.5,3004
CVE-2021-20322,CVSS-only,7.4,3005
CVE-2021-21964,CVSS-only,7.4,3006
CVE-2021-28503,CVSS-only,7.4,3007
CVE-2021-32998,CVSS-only,7.4,3008
CVE-2021-3618,CVSS-only,7.4,3009
CVE-2021-38578,CVSS-only,7.4,3010
CVE-2021-4098,CVSS-only,7.4,3011
CVE-2021-41441,CVSS-only,7.4,3012
CVE-2021-43848,CVSS-only,7.4,3013
CVE-2021-44531,CVSS-only,7.4,3014
CVE-2022-0016,CVSS-only,7.4,3015
CVE-2022-0129,CVSS-only,7.4,3016
CVE-2022-0749,CVSS-only,7.4,3017
CVE-2022-1155,CVSS-only,7.4,3018
CVE-2022-21654,CVSS-only,7.4,3019
CVE-2022-21656,CVSS-only,7.4,3020
CVE-2022-21664,CVSS-only,7.4,3021
CVE-2022-22163,CVSS-only,7.4,3022
CVE-2022-22176,CVSS-only,7.4,3023
CVE-2022-22807,CVSS-only,7.4,3024
CVE-2022-23622,CVSS-only,7.4,3025
CVE-2022-23632,CVSS-only,7.4,3026
CVE-2022-23633,CVSS-only,7.4,3027
CVE-2022-24707,CVSS-only,7.4,3028
CVE-2022-25214,CVSS-only,7.4,3029
CVE-2022-26505,CVSS-only,7.4,3030
CVE-2020-11263,CVSS-only,7.3,3031
CVE-2021-23196,CVSS-only,7.3,3032
CVE-2021-23233,CVSS-only,7.3,3033
CVE-2021-23518,CVSS-only,7.3,3034
CVE-2021-23558,CVSS-only,7.3,3035
CVE-2021-23568,CVSS-only,7.3,3036
CVE-2021-23682,CVSS-only,7.3,3037
CVE-2021-30269,CVSS-only,7.3,3038
CVE-2021-30270,CVSS-only,7.3,3039
CVE-2021-30271,CVSS-only,7.3,3040
CVE-2021-30272,CVSS-only,7.3,3041
CVE-2021-32840,CVSS-only,7.3,3042
CVE-2021-39625,CVSS-only,7.3,3043
CVE-2021-41835,CVSS-only,7.3,3044
CVE-2021-42791,CVSS-only,7.3,3045
CVE-2021-43355,CVSS-only,7.3,3046
CVE-2021-44205,CVSS-only,7.3,3047
CVE-2021-44206,CVSS-only,7.3,3048
CVE-2021-44226,CVSS-only,7.3,3049
CVE-2021-44779,CVSS-only,7.3,3050
CVE-2022-1073,CVSS-only,7.3,3051
CVE-2022-1078,CVSS-only,7.3,3052
CVE-2022-1080,CVSS-only,7.3,3053
CVE-2022-1082,CVSS-only,7.3,3054
CVE-2022-1083,CVSS-only,7.3,3055
CVE-2022-1084,CVSS-only,7.3,3056
CVE-2022-21658,CVSS-only,7.3,3057
CVE-2022-22162,CVSS-only,7.3,3058
CVE-2022-24739,CVSS-only,7.3,3059
CVE-2022-25311,CVSS-only,7.3,3060
CVE-2020-25719,CVSS-only,7.2,3061
CVE-2020-28884,CVSS-only,7.2,3062
CVE-2020-28885,CVSS-only,7.2,3063
CVE-2020-8242,CVSS-only,7.2,3064
CVE-2021-24216,CVSS-only,7.2,3065
CVE-2021-24777,CVSS-only,7.2,3066
CVE-2021-24778,CVSS-only,7.2,3067
CVE-2021-24786,CVSS-only,7.2,3068
CVE-2021-24858,CVSS-only,7.2,3069
CVE-2021-24862,CVSS-only,7.2,3070
CVE-2021-24865,CVSS-only,7.2,3071
CVE-2021-25023,CVSS-only,7.2,3072
CVE-2021-25045,CVSS-only,7.2,3073
CVE-2021-25064,CVSS-only,7.2,3074
CVE-2021-25068,CVSS-only,7.2,3075
CVE-2021-28962,CVSS-only,7.2,3076
CVE-2021-29220,CVSS-only,7.2,3077
CVE-2021-32474,CVSS-only,7.2,3078
CVE-2021-33208,CVSS-only,7.2,3079
CVE-2021-33523,CVSS-only,7.2,3080
CVE-2021-33581,CVSS-only,7.2,3081
CVE-2021-33827,CVSS-only,7.2,3082
CVE-2021-36295,CVSS-only,7.2,3083
CVE-2021-36296,CVSS-only,7.2,3084
CVE-2021-36347,CVSS-only,7.2,3085
CVE-2021-40407,CVSS-only,7.2,3086
CVE-2021-40410,CVSS-only,7.2,3087
CVE-2021-40411,CVSS-only,7.2,3088
CVE-2021-40412,CVSS-only,7.2,3089
CVE-2021-4134,CVSS-only,7.2,3090
CVE-2021-41550,CVSS-only,7.2,3091
CVE-2021-4208,CVSS-only,7.2,3092
CVE-2021-42171,CVSS-only,7.2,3093
CVE-2021-42194,CVSS-only,7.2,3094
CVE-2021-43097,CVSS-only,7.2,3095
CVE-2021-43098,CVSS-only,7.2,3096
CVE-2021-43100,CVSS-only,7.2,3097
CVE-2021-43101,CVSS-only,7.2,3098
CVE-2021-43102,CVSS-only,7.2,3099
CVE-2021-43103,CVSS-only,7.2,3100
CVE-2021-43944,CVSS-only,7.2,3101
CVE-2021-43947,CVSS-only,7.2,3102
CVE-2021-44238,CVSS-only,7.2,3103
CVE-2021-44255,CVSS-only,7.2,3104
CVE-2021-44650,CVSS-only,7.2,3105
CVE-2021-45913,CVSS-only,7.2,3106
CVE-2021-46075,CVSS-only,7.2,3107
CVE-2021-46079,CVSS-only,7.2,3108
CVE-2021-46088,CVSS-only,7.2,3109
CVE-2021-46115,CVSS-only,7.2,3110
CVE-2021-46116,CVSS-only,7.2,3111
CVE-2021-46117,CVSS-only,7.2,3112
CVE-2021-46118,CVSS-only,7.2,3113
CVE-2021-46561,CVSS-only,7.2,3114
CVE-2021-46701,CVSS-only,7.2,3115
CVE-2022-0228,CVSS-only,7.2,3116
CVE-2022-0242,CVSS-only,7.2,3117
CVE-2022-0255,CVSS-only,7.2,3118
CVE-2022-0267,CVSS-only,7.2,3119
CVE-2022-0383,CVSS-only,7.2,3120
CVE-2022-0420,CVSS-only,7.2,3121
CVE-2022-0440,CVSS-only,7.2,3122
CVE-2022-0557,CVSS-only,7.2,3123
CVE-2022-0834,CVSS-only,7.2,3124
CVE-2022-0889,CVSS-only,7.2,3125
CVE-2022-0944,CVSS-only,7.2,3126
CVE-2022-1032,CVSS-only,7.2,3127
CVE-2022-1034,CVSS-only,7.2,3128
CVE-2022-21395,CVSS-only,7.2,3129
CVE-2022-21666,CVSS-only,7.2,3130
CVE-2022-21705,CVSS-only,7.2,3131
CVE-2022-21706,CVSS-only,7.2,3132
CVE-2022-21828,CVSS-only,7.2,3133
CVE-2022-21957,CVSS-only,7.2,3134
CVE-2022-22157,CVSS-only,7.2,3135
CVE-2022-22167,CVSS-only,7.2,3136
CVE-2022-23009,CVSS-only,7.2,3137
CVE-2022-23043,CVSS-only,7.2,3138
CVE-2022-23046,CVSS-only,7.2,3139
CVE-2022-23048,CVSS-only,7.2,3140
CVE-2022-23265,CVSS-only,7.2,3141
CVE-2022-23284,CVSS-only,7.2,3142
CVE-2022-23650,CVSS-only,7.2,3143
CVE-2022-23906,CVSS-only,7.2,3144
CVE-2022-23911,CVSS-only,7.2,3145
CVE-2022-23915,CVSS-only,7.2,3146
CVE-2022-24281,CVSS-only,7.2,3147
CVE-2022-24282,CVSS-only,7.2,3148
CVE-2022-24467,CVSS-only,7.2,3149
CVE-2022-24468,CVSS-only,7.2,3150
CVE-2022-24470,CVSS-only,7.2,3151
CVE-2022-24471,CVSS-only,7.2,3152
CVE-2022-24517,CVSS-only,7.2,3153
CVE-2022-24520,CVSS-only,7.2,3154
CVE-2022-24734,CVSS-only,7.2,3155
CVE-2022-25225,CVSS-only,7.2,3156
CVE-2022-25305,CVSS-only,7.2,3157
CVE-2022-25306,CVSS-only,7.2,3158
CVE-2022-25307,CVSS-only,7.2,3159
CVE-2022-26149,CVSS-only,7.2,3160
CVE-2022-26521,CVSS-only,7.2,3161
CVE-2022-26639,CVSS-only,7.2,3162
CVE-2022-26640,CVSS-only,7.2,3163
CVE-2022-26641,CVSS-only,7.2,3164
CVE-2022-26642,CVSS-only,7.2,3165
CVE-2022-26965,CVSS-only,7.2,3166
CVE-2022-27948,CVSS-only,7.2,3167
CVE-2020-14478,CVSS-only,7.1,3168
CVE-2021-1894,CVSS-only,7.1,3169
CVE-2021-25095,CVSS-only,7.1,3170
CVE-2021-25108,CVSS-only,7.1,3171
CVE-2021-26618,CVSS-only,7.1,3172
CVE-2021-26619,CVSS-only,7.1,3173
CVE-2021-30278,CVSS-only,7.1,3174
CVE-2021-30283,CVSS-only,7.1,3175
CVE-2021-31833,CVSS-only,7.1,3176
CVE-2021-34087,CVSS-only,7.1,3177
CVE-2021-34404,CVSS-only,7.1,3178
CVE-2021-3456,CVSS-only,7.1,3179
CVE-2021-3739,CVSS-only,7.1,3180
CVE-2021-3743,CVSS-only,7.1,3181
CVE-2021-3752,CVSS-only,7.1,3182
CVE-2021-40413,CVSS-only,7.1,3183
CVE-2021-40414,CVSS-only,7.1,3184
CVE-2021-4090,CVSS-only,7.1,3185
CVE-2021-4156,CVSS-only,7.1,3186
CVE-2021-43054,CVSS-only,7.1,3187
CVE-2021-44024,CVSS-only,7.1,3188
CVE-2021-45083,CVSS-only,7.1,3189
CVE-2021-45442,CVSS-only,7.1,3190
CVE-2021-45972,CVSS-only,7.1,3191
CVE-2021-46062,CVSS-only,7.1,3192
CVE-2022-0144,CVSS-only,7.1,3193
CVE-2022-0198,CVSS-only,7.1,3194
CVE-2022-0393,CVSS-only,7.1,3195
CVE-2022-0518,CVSS-only,7.1,3196
CVE-2022-0519,CVSS-only,7.1,3197
CVE-2022-0521,CVSS-only,7.1,3198
CVE-2022-0522,CVSS-only,7.1,3199
CVE-2022-0580,CVSS-only,7.1,3200
CVE-2022-0588,CVSS-only,7.1,3201
CVE-2022-0630,CVSS-only,7.1,3202
CVE-2022-0713,CVSS-only,7.1,3203
CVE-2022-0905,CVSS-only,7.1,3204
CVE-2022-0988,CVSS-only,7.1,3205
CVE-2022-0991,CVSS-only,7.1,3206
CVE-2022-20619,CVSS-only,7.1,3207
CVE-2022-21278,CVSS-only,7.1,3208
CVE-2022-21351,CVSS-only,7.1,3209
CVE-2022-21711,CVSS-only,7.1,3210
CVE-2022-21997,CVSS-only,7.1,3211
CVE-2022-22292,CVSS-only,7.1,3212
CVE-2022-22625,CVSS-only,7.1,3213
CVE-2022-22626,CVSS-only,7.1,3214
CVE-2022-22627,CVSS-only,7.1,3215
CVE-2022-23273,CVSS-only,7.1,3216
CVE-2022-23318,CVSS-only,7.1,3217
CVE-2022-23563,CVSS-only,7.1,3218
CVE-2022-23805,CVSS-only,7.1,3219
CVE-2022-24073,CVSS-only,7.1,3220
CVE-2022-24743,CVSS-only,7.1,3221
CVE-2022-24774,CVSS-only,7.1,3222
CVE-2022-24781,CVSS-only,7.1,3223
CVE-2022-25760,CVSS-only,7.1,3224
CVE-2022-26659,CVSS-only,7.1,3225
CVE-2022-27816,CVSS-only,7.1,3226
CVE-2021-22437,CVSS-only,7.0,3227
CVE-2021-3609,CVSS-only,7.0,3228
CVE-2021-3640,CVSS-only,7.0,3229
CVE-2021-39629,CVSS-only,7.0,3230
CVE-2021-39679,CVSS-only,7.0,3231
CVE-2021-39686,CVSS-only,7.0,3232
CVE-2021-39713,CVSS-only,7.0,3233
CVE-2021-4083,CVSS-only,7.0,3234
CVE-2021-4202,CVSS-only,7.0,3235
CVE-2022-0017,CVSS-only,7.0,3236
CVE-2022-21724,CVSS-only,7.0,3237
CVE-2022-21834,CVSS-only,7.0,3238
CVE-2022-21859,CVSS-only,7.0,3239
CVE-2022-21860,CVSS-only,7.0,3240
CVE-2022-21861,CVSS-only,7.0,3241
CVE-2022-21862,CVSS-only,7.0,3242
CVE-2022-21863,CVSS-only,7.0,3243
CVE-2022-21864,CVSS-only,7.0,3244
CVE-2022-21865,CVSS-only,7.0,3245
CVE-2022-21866,CVSS-only,7.0,3246
CVE-2022-21867,CVSS-only,7.0,3247
CVE-2022-21868,CVSS-only,7.0,3248
CVE-2022-21869,CVSS-only,7.0,3249
CVE-2022-21870,CVSS-only,7.0,3250
CVE-2022-21871,CVSS-only,7.0,3251
CVE-2022-21872,CVSS-only,7.0,3252
CVE-2022-21873,CVSS-only,7.0,3253
CVE-2022-21875,CVSS-only,7.0,3254
CVE-2022-21881,CVSS-only,7.0,3255
CVE-2022-21882,CVSS-only,7.0,3256
CVE-2022-21887,CVSS-only,7.0,3257
CVE-2022-21896,CVSS-only,7.0,3258
CVE-2022-21903,CVSS-only,7.0,3259
CVE-2022-21919,CVSS-only,7.0,3260
CVE-2022-21967,CVSS-only,7.0,3261
CVE-2022-22717,CVSS-only,7.0,3262
CVE-2022-22766,CVSS-only,7.0,3263
CVE-2022-23036,CVSS-only,7.0,3264
CVE-2022-23037,CVSS-only,7.0,3265
CVE-2022-23038,CVSS-only,7.0,3266
CVE-2022-23039,CVSS-only,7.0,3267
CVE-2022-23040,CVSS-only,7.0,3268
CVE-2022-23041,CVSS-only,7.0,3269
CVE-2022-23042,CVSS-only,7.0,3270
CVE-2022-23181,CVSS-only,7.0,3271
CVE-2022-23202,CVSS-only,7.0,3272
CVE-2022-23283,CVSS-only,7.0,3273
CVE-2022-23286,CVSS-only,7.0,3274
CVE-2022-23287,CVSS-only,7.0,3275
CVE-2022-23288,CVSS-only,7.0,3276
CVE-2022-23298,CVSS-only,7.0,3277
CVE-2022-24114,CVSS-only,7.0,3278
CVE-2022-24460,CVSS-only,7.0,3279
CVE-2022-24505,CVSS-only,7.0,3280
CVE-2022-24525,CVSS-only,7.0,3281
CVE-2022-26488,CVSS-only,7.0,3282
CVE-2021-34359,CVSS-only,6.9,3283
CVE-2021-41236,CVSS-only,6.9,3284
CVE-2022-22552,CVSS-only,6.9,3285
CVE-2022-22566,CVSS-only,6.9,3286
CVE-2021-20872,CVSS-only,6.8,3287
CVE-2021-23850,CVSS-only,6.8,3288
CVE-2021-23851,CVSS-only,6.8,3289
CVE-2021-25220,CVSS-only,6.8,3290
CVE-2021-31567,CVSS-only,6.8,3291
CVE-2021-33150,CVSS-only,6.8,3292
CVE-2021-38745,CVSS-only,6.8,3293
CVE-2021-4203,CVSS-only,6.8,3294
CVE-2021-43850,CVSS-only,6.8,3295
CVE-2021-44850,CVSS-only,6.8,3296
CVE-2021-46390,CVSS-only,6.8,3297
CVE-2022-0020,CVSS-only,6.8,3298
CVE-2022-20034,CVSS-only,6.8,3299
CVE-2022-20055,CVSS-only,6.8,3300
CVE-2022-21651,CVSS-only,6.8,3301
CVE-2022-21657,CVSS-only,6.8,3302
CVE-2022-21679,CVSS-only,6.8,3303
CVE-2022-21687,CVSS-only,6.8,3304
CVE-2022-21892,CVSS-only,6.8,3305
CVE-2022-21958,CVSS-only,6.8,3306
CVE-2022-21959,CVSS-only,6.8,3307
CVE-2022-21960,CVSS-only,6.8,3308
CVE-2022-21961,CVSS-only,6.8,3309
CVE-2022-21962,CVSS-only,6.8,3310
CVE-2022-22154,CVSS-only,6.8,3311
CVE-2022-22691,CVSS-only,6.8,3312
CVE-2022-22794,CVSS-only,6.8,3313
CVE-2022-22795,CVSS-only,6.8,3314
CVE-2022-23620,CVSS-only,6.8,3315
CVE-2022-24309,CVSS-only,6.8,3316
CVE-2022-24731,CVSS-only,6.8,3317
CVE-2022-24748,CVSS-only,6.8,3318
CVE-2022-25213,CVSS-only,6.8,3319
CVE-2020-25182,CVSS-only,6.7,3320
CVE-2021-0103,CVSS-only,6.7,3321
CVE-2021-0107,CVSS-only,6.7,3322
CVE-2021-0111,CVSS-only,6.7,3323
CVE-2021-0115,CVSS-only,6.7,3324
CVE-2021-0118,CVSS-only,6.7,3325
CVE-2021-0161,CVSS-only,6.7,3326
CVE-2021-0166,CVSS-only,6.7,3327
CVE-2021-0167,CVSS-only,6.7,3328
CVE-2021-0168,CVSS-only,6.7,3329
CVE-2021-0169,CVSS-only,6.7,3330
CVE-2021-22040,CVSS-only,6.7,3331
CVE-2021-22041,CVSS-only,6.7,3332
CVE-2021-29218,CVSS-only,6.7,3333
CVE-2021-30298,CVSS-only,6.7,3334
CVE-2021-30313,CVSS-only,6.7,3335
CVE-2021-30324,CVSS-only,6.7,3336
CVE-2021-30325,CVSS-only,6.7,3337
CVE-2021-34402,CVSS-only,6.7,3338
CVE-2021-36193,CVSS-only,6.7,3339
CVE-2021-37209,CVSS-only,6.7,3340
CVE-2021-39683,CVSS-only,6.7,3341
CVE-2021-39689,CVSS-only,6.7,3342
CVE-2021-39718,CVSS-only,6.7,3343
CVE-2021-39719,CVSS-only,6.7,3344
CVE-2021-39721,CVSS-only,6.7,3345
CVE-2021-39725,CVSS-only,6.7,3346
CVE-2021-39729,CVSS-only,6.7,3347
CVE-2021-39731,CVSS-only,6.7,3348
CVE-2021-39733,CVSS-only,6.7,3349
CVE-2021-39736,CVSS-only,6.7,3350
CVE-2021-39786,CVSS-only,6.7,3351
CVE-2021-42059,CVSS-only,6.7,3352
CVE-2022-0014,CVSS-only,6.7,3353
CVE-2022-0764,CVSS-only,6.7,3354
CVE-2022-0921,CVSS-only,6.7,3355
CVE-2022-20014,CVSS-only,6.7,3356
CVE-2022-20016,CVSS-only,6.7,3357
CVE-2022-20030,CVSS-only,6.7,3358
CVE-2022-20038,CVSS-only,6.7,3359
CVE-2022-20039,CVSS-only,6.7,3360
CVE-2022-20049,CVSS-only,6.7,3361
CVE-2022-20050,CVSS-only,6.7,3362
CVE-2022-21933,CVSS-only,6.7,3363
CVE-2022-22943,CVSS-only,6.7,3364
CVE-2021-0060,CVSS-only,6.6,3365
CVE-2021-0124,CVSS-only,6.6,3366
CVE-2021-0125,CVSS-only,6.6,3367
CVE-2021-22600,CVSS-only,6.6,3368
CVE-2021-23632,CVSS-only,6.6,3369
CVE-2021-39143,CVSS-only,6.6,3370
CVE-2022-0213,CVSS-only,6.6,3371
CVE-2022-0266,CVSS-only,6.6,3372
CVE-2022-20056,CVSS-only,6.6,3373
CVE-2022-20058,CVSS-only,6.6,3374
CVE-2022-20059,CVSS-only,6.6,3375
CVE-2022-20060,CVSS-only,6.6,3376
CVE-2022-21363,CVSS-only,6.6,3377
CVE-2022-21399,CVSS-only,6.6,3378
CVE-2022-21401,CVSS-only,6.6,3379
CVE-2022-21403,CVSS-only,6.6,3380
CVE-2022-21663,CVSS-only,6.6,3381
CVE-2022-22791,CVSS-only,6.6,3382
CVE-2022-22792,CVSS-only,6.6,3383
CVE-2022-23849,CVSS-only,6.6,3384
CVE-2022-25607,CVSS-only,6.6,3385
CVE-2019-4291,CVSS-only,6.5,3386
CVE-2020-10137,CVSS-only,6.5,3387
CVE-2020-10636,CVSS-only,6.5,3388
CVE-2020-13674,CVSS-only,6.5,3389
CVE-2020-13676,CVSS-only,6.5,3390
CVE-2020-15388,CVSS-only,6.5,3391
CVE-2020-19860,CVSS-only,6.5,3392
CVE-2020-20093,CVSS-only,6.5,3393
CVE-2020-20094,CVSS-only,6.5,3394
CVE-2020-20095,CVSS-only,6.5,3395
CVE-2020-20096,CVSS-only,6.5,3396
CVE-2020-9059,CVSS-only,6.5,3397
CVE-2020-9060,CVSS-only,6.5,3398
CVE-2020-9061,CVSS-only,6.5,3399
CVE-2021-0165,CVSS-only,6.5,3400
CVE-2021-0172,CVSS-only,6.5,3401
CVE-2021-0173,CVSS-only,6.5,3402
CVE-2021-0174,CVSS-only,6.5,3403
CVE-2021-0175,CVSS-only,6.5,3404
CVE-2021-0177,CVSS-only,6.5,3405
CVE-2021-0178,CVSS-only,6.5,3406
CVE-2021-0179,CVSS-only,6.5,3407
CVE-2021-0183,CVSS-only,6.5,3408
CVE-2021-1918,CVSS-only,6.5,3409
CVE-2021-20257,CVSS-only,6.5,3410
CVE-2021-20869,CVSS-only,6.5,3411
CVE-2021-20871,CVSS-only,6.5,3412
CVE-2021-22570,CVSS-only,6.5,3413
CVE-2021-23207,CVSS-only,6.5,3414
CVE-2021-23514,CVSS-only,6.5,3415
CVE-2021-23771,CVSS-only,6.5,3416
CVE-2021-23824,CVSS-only,6.5,3417
CVE-2021-24692,CVSS-only,6.5,3418
CVE-2021-24761,CVSS-only,6.5,3419
CVE-2021-24820,CVSS-only,6.5,3420
CVE-2021-24843,CVSS-only,6.5,3421
CVE-2021-24928,CVSS-only,6.5,3422
CVE-2021-24947,CVSS-only,6.5,3423
CVE-2021-24989,CVSS-only,6.5,3424
CVE-2021-24993,CVSS-only,6.5,3425
CVE-2021-25013,CVSS-only,6.5,3426
CVE-2021-25037,CVSS-only,6.5,3427
CVE-2021-25072,CVSS-only,6.5,3428
CVE-2021-25081,CVSS-only,6.5,3429
CVE-2021-25092,CVSS-only,6.5,3430
CVE-2021-25096,CVSS-only,6.5,3431
CVE-2021-25097,CVSS-only,6.5,3432
CVE-2021-25098,CVSS-only,6.5,3433
CVE-2021-26341,CVSS-only,6.5,3434
CVE-2021-27789,CVSS-only,6.5,3435
CVE-2021-27796,CVSS-only,6.5,3436
CVE-2021-28488,CVSS-only,6.5,3437
CVE-2021-28711,CVSS-only,6.5,3438
CVE-2021-28712,CVSS-only,6.5,3439
CVE-2021-28713,CVSS-only,6.5,3440
CVE-2021-28714,CVSS-only,6.5,3441
CVE-2021-28715,CVSS-only,6.5,3442
CVE-2021-29394,CVSS-only,6.5,3443
CVE-2021-29899,CVSS-only,6.5,3444
CVE-2021-30348,CVSS-only,6.5,3445
CVE-2021-31562,CVSS-only,6.5,3446
CVE-2021-32005,CVSS-only,6.5,3447
CVE-2021-32436,CVSS-only,6.5,3448
CVE-2021-33068,CVSS-only,6.5,3449
CVE-2021-33110,CVSS-only,6.5,3450
CVE-2021-34338,CVSS-only,6.5,3451
CVE-2021-34339,CVSS-only,6.5,3452
CVE-2021-34340,CVSS-only,6.5,3453
CVE-2021-34341,CVSS-only,6.5,3454
CVE-2021-34342,CVSS-only,6.5,3455
CVE-2021-34870,CVSS-only,6.5,3456
CVE-2021-35036,CVSS-only,6.5,3457
CVE-2021-35093,CVSS-only,6.5,3458
CVE-2021-35452,CVSS-only,6.5,3459
CVE-2021-3557,CVSS-only,6.5,3460
CVE-2021-3582,CVSS-only,6.5,3461
CVE-2021-3596,CVSS-only,6.5,3462
CVE-2021-3638,CVSS-only,6.5,3463
CVE-2021-3658,CVSS-only,6.5,3464
CVE-2021-3667,CVSS-only,6.5,3465
CVE-2021-3677,CVSS-only,6.5,3466
CVE-2021-36774,CVSS-only,6.5,3467
CVE-2021-37196,CVSS-only,6.5,3468
CVE-2021-3733,CVSS-only,6.5,3469
CVE-2021-37613,CVSS-only,6.5,3470
CVE-2021-3772,CVSS-only,6.5,3471
CVE-2021-3813,CVSS-only,6.5,3472
CVE-2021-38130,CVSS-only,6.5,3473
CVE-2021-38268,CVSS-only,6.5,3474
CVE-2021-38362,CVSS-only,6.5,3475
CVE-2021-38679,CVSS-only,6.5,3476
CVE-2021-39051,CVSS-only,6.5,3477
CVE-2021-39056,CVSS-only,6.5,3478
CVE-2021-39080,CVSS-only,6.5,3479
CVE-2021-3930,CVSS-only,6.5,3480
CVE-2021-3941,CVSS-only,6.5,3481
CVE-2021-39665,CVSS-only,6.5,3482
CVE-2021-39667,CVSS-only,6.5,3483
CVE-2021-39671,CVSS-only,6.5,3484
CVE-2021-40042,CVSS-only,6.5,3485
CVE-2021-40059,CVSS-only,6.5,3486
CVE-2021-40111,CVSS-only,6.5,3487
CVE-2021-40404,CVSS-only,6.5,3488
CVE-2021-40415,CVSS-only,6.5,3489
CVE-2021-40644,CVSS-only,6.5,3490
CVE-2021-40645,CVSS-only,6.5,3491
CVE-2021-40841,CVSS-only,6.5,3492
CVE-2021-41233,CVSS-only,6.5,3493
CVE-2021-4145,CVSS-only,6.5,3494
CVE-2021-4147,CVSS-only,6.5,3495
CVE-2021-41543,CVSS-only,6.5,3496
CVE-2021-41571,CVSS-only,6.5,3497
CVE-2021-41594,CVSS-only,6.5,3498
CVE-2021-41767,CVSS-only,6.5,3499
CVE-2021-41789,CVSS-only,6.5,3500
CVE-2021-4194,CVSS-only,6.5,3501
CVE-2021-42262,CVSS-only,6.5,3502
CVE-2021-42389,CVSS-only,6.5,3503
CVE-2021-42390,CVSS-only,6.5,3504
CVE-2021-42391,CVSS-only,6.5,3505
CVE-2021-43333,CVSS-only,6.5,3506
CVE-2021-43662,CVSS-only,6.5,3507
CVE-2021-43701,CVSS-only,6.5,3508
CVE-2021-43737,CVSS-only,6.5,3509
CVE-2021-43762,CVSS-only,6.5,3510
CVE-2021-43929,CVSS-only,6.5,3511
CVE-2021-43941,CVSS-only,6.5,3512
CVE-2021-43946,CVSS-only,6.5,3513
CVE-2021-43969,CVSS-only,6.5,3514
CVE-2021-43972,CVSS-only,6.5,3515
CVE-2021-44451,CVSS-only,6.5,3516
CVE-2021-44568,CVSS-only,6.5,3517
CVE-2021-44590,CVSS-only,6.5,3518
CVE-2021-44591,CVSS-only,6.5,3519
CVE-2021-44665,CVSS-only,6.5,3520
CVE-2021-44674,CVSS-only,6.5,3521
CVE-2021-44839,CVSS-only,6.5,3522
CVE-2021-44864,CVSS-only,6.5,3523
CVE-2021-44956,CVSS-only,6.5,3524
CVE-2021-44957,CVSS-only,6.5,3525
CVE-2021-44960,CVSS-only,6.5,3526
CVE-2021-45007,CVSS-only,6.5,3527
CVE-2021-45106,CVSS-only,6.5,3528
CVE-2021-45117,CVSS-only,6.5,3529
CVE-2021-45223,CVSS-only,6.5,3530
CVE-2021-45226,CVSS-only,6.5,3531
CVE-2021-45230,CVSS-only,6.5,3532
CVE-2021-45340,CVSS-only,6.5,3533
CVE-2021-45385,CVSS-only,6.5,3534
CVE-2021-45491,CVSS-only,6.5,3535
CVE-2021-45900,CVSS-only,6.5,3536
CVE-2021-45931,CVSS-only,6.5,3537
CVE-2021-45940,CVSS-only,6.5,3538
CVE-2021-45941,CVSS-only,6.5,3539
CVE-2021-45950,CVSS-only,6.5,3540
CVE-2021-46006,CVSS-only,6.5,3541
CVE-2021-46027,CVSS-only,6.5,3542
CVE-2021-46085,CVSS-only,6.5,3543
CVE-2021-46148,CVSS-only,6.5,3544
CVE-2021-46166,CVSS-only,6.5,3545
CVE-2021-46203,CVSS-only,6.5,3546
CVE-2021-46225,CVSS-only,6.5,3547
CVE-2021-46243,CVSS-only,6.5,3548
CVE-2021-46244,CVSS-only,6.5,3549
CVE-2021-46249,CVSS-only,6.5,3550
CVE-2021-46252,CVSS-only,6.5,3551
CVE-2021-46700,CVSS-only,6.5,3552
CVE-2022-0001,CVSS-only,6.5,3553
CVE-2022-0002,CVSS-only,6.5,3554
CVE-2022-0011,CVSS-only,6.5,3555
CVE-2022-0090,CVSS-only,6.5,3556
CVE-2022-0108,CVSS-only,6.5,3557
CVE-2022-0109,CVSS-only,6.5,3558
CVE-2022-0111,CVSS-only,6.5,3559
CVE-2022-0113,CVSS-only,6.5,3560
CVE-2022-0117,CVSS-only,6.5,3561
CVE-2022-0120,CVSS-only,6.5,3562
CVE-2022-0151,CVSS-only,6.5,3563
CVE-2022-0152,CVSS-only,6.5,3564
CVE-2022-0155,CVSS-only,6.5,3565
CVE-2022-0163,CVSS-only,6.5,3566
CVE-2022-0231,CVSS-only,6.5,3567
CVE-2022-0273,CVSS-only,6.5,3568
CVE-2022-0277,CVSS-only,6.5,3569
CVE-2022-0291,CVSS-only,6.5,3570
CVE-2022-0292,CVSS-only,6.5,3571
CVE-2022-0294,CVSS-only,6.5,3572
CVE-2022-0305,CVSS-only,6.5,3573
CVE-2022-0309,CVSS-only,6.5,3574
CVE-2022-0445,CVSS-only,6.5,3575
CVE-2022-0451,CVSS-only,6.5,3576
CVE-2022-0504,CVSS-only,6.5,3577
CVE-2022-0505,CVSS-only,6.5,3578
CVE-2022-0514,CVSS-only,6.5,3579
CVE-2022-0528,CVSS-only,6.5,3580
CVE-2022-0549,CVSS-only,6.5,3581
CVE-2022-0577,CVSS-only,6.5,3582
CVE-2022-0579,CVSS-only,6.5,3583
CVE-2022-0587,CVSS-only,6.5,3584
CVE-2022-0593,CVSS-only,6.5,3585
CVE-2022-0613,CVSS-only,6.5,3586
CVE-2022-0633,CVSS-only,6.5,3587
CVE-2022-0665,CVSS-only,6.5,3588
CVE-2022-0673,CVSS-only,6.5,3589
CVE-2022-0681,CVSS-only,6.5,3590
CVE-2022-0721,CVSS-only,6.5,3591
CVE-2022-0724,CVSS-only,6.5,3592
CVE-2022-0731,CVSS-only,6.5,3593
CVE-2022-0751,CVSS-only,6.5,3594
CVE-2022-0754,CVSS-only,6.5,3595
CVE-2022-0756,CVSS-only,6.5,3596
CVE-2022-0815,CVSS-only,6.5,3597
CVE-2022-0821,CVSS-only,6.5,3598
CVE-2022-0856,CVSS-only,6.5,3599
CVE-2022-0859,CVSS-only,6.5,3600
CVE-2022-0881,CVSS-only,6.5,3601
CVE-2022-0932,CVSS-only,6.5,3602
CVE-2022-0959,CVSS-only,6.5,3603
CVE-2022-0996,CVSS-only,6.5,3604
CVE-2022-20021,CVSS-only,6.5,3605
CVE-2022-20022,CVSS-only,6.5,3606
CVE-2022-20023,CVSS-only,6.5,3607
CVE-2022-20057,CVSS-only,6.5,3608
CVE-2022-21132,CVSS-only,6.5,3609
CVE-2022-21252,CVSS-only,6.5,3610
CVE-2022-21345,CVSS-only,6.5,3611
CVE-2022-21347,CVSS-only,6.5,3612
CVE-2022-21350,CVSS-only,6.5,3613
CVE-2022-21353,CVSS-only,6.5,3614
CVE-2022-21358,CVSS-only,6.5,3615
CVE-2022-21394,CVSS-only,6.5,3616
CVE-2022-21672,CVSS-only,6.5,3617
CVE-2022-21685,CVSS-only,6.5,3618
CVE-2022-21702,CVSS-only,6.5,3619
CVE-2022-21708,CVSS-only,6.5,3620
CVE-2022-21725,CVSS-only,6.5,3621
CVE-2022-21729,CVSS-only,6.5,3622
CVE-2022-21731,CVSS-only,6.5,3623
CVE-2022-21734,CVSS-only,6.5,3624
CVE-2022-21735,CVSS-only,6.5,3625
CVE-2022-21737,CVSS-only,6.5,3626
CVE-2022-21738,CVSS-only,6.5,3627
CVE-2022-21739,CVSS-only,6.5,3628
CVE-2022-21741,CVSS-only,6.5,3629
CVE-2022-21800,CVSS-only,6.5,3630
CVE-2022-21847,CVSS-only,6.5,3631
CVE-2022-21915,CVSS-only,6.5,3632
CVE-2022-21918,CVSS-only,6.5,3633
CVE-2022-22054,CVSS-only,6.5,3634
CVE-2022-22155,CVSS-only,6.5,3635
CVE-2022-22156,CVSS-only,6.5,3636
CVE-2022-22160,CVSS-only,6.5,3637
CVE-2022-22164,CVSS-only,6.5,3638
CVE-2022-22166,CVSS-only,6.5,3639
CVE-2022-22168,CVSS-only,6.5,3640
CVE-2022-22172,CVSS-only,6.5,3641
CVE-2022-22179,CVSS-only,6.5,3642
CVE-2022-22290,CVSS-only,6.5,3643
CVE-2022-22310,CVSS-only,6.5,3644
CVE-2022-22311,CVSS-only,6.5,3645
CVE-2022-22316,CVSS-only,6.5,3646
CVE-2022-22333,CVSS-only,6.5,3647
CVE-2022-22353,CVSS-only,6.5,3648
CVE-2022-22535,CVSS-only,6.5,3649
CVE-2022-22537,CVSS-only,6.5,3650
CVE-2022-22538,CVSS-only,6.5,3651
CVE-2022-22539,CVSS-only,6.5,3652
CVE-2022-22542,CVSS-only,6.5,3653
CVE-2022-22592,CVSS-only,6.5,3654
CVE-2022-22594,CVSS-only,6.5,3655
CVE-2022-22638,CVSS-only,6.5,3656
CVE-2022-22659,CVSS-only,6.5,3657
CVE-2022-22679,CVSS-only,6.5,3658
CVE-2022-22701,CVSS-only,6.5,3659
CVE-2022-22726,CVSS-only,6.5,3660
CVE-2022-22733,CVSS-only,6.5,3661
CVE-2022-22815,CVSS-only,6.5,3662
CVE-2022-22816,CVSS-only,6.5,3663
CVE-2022-22835,CVSS-only,6.5,3664
CVE-2022-22836,CVSS-only,6.5,3665
CVE-2022-22938,CVSS-only,6.5,3666
CVE-2022-22948,CVSS-only,6.5,3667
CVE-2022-23014,CVSS-only,6.5,3668
CVE-2022-23023,CVSS-only,6.5,3669
CVE-2022-23052,CVSS-only,6.5,3670
CVE-2022-23105,CVSS-only,6.5,3671
CVE-2022-23109,CVSS-only,6.5,3672
CVE-2022-23112,CVSS-only,6.5,3673
CVE-2022-23135,CVSS-only,6.5,3674
CVE-2022-23183,CVSS-only,6.5,3675
CVE-2022-23253,CVSS-only,6.5,3676
CVE-2022-23271,CVSS-only,6.5,3677
CVE-2022-23437,CVSS-only,6.5,3678
CVE-2022-23557,CVSS-only,6.5,3679
CVE-2022-23564,CVSS-only,6.5,3680
CVE-2022-23565,CVSS-only,6.5,3681
CVE-2022-23567,CVSS-only,6.5,3682
CVE-2022-23568,CVSS-only,6.5,3683
CVE-2022-23569,CVSS-only,6.5,3684
CVE-2022-23570,CVSS-only,6.5,3685
CVE-2022-23571,CVSS-only,6.5,3686
CVE-2022-23572,CVSS-only,6.5,3687
CVE-2022-23575,CVSS-only,6.5,3688
CVE-2022-23576,CVSS-only,6.5,3689
CVE-2022-23577,CVSS-only,6.5,3690
CVE-2022-23579,CVSS-only,6.5,3691
CVE-2022-23580,CVSS-only,6.5,3692
CVE-2022-23581,CVSS-only,6.5,3693
CVE-2022-23582,CVSS-only,6.5,3694
CVE-2022-23583,CVSS-only,6.5,3695
CVE-2022-23586,CVSS-only,6.5,3696
CVE-2022-23588,CVSS-only,6.5,3697
CVE-2022-23589,CVSS-only,6.5,3698
CVE-2022-23607,CVSS-only,6.5,3699
CVE-2022-23617,CVSS-only,6.5,3700
CVE-2022-23625,CVSS-only,6.5,3701
CVE-2022-23641,CVSS-only,6.5,3702
CVE-2022-23643,CVSS-only,6.5,3703
CVE-2022-23810,CVSS-only,6.5,3704
CVE-2022-23857,CVSS-only,6.5,3705
CVE-2022-23863,CVSS-only,6.5,3706
CVE-2022-23869,CVSS-only,6.5,3707
CVE-2022-23887,CVSS-only,6.5,3708
CVE-2022-24075,CVSS-only,6.5,3709
CVE-2022-24110,CVSS-only,6.5,3710
CVE-2022-24196,CVSS-only,6.5,3711
CVE-2022-24197,CVSS-only,6.5,3712
CVE-2022-24198,CVSS-only,6.5,3713
CVE-2022-24301,CVSS-only,6.5,3714
CVE-2022-24328,CVSS-only,6.5,3715
CVE-2022-24333,CVSS-only,6.5,3716
CVE-2022-24337,CVSS-only,6.5,3717
CVE-2022-24368,CVSS-only,6.5,3718
CVE-2022-24370,CVSS-only,6.5,3719
CVE-2022-24385,CVSS-only,6.5,3720
CVE-2022-24398,CVSS-only,6.5,3721
CVE-2022-24447,CVSS-only,6.5,3722
CVE-2022-24463,CVSS-only,6.5,3723
CVE-2022-24506,CVSS-only,6.5,3724
CVE-2022-24515,CVSS-only,6.5,3725
CVE-2022-24518,CVSS-only,6.5,3726
CVE-2022-24519,CVSS-only,6.5,3727
CVE-2022-24522,CVSS-only,6.5,3728
CVE-2022-24599,CVSS-only,6.5,3729
CVE-2022-24684,CVSS-only,6.5,3730
CVE-2022-24687,CVSS-only,6.5,3731
CVE-2022-24708,CVSS-only,6.5,3732
CVE-2022-24729,CVSS-only,6.5,3733
CVE-2022-24737,CVSS-only,6.5,3734
CVE-2022-24762,CVSS-only,6.5,3735
CVE-2022-24797,CVSS-only,6.5,3736
CVE-2022-24956,CVSS-only,6.5,3737
CVE-2022-24960,CVSS-only,6.5,3738
CVE-2022-24982,CVSS-only,6.5,3739
CVE-2022-25176,CVSS-only,6.5,3740
CVE-2022-25177,CVSS-only,6.5,3741
CVE-2022-25178,CVSS-only,6.5,3742
CVE-2022-25179,CVSS-only,6.5,3743
CVE-2022-25184,CVSS-only,6.5,3744
CVE-2022-25186,CVSS-only,6.5,3745
CVE-2022-25187,CVSS-only,6.5,3746
CVE-2022-25193,CVSS-only,6.5,3747
CVE-2022-25197,CVSS-only,6.5,3748
CVE-2022-25201,CVSS-only,6.5,3749
CVE-2022-25210,CVSS-only,6.5,3750
CVE-2022-25243,CVSS-only,6.5,3751
CVE-2022-25244,CVSS-only,6.5,3752
CVE-2022-25270,CVSS-only,6.5,3753
CVE-2022-25290,CVSS-only,6.5,3754
CVE-2022-25313,CVSS-only,6.5,3755
CVE-2022-25363,CVSS-only,6.5,3756
CVE-2022-25506,CVSS-only,6.5,3757
CVE-2022-25511,CVSS-only,6.5,3758
CVE-2022-25515,CVSS-only,6.5,3759
CVE-2022-25516,CVSS-only,6.5,3760
CVE-2022-25518,CVSS-only,6.5,3761
CVE-2022-25570,CVSS-only,6.5,3762
CVE-2022-25590,CVSS-only,6.5,3763
CVE-2022-25638,CVSS-only,6.5,3764
CVE-2022-25818,CVSS-only,6.5,3765
CVE-2022-26252,CVSS-only,6.5,3766
CVE-2022-26280,CVSS-only,6.5,3767
CVE-2022-26317,CVSS-only,6.5,3768
CVE-2022-26319,CVSS-only,6.5,3769
CVE-2022-26652,CVSS-only,6.5,3770
CVE-2022-26661,CVSS-only,6.5,3771
CVE-2022-26951,CVSS-only,6.5,3772
CVE-2022-27201,CVSS-only,6.5,3773
CVE-2022-27203,CVSS-only,6.5,3774
CVE-2022-27206,CVSS-only,6.5,3775
CVE-2022-27208,CVSS-only,6.5,3776
CVE-2022-27209,CVSS-only,6.5,3777
CVE-2022-27210,CVSS-only,6.5,3778
CVE-2022-27211,CVSS-only,6.5,3779
CVE-2022-27216,CVSS-only,6.5,3780
CVE-2022-27217,CVSS-only,6.5,3781
CVE-2022-27225,CVSS-only,6.5,3782
CVE-2022-27963,CVSS-only,6.5,3783
CVE-2022-27964,CVSS-only,6.5,3784
CVE-2022-27965,CVSS-only,6.5,3785
CVE-2022-27966,CVSS-only,6.5,3786
CVE-2022-28135,CVSS-only,6.5,3787
CVE-2022-28141,CVSS-only,6.5,3788
CVE-2022-28143,CVSS-only,6.5,3789
CVE-2022-28144,CVSS-only,6.5,3790
CVE-2022-28146,CVSS-only,6.5,3791
CVE-2022-28148,CVSS-only,6.5,3792
CVE-2022-28156,CVSS-only,6.5,3793
CVE-2022-28157,CVSS-only,6.5,3794
CVE-2022-28158,CVSS-only,6.5,3795
CVE-2022-28160,CVSS-only,6.5,3796
CVE-2021-23556,CVSS-only,6.4,3797
CVE-2021-24982,CVSS-only,6.4,3798
CVE-2021-25115,CVSS-only,6.4,3799
CVE-2021-36100,CVSS-only,6.4,3800
CVE-2021-3700,CVSS-only,6.4,3801
CVE-2021-39712,CVSS-only,6.4,3802
CVE-2021-39735,CVSS-only,6.4,3803
CVE-2021-4074,CVSS-only,6.4,3804
CVE-2021-41111,CVSS-only,6.4,3805
CVE-2021-44750,CVSS-only,6.4,3806
CVE-2021-45819,CVSS-only,6.4,3807
CVE-2022-0233,CVSS-only,6.4,3808
CVE-2022-0750,CVSS-only,6.4,3809
CVE-2022-20013,CVSS-only,6.4,3810
CVE-2022-21381,CVSS-only,6.4,3811
CVE-2022-21963,CVSS-only,6.4,3812
CVE-2022-23431,CVSS-only,6.4,3813
CVE-2022-23432,CVSS-only,6.4,3814
CVE-2021-23154,CVSS-only,6.3,3815
CVE-2021-35500,CVSS-only,6.3,3816
CVE-2021-3631,CVSS-only,6.3,3817
CVE-2021-36338,CVSS-only,6.3,3818
CVE-2021-3948,CVSS-only,6.3,3819
CVE-2021-40403,CVSS-only,6.3,3820
CVE-2021-44464,CVSS-only,6.3,3821
CVE-2021-44964,CVSS-only,6.3,3822
CVE-2022-0178,CVSS-only,6.3,3823
CVE-2022-0581,CVSS-only,6.3,3824
CVE-2022-0582,CVSS-only,6.3,3825
CVE-2022-0583,CVSS-only,6.3,3826
CVE-2022-0586,CVSS-only,6.3,3827
CVE-2022-0611,CVSS-only,6.3,3828
CVE-2022-21146,CVSS-only,6.3,3829
CVE-2022-21279,CVSS-only,6.3,3830
CVE-2022-21280,CVSS-only,6.3,3831
CVE-2022-21284,CVSS-only,6.3,3832
CVE-2022-21285,CVSS-only,6.3,3833
CVE-2022-21286,CVSS-only,6.3,3834
CVE-2022-21287,CVSS-only,6.3,3835
CVE-2022-21288,CVSS-only,6.3,3836
CVE-2022-21289,CVSS-only,6.3,3837
CVE-2022-21290,CVSS-only,6.3,3838
CVE-2022-21307,CVSS-only,6.3,3839
CVE-2022-21308,CVSS-only,6.3,3840
CVE-2022-21309,CVSS-only,6.3,3841
CVE-2022-21310,CVSS-only,6.3,3842
CVE-2022-21314,CVSS-only,6.3,3843
CVE-2022-21315,CVSS-only,6.3,3844
CVE-2022-21316,CVSS-only,6.3,3845
CVE-2022-21318,CVSS-only,6.3,3846
CVE-2022-21320,CVSS-only,6.3,3847
CVE-2022-21322,CVSS-only,6.3,3848
CVE-2022-21326,CVSS-only,6.3,3849
CVE-2022-21327,CVSS-only,6.3,3850
CVE-2022-21328,CVSS-only,6.3,3851
CVE-2022-21329,CVSS-only,6.3,3852
CVE-2022-21330,CVSS-only,6.3,3853
CVE-2022-21332,CVSS-only,6.3,3854
CVE-2022-21334,CVSS-only,6.3,3855
CVE-2022-21335,CVSS-only,6.3,3856
CVE-2022-21336,CVSS-only,6.3,3857
CVE-2022-21337,CVSS-only,6.3,3858
CVE-2022-21356,CVSS-only,6.3,3859
CVE-2022-21380,CVSS-only,6.3,3860
CVE-2022-21693,CVSS-only,6.3,3861
CVE-2022-21697,CVSS-only,6.3,3862
CVE-2022-21703,CVSS-only,6.3,3863
CVE-2022-21707,CVSS-only,6.3,3864
CVE-2022-21820,CVSS-only,6.3,3865
CVE-2022-21928,CVSS-only,6.3,3866
CVE-2022-23133,CVSS-only,6.3,3867
CVE-2022-23242,CVSS-only,6.3,3868
CVE-2022-23262,CVSS-only,6.3,3869
CVE-2022-23628,CVSS-only,6.3,3870
CVE-2022-24512,CVSS-only,6.3,3871
CVE-2022-24712,CVSS-only,6.3,3872
CVE-2022-24732,CVSS-only,6.3,3873
CVE-2022-24747,CVSS-only,6.3,3874
CVE-2022-25296,CVSS-only,6.3,3875
CVE-2022-26947,CVSS-only,6.3,3876
CVE-2021-0119,CVSS-only,6.2,3877
CVE-2021-30314,CVSS-only,6.2,3878
CVE-2021-43392,CVSS-only,6.2,3879
CVE-2021-43393,CVSS-only,6.2,3880
CVE-2022-23638,CVSS-only,6.2,3881
CVE-2022-23645,CVSS-only,6.2,3882
CVE-2022-23998,CVSS-only,6.2,3883
CVE-2022-24725,CVSS-only,6.2,3884
CVE-2022-25825,CVSS-only,6.2,3885
CVE-2014-8597,CVSS-only,6.1,3886
CVE-2020-13668,CVSS-only,6.1,3887
CVE-2020-13669,CVSS-only,6.1,3888
CVE-2020-13672,CVSS-only,6.1,3889
CVE-2020-13673,CVSS-only,6.1,3890
CVE-2020-14502,CVSS-only,6.1,3891
CVE-2020-18324,CVSS-only,6.1,3892
CVE-2020-18325,CVSS-only,6.1,3893
CVE-2020-18327,CVSS-only,6.1,3894
CVE-2020-23986,CVSS-only,6.1,3895
CVE-2020-27428,CVSS-only,6.1,3896
CVE-2020-36510,CVSS-only,6.1,3897
CVE-2021-20290,CVSS-only,6.1,3898
CVE-2021-20303,CVSS-only,6.1,3899
CVE-2021-20315,CVSS-only,6.1,3900
CVE-2021-20323,CVSS-only,6.1,3901
CVE-2021-20729,CVSS-only,6.1,3902
CVE-2021-22810,CVSS-only,6.1,3903
CVE-2021-22811,CVSS-only,6.1,3904
CVE-2021-22812,CVSS-only,6.1,3905
CVE-2021-22813,CVSS-only,6.1,3906
CVE-2021-22814,CVSS-only,6.1,3907
CVE-2021-22822,CVSS-only,6.1,3908
CVE-2021-23863,CVSS-only,6.1,3909
CVE-2021-24648,CVSS-only,6.1,3910
CVE-2021-24746,CVSS-only,6.1,3911
CVE-2021-24764,CVSS-only,6.1,3912
CVE-2021-24765,CVSS-only,6.1,3913
CVE-2021-24838,CVSS-only,6.1,3914
CVE-2021-24874,CVSS-only,6.1,3915
CVE-2021-24878,CVSS-only,6.1,3916
CVE-2021-24909,CVSS-only,6.1,3917
CVE-2021-24921,CVSS-only,6.1,3918
CVE-2021-24923,CVSS-only,6.1,3919
CVE-2021-24926,CVSS-only,6.1,3920
CVE-2021-24934,CVSS-only,6.1,3921
CVE-2021-24937,CVSS-only,6.1,3922
CVE-2021-24940,CVSS-only,6.1,3923
CVE-2021-24953,CVSS-only,6.1,3924
CVE-2021-24964,CVSS-only,6.1,3925
CVE-2021-24973,CVSS-only,6.1,3926
CVE-2021-24975,CVSS-only,6.1,3927
CVE-2021-24976,CVSS-only,6.1,3928
CVE-2021-24977,CVSS-only,6.1,3929
CVE-2021-24983,CVSS-only,6.1,3930
CVE-2021-24985,CVSS-only,6.1,3931
CVE-2021-24994,CVSS-only,6.1,3932
CVE-2021-24996,CVSS-only,6.1,3933
CVE-2021-24999,CVSS-only,6.1,3934
CVE-2021-25000,CVSS-only,6.1,3935
CVE-2021-25001,CVSS-only,6.1,3936
CVE-2021-25006,CVSS-only,6.1,3937
CVE-2021-25008,CVSS-only,6.1,3938
CVE-2021-25012,CVSS-only,6.1,3939
CVE-2021-25015,CVSS-only,6.1,3940
CVE-2021-25016,CVSS-only,6.1,3941
CVE-2021-25017,CVSS-only,6.1,3942
CVE-2021-25019,CVSS-only,6.1,3943
CVE-2021-25022,CVSS-only,6.1,3944
CVE-2021-25024,CVSS-only,6.1,3945
CVE-2021-25027,CVSS-only,6.1,3946
CVE-2021-25028,CVSS-only,6.1,3947
CVE-2021-25031,CVSS-only,6.1,3948
CVE-2021-25033,CVSS-only,6.1,3949
CVE-2021-25034,CVSS-only,6.1,3950
CVE-2021-25035,CVSS-only,6.1,3951
CVE-2021-25038,CVSS-only,6.1,3952
CVE-2021-25039,CVSS-only,6.1,3953
CVE-2021-25040,CVSS-only,6.1,3954
CVE-2021-25043,CVSS-only,6.1,3955
CVE-2021-25047,CVSS-only,6.1,3956
CVE-2021-25055,CVSS-only,6.1,3957
CVE-2021-25062,CVSS-only,6.1,3958
CVE-2021-25063,CVSS-only,6.1,3959
CVE-2021-25071,CVSS-only,6.1,3960
CVE-2021-25074,CVSS-only,6.1,3961
CVE-2021-25077,CVSS-only,6.1,3962
CVE-2021-25078,CVSS-only,6.1,3963
CVE-2021-25079,CVSS-only,6.1,3964
CVE-2021-25080,CVSS-only,6.1,3965
CVE-2021-25083,CVSS-only,6.1,3966
CVE-2021-25085,CVSS-only,6.1,3967
CVE-2021-25089,CVSS-only,6.1,3968
CVE-2021-25091,CVSS-only,6.1,3969
CVE-2021-25099,CVSS-only,6.1,3970
CVE-2021-25100,CVSS-only,6.1,3971
CVE-2021-25107,CVSS-only,6.1,3972
CVE-2021-25112,CVSS-only,6.1,3973
CVE-2021-26247,CVSS-only,6.1,3974
CVE-2021-26264,CVSS-only,6.1,3975
CVE-2021-27473,CVSS-only,6.1,3976
CVE-2021-29216,CVSS-only,6.1,3977
CVE-2021-29217,CVSS-only,6.1,3978
CVE-2021-30650,CVSS-only,6.1,3979
CVE-2021-31589,CVSS-only,6.1,3980
CVE-2021-31814,CVSS-only,6.1,3981
CVE-2021-32478,CVSS-only,6.1,3982
CVE-2021-33040,CVSS-only,6.1,3983
CVE-2021-33961,CVSS-only,6.1,3984
CVE-2021-3623,CVSS-only,6.1,3985
CVE-2021-3654,CVSS-only,6.1,3986
CVE-2021-36737,CVSS-only,6.1,3987
CVE-2021-36738,CVSS-only,6.1,3988
CVE-2021-36739,CVSS-only,6.1,3989
CVE-2021-36809,CVSS-only,6.1,3990
CVE-2021-37195,CVSS-only,6.1,3991
CVE-2021-37504,CVSS-only,6.1,3992
CVE-2021-38126,CVSS-only,6.1,3993
CVE-2021-38127,CVSS-only,6.1,3994
CVE-2021-38263,CVSS-only,6.1,3995
CVE-2021-38264,CVSS-only,6.1,3996
CVE-2021-3837,CVSS-only,6.1,3997
CVE-2021-3853,CVSS-only,6.1,3998
CVE-2021-38560,CVSS-only,6.1,3999
CVE-2021-38678,CVSS-only,6.1,4000
CVE-2021-40637,CVSS-only,6.1,4001
CVE-2021-40906,CVSS-only,6.1,4002
CVE-2021-41003,CVSS-only,6.1,4003
CVE-2021-4143,CVSS-only,6.1,4004
CVE-2021-41445,CVSS-only,6.1,4005
CVE-2021-41541,CVSS-only,6.1,4006
CVE-2021-41542,CVSS-only,6.1,4007
CVE-2021-41657,CVSS-only,6.1,4008
CVE-2021-41929,CVSS-only,6.1,4009
CVE-2021-41930,CVSS-only,6.1,4010
CVE-2021-4198,CVSS-only,6.1,4011
CVE-2021-42168,CVSS-only,6.1,4012
CVE-2021-42244,CVSS-only,6.1,4013
CVE-2021-42357,CVSS-only,6.1,4014
CVE-2021-42551,CVSS-only,6.1,4015
CVE-2021-42552,CVSS-only,6.1,4016
CVE-2021-42558,CVSS-only,6.1,4017
CVE-2021-42639,CVSS-only,6.1,4018
CVE-2021-42841,CVSS-only,6.1,4019
CVE-2021-42970,CVSS-only,6.1,4020
CVE-2021-43062,CVSS-only,6.1,4021
CVE-2021-43106,CVSS-only,6.1,4022
CVE-2021-43635,CVSS-only,6.1,4023
CVE-2021-43661,CVSS-only,6.1,4024
CVE-2021-43677,CVSS-only,6.1,4025
CVE-2021-43707,CVSS-only,6.1,4026
CVE-2021-43721,CVSS-only,6.1,4027
CVE-2021-43725,CVSS-only,6.1,4028
CVE-2021-43825,CVSS-only,6.1,4029
CVE-2021-43942,CVSS-only,6.1,4030
CVE-2021-43956,CVSS-only,6.1,4031
CVE-2021-44208,CVSS-only,6.1,4032
CVE-2021-44209,CVSS-only,6.1,4033
CVE-2021-44210,CVSS-only,6.1,4034
CVE-2021-44212,CVSS-only,6.1,4035
CVE-2021-44213,CVSS-only,6.1,4036
CVE-2021-44217,CVSS-only,6.1,4037
CVE-2021-44478,CVSS-only,6.1,4038
CVE-2021-44528,CVSS-only,6.1,4039
CVE-2021-44584,CVSS-only,6.1,4040
CVE-2021-44585,CVSS-only,6.1,4041
CVE-2021-44662,CVSS-only,6.1,4042
CVE-2021-44667,CVSS-only,6.1,4043
CVE-2021-44768,CVSS-only,6.1,4044
CVE-2021-44829,CVSS-only,6.1,4045
CVE-2021-44896,CVSS-only,6.1,4046
CVE-2021-45224,CVSS-only,6.1,4047
CVE-2021-45225,CVSS-only,6.1,4048
CVE-2021-45229,CVSS-only,6.1,4049
CVE-2021-45281,CVSS-only,6.1,4050
CVE-2021-45328,CVSS-only,6.1,4051
CVE-2021-45329,CVSS-only,6.1,4052
CVE-2021-45357,CVSS-only,6.1,4053
CVE-2021-45380,CVSS-only,6.1,4054
CVE-2021-45408,CVSS-only,6.1,4055
CVE-2021-45416,CVSS-only,6.1,4056
CVE-2021-45422,CVSS-only,6.1,4057
CVE-2021-45822,CVSS-only,6.1,4058
CVE-2021-46034,CVSS-only,6.1,4059
CVE-2021-46109,CVSS-only,6.1,4060
CVE-2021-46144,CVSS-only,6.1,4061
CVE-2021-46163,CVSS-only,6.1,4062
CVE-2021-46251,CVSS-only,6.1,4063
CVE-2021-46379,CVSS-only,6.1,4064
CVE-2021-46382,CVSS-only,6.1,4065
CVE-2021-46387,CVSS-only,6.1,4066
CVE-2021-46426,CVSS-only,6.1,4067
CVE-2021-46708,CVSS-only,6.1,4068
CVE-2021-46709,CVSS-only,6.1,4069
CVE-2022-0012,CVSS-only,6.1,4070
CVE-2022-0018,CVSS-only,6.1,4071
CVE-2022-0087,CVSS-only,6.1,4072
CVE-2022-0122,CVSS-only,6.1,4073
CVE-2022-0147,CVSS-only,6.1,4074
CVE-2022-0149,CVSS-only,6.1,4075
CVE-2022-0150,CVSS-only,6.1,4076
CVE-2022-0161,CVSS-only,6.1,4077
CVE-2022-0165,CVSS-only,6.1,4078
CVE-2022-0176,CVSS-only,6.1,4079
CVE-2022-0181,CVSS-only,6.1,4080
CVE-2022-0189,CVSS-only,6.1,4081
CVE-2022-0193,CVSS-only,6.1,4082
CVE-2022-0201,CVSS-only,6.1,4083
CVE-2022-0206,CVSS-only,6.1,4084
CVE-2022-0208,CVSS-only,6.1,4085
CVE-2022-0212,CVSS-only,6.1,4086
CVE-2022-0220,CVSS-only,6.1,4087
CVE-2022-0230,CVSS-only,6.1,4088
CVE-2022-0234,CVSS-only,6.1,4089
CVE-2022-0235,CVSS-only,6.1,4090
CVE-2022-0248,CVSS-only,6.1,4091
CVE-2022-0252,CVSS-only,6.1,4092
CVE-2022-0262,CVSS-only,6.1,4093
CVE-2022-0288,CVSS-only,6.1,4094
CVE-2022-0321,CVSS-only,6.1,4095
CVE-2022-0327,CVSS-only,6.1,4096
CVE-2022-0347,CVSS-only,6.1,4097
CVE-2022-0352,CVSS-only,6.1,4098
CVE-2022-0380,CVSS-only,6.1,4099
CVE-2022-0381,CVSS-only,6.1,4100
CVE-2022-0385,CVSS-only,6.1,4101
CVE-2022-0399,CVSS-only,6.1,4102
CVE-2022-0422,CVSS-only,6.1,4103
CVE-2022-0429,CVSS-only,6.1,4104
CVE-2022-0432,CVSS-only,6.1,4105
CVE-2022-0437,CVSS-only,6.1,4106
CVE-2022-0449,CVSS-only,6.1,4107
CVE-2022-0501,CVSS-only,6.1,4108
CVE-2022-0503,CVSS-only,6.1,4109
CVE-2022-0526,CVSS-only,6.1,4110
CVE-2022-0527,CVSS-only,6.1,4111
CVE-2022-0533,CVSS-only,6.1,4112
CVE-2022-0560,CVSS-only,6.1,4113
CVE-2022-0571,CVSS-only,6.1,4114
CVE-2022-0576,CVSS-only,6.1,4115
CVE-2022-0597,CVSS-only,6.1,4116
CVE-2022-0599,CVSS-only,6.1,4117
CVE-2022-0600,CVSS-only,6.1,4118
CVE-2022-0601,CVSS-only,6.1,4119
CVE-2022-0619,CVSS-only,6.1,4120
CVE-2022-0620,CVSS-only,6.1,4121
CVE-2022-0621,CVSS-only,6.1,4122
CVE-2022-0627,CVSS-only,6.1,4123
CVE-2022-0628,CVSS-only,6.1,4124
CVE-2022-0640,CVSS-only,6.1,4125
CVE-2022-0641,CVSS-only,6.1,4126
CVE-2022-0643,CVSS-only,6.1,4127
CVE-2022-0647,CVSS-only,6.1,4128
CVE-2022-0648,CVSS-only,6.1,4129
CVE-2022-0653,CVSS-only,6.1,4130
CVE-2022-0678,CVSS-only,6.1,4131
CVE-2022-0680,CVSS-only,6.1,4132
CVE-2022-0683,CVSS-only,6.1,4133
CVE-2022-0690,CVSS-only,6.1,4134
CVE-2022-0692,CVSS-only,6.1,4135
CVE-2022-0697,CVSS-only,6.1,4136
CVE-2022-0710,CVSS-only,6.1,4137
CVE-2022-0752,CVSS-only,6.1,4138
CVE-2022-0753,CVSS-only,6.1,4139
CVE-2022-0776,CVSS-only,6.1,4140
CVE-2022-0818,CVSS-only,6.1,4141
CVE-2022-0820,CVSS-only,6.1,4142
CVE-2022-0838,CVSS-only,6.1,4143
CVE-2022-0855,CVSS-only,6.1,4144
CVE-2022-0868,CVSS-only,6.1,4145
CVE-2022-0869,CVSS-only,6.1,4146
CVE-2022-0891,CVSS-only,6.1,4147
CVE-2022-0929,CVSS-only,6.1,4148
CVE-2022-0951,CVSS-only,6.1,4149
CVE-2022-0986,CVSS-only,6.1,4150
CVE-2022-1058,CVSS-only,6.1,4151
CVE-2022-20635,CVSS-only,6.1,4152
CVE-2022-20636,CVSS-only,6.1,4153
CVE-2022-20637,CVSS-only,6.1,4154
CVE-2022-20638,CVSS-only,6.1,4155
CVE-2022-20639,CVSS-only,6.1,4156
CVE-2022-20640,CVSS-only,6.1,4157
CVE-2022-20641,CVSS-only,6.1,4158
CVE-2022-20642,CVSS-only,6.1,4159
CVE-2022-20643,CVSS-only,6.1,4160
CVE-2022-20644,CVSS-only,6.1,4161
CVE-2022-20645,CVSS-only,6.1,4162
CVE-2022-20646,CVSS-only,6.1,4163
CVE-2022-20647,CVSS-only,6.1,4164
CVE-2022-20659,CVSS-only,6.1,4165
CVE-2022-21257,CVSS-only,6.1,4166
CVE-2022-21258,CVSS-only,6.1,4167
CVE-2022-21259,CVSS-only,6.1,4168
CVE-2022-21260,CVSS-only,6.1,4169
CVE-2022-21261,CVSS-only,6.1,4170
CVE-2022-21262,CVSS-only,6.1,4171
CVE-2022-21269,CVSS-only,6.1,4172
CVE-2022-21272,CVSS-only,6.1,4173
CVE-2022-21354,CVSS-only,6.1,4174
CVE-2022-21359,CVSS-only,6.1,4175
CVE-2022-21361,CVSS-only,6.1,4176
CVE-2022-21369,CVSS-only,6.1,4177
CVE-2022-21373,CVSS-only,6.1,4178
CVE-2022-21386,CVSS-only,6.1,4179
CVE-2022-21719,CVSS-only,6.1,4180
CVE-2022-21805,CVSS-only,6.1,4181
CVE-2022-21813,CVSS-only,6.1,4182
CVE-2022-21814,CVSS-only,6.1,4183
CVE-2022-21839,CVSS-only,6.1,4184
CVE-2022-21954,CVSS-only,6.1,4185
CVE-2022-21970,CVSS-only,6.1,4186
CVE-2022-22126,CVSS-only,6.1,4187
CVE-2022-22142,CVSS-only,6.1,4188
CVE-2022-22146,CVSS-only,6.1,4189
CVE-2022-22268,CVSS-only,6.1,4190
CVE-2022-22344,CVSS-only,6.1,4191
CVE-2022-22529,CVSS-only,6.1,4192
CVE-2022-22534,CVSS-only,6.1,4193
CVE-2022-22589,CVSS-only,6.1,4194
CVE-2022-22652,CVSS-only,6.1,4195
CVE-2022-22734,CVSS-only,6.1,4196
CVE-2022-22789,CVSS-only,6.1,4197
CVE-2022-22793,CVSS-only,6.1,4198
CVE-2022-22812,CVSS-only,6.1,4199
CVE-2022-22818,CVSS-only,6.1,4200
CVE-2022-22919,CVSS-only,6.1,4201
CVE-2022-23053,CVSS-only,6.1,4202
CVE-2022-23054,CVSS-only,6.1,4203
CVE-2022-23083,CVSS-only,6.1,4204
CVE-2022-23102,CVSS-only,6.1,4205
CVE-2022-23127,CVSS-only,6.1,4206
CVE-2022-23184,CVSS-only,6.1,4207
CVE-2022-23312,CVSS-only,6.1,4208
CVE-2022-23367,CVSS-only,6.1,4209
CVE-2022-23376,CVSS-only,6.1,4210
CVE-2022-23391,CVSS-only,6.1,4211
CVE-2022-23395,CVSS-only,6.1,4212
CVE-2022-23397,CVSS-only,6.1,4213
CVE-2022-23598,CVSS-only,6.1,4214
CVE-2022-23637,CVSS-only,6.1,4215
CVE-2022-23710,CVSS-only,6.1,4216
CVE-2022-23728,CVSS-only,6.1,4217
CVE-2022-23796,CVSS-only,6.1,4218
CVE-2022-23798,CVSS-only,6.1,4219
CVE-2022-23800,CVSS-only,6.1,4220
CVE-2022-23801,CVSS-only,6.1,4221
CVE-2022-23808,CVSS-only,6.1,4222
CVE-2022-23907,CVSS-only,6.1,4223
CVE-2022-23912,CVSS-only,6.1,4224
CVE-2022-23916,CVSS-only,6.1,4225
CVE-2022-23988,CVSS-only,6.1,4226
CVE-2022-23993,CVSS-only,6.1,4227
CVE-2022-24072,CVSS-only,6.1,4228
CVE-2022-24131,CVSS-only,6.1,4229
CVE-2022-24135,CVSS-only,6.1,4230
CVE-2022-24177,CVSS-only,6.1,4231
CVE-2022-24227,CVSS-only,6.1,4232
CVE-2022-24330,CVSS-only,6.1,4233
CVE-2022-24338,CVSS-only,6.1,4234
CVE-2022-24374,CVSS-only,6.1,4235
CVE-2022-24395,CVSS-only,6.1,4236
CVE-2022-24397,CVSS-only,6.1,4237
CVE-2022-24399,CVSS-only,6.1,4238
CVE-2022-24435,CVSS-only,6.1,4239
CVE-2022-24526,CVSS-only,6.1,4240
CVE-2022-24564,CVSS-only,6.1,4241
CVE-2022-24572,CVSS-only,6.1,4242
CVE-2022-24573,CVSS-only,6.1,4243
CVE-2022-24589,CVSS-only,6.1,4244
CVE-2022-24608,CVSS-only,6.1,4245
CVE-2022-24656,CVSS-only,6.1,4246
CVE-2022-24682,CVSS-only,6.1,4247
CVE-2022-24717,CVSS-only,6.1,4248
CVE-2022-24733,CVSS-only,6.1,4249
CVE-2022-24746,CVSS-only,6.1,4250
CVE-2022-24749,CVSS-only,6.1,4251
CVE-2022-24776,CVSS-only,6.1,4252
CVE-2022-24948,CVSS-only,6.1,4253
CVE-2022-24981,CVSS-only,6.1,4254
CVE-2022-25013,CVSS-only,6.1,4255
CVE-2022-25014,CVSS-only,6.1,4256
CVE-2022-25028,CVSS-only,6.1,4257
CVE-2022-25114,CVSS-only,6.1,4258
CVE-2022-25221,CVSS-only,6.1,4259
CVE-2022-25256,CVSS-only,6.1,4260
CVE-2022-25259,CVSS-only,6.1,4261
CVE-2022-25261,CVSS-only,6.1,4262
CVE-2022-25269,CVSS-only,6.1,4263
CVE-2022-25317,CVSS-only,6.1,4264
CVE-2022-25321,CVSS-only,6.1,4265
CVE-2022-25323,CVSS-only,6.1,4266
CVE-2022-25493,CVSS-only,6.1,4267
CVE-2022-25575,CVSS-only,6.1,4268
CVE-2022-25642,CVSS-only,6.1,4269
CVE-2022-25922,CVSS-only,6.1,4270
CVE-2022-26101,CVSS-only,6.1,4271
CVE-2022-26155,CVSS-only,6.1,4272
CVE-2022-26156,CVSS-only,6.1,4273
CVE-2022-26158,CVSS-only,6.1,4274
CVE-2022-26246,CVSS-only,6.1,4275
CVE-2022-26263,CVSS-only,6.1,4276
CVE-2022-26533,CVSS-only,6.1,4277
CVE-2022-26573,CVSS-only,6.1,4278
CVE-2022-26644,CVSS-only,6.1,4279
CVE-2022-26980,CVSS-only,6.1,4280
CVE-2022-27193,CVSS-only,6.1,4281
CVE-2022-27246,CVSS-only,6.1,4282
CVE-2022-27496,CVSS-only,6.1,4283
CVE-2022-27884,CVSS-only,6.1,4284
CVE-2022-27885,CVSS-only,6.1,4285
CVE-2022-27886,CVSS-only,6.1,4286
CVE-2022-27887,CVSS-only,6.1,4287
CVE-2022-27920,CVSS-only,6.1,4288
CVE-2022-28202,CVSS-only,6.1,4289
CVE-2021-3607,CVSS-only,6.0,4290
CVE-2021-3608,CVSS-only,6.0,4291
CVE-2021-43589,CVSS-only,6.0,4292
CVE-2021-43590,CVSS-only,6.0,4293
CVE-2016-2124,CVSS-only,5.9,4294
CVE-2020-36516,CVSS-only,5.9,4295
CVE-2021-21963,CVSS-only,5.9,4296
CVE-2021-21971,CVSS-only,5.9,4297
CVE-2021-23222,CVSS-only,5.9,4298
CVE-2021-29785,CVSS-only,5.9,4299
CVE-2021-29838,CVSS-only,5.9,4300
CVE-2021-33846,CVSS-only,5.9,4301
CVE-2021-36781,CVSS-only,5.9,4302
CVE-2021-38542,CVSS-only,5.9,4303
CVE-2021-39026,CVSS-only,5.9,4304
CVE-2021-40055,CVSS-only,5.9,4305
CVE-2021-40327,CVSS-only,5.9,4306
CVE-2021-41141,CVSS-only,5.9,4307
CVE-2021-4160,CVSS-only,5.9,4308
CVE-2021-42017,CVSS-only,5.9,4309
CVE-2021-42018,CVSS-only,5.9,4310
CVE-2021-42019,CVSS-only,5.9,4311
CVE-2021-43055,CVSS-only,5.9,4312
CVE-2021-45081,CVSS-only,5.9,4313
CVE-2022-0123,CVSS-only,5.9,4314
CVE-2022-0615,CVSS-only,5.9,4315
CVE-2022-21199,CVSS-only,5.9,4316
CVE-2022-21221,CVSS-only,5.9,4317
CVE-2022-21352,CVSS-only,5.9,4318
CVE-2022-21653,CVSS-only,5.9,4319
CVE-2022-21721,CVSS-only,5.9,4320
CVE-2022-22169,CVSS-only,5.9,4321
CVE-2022-22707,CVSS-only,5.9,4322
CVE-2022-23130,CVSS-only,5.9,4323
CVE-2022-23255,CVSS-only,5.9,4324
CVE-2022-23278,CVSS-only,5.9,4325
CVE-2022-23590,CVSS-only,5.9,4326
CVE-2022-23593,CVSS-only,5.9,4327
CVE-2022-23646,CVSS-only,5.9,4328
CVE-2022-24302,CVSS-only,5.9,4329
CVE-2022-24319,CVSS-only,5.9,4330
CVE-2022-24320,CVSS-only,5.9,4331
CVE-2022-24409,CVSS-only,5.9,4332
CVE-2022-24686,CVSS-only,5.9,4333
CVE-2022-24769,CVSS-only,5.9,4334
CVE-2022-24928,CVSS-only,5.9,4335
CVE-2022-24968,CVSS-only,5.9,4336
CVE-2022-26247,CVSS-only,5.9,4337
CVE-2022-27906,CVSS-only,5.9,4338
CVE-2021-3398,CVSS-only,5.8,4339
CVE-2022-0507,CVSS-only,5.8,4340
CVE-2022-20738,CVSS-only,5.8,4341
CVE-2022-26948,CVSS-only,5.8,4342
CVE-2021-23842,CVSS-only,5.7,4343
CVE-2021-24968,CVSS-only,5.7,4344
CVE-2021-25011,CVSS-only,5.7,4345
CVE-2021-33114,CVSS-only,5.7,4346
CVE-2021-33139,CVSS-only,5.7,4347
CVE-2021-33155,CVSS-only,5.7,4348
CVE-2022-22284,CVSS-only,5.7,4349
CVE-2022-24926,CVSS-only,5.7,4350
CVE-2021-23760,CVSS-only,5.6,4351
CVE-2021-26401,CVSS-only,5.6,4352
CVE-2022-0675,CVSS-only,5.6,4353
CVE-2022-22712,CVSS-only,5.6,4354
CVE-2022-22790,CVSS-only,5.6,4355
CVE-2022-23104,CVSS-only,5.6,4356
CVE-2022-23922,CVSS-only,5.6,4357
CVE-2022-23960,CVSS-only,5.6,4358
CVE-2008-10001,CVSS-only,5.5,4359
CVE-2020-12966,CVSS-only,5.5,4360
CVE-2020-14480,CVSS-only,5.5,4361
CVE-2020-25427,CVSS-only,5.5,4362
CVE-2020-4925,CVSS-only,5.5,4363
CVE-2020-6920,CVSS-only,5.5,4364
CVE-2021-0072,CVSS-only,5.5,4365
CVE-2021-0076,CVSS-only,5.5,4366
CVE-2021-0127,CVSS-only,5.5,4367
CVE-2021-0145,CVSS-only,5.5,4368
CVE-2021-0170,CVSS-only,5.5,4369
CVE-2021-0171,CVSS-only,5.5,4370
CVE-2021-0524,CVSS-only,5.5,4371
CVE-2021-20180,CVSS-only,5.5,4372
CVE-2021-20269,CVSS-only,5.5,4373
CVE-2021-20300,CVSS-only,5.5,4374
CVE-2021-20302,CVSS-only,5.5,4375
CVE-2021-20320,CVSS-only,5.5,4376
CVE-2021-22441,CVSS-only,5.5,4377
CVE-2021-22478,CVSS-only,5.5,4378
CVE-2021-22479,CVSS-only,5.5,4379
CVE-2021-22571,CVSS-only,5.5,4380
CVE-2021-22572,CVSS-only,5.5,4381
CVE-2021-22809,CVSS-only,5.5,4382
CVE-2021-23520,CVSS-only,5.5,4383
CVE-2021-23521,CVSS-only,5.5,4384
CVE-2021-25026,CVSS-only,5.5,4385
CVE-2021-27414,CVSS-only,5.5,4386
CVE-2021-27416,CVSS-only,5.5,4387
CVE-2021-27753,CVSS-only,5.5,4388
CVE-2021-27755,CVSS-only,5.5,4389
CVE-2021-28275,CVSS-only,5.5,4390
CVE-2021-28507,CVSS-only,5.5,4391
CVE-2021-31821,CVSS-only,5.5,4392
CVE-2021-32039,CVSS-only,5.5,4393
CVE-2021-32434,CVSS-only,5.5,4394
CVE-2021-32435,CVSS-only,5.5,4395
CVE-2021-33061,CVSS-only,5.5,4396
CVE-2021-33096,CVSS-only,5.5,4397
CVE-2021-33105,CVSS-only,5.5,4398
CVE-2021-33119,CVSS-only,5.5,4399
CVE-2021-33147,CVSS-only,5.5,4400
CVE-2021-33166,CVSS-only,5.5,4401
CVE-2021-34122,CVSS-only,5.5,4402
CVE-2021-3428,CVSS-only,5.5,4403
CVE-2021-34405,CVSS-only,5.5,4404
CVE-2021-34600,CVSS-only,5.5,4405
CVE-2021-34984,CVSS-only,5.5,4406
CVE-2021-34985,CVSS-only,5.5,4407
CVE-2021-3602,CVSS-only,5.5,4408
CVE-2021-36151,CVSS-only,5.5,4409
CVE-2021-3620,CVSS-only,5.5,4410
CVE-2021-36408,CVSS-only,5.5,4411
CVE-2021-36410,CVSS-only,5.5,4412
CVE-2021-36411,CVSS-only,5.5,4413
CVE-2021-37103,CVSS-only,5.5,4414
CVE-2021-37107,CVSS-only,5.5,4415
CVE-2021-37115,CVSS-only,5.5,4416
CVE-2021-3732,CVSS-only,5.5,4417
CVE-2021-3744,CVSS-only,5.5,4418
CVE-2021-37529,CVSS-only,5.5,4419
CVE-2021-37530,CVSS-only,5.5,4420
CVE-2021-38988,CVSS-only,5.5,4421
CVE-2021-38989,CVSS-only,5.5,4422
CVE-2021-38993,CVSS-only,5.5,4423
CVE-2021-38994,CVSS-only,5.5,4424
CVE-2021-38995,CVSS-only,5.5,4425
CVE-2021-38996,CVSS-only,5.5,4426
CVE-2021-39032,CVSS-only,5.5,4427
CVE-2021-3933,CVSS-only,5.5,4428
CVE-2021-3947,CVSS-only,5.5,4429
CVE-2021-39624,CVSS-only,5.5,4430
CVE-2021-39631,CVSS-only,5.5,4431
CVE-2021-39633,CVSS-only,5.5,4432
CVE-2021-39659,CVSS-only,5.5,4433
CVE-2021-39664,CVSS-only,5.5,4434
CVE-2021-39666,CVSS-only,5.5,4435
CVE-2021-39687,CVSS-only,5.5,4436
CVE-2021-39688,CVSS-only,5.5,4437
CVE-2021-39690,CVSS-only,5.5,4438
CVE-2021-39740,CVSS-only,5.5,4439
CVE-2021-39742,CVSS-only,5.5,4440
CVE-2021-39744,CVSS-only,5.5,4441
CVE-2021-39745,CVSS-only,5.5,4442
CVE-2021-39747,CVSS-only,5.5,4443
CVE-2021-39748,CVSS-only,5.5,4444
CVE-2021-39751,CVSS-only,5.5,4445
CVE-2021-39753,CVSS-only,5.5,4446
CVE-2021-39754,CVSS-only,5.5,4447
CVE-2021-39755,CVSS-only,5.5,4448
CVE-2021-39756,CVSS-only,5.5,4449
CVE-2021-39757,CVSS-only,5.5,4450
CVE-2021-39760,CVSS-only,5.5,4451
CVE-2021-39761,CVSS-only,5.5,4452
CVE-2021-39765,CVSS-only,5.5,4453
CVE-2021-39766,CVSS-only,5.5,4454
CVE-2021-39769,CVSS-only,5.5,4455
CVE-2021-39770,CVSS-only,5.5,4456
CVE-2021-39773,CVSS-only,5.5,4457
CVE-2021-39774,CVSS-only,5.5,4458
CVE-2021-39775,CVSS-only,5.5,4459
CVE-2021-39777,CVSS-only,5.5,4460
CVE-2021-39778,CVSS-only,5.5,4461
CVE-2021-39779,CVSS-only,5.5,4462
CVE-2021-39788,CVSS-only,5.5,4463
CVE-2021-39791,CVSS-only,5.5,4464
CVE-2021-39986,CVSS-only,5.5,4465
CVE-2021-39991,CVSS-only,5.5,4466
CVE-2021-40033,CVSS-only,5.5,4467
CVE-2021-40037,CVSS-only,5.5,4468
CVE-2021-40045,CVSS-only,5.5,4469
CVE-2021-4023,CVSS-only,5.5,4470
CVE-2021-4043,CVSS-only,5.5,4471
CVE-2021-40559,CVSS-only,5.5,4472
CVE-2021-40562,CVSS-only,5.5,4473
CVE-2021-40563,CVSS-only,5.5,4474
CVE-2021-40564,CVSS-only,5.5,4475
CVE-2021-40565,CVSS-only,5.5,4476
CVE-2021-40566,CVSS-only,5.5,4477
CVE-2021-40567,CVSS-only,5.5,4478
CVE-2021-40569,CVSS-only,5.5,4479
CVE-2021-40572,CVSS-only,5.5,4480
CVE-2021-40573,CVSS-only,5.5,4481
CVE-2021-40575,CVSS-only,5.5,4482
CVE-2021-40576,CVSS-only,5.5,4483
CVE-2021-40737,CVSS-only,5.5,4484
CVE-2021-40741,CVSS-only,5.5,4485
CVE-2021-40742,CVSS-only,5.5,4486
CVE-2021-40750,CVSS-only,5.5,4487
CVE-2021-40762,CVSS-only,5.5,4488
CVE-2021-40767,CVSS-only,5.5,4489
CVE-2021-40768,CVSS-only,5.5,4490
CVE-2021-40778,CVSS-only,5.5,4491
CVE-2021-40781,CVSS-only,5.5,4492
CVE-2021-40782,CVSS-only,5.5,4493
CVE-2021-40785,CVSS-only,5.5,4494
CVE-2021-40788,CVSS-only,5.5,4495
CVE-2021-40789,CVSS-only,5.5,4496
CVE-2021-40796,CVSS-only,5.5,4497
CVE-2021-4095,CVSS-only,5.5,4498
CVE-2021-41043,CVSS-only,5.5,4499
CVE-2021-4115,CVSS-only,5.5,4500
CVE-2021-4148,CVSS-only,5.5,4501
CVE-2021-4149,CVSS-only,5.5,4502
CVE-2021-4150,CVSS-only,5.5,4503
CVE-2021-41849,CVSS-only,5.5,4504
CVE-2021-4219,CVSS-only,5.5,4505
CVE-2021-42263,CVSS-only,5.5,4506
CVE-2021-42264,CVSS-only,5.5,4507
CVE-2021-43745,CVSS-only,5.5,4508
CVE-2021-44215,CVSS-only,5.5,4509
CVE-2021-44216,CVSS-only,5.5,4510
CVE-2021-44234,CVSS-only,5.5,4511
CVE-2021-44269,CVSS-only,5.5,4512
CVE-2021-44421,CVSS-only,5.5,4513
CVE-2021-44647,CVSS-only,5.5,4514
CVE-2021-44700,CVSS-only,5.5,4515
CVE-2021-44712,CVSS-only,5.5,4516
CVE-2021-44713,CVSS-only,5.5,4517
CVE-2021-44748,CVSS-only,5.5,4518
CVE-2021-44749,CVSS-only,5.5,4519
CVE-2021-44879,CVSS-only,5.5,4520
CVE-2021-44961,CVSS-only,5.5,4521
CVE-2021-44962,CVSS-only,5.5,4522
CVE-2021-44992,CVSS-only,5.5,4523
CVE-2021-44993,CVSS-only,5.5,4524
CVE-2021-44994,CVSS-only,5.5,4525
CVE-2021-45063,CVSS-only,5.5,4526
CVE-2021-45067,CVSS-only,5.5,4527
CVE-2021-45343,CVSS-only,5.5,4528
CVE-2021-45386,CVSS-only,5.5,4529
CVE-2021-45387,CVSS-only,5.5,4530
CVE-2021-45402,CVSS-only,5.5,4531
CVE-2021-45429,CVSS-only,5.5,4532
CVE-2021-45449,CVSS-only,5.5,4533
CVE-2021-45760,CVSS-only,5.5,4534
CVE-2021-45762,CVSS-only,5.5,4535
CVE-2021-45763,CVSS-only,5.5,4536
CVE-2021-45764,CVSS-only,5.5,4537
CVE-2021-45767,CVSS-only,5.5,4538
CVE-2021-45829,CVSS-only,5.5,4539
CVE-2021-45830,CVSS-only,5.5,4540
CVE-2021-45831,CVSS-only,5.5,4541
CVE-2021-45832,CVSS-only,5.5,4542
CVE-2021-45833,CVSS-only,5.5,4543
CVE-2021-45846,CVSS-only,5.5,4544
CVE-2021-45847,CVSS-only,5.5,4545
CVE-2021-45860,CVSS-only,5.5,4546
CVE-2021-45861,CVSS-only,5.5,4547
CVE-2021-45863,CVSS-only,5.5,4548
CVE-2021-45864,CVSS-only,5.5,4549
CVE-2021-45868,CVSS-only,5.5,4550
CVE-2021-45928,CVSS-only,5.5,4551
CVE-2021-45929,CVSS-only,5.5,4552
CVE-2021-45930,CVSS-only,5.5,4553
CVE-2021-45932,CVSS-only,5.5,4554
CVE-2021-45933,CVSS-only,5.5,4555
CVE-2021-45934,CVSS-only,5.5,4556
CVE-2021-45935,CVSS-only,5.5,4557
CVE-2021-45936,CVSS-only,5.5,4558
CVE-2021-45937,CVSS-only,5.5,4559
CVE-2021-45938,CVSS-only,5.5,4560
CVE-2021-45939,CVSS-only,5.5,4561
CVE-2021-45942,CVSS-only,5.5,4562
CVE-2021-45943,CVSS-only,5.5,4563
CVE-2021-45944,CVSS-only,5.5,4564
CVE-2021-45946,CVSS-only,5.5,4565
CVE-2021-45947,CVSS-only,5.5,4566
CVE-2021-45948,CVSS-only,5.5,4567
CVE-2021-45949,CVSS-only,5.5,4568
CVE-2021-45958,CVSS-only,5.5,4569
CVE-2021-46019,CVSS-only,5.5,4570
CVE-2021-46021,CVSS-only,5.5,4571
CVE-2021-46022,CVSS-only,5.5,4572
CVE-2021-46038,CVSS-only,5.5,4573
CVE-2021-46039,CVSS-only,5.5,4574
CVE-2021-46040,CVSS-only,5.5,4575
CVE-2021-46041,CVSS-only,5.5,4576
CVE-2021-46042,CVSS-only,5.5,4577
CVE-2021-46043,CVSS-only,5.5,4578
CVE-2021-46044,CVSS-only,5.5,4579
CVE-2021-46045,CVSS-only,5.5,4580
CVE-2021-46046,CVSS-only,5.5,4581
CVE-2021-46047,CVSS-only,5.5,4582
CVE-2021-46048,CVSS-only,5.5,4583
CVE-2021-46049,CVSS-only,5.5,4584
CVE-2021-46050,CVSS-only,5.5,4585
CVE-2021-46051,CVSS-only,5.5,4586
CVE-2021-46052,CVSS-only,5.5,4587
CVE-2021-46053,CVSS-only,5.5,4588
CVE-2021-46054,CVSS-only,5.5,4589
CVE-2021-46055,CVSS-only,5.5,4590
CVE-2021-46141,CVSS-only,5.5,4591
CVE-2021-46142,CVSS-only,5.5,4592
CVE-2021-46168,CVSS-only,5.5,4593
CVE-2021-46169,CVSS-only,5.5,4594
CVE-2021-46171,CVSS-only,5.5,4595
CVE-2021-46195,CVSS-only,5.5,4596
CVE-2021-46234,CVSS-only,5.5,4597
CVE-2021-46236,CVSS-only,5.5,4598
CVE-2021-46237,CVSS-only,5.5,4599
CVE-2021-46238,CVSS-only,5.5,4600
CVE-2021-46239,CVSS-only,5.5,4601
CVE-2021-46240,CVSS-only,5.5,4602
CVE-2021-46283,CVSS-only,5.5,4603
CVE-2021-46311,CVSS-only,5.5,4604
CVE-2021-46313,CVSS-only,5.5,4605
CVE-2021-46322,CVSS-only,5.5,4606
CVE-2021-46323,CVSS-only,5.5,4607
CVE-2021-46327,CVSS-only,5.5,4608
CVE-2021-46329,CVSS-only,5.5,4609
CVE-2021-46330,CVSS-only,5.5,4610
CVE-2021-46331,CVSS-only,5.5,4611
CVE-2021-46333,CVSS-only,5.5,4612
CVE-2021-46335,CVSS-only,5.5,4613
CVE-2021-46336,CVSS-only,5.5,4614
CVE-2021-46337,CVSS-only,5.5,4615
CVE-2021-46338,CVSS-only,5.5,4616
CVE-2021-46339,CVSS-only,5.5,4617
CVE-2021-46340,CVSS-only,5.5,4618
CVE-2021-46342,CVSS-only,5.5,4619
CVE-2021-46343,CVSS-only,5.5,4620
CVE-2021-46344,CVSS-only,5.5,4621
CVE-2021-46345,CVSS-only,5.5,4622
CVE-2021-46346,CVSS-only,5.5,4623
CVE-2021-46347,CVSS-only,5.5,4624
CVE-2021-46348,CVSS-only,5.5,4625
CVE-2021-46349,CVSS-only,5.5,4626
CVE-2021-46350,CVSS-only,5.5,4627
CVE-2021-46351,CVSS-only,5.5,4628
CVE-2021-46474,CVSS-only,5.5,4629
CVE-2021-46475,CVSS-only,5.5,4630
CVE-2021-46477,CVSS-only,5.5,4631
CVE-2021-46478,CVSS-only,5.5,4632
CVE-2021-46480,CVSS-only,5.5,4633
CVE-2021-46481,CVSS-only,5.5,4634
CVE-2021-46484,CVSS-only,5.5,4635
CVE-2021-46485,CVSS-only,5.5,4636
CVE-2021-46486,CVSS-only,5.5,4637
CVE-2021-46487,CVSS-only,5.5,4638
CVE-2021-46488,CVSS-only,5.5,4639
CVE-2021-46489,CVSS-only,5.5,4640
CVE-2021-46490,CVSS-only,5.5,4641
CVE-2021-46491,CVSS-only,5.5,4642
CVE-2021-46492,CVSS-only,5.5,4643
CVE-2021-46494,CVSS-only,5.5,4644
CVE-2021-46495,CVSS-only,5.5,4645
CVE-2021-46496,CVSS-only,5.5,4646
CVE-2021-46497,CVSS-only,5.5,4647
CVE-2021-46498,CVSS-only,5.5,4648
CVE-2021-46499,CVSS-only,5.5,4649
CVE-2021-46500,CVSS-only,5.5,4650
CVE-2021-46501,CVSS-only,5.5,4651
CVE-2021-46502,CVSS-only,5.5,4652
CVE-2021-46503,CVSS-only,5.5,4653
CVE-2021-46504,CVSS-only,5.5,4654
CVE-2021-46505,CVSS-only,5.5,4655
CVE-2021-46506,CVSS-only,5.5,4656
CVE-2021-46507,CVSS-only,5.5,4657
CVE-2021-46508,CVSS-only,5.5,4658
CVE-2021-46510,CVSS-only,5.5,4659
CVE-2021-46511,CVSS-only,5.5,4660
CVE-2021-46512,CVSS-only,5.5,4661
CVE-2021-46514,CVSS-only,5.5,4662
CVE-2021-46515,CVSS-only,5.5,4663
CVE-2021-46516,CVSS-only,5.5,4664
CVE-2021-46517,CVSS-only,5.5,4665
CVE-2021-46528,CVSS-only,5.5,4666
CVE-2021-46529,CVSS-only,5.5,4667
CVE-2021-46530,CVSS-only,5.5,4668
CVE-2021-46531,CVSS-only,5.5,4669
CVE-2021-46532,CVSS-only,5.5,4670
CVE-2021-46534,CVSS-only,5.5,4671
CVE-2021-46535,CVSS-only,5.5,4672
CVE-2021-46537,CVSS-only,5.5,4673
CVE-2021-46538,CVSS-only,5.5,4674
CVE-2021-46539,CVSS-only,5.5,4675
CVE-2021-46540,CVSS-only,5.5,4676
CVE-2021-46541,CVSS-only,5.5,4677
CVE-2021-46542,CVSS-only,5.5,4678
CVE-2021-46543,CVSS-only,5.5,4679
CVE-2021-46544,CVSS-only,5.5,4680
CVE-2021-46545,CVSS-only,5.5,4681
CVE-2021-46546,CVSS-only,5.5,4682
CVE-2021-46547,CVSS-only,5.5,4683
CVE-2021-46548,CVSS-only,5.5,4684
CVE-2021-46549,CVSS-only,5.5,4685
CVE-2021-46550,CVSS-only,5.5,4686
CVE-2021-46553,CVSS-only,5.5,4687
CVE-2021-46554,CVSS-only,5.5,4688
CVE-2021-46556,CVSS-only,5.5,4689
CVE-2021-46589,CVSS-only,5.5,4690
CVE-2021-46593,CVSS-only,5.5,4691
CVE-2021-46594,CVSS-only,5.5,4692
CVE-2021-46595,CVSS-only,5.5,4693
CVE-2021-46596,CVSS-only,5.5,4694
CVE-2021-46610,CVSS-only,5.5,4695
CVE-2021-46611,CVSS-only,5.5,4696
CVE-2021-46615,CVSS-only,5.5,4697
CVE-2021-46616,CVSS-only,5.5,4698
CVE-2021-46618,CVSS-only,5.5,4699
CVE-2021-46620,CVSS-only,5.5,4700
CVE-2021-46623,CVSS-only,5.5,4701
CVE-2021-46624,CVSS-only,5.5,4702
CVE-2021-46628,CVSS-only,5.5,4703
CVE-2021-46629,CVSS-only,5.5,4704
CVE-2021-46630,CVSS-only,5.5,4705
CVE-2021-46632,CVSS-only,5.5,4706
CVE-2021-46637,CVSS-only,5.5,4707
CVE-2021-46642,CVSS-only,5.5,4708
CVE-2021-46649,CVSS-only,5.5,4709
CVE-2021-46650,CVSS-only,5.5,4710
CVE-2021-46651,CVSS-only,5.5,4711
CVE-2021-46654,CVSS-only,5.5,4712
CVE-2021-46657,CVSS-only,5.5,4713
CVE-2021-46658,CVSS-only,5.5,4714
CVE-2021-46659,CVSS-only,5.5,4715
CVE-2021-46661,CVSS-only,5.5,4716
CVE-2021-46662,CVSS-only,5.5,4717
CVE-2021-46663,CVSS-only,5.5,4718
CVE-2021-46664,CVSS-only,5.5,4719
CVE-2021-46665,CVSS-only,5.5,4720
CVE-2021-46666,CVSS-only,5.5,4721
CVE-2021-46667,CVSS-only,5.5,4722
CVE-2021-46668,CVSS-only,5.5,4723
CVE-2021-46702,CVSS-only,5.5,4724
CVE-2022-0156,CVSS-only,5.5,4725
CVE-2022-0173,CVSS-only,5.5,4726
CVE-2022-0219,CVSS-only,5.5,4727
CVE-2022-0264,CVSS-only,5.5,4728
CVE-2022-0286,CVSS-only,5.5,4729
CVE-2022-0319,CVSS-only,5.5,4730
CVE-2022-0322,CVSS-only,5.5,4731
CVE-2022-0326,CVSS-only,5.5,4732
CVE-2022-0382,CVSS-only,5.5,4733
CVE-2022-0419,CVSS-only,5.5,4734
CVE-2022-0433,CVSS-only,5.5,4735
CVE-2022-0476,CVSS-only,5.5,4736
CVE-2022-0487,CVSS-only,5.5,4737
CVE-2022-0529,CVSS-only,5.5,4738
CVE-2022-0530,CVSS-only,5.5,4739
CVE-2022-0534,CVSS-only,5.5,4740
CVE-2022-0544,CVSS-only,5.5,4741
CVE-2022-0561,CVSS-only,5.5,4742
CVE-2022-0562,CVSS-only,5.5,4743
CVE-2022-0563,CVSS-only,5.5,4744
CVE-2022-0614,CVSS-only,5.5,4745
CVE-2022-0617,CVSS-only,5.5,4746
CVE-2022-0632,CVSS-only,5.5,4747
CVE-2022-0672,CVSS-only,5.5,4748
CVE-2022-0695,CVSS-only,5.5,4749
CVE-2022-0696,CVSS-only,5.5,4750
CVE-2022-0712,CVSS-only,5.5,4751
CVE-2022-0714,CVSS-only,5.5,4752
CVE-2022-0757,CVSS-only,5.5,4753
CVE-2022-0762,CVSS-only,5.5,4754
CVE-2022-0849,CVSS-only,5.5,4755
CVE-2022-0854,CVSS-only,5.5,4756
CVE-2022-0865,CVSS-only,5.5,4757
CVE-2022-0890,CVSS-only,5.5,4758
CVE-2022-0907,CVSS-only,5.5,4759
CVE-2022-0909,CVSS-only,5.5,4760
CVE-2022-0924,CVSS-only,5.5,4761
CVE-2022-0961,CVSS-only,5.5,4762
CVE-2022-0968,CVSS-only,5.5,4763
CVE-2022-1035,CVSS-only,5.5,4764
CVE-2022-1052,CVSS-only,5.5,4765
CVE-2022-1056,CVSS-only,5.5,4766
CVE-2022-1122,CVSS-only,5.5,4767
CVE-2022-20017,CVSS-only,5.5,4768
CVE-2022-20019,CVSS-only,5.5,4769
CVE-2022-20020,CVSS-only,5.5,4770
CVE-2022-20036,CVSS-only,5.5,4771
CVE-2022-20037,CVSS-only,5.5,4772
CVE-2022-20042,CVSS-only,5.5,4773
CVE-2022-20046,CVSS-only,5.5,4774
CVE-2022-20051,CVSS-only,5.5,4775
CVE-2022-20621,CVSS-only,5.5,4776
CVE-2022-21133,CVSS-only,5.5,4777
CVE-2022-21153,CVSS-only,5.5,4778
CVE-2022-21156,CVSS-only,5.5,4779
CVE-2022-21157,CVSS-only,5.5,4780
CVE-2022-21218,CVSS-only,5.5,4781
CVE-2022-21226,CVSS-only,5.5,4782
CVE-2022-21301,CVSS-only,5.5,4783
CVE-2022-21367,CVSS-only,5.5,4784
CVE-2022-21375,CVSS-only,5.5,4785
CVE-2022-21378,CVSS-only,5.5,4786
CVE-2022-21704,CVSS-only,5.5,4787
CVE-2022-21815,CVSS-only,5.5,4788
CVE-2022-21816,CVSS-only,5.5,4789
CVE-2022-21823,CVSS-only,5.5,4790
CVE-2022-21838,CVSS-only,5.5,4791
CVE-2022-21876,CVSS-only,5.5,4792
CVE-2022-21877,CVSS-only,5.5,4793
CVE-2022-21879,CVSS-only,5.5,4794
CVE-2022-21899,CVSS-only,5.5,4795
CVE-2022-21906,CVSS-only,5.5,4796
CVE-2022-21964,CVSS-only,5.5,4797
CVE-2022-21973,CVSS-only,5.5,4798
CVE-2022-21985,CVSS-only,5.5,4799
CVE-2022-21998,CVSS-only,5.5,4800
CVE-2022-22002,CVSS-only,5.5,4801
CVE-2022-22271,CVSS-only,5.5,4802
CVE-2022-22291,CVSS-only,5.5,4803
CVE-2022-22321,CVSS-only,5.5,4804
CVE-2022-22350,CVSS-only,5.5,4805
CVE-2022-22583,CVSS-only,5.5,4806
CVE-2022-22588,CVSS-only,5.5,4807
CVE-2022-22600,CVSS-only,5.5,4808
CVE-2022-22644,CVSS-only,5.5,4809
CVE-2022-22648,CVSS-only,5.5,4810
CVE-2022-22650,CVSS-only,5.5,4811
CVE-2022-22660,CVSS-only,5.5,4812
CVE-2022-22703,CVSS-only,5.5,4813
CVE-2022-22710,CVSS-only,5.5,4814
CVE-2022-22716,CVSS-only,5.5,4815
CVE-2022-22820,CVSS-only,5.5,4816
CVE-2022-22844,CVSS-only,5.5,4817
CVE-2022-22890,CVSS-only,5.5,4818
CVE-2022-22891,CVSS-only,5.5,4819
CVE-2022-22892,CVSS-only,5.5,4820
CVE-2022-22899,CVSS-only,5.5,4821
CVE-2022-22901,CVSS-only,5.5,4822
CVE-2022-22908,CVSS-only,5.5,4823
CVE-2022-22946,CVSS-only,5.5,4824
CVE-2022-23034,CVSS-only,5.5,4825
CVE-2022-23129,CVSS-only,5.5,4826
CVE-2022-23189,CVSS-only,5.5,4827
CVE-2022-23190,CVSS-only,5.5,4828
CVE-2022-23191,CVSS-only,5.5,4829
CVE-2022-23192,CVSS-only,5.5,4830
CVE-2022-23193,CVSS-only,5.5,4831
CVE-2022-23194,CVSS-only,5.5,4832
CVE-2022-23195,CVSS-only,5.5,4833
CVE-2022-23196,CVSS-only,5.5,4834
CVE-2022-23197,CVSS-only,5.5,4835
CVE-2022-23198,CVSS-only,5.5,4836
CVE-2022-23199,CVSS-only,5.5,4837
CVE-2022-23204,CVSS-only,5.5,4838
CVE-2022-23234,CVSS-only,5.5,4839
CVE-2022-23252,CVSS-only,5.5,4840
CVE-2022-23281,CVSS-only,5.5,4841
CVE-2022-23297,CVSS-only,5.5,4842
CVE-2022-23319,CVSS-only,5.5,4843
CVE-2022-23456,CVSS-only,5.5,4844
CVE-2022-23621,CVSS-only,5.5,4845
CVE-2022-23953,CVSS-only,5.5,4846
CVE-2022-23954,CVSS-only,5.5,4847
CVE-2022-23955,CVSS-only,5.5,4848
CVE-2022-23956,CVSS-only,5.5,4849
CVE-2022-23957,CVSS-only,5.5,4850
CVE-2022-23958,CVSS-only,5.5,4851
CVE-2022-24055,CVSS-only,5.5,4852
CVE-2022-24060,CVSS-only,5.5,4853
CVE-2022-24061,CVSS-only,5.5,4854
CVE-2022-24090,CVSS-only,5.5,4855
CVE-2022-24130,CVSS-only,5.5,4856
CVE-2022-24249,CVSS-only,5.5,4857
CVE-2022-24432,CVSS-only,5.5,4858
CVE-2022-24462,CVSS-only,5.5,4859
CVE-2022-24511,CVSS-only,5.5,4860
CVE-2022-24574,CVSS-only,5.5,4861
CVE-2022-24576,CVSS-only,5.5,4862
CVE-2022-24613,CVSS-only,5.5,4863
CVE-2022-24614,CVSS-only,5.5,4864
CVE-2022-24615,CVSS-only,5.5,4865
CVE-2022-24959,CVSS-only,5.5,4866
CVE-2022-25012,CVSS-only,5.5,4867
CVE-2022-25050,CVSS-only,5.5,4868
CVE-2022-25051,CVSS-only,5.5,4869
CVE-2022-25106,CVSS-only,5.5,4870
CVE-2022-25108,CVSS-only,5.5,4871
CVE-2022-25326,CVSS-only,5.5,4872
CVE-2022-25327,CVSS-only,5.5,4873
CVE-2022-25375,CVSS-only,5.5,4874
CVE-2022-25484,CVSS-only,5.5,4875
CVE-2022-25814,CVSS-only,5.5,4876
CVE-2022-25815,CVSS-only,5.5,4877
CVE-2022-26291,CVSS-only,5.5,4878
CVE-2022-26296,CVSS-only,5.5,4879
CVE-2022-26336,CVSS-only,5.5,4880
CVE-2022-26878,CVSS-only,5.5,4881
CVE-2022-26966,CVSS-only,5.5,4882
CVE-2022-27195,CVSS-only,5.5,4883
CVE-2022-27938,CVSS-only,5.5,4884
CVE-2022-27939,CVSS-only,5.5,4885
CVE-2022-27943,CVSS-only,5.5,4886
CVE-2022-27950,CVSS-only,5.5,4887
CVE-2005-10001,CVSS-only,5.4,4888
CVE-2020-28919,CVSS-only,5.4,4889
CVE-2020-36056,CVSS-only,5.4,4890
CVE-2021-23225,CVSS-only,5.4,4891
CVE-2021-23227,CVSS-only,5.4,4892
CVE-2021-23495,CVSS-only,5.4,4893
CVE-2021-23648,CVSS-only,5.4,4894
CVE-2021-24446,CVSS-only,5.4,4895
CVE-2021-24680,CVSS-only,5.4,4896
CVE-2021-24694,CVSS-only,5.4,4897
CVE-2021-24821,CVSS-only,5.4,4898
CVE-2021-24826,CVSS-only,5.4,4899
CVE-2021-24828,CVSS-only,5.4,4900
CVE-2021-24880,CVSS-only,5.4,4901
CVE-2021-24897,CVSS-only,5.4,4902
CVE-2021-24933,CVSS-only,5.4,4903
CVE-2021-24950,CVSS-only,5.4,4904
CVE-2021-24958,CVSS-only,5.4,4905
CVE-2021-24960,CVSS-only,5.4,4906
CVE-2021-24961,CVSS-only,5.4,4907
CVE-2021-24965,CVSS-only,5.4,4908
CVE-2021-24971,CVSS-only,5.4,4909
CVE-2021-24974,CVSS-only,5.4,4910
CVE-2021-25018,CVSS-only,5.4,4911
CVE-2021-25042,CVSS-only,5.4,4912
CVE-2021-25046,CVSS-only,5.4,4913
CVE-2021-25057,CVSS-only,5.4,4914
CVE-2021-25058,CVSS-only,5.4,4915
CVE-2021-25060,CVSS-only,5.4,4916
CVE-2021-25061,CVSS-only,5.4,4917
CVE-2021-25065,CVSS-only,5.4,4918
CVE-2021-25067,CVSS-only,5.4,4919
CVE-2021-25106,CVSS-only,5.4,4920
CVE-2021-29872,CVSS-only,5.4,4921
CVE-2021-32036,CVSS-only,5.4,4922
CVE-2021-32475,CVSS-only,5.4,4923
CVE-2021-33120,CVSS-only,5.4,4924
CVE-2021-33848,CVSS-only,5.4,4925
CVE-2021-33851,CVSS-only,5.4,4926
CVE-2021-33852,CVSS-only,5.4,4927
CVE-2021-33853,CVSS-only,5.4,4928
CVE-2021-33966,CVSS-only,5.4,4929
CVE-2021-34073,CVSS-only,5.4,4930
CVE-2021-3816,CVSS-only,5.4,4931
CVE-2021-38265,CVSS-only,5.4,4932
CVE-2021-38267,CVSS-only,5.4,4933
CVE-2021-38269,CVSS-only,5.4,4934
CVE-2021-3857,CVSS-only,5.4,4935
CVE-2021-3866,CVSS-only,5.4,4936
CVE-2021-38695,CVSS-only,5.4,4937
CVE-2021-38895,CVSS-only,5.4,4938
CVE-2021-38986,CVSS-only,5.4,4939
CVE-2021-39038,CVSS-only,5.4,4940
CVE-2021-39055,CVSS-only,5.4,4941
CVE-2021-39079,CVSS-only,5.4,4942
CVE-2021-39491,CVSS-only,5.4,4943
CVE-2021-4046,CVSS-only,5.4,4944
CVE-2021-40813,CVSS-only,5.4,4945
CVE-2021-40840,CVSS-only,5.4,4946
CVE-2021-4103,CVSS-only,5.4,4947
CVE-2021-41658,CVSS-only,5.4,4948
CVE-2021-4170,CVSS-only,5.4,4949
CVE-2021-4172,CVSS-only,5.4,4950
CVE-2021-43070,CVSS-only,5.4,4951
CVE-2021-43334,CVSS-only,5.4,4952
CVE-2021-43436,CVSS-only,5.4,4953
CVE-2021-43478,CVSS-only,5.4,4954
CVE-2021-43505,CVSS-only,5.4,4955
CVE-2021-43659,CVSS-only,5.4,4956
CVE-2021-43841,CVSS-only,5.4,4957
CVE-2021-44091,CVSS-only,5.4,4958
CVE-2021-44118,CVSS-only,5.4,4959
CVE-2021-44120,CVSS-only,5.4,4960
CVE-2021-44178,CVSS-only,5.4,4961
CVE-2021-44211,CVSS-only,5.4,4962
CVE-2021-44299,CVSS-only,5.4,4963
CVE-2021-44565,CVSS-only,5.4,4964
CVE-2021-44566,CVSS-only,5.4,4965
CVE-2021-44607,CVSS-only,5.4,4966
CVE-2021-44608,CVSS-only,5.4,4967
CVE-2021-44649,CVSS-only,5.4,4968
CVE-2021-44777,CVSS-only,5.4,4969
CVE-2021-44911,CVSS-only,5.4,4970
CVE-2021-44912,CVSS-only,5.4,4971
CVE-2021-44970,CVSS-only,5.4,4972
CVE-2021-45729,CVSS-only,5.4,4973
CVE-2021-45744,CVSS-only,5.4,4974
CVE-2021-45745,CVSS-only,5.4,4975
CVE-2021-45787,CVSS-only,5.4,4976
CVE-2021-45866,CVSS-only,5.4,4977
CVE-2021-45889,CVSS-only,5.4,4978
CVE-2021-45919,CVSS-only,5.4,4979
CVE-2021-46005,CVSS-only,5.4,4980
CVE-2021-46025,CVSS-only,5.4,4981
CVE-2021-46026,CVSS-only,5.4,4982
CVE-2021-46030,CVSS-only,5.4,4983
CVE-2021-46083,CVSS-only,5.4,4984
CVE-2021-46084,CVSS-only,5.4,4985
CVE-2021-46087,CVSS-only,5.4,4986
CVE-2021-46108,CVSS-only,5.4,4987
CVE-2021-46146,CVSS-only,5.4,4988
CVE-2021-46253,CVSS-only,5.4,4989
CVE-2021-46355,CVSS-only,5.4,4990
CVE-2021-46372,CVSS-only,5.4,4991
CVE-2021-46447,CVSS-only,5.4,4992
CVE-2021-46557,CVSS-only,5.4,4993
CVE-2021-46558,CVSS-only,5.4,4994
CVE-2022-0136,CVSS-only,5.4,4995
CVE-2022-0145,CVSS-only,5.4,4996
CVE-2022-0148,CVSS-only,5.4,4997
CVE-2022-0157,CVSS-only,5.4,4998
CVE-2022-0159,CVSS-only,5.4,4999
CVE-2022-0179,CVSS-only,5.4,5000
CVE-2022-0182,CVSS-only,5.4,5001
CVE-2022-0186,CVSS-only,5.4,5002
CVE-2022-0200,CVSS-only,5.4,5003
CVE-2022-0205,CVSS-only,5.4,5004
CVE-2022-0243,CVSS-only,5.4,5005
CVE-2022-0251,CVSS-only,5.4,5006
CVE-2022-0253,CVSS-only,5.4,5007
CVE-2022-0256,CVSS-only,5.4,5008
CVE-2022-0257,CVSS-only,5.4,5009
CVE-2022-0260,CVSS-only,5.4,5010
CVE-2022-0268,CVSS-only,5.4,5011
CVE-2022-0274,CVSS-only,5.4,5012
CVE-2022-0278,CVSS-only,5.4,5013
CVE-2022-0285,CVSS-only,5.4,5014
CVE-2022-0341,CVSS-only,5.4,5015
CVE-2022-0348,CVSS-only,5.4,5016
CVE-2022-0350,CVSS-only,5.4,5017
CVE-2022-0364,CVSS-only,5.4,5018
CVE-2022-0370,CVSS-only,5.4,5019
CVE-2022-0372,CVSS-only,5.4,5020
CVE-2022-0374,CVSS-only,5.4,5021
CVE-2022-0378,CVSS-only,5.4,5022
CVE-2022-0379,CVSS-only,5.4,5023
CVE-2022-0387,CVSS-only,5.4,5024
CVE-2022-0394,CVSS-only,5.4,5025
CVE-2022-0395,CVSS-only,5.4,5026
CVE-2022-0397,CVSS-only,5.4,5027
CVE-2022-0423,CVSS-only,5.4,5028
CVE-2022-0426,CVSS-only,5.4,5029
CVE-2022-0450,CVSS-only,5.4,5030
CVE-2022-0472,CVSS-only,5.4,5031
CVE-2022-0502,CVSS-only,5.4,5032
CVE-2022-0506,CVSS-only,5.4,5033
CVE-2022-0509,CVSS-only,5.4,5034
CVE-2022-0510,CVSS-only,5.4,5035
CVE-2022-0539,CVSS-only,5.4,5036
CVE-2022-0558,CVSS-only,5.4,5037
CVE-2022-0575,CVSS-only,5.4,5038
CVE-2022-0589,CVSS-only,5.4,5039
CVE-2022-0595,CVSS-only,5.4,5040
CVE-2022-0612,CVSS-only,5.4,5041
CVE-2022-0704,CVSS-only,5.4,5042
CVE-2022-0705,CVSS-only,5.4,5043
CVE-2022-0719,CVSS-only,5.4,5044
CVE-2022-0720,CVSS-only,5.4,5045
CVE-2022-0723,CVSS-only,5.4,5046
CVE-2022-0726,CVSS-only,5.4,5047
CVE-2022-0727,CVSS-only,5.4,5048
CVE-2022-0822,CVSS-only,5.4,5049
CVE-2022-0831,CVSS-only,5.4,5050
CVE-2022-0832,CVSS-only,5.4,5051
CVE-2022-0842,CVSS-only,5.4,5052
CVE-2022-0857,CVSS-only,5.4,5053
CVE-2022-0877,CVSS-only,5.4,5054
CVE-2022-0880,CVSS-only,5.4,5055
CVE-2022-0893,CVSS-only,5.4,5056
CVE-2022-0894,CVSS-only,5.4,5057
CVE-2022-0911,CVSS-only,5.4,5058
CVE-2022-0928,CVSS-only,5.4,5059
CVE-2022-0937,CVSS-only,5.4,5060
CVE-2022-0938,CVSS-only,5.4,5061
CVE-2022-0940,CVSS-only,5.4,5062
CVE-2022-0941,CVSS-only,5.4,5063
CVE-2022-0942,CVSS-only,5.4,5064
CVE-2022-0945,CVSS-only,5.4,5065
CVE-2022-0946,CVSS-only,5.4,5066
CVE-2022-0950,CVSS-only,5.4,5067
CVE-2022-0954,CVSS-only,5.4,5068
CVE-2022-0956,CVSS-only,5.4,5069
CVE-2022-0957,CVSS-only,5.4,5070
CVE-2022-0960,CVSS-only,5.4,5071
CVE-2022-0962,CVSS-only,5.4,5072
CVE-2022-0963,CVSS-only,5.4,5073
CVE-2022-0964,CVSS-only,5.4,5074
CVE-2022-0965,CVSS-only,5.4,5075
CVE-2022-0966,CVSS-only,5.4,5076
CVE-2022-0967,CVSS-only,5.4,5077
CVE-2022-0970,CVSS-only,5.4,5078
CVE-2022-1178,CVSS-only,5.4,5079
CVE-2022-1179,CVSS-only,5.4,5080
CVE-2022-1181,CVSS-only,5.4,5081
CVE-2022-20615,CVSS-only,5.4,5082
CVE-2022-21158,CVSS-only,5.4,5083
CVE-2022-21242,CVSS-only,5.4,5084
CVE-2022-21246,CVSS-only,5.4,5085
CVE-2022-21376,CVSS-only,5.4,5086
CVE-2022-21377,CVSS-only,5.4,5087
CVE-2022-21396,CVSS-only,5.4,5088
CVE-2022-21397,CVSS-only,5.4,5089
CVE-2022-21398,CVSS-only,5.4,5090
CVE-2022-21400,CVSS-only,5.4,5091
CVE-2022-21715,CVSS-only,5.4,5092
CVE-2022-21818,CVSS-only,5.4,5093
CVE-2022-22109,CVSS-only,5.4,5094
CVE-2022-22112,CVSS-only,5.4,5095
CVE-2022-22116,CVSS-only,5.4,5096
CVE-2022-22117,CVSS-only,5.4,5097
CVE-2022-22123,CVSS-only,5.4,5098
CVE-2022-22124,CVSS-only,5.4,5099
CVE-2022-22293,CVSS-only,5.4,5100
CVE-2022-22511,CVSS-only,5.4,5101
CVE-2022-22546,CVSS-only,5.4,5102
CVE-2022-22804,CVSS-only,5.4,5103
CVE-2022-22850,CVSS-only,5.4,5104
CVE-2022-22851,CVSS-only,5.4,5105
CVE-2022-22852,CVSS-only,5.4,5106
CVE-2022-22853,CVSS-only,5.4,5107
CVE-2022-22944,CVSS-only,5.4,5108
CVE-2022-23008,CVSS-only,5.4,5109
CVE-2022-23049,CVSS-only,5.4,5110
CVE-2022-23051,CVSS-only,5.4,5111
CVE-2022-23108,CVSS-only,5.4,5112
CVE-2022-23115,CVSS-only,5.4,5113
CVE-2022-23136,CVSS-only,5.4,5114
CVE-2022-23269,CVSS-only,5.4,5115
CVE-2022-23350,CVSS-only,5.4,5116
CVE-2022-23378,CVSS-only,5.4,5117
CVE-2022-23615,CVSS-only,5.4,5118
CVE-2022-23707,CVSS-only,5.4,5119
CVE-2022-23871,CVSS-only,5.4,5120
CVE-2022-23903,CVSS-only,5.4,5121
CVE-2022-24339,CVSS-only,5.4,5122
CVE-2022-24344,CVSS-only,5.4,5123
CVE-2022-24347,CVSS-only,5.4,5124
CVE-2022-24503,CVSS-only,5.4,5125
CVE-2022-24563,CVSS-only,5.4,5126
CVE-2022-24565,CVSS-only,5.4,5127
CVE-2022-24566,CVSS-only,5.4,5128
CVE-2022-24582,CVSS-only,5.4,5129
CVE-2022-24585,CVSS-only,5.4,5130
CVE-2022-24586,CVSS-only,5.4,5131
CVE-2022-24587,CVSS-only,5.4,5132
CVE-2022-24588,CVSS-only,5.4,5133
CVE-2022-24590,CVSS-only,5.4,5134
CVE-2022-24612,CVSS-only,5.4,5135
CVE-2022-24620,CVSS-only,5.4,5136
CVE-2022-24643,CVSS-only,5.4,5137
CVE-2022-24710,CVSS-only,5.4,5138
CVE-2022-24728,CVSS-only,5.4,5139
CVE-2022-24751,CVSS-only,5.4,5140
CVE-2022-24957,CVSS-only,5.4,5141
CVE-2022-25015,CVSS-only,5.4,5142
CVE-2022-25020,CVSS-only,5.4,5143
CVE-2022-25022,CVSS-only,5.4,5144
CVE-2022-25138,CVSS-only,5.4,5145
CVE-2022-25185,CVSS-only,5.4,5146
CVE-2022-25189,CVSS-only,5.4,5147
CVE-2022-25191,CVSS-only,5.4,5148
CVE-2022-25196,CVSS-only,5.4,5149
CVE-2022-25203,CVSS-only,5.4,5150
CVE-2022-25204,CVSS-only,5.4,5151
CVE-2022-25407,CVSS-only,5.4,5152
CVE-2022-25408,CVSS-only,5.4,5153
CVE-2022-25409,CVSS-only,5.4,5154
CVE-2022-25410,CVSS-only,5.4,5155
CVE-2022-25413,CVSS-only,5.4,5156
CVE-2022-25489,CVSS-only,5.4,5157
CVE-2022-25507,CVSS-only,5.4,5158
CVE-2022-25582,CVSS-only,5.4,5159
CVE-2022-25599,CVSS-only,5.4,5160
CVE-2022-25600,CVSS-only,5.4,5161
CVE-2022-25608,CVSS-only,5.4,5162
CVE-2022-25609,CVSS-only,5.4,5163
CVE-2022-26102,CVSS-only,5.4,5164
CVE-2022-26146,CVSS-only,5.4,5165
CVE-2022-26197,CVSS-only,5.4,5166
CVE-2022-26244,CVSS-only,5.4,5167
CVE-2022-26295,CVSS-only,5.4,5168
CVE-2022-26332,CVSS-only,5.4,5169
CVE-2022-26555,CVSS-only,5.4,5170
CVE-2022-26874,CVSS-only,5.4,5171
CVE-2022-26950,CVSS-only,5.4,5172
CVE-2022-27090,CVSS-only,5.4,5173
CVE-2022-27196,CVSS-only,5.4,5174
CVE-2022-27197,CVSS-only,5.4,5175
CVE-2022-27202,CVSS-only,5.4,5176
CVE-2022-27212,CVSS-only,5.4,5177
CVE-2022-27213,CVSS-only,5.4,5178
CVE-2022-28133,CVSS-only,5.4,5179
CVE-2022-28134,CVSS-only,5.4,5180
CVE-2022-28145,CVSS-only,5.4,5181
CVE-2022-28149,CVSS-only,5.4,5182
CVE-2022-28153,CVSS-only,5.4,5183
CVE-2022-28159,CVSS-only,5.4,5184
CVE-2003-5001,CVSS-only,5.3,5185
CVE-2010-10001,CVSS-only,5.3,5186
CVE-2015-10002,CVSS-only,5.3,5187
CVE-2019-25056,CVSS-only,5.3,5188
CVE-2020-14112,CVSS-only,5.3,5189
CVE-2020-14504,CVSS-only,5.3,5190
CVE-2020-15933,CVSS-only,5.3,5191
CVE-2020-25180,CVSS-only,5.3,5192
CVE-2020-25193,CVSS-only,5.3,5193
CVE-2020-26208,CVSS-only,5.3,5194
CVE-2021-1037,CVSS-only,5.3,5195
CVE-2021-20147,CVSS-only,5.3,5196
CVE-2021-21966,CVSS-only,5.3,5197
CVE-2021-22100,CVSS-only,5.3,5198
CVE-2021-22815,CVSS-only,5.3,5199
CVE-2021-23195,CVSS-only,5.3,5200
CVE-2021-23218,CVSS-only,5.3,5201
CVE-2021-24046,CVSS-only,5.3,5202
CVE-2021-24775,CVSS-only,5.3,5203
CVE-2021-24978,CVSS-only,5.3,5204
CVE-2021-25009,CVSS-only,5.3,5205
CVE-2021-25118,CVSS-only,5.3,5206
CVE-2021-26598,CVSS-only,5.3,5207
CVE-2021-27418,CVSS-only,5.3,5208
CVE-2021-27420,CVSS-only,5.3,5209
CVE-2021-27424,CVSS-only,5.3,5210
CVE-2021-28096,CVSS-only,5.3,5211
CVE-2021-28377,CVSS-only,5.3,5212
CVE-2021-29134,CVSS-only,5.3,5213
CVE-2021-29398,CVSS-only,5.3,5214
CVE-2021-32473,CVSS-only,5.3,5215
CVE-2021-33843,CVSS-only,5.3,5216
CVE-2021-34361,CVSS-only,5.3,5217
CVE-2021-35251,CVSS-only,5.3,5218
CVE-2021-35687,CVSS-only,5.3,5219
CVE-2021-36199,CVSS-only,5.3,5220
CVE-2021-36346,CVSS-only,5.3,5221
CVE-2021-37112,CVSS-only,5.3,5222
CVE-2021-37114,CVSS-only,5.3,5223
CVE-2021-37118,CVSS-only,5.3,5224
CVE-2021-37132,CVSS-only,5.3,5225
CVE-2021-38677,CVSS-only,5.3,5226
CVE-2021-38910,CVSS-only,5.3,5227
CVE-2021-38956,CVSS-only,5.3,5228
CVE-2021-39021,CVSS-only,5.3,5229
CVE-2021-39025,CVSS-only,5.3,5230
CVE-2021-39980,CVSS-only,5.3,5231
CVE-2021-39981,CVSS-only,5.3,5232
CVE-2021-40001,CVSS-only,5.3,5233
CVE-2021-40003,CVSS-only,5.3,5234
CVE-2021-40009,CVSS-only,5.3,5235
CVE-2021-41239,CVSS-only,5.3,5236
CVE-2021-4191,CVSS-only,5.3,5237
CVE-2021-42000,CVSS-only,5.3,5238
CVE-2021-42633,CVSS-only,5.3,5239
CVE-2021-42748,CVSS-only,5.3,5240
CVE-2021-42749,CVSS-only,5.3,5241
CVE-2021-42857,CVSS-only,5.3,5242
CVE-2021-43974,CVSS-only,5.3,5243
CVE-2021-44261,CVSS-only,5.3,5244
CVE-2021-44532,CVSS-only,5.3,5245
CVE-2021-44533,CVSS-only,5.3,5246
CVE-2021-44692,CVSS-only,5.3,5247
CVE-2021-44746,CVSS-only,5.3,5248
CVE-2021-44792,CVSS-only,5.3,5249
CVE-2021-44794,CVSS-only,5.3,5250
CVE-2021-44795,CVSS-only,5.3,5251
CVE-2021-44886,CVSS-only,5.3,5252
CVE-2021-45286,CVSS-only,5.3,5253
CVE-2021-45310,CVSS-only,5.3,5254
CVE-2021-45452,CVSS-only,5.3,5255
CVE-2021-45852,CVSS-only,5.3,5256
CVE-2021-45901,CVSS-only,5.3,5257
CVE-2021-46145,CVSS-only,5.3,5258
CVE-2021-46353,CVSS-only,5.3,5259
CVE-2021-46434,CVSS-only,5.3,5260
CVE-2021-46671,CVSS-only,5.3,5261
CVE-2022-0079,CVSS-only,5.3,5262
CVE-2022-0083,CVSS-only,5.3,5263
CVE-2022-0172,CVSS-only,5.3,5264
CVE-2022-0188,CVSS-only,5.3,5265
CVE-2022-0203,CVSS-only,5.3,5266
CVE-2022-0331,CVSS-only,5.3,5267
CVE-2022-0396,CVSS-only,5.3,5268
CVE-2022-0430,CVSS-only,5.3,5269
CVE-2022-0508,CVSS-only,5.3,5270
CVE-2022-0512,CVSS-only,5.3,5271
CVE-2022-0564,CVSS-only,5.3,5272
CVE-2022-0569,CVSS-only,5.3,5273
CVE-2022-0622,CVSS-only,5.3,5274
CVE-2022-0639,CVSS-only,5.3,5275
CVE-2022-0689,CVSS-only,5.3,5276
CVE-2022-0813,CVSS-only,5.3,5277
CVE-2022-0870,CVSS-only,5.3,5278
CVE-2022-0903,CVSS-only,5.3,5279
CVE-2022-1077,CVSS-only,5.3,5280
CVE-2022-20750,CVSS-only,5.3,5281
CVE-2022-21254,CVSS-only,5.3,5282
CVE-2022-21271,CVSS-only,5.3,5283
CVE-2022-21277,CVSS-only,5.3,5284
CVE-2022-21282,CVSS-only,5.3,5285
CVE-2022-21283,CVSS-only,5.3,5286
CVE-2022-21291,CVSS-only,5.3,5287
CVE-2022-21293,CVSS-only,5.3,5288
CVE-2022-21294,CVSS-only,5.3,5289
CVE-2022-21296,CVSS-only,5.3,5290
CVE-2022-21299,CVSS-only,5.3,5291
CVE-2022-21302,CVSS-only,5.3,5292
CVE-2022-21305,CVSS-only,5.3,5293
CVE-2022-21340,CVSS-only,5.3,5294
CVE-2022-21341,CVSS-only,5.3,5295
CVE-2022-21349,CVSS-only,5.3,5296
CVE-2022-21360,CVSS-only,5.3,5297
CVE-2022-21364,CVSS-only,5.3,5298
CVE-2022-21365,CVSS-only,5.3,5299
CVE-2022-21366,CVSS-only,5.3,5300
CVE-2022-21387,CVSS-only,5.3,5301
CVE-2022-21659,CVSS-only,5.3,5302
CVE-2022-21670,CVSS-only,5.3,5303
CVE-2022-21700,CVSS-only,5.3,5304
CVE-2022-21913,CVSS-only,5.3,5305
CVE-2022-21924,CVSS-only,5.3,5306
CVE-2022-21925,CVSS-only,5.3,5307
CVE-2022-21946,CVSS-only,5.3,5308
CVE-2022-22120,CVSS-only,5.3,5309
CVE-2022-22177,CVSS-only,5.3,5310
CVE-2022-22289,CVSS-only,5.3,5311
CVE-2022-22296,CVSS-only,5.3,5312
CVE-2022-22680,CVSS-only,5.3,5313
CVE-2022-22700,CVSS-only,5.3,5314
CVE-2022-22809,CVSS-only,5.3,5315
CVE-2022-22932,CVSS-only,5.3,5316
CVE-2022-23027,CVSS-only,5.3,5317
CVE-2022-23028,CVSS-only,5.3,5318
CVE-2022-23029,CVSS-only,5.3,5319
CVE-2022-23030,CVSS-only,5.3,5320
CVE-2022-23032,CVSS-only,5.3,5321
CVE-2022-23106,CVSS-only,5.3,5322
CVE-2022-23261,CVSS-only,5.3,5323
CVE-2022-23280,CVSS-only,5.3,5324
CVE-2022-23348,CVSS-only,5.3,5325
CVE-2022-23429,CVSS-only,5.3,5326
CVE-2022-23595,CVSS-only,5.3,5327
CVE-2022-23600,CVSS-only,5.3,5328
CVE-2022-23619,CVSS-only,5.3,5329
CVE-2022-23701,CVSS-only,5.3,5330
CVE-2022-23774,CVSS-only,5.3,5331
CVE-2022-23779,CVSS-only,5.3,5332
CVE-2022-23794,CVSS-only,5.3,5333
CVE-2022-23856,CVSS-only,5.3,5334
CVE-2022-23889,CVSS-only,5.3,5335
CVE-2022-23937,CVSS-only,5.3,5336
CVE-2022-24032,CVSS-only,5.3,5337
CVE-2022-24111,CVSS-only,5.3,5338
CVE-2022-24322,CVSS-only,5.3,5339
CVE-2022-24323,CVSS-only,5.3,5340
CVE-2022-24329,CVSS-only,5.3,5341
CVE-2022-24332,CVSS-only,5.3,5342
CVE-2022-24334,CVSS-only,5.3,5343
CVE-2022-24336,CVSS-only,5.3,5344
CVE-2022-24594,CVSS-only,5.3,5345
CVE-2022-24633,CVSS-only,5.3,5346
CVE-2022-24714,CVSS-only,5.3,5347
CVE-2022-24723,CVSS-only,5.3,5348
CVE-2022-24773,CVSS-only,5.3,5349
CVE-2022-24953,CVSS-only,5.3,5350
CVE-2022-24979,CVSS-only,5.3,5351
CVE-2022-25146,CVSS-only,5.3,5352
CVE-2022-25215,CVSS-only,5.3,5353
CVE-2022-25248,CVSS-only,5.3,5354
CVE-2022-25319,CVSS-only,5.3,5355
CVE-2022-25320,CVSS-only,5.3,5356
CVE-2022-25336,CVSS-only,5.3,5357
CVE-2022-25355,CVSS-only,5.3,5358
CVE-2022-25358,CVSS-only,5.3,5359
CVE-2022-25497,CVSS-only,5.3,5360
CVE-2022-25819,CVSS-only,5.3,5361
CVE-2022-26103,CVSS-only,5.3,5362
CVE-2022-26104,CVSS-only,5.3,5363
CVE-2022-26157,CVSS-only,5.3,5364
CVE-2022-26159,CVSS-only,5.3,5365
CVE-2022-26254,CVSS-only,5.3,5366
CVE-2022-26276,CVSS-only,5.3,5367
CVE-2022-26315,CVSS-only,5.3,5368
CVE-2022-26778,CVSS-only,5.3,5369
CVE-2022-26847,CVSS-only,5.3,5370
CVE-2022-26949,CVSS-only,5.3,5371
CVE-2022-27254,CVSS-only,5.3,5372
CVE-2022-21799,CVSS-only,5.2,5373
CVE-2021-22566,CVSS-only,5.1,5374
CVE-2021-46705,CVSS-only,5.1,5375
CVE-2022-21945,CVSS-only,5.1,5376
CVE-2022-23636,CVSS-only,5.1,5377
CVE-2003-5003,CVSS-only,5.0,5378
CVE-2021-32006,CVSS-only,5.0,5379
CVE-2021-32009,CVSS-only,5.0,5380
CVE-2021-44321,CVSS-only,5.0,5381
CVE-2022-0013,CVSS-only,5.0,5382
CVE-2022-1172,CVSS-only,5.0,5383
CVE-2022-21701,CVSS-only,5.0,5384
CVE-2022-22265,CVSS-only,5.0,5385
CVE-2022-23627,CVSS-only,5.0,5386
CVE-2022-24740,CVSS-only,5.0,5387
CVE-2022-24742,CVSS-only,5.0,5388
CVE-2022-25328,CVSS-only,5.0,5389
CVE-2020-36519,CVSS-only,4.9,5390
CVE-2021-24689,CVSS-only,4.9,5391
CVE-2021-24966,CVSS-only,4.9,5392
CVE-2021-25004,CVSS-only,4.9,5393
CVE-2021-25020,CVSS-only,4.9,5394
CVE-2021-25021,CVSS-only,4.9,5395
CVE-2021-38971,CVSS-only,4.9,5396
CVE-2021-39046,CVSS-only,4.9,5397
CVE-2021-41551,CVSS-only,4.9,5398
CVE-2021-43099,CVSS-only,4.9,5399
CVE-2021-43774,CVSS-only,4.9,5400
CVE-2021-44983,CVSS-only,4.9,5401
CVE-2022-0493,CVSS-only,4.9,5402
CVE-2022-0688,CVSS-only,4.9,5403
CVE-2022-21253,CVSS-only,4.9,5404
CVE-2022-21256,CVSS-only,4.9,5405
CVE-2022-21264,CVSS-only,4.9,5406
CVE-2022-21270,CVSS-only,4.9,5407
CVE-2022-21297,CVSS-only,4.9,5408
CVE-2022-21303,CVSS-only,4.9,5409
CVE-2022-21304,CVSS-only,4.9,5410
CVE-2022-21339,CVSS-only,4.9,5411
CVE-2022-21342,CVSS-only,4.9,5412
CVE-2022-21344,CVSS-only,4.9,5413
CVE-2022-21348,CVSS-only,4.9,5414
CVE-2022-21362,CVSS-only,4.9,5415
CVE-2022-21370,CVSS-only,4.9,5416
CVE-2022-21374,CVSS-only,4.9,5417
CVE-2022-21379,CVSS-only,4.9,5418
CVE-2022-21720,CVSS-only,4.9,5419
CVE-2022-22545,CVSS-only,4.9,5420
CVE-2022-22939,CVSS-only,4.9,5421
CVE-2022-23031,CVSS-only,4.9,5422
CVE-2022-23232,CVSS-only,4.9,5423
CVE-2022-23254,CVSS-only,4.9,5424
CVE-2022-23316,CVSS-only,4.9,5425
CVE-2022-23409,CVSS-only,4.9,5426
CVE-2022-26484,CVSS-only,4.9,5427
CVE-2021-20877,CVSS-only,4.8,5428
CVE-2021-23150,CVSS-only,4.8,5429
CVE-2021-23209,CVSS-only,4.8,5430
CVE-2021-24423,CVSS-only,4.8,5431
CVE-2021-24686,CVSS-only,4.8,5432
CVE-2021-24707,CVSS-only,4.8,5433
CVE-2021-24810,CVSS-only,4.8,5434
CVE-2021-24895,CVSS-only,4.8,5435
CVE-2021-24898,CVSS-only,4.8,5436
CVE-2021-24900,CVSS-only,4.8,5437
CVE-2021-24901,CVSS-only,4.8,5438
CVE-2021-24903,CVSS-only,4.8,5439
CVE-2021-24904,CVSS-only,4.8,5440
CVE-2021-24920,CVSS-only,4.8,5441
CVE-2021-24944,CVSS-only,4.8,5442
CVE-2021-24963,CVSS-only,4.8,5443
CVE-2021-24991,CVSS-only,4.8,5444
CVE-2021-24995,CVSS-only,4.8,5445
CVE-2021-25005,CVSS-only,4.8,5446
CVE-2021-25029,CVSS-only,4.8,5447
CVE-2021-25049,CVSS-only,4.8,5448
CVE-2021-25050,CVSS-only,4.8,5449
CVE-2021-25101,CVSS-only,4.8,5450
CVE-2021-25105,CVSS-only,4.8,5451
CVE-2021-36920,CVSS-only,4.8,5452
CVE-2021-3862,CVSS-only,4.8,5453
CVE-2021-41952,CVSS-only,4.8,5454
CVE-2021-4222,CVSS-only,4.8,5455
CVE-2021-42866,CVSS-only,4.8,5456
CVE-2021-42867,CVSS-only,4.8,5457
CVE-2021-42868,CVSS-only,4.8,5458
CVE-2021-42869,CVSS-only,4.8,5459
CVE-2021-42946,CVSS-only,4.8,5460
CVE-2021-43724,CVSS-only,4.8,5461
CVE-2021-43943,CVSS-only,4.8,5462
CVE-2021-43945,CVSS-only,4.8,5463
CVE-2021-43960,CVSS-only,4.8,5464
CVE-2021-44114,CVSS-only,4.8,5465
CVE-2021-44310,CVSS-only,4.8,5466
CVE-2021-44717,CVSS-only,4.8,5467
CVE-2021-44760,CVSS-only,4.8,5468
CVE-2021-44969,CVSS-only,4.8,5469
CVE-2021-45792,CVSS-only,4.8,5470
CVE-2021-45888,CVSS-only,4.8,5471
CVE-2021-46065,CVSS-only,4.8,5472
CVE-2021-46068,CVSS-only,4.8,5473
CVE-2021-46069,CVSS-only,4.8,5474
CVE-2021-46070,CVSS-only,4.8,5475
CVE-2021-46071,CVSS-only,4.8,5476
CVE-2021-46072,CVSS-only,4.8,5477
CVE-2021-46073,CVSS-only,4.8,5478
CVE-2021-46074,CVSS-only,4.8,5479
CVE-2021-46078,CVSS-only,4.8,5480
CVE-2021-46080,CVSS-only,4.8,5481
CVE-2021-46150,CVSS-only,4.8,5482
CVE-2022-0210,CVSS-only,4.8,5483
CVE-2022-0211,CVSS-only,4.8,5484
CVE-2022-0232,CVSS-only,4.8,5485
CVE-2022-0360,CVSS-only,4.8,5486
CVE-2022-0375,CVSS-only,4.8,5487
CVE-2022-0388,CVSS-only,4.8,5488
CVE-2022-0389,CVSS-only,4.8,5489
CVE-2022-0448,CVSS-only,4.8,5490
CVE-2022-0535,CVSS-only,4.8,5491
CVE-2022-0590,CVSS-only,4.8,5492
CVE-2022-0659,CVSS-only,4.8,5493
CVE-2022-0674,CVSS-only,4.8,5494
CVE-2022-0684,CVSS-only,4.8,5495
CVE-2022-0700,CVSS-only,4.8,5496
CVE-2022-0701,CVSS-only,4.8,5497
CVE-2022-0702,CVSS-only,4.8,5498
CVE-2022-0703,CVSS-only,4.8,5499
CVE-2022-0763,CVSS-only,4.8,5500
CVE-2022-0772,CVSS-only,4.8,5501
CVE-2022-0906,CVSS-only,4.8,5502
CVE-2022-0912,CVSS-only,4.8,5503
CVE-2022-0926,CVSS-only,4.8,5504
CVE-2022-0930,CVSS-only,4.8,5505
CVE-2022-0955,CVSS-only,4.8,5506
CVE-2022-1163,CVSS-only,4.8,5507
CVE-2022-21263,CVSS-only,4.8,5508
CVE-2022-21281,CVSS-only,4.8,5509
CVE-2022-21402,CVSS-only,4.8,5510
CVE-2022-22125,CVSS-only,4.8,5511
CVE-2022-22868,CVSS-only,4.8,5512
CVE-2022-23045,CVSS-only,4.8,5513
CVE-2022-23047,CVSS-only,4.8,5514
CVE-2022-23059,CVSS-only,4.8,5515
CVE-2022-23110,CVSS-only,4.8,5516
CVE-2022-23321,CVSS-only,4.8,5517
CVE-2022-23655,CVSS-only,4.8,5518
CVE-2022-23872,CVSS-only,4.8,5519
CVE-2022-23979,CVSS-only,4.8,5520
CVE-2022-23987,CVSS-only,4.8,5521
CVE-2022-24745,CVSS-only,4.8,5522
CVE-2022-25202,CVSS-only,4.8,5523
CVE-2022-25220,CVSS-only,4.8,5524
CVE-2022-25464,CVSS-only,4.8,5525
CVE-2022-25574,CVSS-only,4.8,5526
CVE-2022-25603,CVSS-only,4.8,5527
CVE-2022-25605,CVSS-only,4.8,5528
CVE-2022-25606,CVSS-only,4.8,5529
CVE-2022-26483,CVSS-only,4.8,5530
CVE-2022-26494,CVSS-only,4.8,5531
CVE-2022-27200,CVSS-only,4.8,5532
CVE-2022-27207,CVSS-only,4.8,5533
CVE-2022-27244,CVSS-only,4.8,5534
CVE-2021-20321,CVSS-only,4.7,5535
CVE-2021-25103,CVSS-only,4.7,5536
CVE-2021-26092,CVSS-only,4.7,5537
CVE-2021-26256,CVSS-only,4.7,5538
CVE-2021-34406,CVSS-only,4.7,5539
CVE-2021-3753,CVSS-only,4.7,5540
CVE-2021-37866,CVSS-only,4.7,5541
CVE-2021-40015,CVSS-only,4.7,5542
CVE-2021-41180,CVSS-only,4.7,5543
CVE-2021-42856,CVSS-only,4.7,5544
CVE-2021-43925,CVSS-only,4.7,5545
CVE-2021-43926,CVSS-only,4.7,5546
CVE-2021-43927,CVSS-only,4.7,5547
CVE-2022-0019,CVSS-only,4.7,5548
CVE-2022-0283,CVSS-only,4.7,5549
CVE-2022-0328,CVSS-only,4.7,5550
CVE-2022-21368,CVSS-only,4.7,5551
CVE-2022-21710,CVSS-only,4.7,5552
CVE-2022-21975,CVSS-only,4.7,5553
CVE-2022-22567,CVSS-only,4.7,5554
CVE-2022-22780,CVSS-only,4.7,5555
CVE-2022-23618,CVSS-only,4.7,5556
CVE-2022-23651,CVSS-only,4.7,5557
CVE-2022-23653,CVSS-only,4.7,5558
CVE-2022-23980,CVSS-only,4.7,5559
CVE-2022-25368,CVSS-only,4.7,5560
CVE-2022-25601,CVSS-only,4.7,5561
CVE-2019-4351,CVSS-only,4.6,5562
CVE-2021-20870,CVSS-only,4.6,5563
CVE-2021-22567,CVSS-only,4.6,5564
CVE-2021-33107,CVSS-only,4.6,5565
CVE-2021-40006,CVSS-only,4.6,5566
CVE-2021-40837,CVSS-only,4.6,5567
CVE-2021-44747,CVSS-only,4.6,5568
CVE-2022-0183,CVSS-only,4.6,5569
CVE-2022-0743,CVSS-only,4.6,5570
CVE-2022-20660,CVSS-only,4.6,5571
CVE-2022-21338,CVSS-only,4.6,5572
CVE-2022-21900,CVSS-only,4.6,5573
CVE-2022-21905,CVSS-only,4.6,5574
CVE-2022-22621,CVSS-only,4.6,5575
CVE-2022-22622,CVSS-only,4.6,5576
CVE-2022-22647,CVSS-only,4.6,5577
CVE-2022-22671,CVSS-only,4.6,5578
CVE-2022-23035,CVSS-only,4.6,5579
CVE-2022-23656,CVSS-only,4.6,5580
CVE-2022-24349,CVSS-only,4.6,5581
CVE-2022-25258,CVSS-only,4.6,5582
CVE-2022-26269,CVSS-only,4.6,5583
CVE-2021-20868,CVSS-only,4.5,5584
CVE-2022-25576,CVSS-only,4.5,5585
CVE-2021-0092,CVSS-only,4.4,5586
CVE-2021-0093,CVSS-only,4.4,5587
CVE-2021-0147,CVSS-only,4.4,5588
CVE-2021-0176,CVSS-only,4.4,5589
CVE-2021-38955,CVSS-only,4.4,5590
CVE-2021-39680,CVSS-only,4.4,5591
CVE-2021-39711,CVSS-only,4.4,5592
CVE-2021-39715,CVSS-only,4.4,5593
CVE-2021-39717,CVSS-only,4.4,5594
CVE-2021-39722,CVSS-only,4.4,5595
CVE-2021-39724,CVSS-only,4.4,5596
CVE-2021-39730,CVSS-only,4.4,5597
CVE-2021-4002,CVSS-only,4.4,5598
CVE-2021-4032,CVSS-only,4.4,5599
CVE-2021-44111,CVSS-only,4.4,5600
CVE-2022-0494,CVSS-only,4.4,5601
CVE-2022-20015,CVSS-only,4.4,5602
CVE-2022-20018,CVSS-only,4.4,5603
CVE-2022-20029,CVSS-only,4.4,5604
CVE-2022-20033,CVSS-only,4.4,5605
CVE-2022-20035,CVSS-only,4.4,5606
CVE-2022-20630,CVSS-only,4.4,5607
CVE-2022-21894,CVSS-only,4.4,5608
CVE-2022-21921,CVSS-only,4.4,5609
CVE-2022-22010,CVSS-only,4.4,5610
CVE-2022-22270,CVSS-only,4.4,5611
CVE-2022-22285,CVSS-only,4.4,5612
CVE-2022-22286,CVSS-only,4.4,5613
CVE-2022-23426,CVSS-only,4.4,5614
CVE-2022-23434,CVSS-only,4.4,5615
CVE-2022-23605,CVSS-only,4.4,5616
CVE-2022-23606,CVSS-only,4.4,5617
CVE-2022-24925,CVSS-only,4.4,5618
CVE-2022-24930,CVSS-only,4.4,5619
CVE-2022-26355,CVSS-only,4.4,5620
CVE-2017-20016,CVSS-only,4.3,5621
CVE-2018-25031,CVSS-only,4.3,5622
CVE-2020-10635,CVSS-only,4.3,5623
CVE-2020-27958,CVSS-only,4.3,5624
CVE-2020-4989,CVSS-only,4.3,5625
CVE-2021-20148,CVSS-only,4.3,5626
CVE-2021-22060,CVSS-only,4.3,5627
CVE-2021-22819,CVSS-only,4.3,5628
CVE-2021-24688,CVSS-only,4.3,5629
CVE-2021-24730,CVSS-only,4.3,5630
CVE-2021-24733,CVSS-only,4.3,5631
CVE-2021-24824,CVSS-only,4.3,5632
CVE-2021-24825,CVSS-only,4.3,5633
CVE-2021-24868,CVSS-only,4.3,5634
CVE-2021-24913,CVSS-only,4.3,5635
CVE-2021-25025,CVSS-only,4.3,5636
CVE-2021-25084,CVSS-only,4.3,5637
CVE-2021-25110,CVSS-only,4.3,5638
CVE-2021-29701,CVSS-only,4.3,5639
CVE-2021-32472,CVSS-only,4.3,5640
CVE-2021-32477,CVSS-only,4.3,5641
CVE-2021-35247,CVSS-only,4.3,5642
CVE-2021-35686,CVSS-only,4.3,5643
CVE-2021-36349,CVSS-only,4.3,5644
CVE-2021-3660,CVSS-only,4.3,5645
CVE-2021-37865,CVSS-only,4.3,5646
CVE-2021-37867,CVSS-only,4.3,5647
CVE-2021-39876,CVSS-only,4.3,5648
CVE-2021-39892,CVSS-only,4.3,5649
CVE-2021-39942,CVSS-only,4.3,5650
CVE-2021-39943,CVSS-only,4.3,5651
CVE-2021-41166,CVSS-only,4.3,5652
CVE-2021-41241,CVSS-only,4.3,5653
CVE-2021-4146,CVSS-only,4.3,5654
CVE-2021-4180,CVSS-only,4.3,5655
CVE-2021-42067,CVSS-only,4.3,5656
CVE-2021-43105,CVSS-only,4.3,5657
CVE-2021-43588,CVSS-only,4.3,5658
CVE-2021-43948,CVSS-only,4.3,5659
CVE-2021-43949,CVSS-only,4.3,5660
CVE-2021-43950,CVSS-only,4.3,5661
CVE-2021-43951,CVSS-only,4.3,5662
CVE-2021-43952,CVSS-only,4.3,5663
CVE-2021-43953,CVSS-only,4.3,5664
CVE-2021-43954,CVSS-only,4.3,5665
CVE-2021-43955,CVSS-only,4.3,5666
CVE-2021-43961,CVSS-only,4.3,5667
CVE-2021-44141,CVSS-only,4.3,5668
CVE-2021-44702,CVSS-only,4.3,5669
CVE-2021-44739,CVSS-only,4.3,5670
CVE-2021-44751,CVSS-only,4.3,5671
CVE-2021-44836,CVSS-only,4.3,5672
CVE-2021-44837,CVSS-only,4.3,5673
CVE-2021-44838,CVSS-only,4.3,5674
CVE-2021-45074,CVSS-only,4.3,5675
CVE-2021-45346,CVSS-only,4.3,5676
CVE-2021-46028,CVSS-only,4.3,5677
CVE-2022-0110,CVSS-only,4.3,5678
CVE-2022-0112,CVSS-only,4.3,5679
CVE-2022-0116,CVSS-only,4.3,5680
CVE-2022-0118,CVSS-only,4.3,5681
CVE-2022-0124,CVSS-only,4.3,5682
CVE-2022-0125,CVSS-only,4.3,5683
CVE-2022-0164,CVSS-only,4.3,5684
CVE-2022-0170,CVSS-only,4.3,5685
CVE-2022-0174,CVSS-only,4.3,5686
CVE-2022-0184,CVSS-only,4.3,5687
CVE-2022-0199,CVSS-only,4.3,5688
CVE-2022-0226,CVSS-only,4.3,5689
CVE-2022-0238,CVSS-only,4.3,5690
CVE-2022-0245,CVSS-only,4.3,5691
CVE-2022-0282,CVSS-only,4.3,5692
CVE-2022-0313,CVSS-only,4.3,5693
CVE-2022-0334,CVSS-only,4.3,5694
CVE-2022-0338,CVSS-only,4.3,5695
CVE-2022-0345,CVSS-only,4.3,5696
CVE-2022-0371,CVSS-only,4.3,5697
CVE-2022-0377,CVSS-only,4.3,5698
CVE-2022-0384,CVSS-only,4.3,5699
CVE-2022-0414,CVSS-only,4.3,5700
CVE-2022-0442,CVSS-only,4.3,5701
CVE-2022-0515,CVSS-only,4.3,5702
CVE-2022-0585,CVSS-only,4.3,5703
CVE-2022-0596,CVSS-only,4.3,5704
CVE-2022-0616,CVSS-only,4.3,5705
CVE-2022-0638,CVSS-only,4.3,5706
CVE-2022-0708,CVSS-only,4.3,5707
CVE-2022-0746,CVSS-only,4.3,5708
CVE-2022-0755,CVSS-only,4.3,5709
CVE-2022-0833,CVSS-only,4.3,5710
CVE-2022-0858,CVSS-only,4.3,5711
CVE-2022-0897,CVSS-only,4.3,5712
CVE-2022-0904,CVSS-only,4.3,5713
CVE-2022-1004,CVSS-only,4.3,5714
CVE-2022-1074,CVSS-only,4.3,5715
CVE-2022-1076,CVSS-only,4.3,5716
CVE-2022-1079,CVSS-only,4.3,5717
CVE-2022-1081,CVSS-only,4.3,5718
CVE-2022-1177,CVSS-only,4.3,5719
CVE-2022-20612,CVSS-only,4.3,5720
CVE-2022-20613,CVSS-only,4.3,5721
CVE-2022-20614,CVSS-only,4.3,5722
CVE-2022-20616,CVSS-only,4.3,5723
CVE-2022-20618,CVSS-only,4.3,5724
CVE-2022-20620,CVSS-only,4.3,5725
CVE-2022-20625,CVSS-only,4.3,5726
CVE-2022-20680,CVSS-only,4.3,5727
CVE-2022-21179,CVSS-only,4.3,5728
CVE-2022-21243,CVSS-only,4.3,5729
CVE-2022-21244,CVSS-only,4.3,5730
CVE-2022-21245,CVSS-only,4.3,5731
CVE-2022-21383,CVSS-only,4.3,5732
CVE-2022-21393,CVSS-only,4.3,5733
CVE-2022-21642,CVSS-only,4.3,5734
CVE-2022-21673,CVSS-only,4.3,5735
CVE-2022-21677,CVSS-only,4.3,5736
CVE-2022-21678,CVSS-only,4.3,5737
CVE-2022-21684,CVSS-only,4.3,5738
CVE-2022-21691,CVSS-only,4.3,5739
CVE-2022-21692,CVSS-only,4.3,5740
CVE-2022-21695,CVSS-only,4.3,5741
CVE-2022-21696,CVSS-only,4.3,5742
CVE-2022-21713,CVSS-only,4.3,5743
CVE-2022-21732,CVSS-only,4.3,5744
CVE-2022-21733,CVSS-only,4.3,5745
CVE-2022-21968,CVSS-only,4.3,5746
CVE-2022-22107,CVSS-only,4.3,5747
CVE-2022-22108,CVSS-only,4.3,5748
CVE-2022-22300,CVSS-only,4.3,5749
CVE-2022-22349,CVSS-only,4.3,5750
CVE-2022-22654,CVSS-only,4.3,5751
CVE-2022-22702,CVSS-only,4.3,5752
CVE-2022-22931,CVSS-only,4.3,5753
CVE-2022-23026,CVSS-only,4.3,5754
CVE-2022-23111,CVSS-only,4.3,5755
CVE-2022-23113,CVSS-only,4.3,5756
CVE-2022-23258,CVSS-only,4.3,5757
CVE-2022-23433,CVSS-only,4.3,5758
CVE-2022-23578,CVSS-only,4.3,5759
CVE-2022-23585,CVSS-only,4.3,5760
CVE-2022-23599,CVSS-only,4.3,5761
CVE-2022-23708,CVSS-only,4.3,5762
CVE-2022-23709,CVSS-only,4.3,5763
CVE-2022-23807,CVSS-only,4.3,5764
CVE-2022-23981,CVSS-only,4.3,5765
CVE-2022-23982,CVSS-only,4.3,5766
CVE-2022-23983,CVSS-only,4.3,5767
CVE-2022-24071,CVSS-only,4.3,5768
CVE-2022-24343,CVSS-only,4.3,5769
CVE-2022-24446,CVSS-only,4.3,5770
CVE-2022-24502,CVSS-only,4.3,5771
CVE-2022-24694,CVSS-only,4.3,5772
CVE-2022-24782,CVSS-only,4.3,5773
CVE-2022-25041,CVSS-only,4.3,5774
CVE-2022-25180,CVSS-only,4.3,5775
CVE-2022-25188,CVSS-only,4.3,5776
CVE-2022-25190,CVSS-only,4.3,5777
CVE-2022-25195,CVSS-only,4.3,5778
CVE-2022-25223,CVSS-only,4.3,5779
CVE-2022-25266,CVSS-only,4.3,5780
CVE-2022-25318,CVSS-only,4.3,5781
CVE-2022-25839,CVSS-only,4.3,5782
CVE-2022-27199,CVSS-only,4.3,5783
CVE-2022-27205,CVSS-only,4.3,5784
CVE-2022-27214,CVSS-only,4.3,5785
CVE-2022-27215,CVSS-only,4.3,5786
CVE-2022-27218,CVSS-only,4.3,5787
CVE-2022-27907,CVSS-only,4.3,5788
CVE-2022-28137,CVSS-only,4.3,5789
CVE-2022-28138,CVSS-only,4.3,5790
CVE-2022-28139,CVSS-only,4.3,5791
CVE-2022-28147,CVSS-only,4.3,5792
CVE-2022-28151,CVSS-only,4.3,5793
CVE-2022-28152,CVSS-only,4.3,5794
CVE-2021-36177,CVSS-only,4.2,5795
CVE-2021-36751,CVSS-only,4.2,5796
CVE-2021-38674,CVSS-only,4.2,5797
CVE-2021-40041,CVSS-only,4.2,5798
CVE-2021-40337,CVSS-only,4.2,5799
CVE-2022-0532,CVSS-only,4.2,5800
CVE-2022-0738,CVSS-only,4.2,5801
CVE-2022-21930,CVSS-only,4.2,5802
CVE-2022-21931,CVSS-only,4.2,5803
CVE-2022-24927,CVSS-only,4.2,5804
CVE-2022-24932,CVSS-only,4.2,5805
CVE-2022-25820,CVSS-only,4.2,5806
CVE-2021-39727,CVSS-only,4.1,5807
CVE-2021-39792,CVSS-only,4.1,5808
CVE-2021-4001,CVSS-only,4.1,5809
CVE-2021-44166,CVSS-only,4.1,5810
CVE-2022-0022,CVSS-only,4.1,5811
CVE-2022-20032,CVSS-only,4.1,5812
CVE-2022-24929,CVSS-only,4.1,5813
CVE-2022-25604,CVSS-only,4.1,5814
CVE-2022-25611,CVSS-only,4.1,5815
CVE-2022-25612,CVSS-only,4.1,5816
CVE-2022-25816,CVSS-only,4.1,5817
CVE-2021-23566,CVSS-only,4.0,5818
CVE-2021-32841,CVSS-only,4.0,5819
CVE-2021-32842,CVSS-only,4.0,5820
CVE-2021-4016,CVSS-only,4.0,5821
CVE-2022-0237,CVSS-only,4.0,5822
CVE-2022-0317,CVSS-only,4.0,5823
CVE-2022-22263,CVSS-only,4.0,5824
CVE-2022-22266,CVSS-only,4.0,5825
CVE-2022-22267,CVSS-only,4.0,5826
CVE-2022-22269,CVSS-only,4.0,5827
CVE-2022-22272,CVSS-only,4.0,5828
CVE-2022-23995,CVSS-only,4.0,5829
CVE-2022-23996,CVSS-only,4.0,5830
CVE-2022-23997,CVSS-only,4.0,5831
CVE-2022-24002,CVSS-only,4.0,5832
CVE-2022-24003,CVSS-only,4.0,5833
CVE-2022-24923,CVSS-only,4.0,5834
CVE-2022-25817,CVSS-only,4.0,5835
CVE-2022-25822,CVSS-only,4.0,5836
CVE-2022-25824,CVSS-only,4.0,5837
CVE-2022-27820,CVSS-only,4.0,5838
CVE-2022-21298,CVSS-only,3.9,5839
CVE-2022-22287,CVSS-only,3.9,5840
CVE-2022-23427,CVSS-only,3.9,5841
CVE-2022-23999,CVSS-only,3.9,5842
CVE-2022-24000,CVSS-only,3.9,5843
CVE-2021-22799,CVSS-only,3.8,5844
CVE-2021-3155,CVSS-only,3.8,5845
CVE-2022-0333,CVSS-only,3.8,5846
CVE-2022-0473,CVSS-only,3.8,5847
CVE-2022-21265,CVSS-only,3.8,5848
CVE-2022-21295,CVSS-only,3.8,5849
CVE-2022-24001,CVSS-only,3.8,5850
CVE-2022-25619,CVSS-only,3.8,5851
CVE-2022-25620,CVSS-only,3.8,5852
CVE-2003-5002,CVSS-only,3.7,5853
CVE-2021-36368,CVSS-only,3.7,5854
CVE-2021-40338,CVSS-only,3.7,5855
CVE-2021-40339,CVSS-only,3.7,5856
CVE-2021-40340,CVSS-only,3.7,5857
CVE-2022-21164,CVSS-only,3.7,5858
CVE-2022-21170,CVSS-only,3.7,5859
CVE-2022-21248,CVSS-only,3.7,5860
CVE-2022-21694,CVSS-only,3.7,5861
CVE-2022-22779,CVSS-only,3.7,5862
CVE-2022-22935,CVSS-only,3.7,5863
CVE-2022-23134,CVSS-only,3.7,5864
CVE-2022-23984,CVSS-only,3.7,5865
CVE-2022-24784,CVSS-only,3.7,5866
CVE-2022-24917,CVSS-only,3.7,5867
CVE-2022-24918,CVSS-only,3.7,5868
CVE-2022-24919,CVSS-only,3.7,5869
CVE-2021-25014,CVSS-only,3.5,5870
CVE-2021-25075,CVSS-only,3.5,5871
CVE-2021-39927,CVSS-only,3.5,5872
CVE-2021-4035,CVSS-only,3.5,5873
CVE-2021-41809,CVSS-only,3.5,5874
CVE-2021-45916,CVSS-only,3.5,5875
CVE-2022-0093,CVSS-only,3.5,5876
CVE-2022-0475,CVSS-only,3.5,5877
CVE-2022-0488,CVSS-only,3.5,5878
CVE-2022-0861,CVSS-only,3.5,5879
CVE-2022-1075,CVSS-only,3.5,5880
CVE-2022-1085,CVSS-only,3.5,5881
CVE-2022-1086,CVSS-only,3.5,5882
CVE-2022-1087,CVSS-only,3.5,5883
CVE-2022-1180,CVSS-only,3.5,5884
CVE-2022-21652,CVSS-only,3.5,5885
CVE-2022-21683,CVSS-only,3.5,5886
CVE-2022-24236,CVSS-only,3.5,5887
CVE-2022-24741,CVSS-only,3.5,5888
CVE-2020-35501,CVSS-only,3.4,5889
CVE-2021-23174,CVSS-only,3.4,5890
CVE-2022-21718,CVSS-only,3.4,5891
CVE-2022-25610,CVSS-only,3.4,5892
CVE-2018-25030,CVSS-only,3.3,5893
CVE-2021-34881,CVSS-only,3.3,5894
CVE-2021-34882,CVSS-only,3.3,5895
CVE-2021-34883,CVSS-only,3.3,5896
CVE-2021-34884,CVSS-only,3.3,5897
CVE-2021-34886,CVSS-only,3.3,5898
CVE-2021-34887,CVSS-only,3.3,5899
CVE-2021-34888,CVSS-only,3.3,5900
CVE-2021-34889,CVSS-only,3.3,5901
CVE-2021-34890,CVSS-only,3.3,5902
CVE-2021-34901,CVSS-only,3.3,5903
CVE-2021-34902,CVSS-only,3.3,5904
CVE-2021-34910,CVSS-only,3.3,5905
CVE-2021-34916,CVSS-only,3.3,5906
CVE-2021-34943,CVSS-only,3.3,5907
CVE-2021-34944,CVSS-only,3.3,5908
CVE-2021-35005,CVSS-only,3.3,5909
CVE-2021-38129,CVSS-only,3.3,5910
CVE-2021-39628,CVSS-only,3.3,5911
CVE-2021-39739,CVSS-only,3.3,5912
CVE-2021-3981,CVSS-only,3.3,5913
CVE-2021-40766,CVSS-only,3.3,5914
CVE-2021-40769,CVSS-only,3.3,5915
CVE-2021-43752,CVSS-only,3.3,5916
CVE-2021-44168,CVSS-only,3.3,5917
CVE-2021-44715,CVSS-only,3.3,5918
CVE-2021-44740,CVSS-only,3.3,5919
CVE-2021-44741,CVSS-only,3.3,5920
CVE-2021-44742,CVSS-only,3.3,5921
CVE-2021-45051,CVSS-only,3.3,5922
CVE-2021-45052,CVSS-only,3.3,5923
CVE-2021-45054,CVSS-only,3.3,5924
CVE-2021-45059,CVSS-only,3.3,5925
CVE-2021-46599,CVSS-only,3.3,5926
CVE-2021-46600,CVSS-only,3.3,5927
CVE-2021-46602,CVSS-only,3.3,5928
CVE-2021-46607,CVSS-only,3.3,5929
CVE-2021-46608,CVSS-only,3.3,5930
CVE-2022-0021,CVSS-only,3.3,5931
CVE-2022-0131,CVSS-only,3.3,5932
CVE-2022-0158,CVSS-only,3.3,5933
CVE-2022-0343,CVSS-only,3.3,5934
CVE-2022-0652,CVSS-only,3.3,5935
CVE-2022-0758,CVSS-only,3.3,5936
CVE-2022-1003,CVSS-only,3.3,5937
CVE-2022-21267,CVSS-only,3.3,5938
CVE-2022-21268,CVSS-only,3.3,5939
CVE-2022-21388,CVSS-only,3.3,5940
CVE-2022-21977,CVSS-only,3.3,5941
CVE-2022-22598,CVSS-only,3.3,5942
CVE-2022-22656,CVSS-only,3.3,5943
CVE-2022-22670,CVSS-only,3.3,5944
CVE-2022-23114,CVSS-only,3.3,5945
CVE-2022-23132,CVSS-only,3.3,5946
CVE-2022-23649,CVSS-only,3.3,5947
CVE-2022-23994,CVSS-only,3.3,5948
CVE-2022-24448,CVSS-only,3.3,5949
CVE-2022-24465,CVSS-only,3.3,5950
CVE-2022-25821,CVSS-only,3.3,5951
CVE-2022-26354,CVSS-only,3.2,5952
CVE-2021-3716,CVSS-only,3.1,5953
CVE-2022-0249,CVSS-only,3.1,5954
CVE-2022-0279,CVSS-only,3.1,5955
CVE-2022-0344,CVSS-only,3.1,5956
CVE-2022-0862,CVSS-only,3.1,5957
CVE-2021-25743,CVSS-only,3.0,5958
CVE-2022-21311,CVSS-only,2.9,5959
CVE-2022-21312,CVSS-only,2.9,5960
CVE-2022-21313,CVSS-only,2.9,5961
CVE-2022-21317,CVSS-only,2.9,5962
CVE-2022-21319,CVSS-only,2.9,5963
CVE-2022-21321,CVSS-only,2.9,5964
CVE-2022-21323,CVSS-only,2.9,5965
CVE-2022-21324,CVSS-only,2.9,5966
CVE-2022-21325,CVSS-only,2.9,5967
CVE-2022-21331,CVSS-only,2.9,5968
CVE-2022-21333,CVSS-only,2.9,5969
CVE-2022-21355,CVSS-only,2.9,5970
CVE-2022-21357,CVSS-only,2.9,5971
CVE-2017-20011,CVSS-only,2.8,5972
CVE-2017-20012,CVSS-only,2.8,5973
CVE-2017-20013,CVSS-only,2.8,5974
CVE-2017-20014,CVSS-only,2.8,5975
CVE-2017-20015,CVSS-only,2.8,5976
CVE-2020-16232,CVSS-only,2.8,5977
CVE-2022-22283,CVSS-only,2.8,5978
CVE-2022-22303,CVSS-only,2.8,5979
CVE-2021-25109,CVSS-only,2.7,5980
CVE-2021-25939,CVSS-only,2.7,5981
CVE-2021-28376,CVSS-only,2.7,5982
CVE-2021-29846,CVSS-only,2.7,5983
CVE-2021-38894,CVSS-only,2.7,5984
CVE-2021-44840,CVSS-only,2.7,5985
CVE-2021-46270,CVSS-only,2.7,5986
CVE-2022-21247,CVSS-only,2.7,5987
CVE-2022-21249,CVSS-only,2.7,5988
CVE-2022-21372,CVSS-only,2.7,5989
CVE-2020-15936,CVSS-only,2.6,5990
CVE-2021-23173,CVSS-only,2.6,5991
CVE-2021-37864,CVSS-only,2.6,5992
CVE-2022-0536,CVSS-only,2.6,5993
CVE-2022-24719,CVSS-only,2.6,5994
CVE-2022-24744,CVSS-only,2.6,5995
CVE-2021-43566,CVSS-only,2.5,5996
CVE-2021-44714,CVSS-only,2.5,5997
CVE-2022-21929,CVSS-only,2.5,5998
CVE-2019-4352,CVSS-only,2.4,5999
CVE-2021-27456,CVSS-only,2.4,6000
CVE-2021-41181,CVSS-only,2.4,6001
CVE-2022-0474,CVSS-only,2.4,6002
CVE-2022-22348,CVSS-only,2.4,6003
CVE-2022-22599,CVSS-only,2.4,6004
CVE-2020-8562,CVSS-only,2.2,6005
CVE-2022-24924,CVSS-only,2.2,6006
CVE-2021-41808,CVSS-only,2.0,6007
CVE-2022-1002,CVSS-only,2.0,6008
CVE-2022-22821,CVSS-only,2.0,6009
CVE-2022-27049,CVSS-only,2.0,6010
CVE-2022-25823,CVSS-only,1.9,6011
CVE-2022-25826,CVSS-only,1.9,6012
CVE-2022-25827,CVSS-only,1.9,6013
CVE-2022-25828,CVSS-only,1.9,6014
CVE-2022-25829,CVSS-only,1.9,6015
CVE-2022-25830,CVSS-only,1.9,6016
CVE-2020-12907,CVSS-only,0.0,6017
CVE-2020-12908,CVSS-only,0.0,6018
CVE-2020-12918,CVSS-only,0.0,6019
CVE-2020-12934,CVSS-only,0.0,6020
CVE-2020-12937,CVSS-only,0.0,6021
CVE-2020-12938,CVSS-only,0.0,6022
CVE-2020-12939,CVSS-only,0.0,6023
CVE-2020-12942,CVSS-only,0.0,6024
CVE-2020-12943,CVSS-only,0.0,6025
CVE-2020-12945,CVSS-only,0.0,6026
CVE-2020-12947,CVSS-only,0.0,6027
CVE-2020-12948,CVSS-only,0.0,6028
CVE-2020-12949,CVSS-only,0.0,6029
CVE-2020-12950,CVSS-only,0.0,6030
CVE-2020-12952,CVSS-only,0.0,6031
CVE-2020-12953,CVSS-only,0.0,6032
CVE-2020-12955,CVSS-only,0.0,6033
CVE-2020-12956,CVSS-only,0.0,6034
CVE-2020-12958,CVSS-only,0.0,6035
CVE-2020-13010,CVSS-only,0.0,6036
CVE-2020-13011,CVSS-only,0.0,6037
CVE-2020-13012,CVSS-only,0.0,6038
CVE-2020-13013,CVSS-only,0.0,6039
CVE-2020-13014,CVSS-only,0.0,6040
CVE-2020-13015,CVSS-only,0.0,6041
CVE-2020-13016,CVSS-only,0.0,6042
CVE-2020-13017,CVSS-only,0.0,6043
CVE-2020-13018,CVSS-only,0.0,6044
CVE-2020-13019,CVSS-only,0.0,6045
CVE-2020-13020,CVSS-only,0.0,6046
CVE-2020-13021,CVSS-only,0.0,6047
CVE-2020-13022,CVSS-only,0.0,6048
CVE-2020-13023,CVSS-only,0.0,6049
CVE-2020-13024,CVSS-only,0.0,6050
CVE-2020-13025,CVSS-only,0.0,6051
CVE-2020-13026,CVSS-only,0.0,6052
CVE-2020-13027,CVSS-only,0.0,6053
CVE-2020-13028,CVSS-only,0.0,6054
CVE-2020-13029,CVSS-only,0.0,6055
CVE-2020-13030,CVSS-only,0.0,6056
CVE-2020-13031,CVSS-only,0.0,6057
CVE-2020-13032,CVSS-only,0.0,6058
CVE-2020-13033,CVSS-only,0.0,6059
CVE-2020-13034,CVSS-only,0.0,6060
CVE-2020-13035,CVSS-only,0.0,6061
CVE-2020-13036,CVSS-only,0.0,6062
CVE-2020-13037,CVSS-only,0.0,6063
CVE-2020-13038,CVSS-only,0.0,6064
CVE-2020-13039,CVSS-only,0.0,6065
CVE-2020-13040,CVSS-only,0.0,6066
CVE-2020-13041,CVSS-only,0.0,6067
CVE-2020-13042,CVSS-only,0.0,6068
CVE-2020-13043,CVSS-only,0.0,6069
CVE-2020-13044,CVSS-only,0.0,6070
CVE-2020-13045,CVSS-only,0.0,6071
CVE-2020-13046,CVSS-only,0.0,6072
CVE-2020-13047,CVSS-only,0.0,6073
CVE-2020-13048,CVSS-only,0.0,6074
CVE-2020-13049,CVSS-only,0.0,6075
CVE-2020-13050,CVSS-only,0.0,6076
CVE-2020-13051,CVSS-only,0.0,6077
CVE-2020-13052,CVSS-only,0.0,6078
CVE-2020-13053,CVSS-only,0.0,6079
CVE-2020-13054,CVSS-only,0.0,6080
CVE-2020-13055,CVSS-only,0.0,6081
CVE-2020-13056,CVSS-only,0.0,6082
CVE-2020-13057,CVSS-only,0.0,6083
CVE-2020-13058,CVSS-only,0.0,6084
CVE-2020-13059,CVSS-only,0.0,6085
CVE-2020-13060,CVSS-only,0.0,6086
CVE-2020-13061,CVSS-only,0.0,6087
CVE-2020-13062,CVSS-only,0.0,6088
CVE-2020-13063,CVSS-only,0.0,6089
CVE-2020-13064,CVSS-only,0.0,6090
CVE-2020-13065,CVSS-only,0.0,6091
CVE-2020-13066,CVSS-only,0.0,6092
CVE-2020-13067,CVSS-only,0.0,6093
CVE-2020-13068,CVSS-only,0.0,6094
CVE-2020-13069,CVSS-only,0.0,6095
CVE-2020-13070,CVSS-only,0.0,6096
CVE-2020-13071,CVSS-only,0.0,6097
CVE-2020-13072,CVSS-only,0.0,6098
CVE-2020-13073,CVSS-only,0.0,6099
CVE-2020-13074,CVSS-only,0.0,6100
CVE-2020-13075,CVSS-only,0.0,6101
CVE-2020-13076,CVSS-only,0.0,6102
CVE-2020-13077,CVSS-only,0.0,6103
CVE-2020-13078,CVSS-only,0.0,6104
CVE-2020-13079,CVSS-only,0.0,6105
CVE-2020-13080,CVSS-only,0.0,6106
CVE-2020-13081,CVSS-only,0.0,6107
CVE-2020-13082,CVSS-only,0.0,6108
CVE-2020-13083,CVSS-only,0.0,6109
CVE-2020-13084,CVSS-only,0.0,6110
CVE-2020-13085,CVSS-only,0.0,6111
CVE-2020-13086,CVSS-only,0.0,6112
CVE-2020-13087,CVSS-only,0.0,6113
CVE-2020-13088,CVSS-only,0.0,6114
CVE-2020-13089,CVSS-only,0.0,6115
CVE-2020-13713,CVSS-only,0.0,6116
CVE-2020-13714,CVSS-only,0.0,6117
CVE-2020-13715,CVSS-only,0.0,6118
CVE-2020-13716,CVSS-only,0.0,6119
CVE-2020-13717,CVSS-only,0.0,6120
CVE-2020-13718,CVSS-only,0.0,6121
CVE-2020-13719,CVSS-only,0.0,6122
CVE-2020-13720,CVSS-only,0.0,6123
CVE-2020-13721,CVSS-only,0.0,6124
CVE-2020-13722,CVSS-only,0.0,6125
CVE-2020-13723,CVSS-only,0.0,6126
CVE-2020-13724,CVSS-only,0.0,6127
CVE-2020-13725,CVSS-only,0.0,6128
CVE-2020-13726,CVSS-only,0.0,6129
CVE-2020-13727,CVSS-only,0.0,6130
CVE-2020-13728,CVSS-only,0.0,6131
CVE-2020-13729,CVSS-only,0.0,6132
CVE-2020-13730,CVSS-only,0.0,6133
CVE-2020-13731,CVSS-only,0.0,6134
CVE-2020-13732,CVSS-only,0.0,6135
CVE-2020-13733,CVSS-only,0.0,6136
CVE-2020-13734,CVSS-only,0.0,6137
CVE-2020-13735,CVSS-only,0.0,6138
CVE-2020-13736,CVSS-only,0.0,6139
CVE-2020-13737,CVSS-only,0.0,6140
CVE-2020-13738,CVSS-only,0.0,6141
CVE-2020-13739,CVSS-only,0.0,6142
CVE-2020-13740,CVSS-only,0.0,6143
CVE-2020-13741,CVSS-only,0.0,6144
CVE-2020-13742,CVSS-only,0.0,6145
CVE-2020-13743,CVSS-only,0.0,6146
CVE-2020-13744,CVSS-only,0.0,6147
CVE-2020-13745,CVSS-only,0.0,6148
CVE-2020-13746,CVSS-only,0.0,6149
CVE-2020-13747,CVSS-only,0.0,6150
CVE-2020-13748,CVSS-only,0.0,6151
CVE-2020-13749,CVSS-only,0.0,6152
CVE-2020-13750,CVSS-only,0.0,6153
CVE-2020-13751,CVSS-only,0.0,6154
CVE-2020-13752,CVSS-only,0.0,6155
CVE-2020-36123,CVSS-only,0.0,6156
CVE-2021-20002,CVSS-only,0.0,6157
CVE-2021-20003,CVSS-only,0.0,6158
CVE-2021-20004,CVSS-only,0.0,6159
CVE-2021-20005,CVSS-only,0.0,6160
CVE-2021-20006,CVSS-only,0.0,6161
CVE-2021-20007,CVSS-only,0.0,6162
CVE-2021-20008,CVSS-only,0.0,6163
CVE-2021-20009,CVSS-only,0.0,6164
CVE-2021-20010,CVSS-only,0.0,6165
CVE-2021-20011,CVSS-only,0.0,6166
CVE-2021-20012,CVSS-only,0.0,6167
CVE-2021-20013,CVSS-only,0.0,6168
CVE-2021-20014,CVSS-only,0.0,6169
CVE-2021-20015,CVSS-only,0.0,6170
CVE-2021-22686,CVSS-only,0.0,6171
CVE-2021-22687,CVSS-only,0.0,6172
CVE-2021-22688,CVSS-only,0.0,6173
CVE-2021-22689,CVSS-only,0.0,6174
CVE-2021-22690,CVSS-only,0.0,6175
CVE-2021-22691,CVSS-only,0.0,6176
CVE-2021-22692,CVSS-only,0.0,6177
CVE-2021-22693,CVSS-only,0.0,6178
CVE-2021-22694,CVSS-only,0.0,6179
CVE-2021-22695,CVSS-only,0.0,6180
CVE-2021-26041,CVSS-only,0.0,6181
CVE-2021-26042,CVSS-only,0.0,6182
CVE-2021-26043,CVSS-only,0.0,6183
CVE-2021-26044,CVSS-only,0.0,6184
CVE-2021-26045,CVSS-only,0.0,6185
CVE-2021-26046,CVSS-only,0.0,6186
CVE-2021-26047,CVSS-only,0.0,6187
CVE-2021-26048,CVSS-only,0.0,6188
CVE-2021-26049,CVSS-only,0.0,6189
CVE-2021-26050,CVSS-only,0.0,6190
CVE-2021-26051,CVSS-only,0.0,6191
CVE-2021-26052,CVSS-only,0.0,6192
CVE-2021-26053,CVSS-only,0.0,6193
CVE-2021-26054,CVSS-only,0.0,6194
CVE-2021-26055,CVSS-only,0.0,6195
CVE-2021-26056,CVSS-only,0.0,6196
CVE-2021-26057,CVSS-only,0.0,6197
CVE-2021-26058,CVSS-only,0.0,6198
CVE-2021-26059,CVSS-only,0.0,6199
CVE-2021-26060,CVSS-only,0.0,6200
CVE-2021-26061,CVSS-only,0.0,6201
CVE-2021-26062,CVSS-only,0.0,6202
CVE-2021-26063,CVSS-only,0.0,6203
CVE-2021-26064,CVSS-only,0.0,6204
CVE-2021-26065,CVSS-only,0.0,6205
CVE-2021-26066,CVSS-only,0.0,6206
CVE-2021-27000,CVSS-only,0.0,6207
CVE-2021-27008,CVSS-only,0.0,6208
CVE-2021-27009,CVSS-only,0.0,6209
CVE-2021-27010,CVSS-only,0.0,6210
CVE-2021-27011,CVSS-only,0.0,6211
CVE-2021-27012,CVSS-only,0.0,6212
CVE-2021-27013,CVSS-only,0.0,6213
CVE-2021-27014,CVSS-only,0.0,6214
CVE-2021-27015,CVSS-only,0.0,6215
CVE-2021-27016,CVSS-only,0.0,6216
CVE-2021-32501,CVSS-only,0.0,6217
CVE-2021-32502,CVSS-only,0.0,6218
CVE-2021-32505,CVSS-only,0.0,6219
CVE-2021-3534,CVSS-only,0.0,6220
CVE-2021-3558,CVSS-only,0.0,6221
CVE-2021-3648,CVSS-only,0.0,6222
CVE-2021-36734,CVSS-only,0.0,6223
CVE-2021-36735,CVSS-only,0.0,6224
CVE-2021-36736,CVSS-only,0.0,6225
CVE-2021-36810,CVSS-only,0.0,6226
CVE-2021-36811,CVSS-only,0.0,6227
CVE-2021-36812,CVSS-only,0.0,6228
CVE-2021-36813,CVSS-only,0.0,6229
CVE-2021-36814,CVSS-only,0.0,6230
CVE-2021-36815,CVSS-only,0.0,6231
CVE-2021-36816,CVSS-only,0.0,6232
CVE-2021-36817,CVSS-only,0.0,6233
CVE-2021-36818,CVSS-only,0.0,6234
CVE-2021-36819,CVSS-only,0.0,6235
CVE-2021-36820,CVSS-only,0.0,6236
CVE-2021-37853,CVSS-only,0.0,6237
CVE-2021-37854,CVSS-only,0.0,6238
CVE-2021-37855,CVSS-only,0.0,6239
CVE-2021-37856,CVSS-only,0.0,6240
CVE-2021-37857,CVSS-only,0.0,6241
CVE-2021-37858,CVSS-only,0.0,6242
CVE-2021-38577,CVSS-only,0.0,6243
CVE-2021-3867,CVSS-only,0.0,6244
CVE-2021-3868,CVSS-only,0.0,6245
CVE-2021-3870,CVSS-only,0.0,6246
CVE-2021-3871,CVSS-only,0.0,6247
CVE-2021-3873,CVSS-only,0.0,6248
CVE-2021-3876,CVSS-only,0.0,6249
CVE-2021-3877,CVSS-only,0.0,6250
CVE-2021-3880,CVSS-only,0.0,6251
CVE-2021-3883,CVSS-only,0.0,6252
CVE-2021-3884,CVSS-only,0.0,6253
CVE-2021-3886,CVSS-only,0.0,6254
CVE-2021-3887,CVSS-only,0.0,6255
CVE-2021-38892,CVSS-only,0.0,6256
CVE-2021-3893,CVSS-only,0.0,6257
CVE-2021-3937,CVSS-only,0.0,6258
CVE-2021-3940,CVSS-only,0.0,6259
CVE-2021-39705,CVSS-only,0.0,6260
CVE-2021-40395,CVSS-only,0.0,6261
CVE-2021-40696,CVSS-only,0.0,6262
CVE-2021-41610,CVSS-only,0.0,6263
CVE-2021-42186,CVSS-only,0.0,6264
CVE-2021-4220,CVSS-only,0.0,6265
CVE-2021-43085,CVSS-only,0.0,6266
CVE-2021-44103,CVSS-only,0.0,6267
CVE-2021-44121,CVSS-only,0.0,6268
CVE-2021-44569,CVSS-only,0.0,6269
CVE-2021-44570,CVSS-only,0.0,6270
CVE-2021-44571,CVSS-only,0.0,6271
CVE-2021-44573,CVSS-only,0.0,6272
CVE-2021-44574,CVSS-only,0.0,6273
CVE-2021-44575,CVSS-only,0.0,6274
CVE-2021-44576,CVSS-only,0.0,6275
CVE-2021-44577,CVSS-only,0.0,6276
CVE-2021-44597,CVSS-only,0.0,6277
CVE-2021-44907,CVSS-only,0.0,6278
CVE-2021-45388,CVSS-only,0.0,6279
CVE-2021-45774,CVSS-only,0.0,6280
CVE-2021-45775,CVSS-only,0.0,6281
CVE-2021-45778,CVSS-only,0.0,6282
CVE-2021-45779,CVSS-only,0.0,6283
CVE-2021-45780,CVSS-only,0.0,6284
CVE-2021-45781,CVSS-only,0.0,6285
CVE-2021-45782,CVSS-only,0.0,6286
CVE-2021-45817,CVSS-only,0.0,6287
CVE-2021-45945,CVSS-only,0.0,6288
CVE-2021-45959,CVSS-only,0.0,6289
CVE-2021-46012,CVSS-only,0.0,6290
CVE-2021-46058,CVSS-only,0.0,6291
CVE-2021-46059,CVSS-only,0.0,6292
CVE-2021-46060,CVSS-only,0.0,6293
CVE-2021-46380,CVSS-only,0.0,6294
CVE-2021-46388,CVSS-only,0.0,6295
CVE-2021-46439,CVSS-only,0.0,6296
CVE-2022-0177,CVSS-only,0.0,6297
CVE-2022-0227,CVSS-only,0.0,6298
CVE-2022-0329,CVSS-only,0.0,6299
CVE-2022-0498,CVSS-only,0.0,6300
CVE-2022-0655,CVSS-only,0.0,6301
CVE-2022-0886,CVSS-only,0.0,6302
CVE-2022-1072,CVSS-only,0.0,6303
CVE-2022-22122,CVSS-only,0.0,6304
CVE-2022-22623,CVSS-only,0.0,6305
CVE-2022-23967,CVSS-only,0.0,6306
CVE-2022-24445,CVSS-only,0.0,6307
CVE-2022-24727,CVSS-only,0.0,6308
CVE-2022-25019,CVSS-only,0.0,6309
CVE-2022-25029,CVSS-only,0.0,6310
CVE-2022-26200,CVSS-only,0.0,6311
CVE-2022-26333,CVSS-only,0.0,6312
CVE-2022-26351,CVSS-only,0.0,6313
CVE-2022-26487,CVSS-only,0.0,6314
CVE-2022-26502,CVSS-only,0.0,6315
CVE-2022-26620,CVSS-only,0.0,6316
CVE-2022-1040,EPSS-only,0.99796,1
CVE-2022-0543,EPSS-only,0.99351,2
CVE-2022-24086,EPSS-only,0.99199,3
CVE-2022-24637,EPSS-only,0.99055,4
CVE-2022-22947,EPSS-only,0.98253,5
CVE-2022-22536,EPSS-only,0.97945,6
CVE-2021-45382,EPSS-only,0.97836,7
CVE-2022-21661,EPSS-only,0.97795,8
CVE-2022-0824,EPSS-only,0.96977,9
CVE-2021-35587,EPSS-only,0.96284,10
CVE-2022-24112,EPSS-only,0.96001,11
CVE-2022-23131,EPSS-only,0.95683,12
CVE-2021-4034,EPSS-only,0.94921,13
CVE-2022-21907,EPSS-only,0.9279,14
CVE-2022-21371,EPSS-only,0.92649,15
CVE-2021-46065,EPSS-only,0.91737,16
CVE-2022-0847,EPSS-only,0.89721,17
CVE-2022-24716,EPSS-only,0.89378,18
CVE-2021-45456,EPSS-only,0.88887,19
CVE-2022-26143,EPSS-only,0.87212,20
CVE-2021-41282,EPSS-only,0.87113,21
CVE-2021-24762,EPSS-only,0.86782,22
CVE-2022-0306,EPSS-only,0.85352,23
CVE-2022-0441,EPSS-only,0.85334,24
CVE-2022-23134,EPSS-only,0.84657,25
CVE-2022-0342,EPSS-only,0.8442,26
CVE-2021-25080,EPSS-only,0.842,27
CVE-2021-3781,EPSS-only,0.83913,28
CVE-2021-23174,EPSS-only,0.83853,29
CVE-2021-34996,EPSS-only,0.82258,30
CVE-2022-20615,EPSS-only,0.81842,31
CVE-2021-25114,EPSS-only,0.81828,32
CVE-2022-25148,EPSS-only,0.8093,33
CVE-2022-26258,EPSS-only,0.80377,34
CVE-2022-20705,EPSS-only,0.80031,35
CVE-2021-4191,EPSS-only,0.80004,36
CVE-2022-23944,EPSS-only,0.79007,37
CVE-2022-21279,EPSS-only,0.78951,38
CVE-2022-25305,EPSS-only,0.78905,39
CVE-2022-26318,EPSS-only,0.78157,40
CVE-2022-25149,EPSS-only,0.77956,41
CVE-2022-24288,EPSS-only,0.7788,42
CVE-2022-24734,EPSS-only,0.77827,43
CVE-2022-1179,EPSS-only,0.769,44
CVE-2022-21280,EPSS-only,0.76548,45
CVE-2022-20707,EPSS-only,0.75322,46
CVE-2022-23178,EPSS-only,0.75159,47
CVE-2022-0169,EPSS-only,0.74615,48
CVE-2022-23642,EPSS-only,0.7431,49
CVE-2022-0412,EPSS-only,0.73998,50
CVE-2021-44142,EPSS-only,0.73864,51
CVE-2021-24862,EPSS-only,0.73293,52
CVE-2022-0778,EPSS-only,0.73188,53
CVE-2022-20699,EPSS-only,0.72458,54
CVE-2021-4045,EPSS-only,0.72376,55
CVE-2021-4039,EPSS-only,0.71048,56
CVE-2022-0218,EPSS-only,0.70511,57
CVE-2021-45010,EPSS-only,0.7008,58
CVE-2022-22719,EPSS-only,0.69803,59
CVE-2022-0364,EPSS-only,0.69552,60
CVE-2021-34995,EPSS-only,0.68864,61
CVE-2022-0435,EPSS-only,0.67994,62
CVE-2022-0832,EPSS-only,0.6662,63
CVE-2022-23305,EPSS-only,0.66537,64
CVE-2022-0415,EPSS-only,0.65237,65
CVE-2022-23221,EPSS-only,0.64766,66
CVE-2022-21662,EPSS-only,0.64529,67
CVE-2022-23302,EPSS-only,0.63556,68
CVE-2021-42392,EPSS-only,0.63211,69
CVE-2022-24223,EPSS-only,0.61965,70
CVE-2022-25061,EPSS-only,0.58701,71
CVE-2021-46381,EPSS-only,0.57984,72
CVE-2022-22274,EPSS-only,0.57591,73
CVE-2021-44703,EPSS-only,0.57304,74
CVE-2021-45428,EPSS-only,0.56931,75
CVE-2022-23881,EPSS-only,0.56509,76
CVE-2022-23253,EPSS-only,0.56376,77
CVE-2022-25075,EPSS-only,0.56248,78
CVE-2021-25003,EPSS-only,0.56148,79
CVE-2022-21882,EPSS-only,0.55711,80
CVE-2021-43942,EPSS-only,0.55364,81
CVE-2022-24124,EPSS-only,0.55295,82
CVE-2021-44521,EPSS-only,0.55006,83
CVE-2022-23307,EPSS-only,0.54411,84
CVE-2021-44827,EPSS-only,0.53956,85
CVE-2022-21971,EPSS-only,0.53934,86
CVE-2022-25487,EPSS-only,0.53839,87
CVE-2022-0513,EPSS-only,0.5346,88
CVE-2022-26148,EPSS-only,0.53439,89
CVE-2022-23940,EPSS-only,0.53235,90
CVE-2022-1058,EPSS-only,0.53177,91
CVE-2018-25032,EPSS-only,0.51733,92
CVE-2022-1178,EPSS-only,0.51613,93
CVE-2022-1181,EPSS-only,0.51472,94
CVE-2022-0557,EPSS-only,0.51193,95
CVE-2022-26960,EPSS-only,0.50993,96
CVE-2022-23943,EPSS-only,0.50401,97
CVE-2022-24260,EPSS-only,0.49992,98
CVE-2022-23227,EPSS-only,0.49431,99
CVE-2022-23833,EPSS-only,0.49246,100
CVE-2022-24760,EPSS-only,0.49081,101
CVE-2022-0679,EPSS-only,0.4783,102
CVE-2021-40407,EPSS-only,0.47635,103
CVE-2022-22909,EPSS-only,0.45434,104
CVE-2022-0332,EPSS-only,0.44918,105
CVE-2022-24313,EPSS-only,0.44559,106
CVE-2022-0666,EPSS-only,0.44259,107
CVE-2022-0479,EPSS-only,0.43807,108
CVE-2022-0482,EPSS-only,0.43746,109
CVE-2022-21993,EPSS-only,0.43618,110
CVE-2018-25031,EPSS-only,0.42326,111
CVE-2022-22721,EPSS-only,0.41861,112
CVE-2022-26263,EPSS-only,0.41722,113
CVE-2022-21999,EPSS-only,0.41683,114
CVE-2022-0819,EPSS-only,0.4101,115
CVE-2022-25060,EPSS-only,0.4015,116
CVE-2022-23277,EPSS-only,0.40028,117
CVE-2022-0888,EPSS-only,0.39393,118
CVE-2021-44708,EPSS-only,0.39318,119
CVE-2021-35380,EPSS-only,0.38954,120
CVE-2022-22916,EPSS-only,0.38651,121
CVE-2021-43711,EPSS-only,0.37835,122
CVE-2022-21647,EPSS-only,0.37671,123
CVE-2022-22733,EPSS-only,0.37594,124
CVE-2022-25359,EPSS-only,0.37295,125
CVE-2021-20323,EPSS-only,0.37246,126
CVE-2022-0739,EPSS-only,0.37171,127
CVE-2022-25064,EPSS-only,0.36473,128
CVE-2022-26965,EPSS-only,0.36257,129
CVE-2022-25236,EPSS-only,0.35867,130
CVE-2022-0848,EPSS-only,0.35436,131
CVE-2021-43118,EPSS-only,0.34845,132
CVE-2022-0349,EPSS-only,0.34359,133
CVE-2022-25766,EPSS-only,0.34303,134
CVE-2022-27226,EPSS-only,0.33702,135
CVE-2021-46314,EPSS-only,0.33287,136
CVE-2022-24502,EPSS-only,0.33063,137
CVE-2022-25077,EPSS-only,0.32552,138
CVE-2022-0651,EPSS-only,0.32212,139
CVE-2021-46378,EPSS-only,0.31863,140
CVE-2022-24463,EPSS-only,0.3179,141
CVE-2022-24682,EPSS-only,0.30931,142
CVE-2022-26265,EPSS-only,0.30367,143
CVE-2021-44709,EPSS-only,0.29951,144
CVE-2021-31589,EPSS-only,0.28207,145
CVE-2022-0289,EPSS-only,0.28196,146
CVE-2022-22720,EPSS-only,0.28189,147
CVE-2021-40410,EPSS-only,0.27876,148
CVE-2021-40412,EPSS-only,0.27477,149
CVE-2022-23648,EPSS-only,0.27392,150
CVE-2021-34805,EPSS-only,0.26823,151
CVE-2021-3654,EPSS-only,0.26792,152
CVE-2022-0572,EPSS-only,0.26583,153
CVE-2022-23111,EPSS-only,0.26546,154
CVE-2022-23285,EPSS-only,0.25628,155
CVE-2022-26213,EPSS-only,0.2558,156
CVE-2022-24237,EPSS-only,0.25339,157
CVE-2022-23046,EPSS-only,0.25243,158
CVE-2022-0185,EPSS-only,0.25151,159
CVE-2022-21881,EPSS-only,0.25019,160
CVE-2022-25084,EPSS-only,0.24845,161
CVE-2021-44757,EPSS-only,0.24195,162
CVE-2022-22930,EPSS-only,0.23694,163
CVE-2022-25094,EPSS-only,0.23261,164
CVE-2021-44567,EPSS-only,0.23084,165
CVE-2022-26272,EPSS-only,0.22471,166
CVE-2022-23119,EPSS-only,0.2225,167
CVE-2021-3560,EPSS-only,0.22193,168
CVE-2022-23389,EPSS-only,0.21951,169
CVE-2021-46704,EPSS-only,0.21901,170
CVE-2021-31932,EPSS-only,0.21639,171
CVE-2022-21824,EPSS-only,0.21514,172
CVE-2021-22823,EPSS-only,0.21388,173
CVE-2021-46387,EPSS-only,0.21028,174
CVE-2021-26599,EPSS-only,0.20968,175
CVE-2021-44701,EPSS-only,0.20906,176
CVE-2021-45967,EPSS-only,0.208,177
CVE-2022-27228,EPSS-only,0.20776,178
CVE-2022-24934,EPSS-only,0.2047,179
CVE-2022-22951,EPSS-only,0.20319,180
CVE-2021-44261,EPSS-only,0.20305,181
CVE-2022-0591,EPSS-only,0.20249,182
CVE-2021-22802,EPSS-only,0.20165,183
CVE-2022-23357,EPSS-only,0.19877,184
CVE-2022-23375,EPSS-only,0.19872,185
CVE-2022-26871,EPSS-only,0.19633,186
CVE-2022-26187,EPSS-only,0.19579,187
CVE-2021-42561,EPSS-only,0.19572,188
CVE-2022-24315,EPSS-only,0.19255,189
CVE-2022-0811,EPSS-only,0.19046,190
CVE-2021-45420,EPSS-only,0.18957,191
CVE-2021-24867,EPSS-only,0.18878,192
CVE-2022-21990,EPSS-only,0.18842,193
CVE-2022-24144,EPSS-only,0.18506,194
CVE-2022-22718,EPSS-only,0.18464,195
CVE-2022-25089,EPSS-only,0.18377,196
CVE-2022-24314,EPSS-only,0.18178,197
CVE-2021-24786,EPSS-only,0.17348,198
CVE-2021-25076,EPSS-only,0.1712,199
CVE-2021-43297,EPSS-only,0.16969,200
CVE-2022-24218,EPSS-only,0.1695,201
CVE-2022-22005,EPSS-only,0.16825,202
CVE-2022-24295,EPSS-only,0.16571,203
CVE-2022-0711,EPSS-only,0.16563,204
CVE-2022-21820,EPSS-only,0.16508,205
CVE-2021-45062,EPSS-only,0.16497,206
CVE-2021-41987,EPSS-only,0.16229,207
CVE-2022-22620,EPSS-only,0.16214,208
CVE-2021-46393,EPSS-only,0.15916,209
CVE-2020-27467,EPSS-only,0.15737,210
CVE-2021-46379,EPSS-only,0.15701,211
CVE-2022-25082,EPSS-only,0.15673,212
CVE-2022-23779,EPSS-only,0.1514,213
CVE-2022-0437,EPSS-only,0.15054,214
CVE-2022-0747,EPSS-only,0.14882,215
CVE-2022-20708,EPSS-only,0.14863,216
CVE-2022-26245,EPSS-only,0.14844,217
CVE-2022-0434,EPSS-only,0.14783,218
CVE-2021-44715,EPSS-only,0.14701,219
CVE-2022-24715,EPSS-only,0.1467,220
CVE-2022-20650,EPSS-only,0.1455,221
CVE-2022-22835,EPSS-only,0.145,222
CVE-2022-24713,EPSS-only,0.1446,223
CVE-2022-23329,EPSS-only,0.1441,224
CVE-2021-45901,EPSS-only,0.14316,225
CVE-2021-22824,EPSS-only,0.14241,226
CVE-2022-22832,EPSS-only,0.14058,227
CVE-2022-23347,EPSS-only,0.13844,228
CVE-2022-25216,EPSS-only,0.13835,229
CVE-2022-23409,EPSS-only,0.13759,230
CVE-2022-24995,EPSS-only,0.13596,231
CVE-2022-0595,EPSS-only,0.13575,232
CVE-2021-44967,EPSS-only,0.13502,233
CVE-2022-26159,EPSS-only,0.13372,234
CVE-2022-22948,EPSS-only,0.13282,235
CVE-2022-0735,EPSS-only,0.13227,236
CVE-2022-25072,EPSS-only,0.13034,237
CVE-2022-25073,EPSS-only,0.13034,238
CVE-2022-25074,EPSS-only,0.13034,239
CVE-2021-43062,EPSS-only,0.12936,240
CVE-2021-46354,EPSS-only,0.12888,241
CVE-2021-24926,EPSS-only,0.12857,242
CVE-2021-44664,EPSS-only,0.12782,243
CVE-2022-23176,EPSS-only,0.12692,244
CVE-2022-22715,EPSS-only,0.12636,245
CVE-2021-46009,EPSS-only,0.12531,246
CVE-2022-20624,EPSS-only,0.12404,247
CVE-2021-45392,EPSS-only,0.12294,248
CVE-2022-0714,EPSS-only,0.12272,249
CVE-2022-25546,EPSS-only,0.12269,250
CVE-2021-45068,EPSS-only,0.12264,251
CVE-2022-22806,EPSS-only,0.12256,252
CVE-2022-0281,EPSS-only,0.1201,253
CVE-2022-24954,EPSS-only,0.11926,254
CVE-2022-20623,EPSS-only,0.11859,255
CVE-2022-22805,EPSS-only,0.11664,256
CVE-2022-22587,EPSS-only,0.11638,257
CVE-2022-23437,EPSS-only,0.11615,258
CVE-2021-44710,EPSS-only,0.11613,259
CVE-2021-3737,EPSS-only,0.11586,260
CVE-2022-22833,EPSS-only,0.11576,261
CVE-2022-25450,EPSS-only,0.1155,262
CVE-2021-45064,EPSS-only,0.11546,263
CVE-2022-22831,EPSS-only,0.11441,264
CVE-2022-25347,EPSS-only,0.11386,265
CVE-2022-25090,EPSS-only,0.111,266
CVE-2022-0760,EPSS-only,0.10825,267
CVE-2021-44704,EPSS-only,0.10801,268
CVE-2021-43734,EPSS-only,0.10728,269
CVE-2021-26598,EPSS-only,0.10528,270
CVE-2022-25414,EPSS-only,0.10439,271
CVE-2021-45968,EPSS-only,0.10385,272
CVE-2021-44532,EPSS-only,0.10364,273
CVE-2021-44864,EPSS-only,0.10187,274
CVE-2022-0784,EPSS-only,0.10079,275
CVE-2021-44711,EPSS-only,0.09979,276
CVE-2022-25486,EPSS-only,0.09966,277
CVE-2022-23626,EPSS-only,0.09874,278
CVE-2022-20701,EPSS-only,0.09747,279
CVE-2022-26887,EPSS-only,0.09731,280
CVE-2022-22588,EPSS-only,0.09661,281
CVE-2021-33912,EPSS-only,0.09643,282
CVE-2021-33913,EPSS-only,0.09643,283
CVE-2022-26521,EPSS-only,0.09615,284
CVE-2022-0995,EPSS-only,0.09518,285
CVE-2021-44533,EPSS-only,0.09358,286
CVE-2022-26149,EPSS-only,0.09314,287
CVE-2022-21137,EPSS-only,0.09271,288
CVE-2022-20703,EPSS-only,0.09203,289
CVE-2021-46360,EPSS-only,0.09183,290
CVE-2022-26013,EPSS-only,0.09136,291
CVE-2022-25434,EPSS-only,0.09135,292
CVE-2021-43779,EPSS-only,0.09132,293
CVE-2022-25445,EPSS-only,0.09007,294
CVE-2022-22707,EPSS-only,0.08969,295
CVE-2021-44673,EPSS-only,0.08963,296
CVE-2022-0846,EPSS-only,0.08785,297
CVE-2022-25547,EPSS-only,0.08767,298
CVE-2022-0944,EPSS-only,0.08669,299
CVE-2021-44706,EPSS-only,0.08656,300
CVE-2022-21705,EPSS-only,0.0865,301
CVE-2022-0658,EPSS-only,0.08631,302
CVE-2022-0787,EPSS-only,0.08631,303
CVE-2021-45060,EPSS-only,0.08618,304
CVE-2021-23138,EPSS-only,0.08595,305
CVE-2022-25106,EPSS-only,0.08588,306
CVE-2021-28377,EPSS-only,0.08389,307
CVE-2021-44531,EPSS-only,0.08373,308
CVE-2021-44707,EPSS-only,0.08366,309
CVE-2022-21293,EPSS-only,0.08346,310
CVE-2022-25322,EPSS-only,0.08346,311
CVE-2022-0391,EPSS-only,0.08325,312
CVE-2022-24263,EPSS-only,0.08244,313
CVE-2022-23614,EPSS-only,0.08209,314
CVE-2022-22639,EPSS-only,0.08191,315
CVE-2022-0422,EPSS-only,0.0812,316
CVE-2022-23808,EPSS-only,0.07936,317
CVE-2021-43859,EPSS-only,0.07934,318
CVE-2022-25485,EPSS-only,0.07927,319
CVE-2021-45061,EPSS-only,0.07869,320
CVE-2021-44451,EPSS-only,0.07863,321
CVE-2021-4102,EPSS-only,0.07836,322
CVE-2022-21340,EPSS-only,0.07748,323
CVE-2021-35003,EPSS-only,0.07743,324
CVE-2021-35004,EPSS-only,0.07743,325
CVE-2021-40167,EPSS-only,0.07734,326
CVE-2022-23898,EPSS-only,0.07734,327
CVE-2019-16864,EPSS-only,0.07714,328
CVE-2021-44665,EPSS-only,0.07685,329
CVE-2021-32849,EPSS-only,0.0765,330
CVE-2022-23299,EPSS-only,0.07618,331
CVE-2021-23157,EPSS-only,0.07613,332
CVE-2022-23935,EPSS-only,0.07575,333
CVE-2022-24292,EPSS-only,0.07549,334
CVE-2022-24293,EPSS-only,0.07549,335
CVE-2021-43510,EPSS-only,0.07515,336
CVE-2021-44705,EPSS-only,0.07409,337
CVE-2021-46107,EPSS-only,0.07408,338
CVE-2021-44260,EPSS-only,0.07382,339
CVE-2021-43579,EPSS-only,0.07349,340
CVE-2022-24049,EPSS-only,0.07212,341
CVE-2022-24707,EPSS-only,0.07159,342
CVE-2022-25488,EPSS-only,0.07148,343
CVE-2021-46164,EPSS-only,0.07136,344
CVE-2021-26247,EPSS-only,0.07124,345
CVE-2021-44735,EPSS-only,0.07025,346
CVE-2022-25125,EPSS-only,0.06981,347
CVE-2021-39293,EPSS-only,0.06934,348
CVE-2022-0660,EPSS-only,0.06923,349
CVE-2021-20147,EPSS-only,0.069,350
CVE-2022-25568,EPSS-only,0.06885,351
CVE-2021-20322,EPSS-only,0.06846,352
CVE-2021-25079,EPSS-only,0.0682,353
CVE-2022-21893,EPSS-only,0.06793,354
CVE-2022-24264,EPSS-only,0.06711,355
CVE-2022-24265,EPSS-only,0.06711,356
CVE-2022-23366,EPSS-only,0.06708,357
CVE-2021-25032,EPSS-only,0.06691,358
CVE-2021-46398,EPSS-only,0.06663,359
CVE-2021-45341,EPSS-only,0.06617,360
CVE-2021-46315,EPSS-only,0.06573,361
CVE-2021-46319,EPSS-only,0.06573,362
CVE-2022-21894,EPSS-only,0.06567,363
CVE-2021-44734,EPSS-only,0.06427,364
CVE-2020-25176,EPSS-only,0.06421,365
CVE-2022-23120,EPSS-only,0.06378,366
CVE-2022-24977,EPSS-only,0.06354,367
CVE-2022-21849,EPSS-only,0.06242,368
CVE-2021-45063,EPSS-only,0.06223,369
CVE-2021-42631,EPSS-only,0.0617,370
CVE-2021-43650,EPSS-only,0.06158,371
CVE-2022-24129,EPSS-only,0.06139,372
CVE-2021-22600,EPSS-only,0.06079,373
CVE-2021-45029,EPSS-only,0.06029,374
CVE-2022-23308,EPSS-only,0.0601,375
CVE-2022-21698,EPSS-only,0.05994,376
CVE-2021-45966,EPSS-only,0.05993,377
CVE-2021-39675,EPSS-only,0.05927,378
CVE-2022-0918,EPSS-only,0.05914,379
CVE-2022-0228,EPSS-only,0.05887,380
CVE-2021-44742,EPSS-only,0.05856,381
CVE-2022-0715,EPSS-only,0.05849,382
CVE-2022-26500,EPSS-only,0.05828,383
CVE-2021-34994,EPSS-only,0.05789,384
CVE-2022-0448,EPSS-only,0.05725,385
CVE-2022-24266,EPSS-only,0.05707,386
CVE-2022-26210,EPSS-only,0.05693,387
CVE-2021-27472,EPSS-only,0.05657,388
CVE-2022-20700,EPSS-only,0.05655,389
CVE-2021-44139,EPSS-only,0.05643,390
CVE-2021-25118,EPSS-only,0.05632,391
CVE-2021-26600,EPSS-only,0.0563,392
CVE-2021-42635,EPSS-only,0.05569,393
CVE-2022-20706,EPSS-only,0.05566,394
CVE-2021-42638,EPSS-only,0.05531,395
CVE-2022-0492,EPSS-only,0.05528,396
CVE-2022-27666,EPSS-only,0.05524,397
CVE-2021-46006,EPSS-only,0.05503,398
CVE-2022-24193,EPSS-only,0.05467,399
CVE-2022-27005,EPSS-only,0.05455,400
CVE-2021-34993,EPSS-only,0.05424,401
CVE-2021-43799,EPSS-only,0.05386,402
CVE-2022-22836,EPSS-only,0.05369,403
CVE-2021-3773,EPSS-only,0.05279,404
CVE-2022-23102,EPSS-only,0.05265,405
CVE-2021-44651,EPSS-only,0.05263,406
CVE-2022-23837,EPSS-only,0.05258,407
CVE-2021-3965,EPSS-only,0.05235,408
CVE-2021-25082,EPSS-only,0.05229,409
CVE-2022-25330,EPSS-only,0.05198,410
CVE-2021-24966,EPSS-only,0.05188,411
CVE-2021-46067,EPSS-only,0.0514,412
CVE-2022-27002,EPSS-only,0.0507,413
CVE-2021-24901,EPSS-only,0.05063,414
CVE-2021-24904,EPSS-only,0.05063,415
CVE-2022-0742,EPSS-only,0.05038,416
CVE-2022-27227,EPSS-only,0.05026,417
CVE-2022-21974,EPSS-only,0.04969,418
CVE-2022-25235,EPSS-only,0.04955,419
CVE-2022-25438,EPSS-only,0.04947,420
CVE-2022-25441,EPSS-only,0.04947,421
CVE-2022-20711,EPSS-only,0.04915,422
CVE-2022-23203,EPSS-only,0.04911,423
CVE-2020-36518,EPSS-only,0.0486,424
CVE-2022-22946,EPSS-only,0.04846,425
CVE-2022-22822,EPSS-only,0.04829,426
CVE-2022-25315,EPSS-only,0.04821,427
CVE-2021-3762,EPSS-only,0.04815,428
CVE-2022-21984,EPSS-only,0.04797,429
CVE-2021-44650,EPSS-only,0.04794,430
CVE-2021-41816,EPSS-only,0.04766,431
CVE-2022-25481,EPSS-only,0.04748,432
CVE-2022-23218,EPSS-only,0.04729,433
CVE-2021-46227,EPSS-only,0.04713,434
CVE-2022-24291,EPSS-only,0.04709,435
CVE-2021-40411,EPSS-only,0.04695,436
CVE-2022-24126,EPSS-only,0.04694,437
CVE-2022-25314,EPSS-only,0.04693,438
CVE-2021-40420,EPSS-only,0.04687,439
CVE-2021-22045,EPSS-only,0.04681,440
CVE-2021-3733,EPSS-only,0.04675,441
CVE-2021-46362,EPSS-only,0.04663,442
CVE-2021-44881,EPSS-only,0.04635,443
CVE-2021-4043,EPSS-only,0.04615,444
CVE-2021-45897,EPSS-only,0.04608,445
CVE-2022-22716,EPSS-only,0.04604,446
CVE-2022-20702,EPSS-only,0.04598,447
CVE-2021-44906,EPSS-only,0.04581,448
CVE-2022-23852,EPSS-only,0.04563,449
CVE-2021-45793,EPSS-only,0.04519,450
CVE-2022-26271,EPSS-only,0.04515,451
CVE-2021-44882,EPSS-only,0.04511,452
CVE-2022-24724,EPSS-only,0.0451,453
CVE-2022-24092,EPSS-only,0.04498,454
CVE-2022-26019,EPSS-only,0.04497,455
CVE-2022-21723,EPSS-only,0.04478,456
CVE-2022-23187,EPSS-only,0.04471,457
CVE-2022-23188,EPSS-only,0.04443,458
CVE-2022-0432,EPSS-only,0.04429,459
CVE-2022-0750,EPSS-only,0.04404,460
CVE-2021-46454,EPSS-only,0.04403,461
CVE-2022-21883,EPSS-only,0.04395,462
CVE-2021-45733,EPSS-only,0.04391,463
CVE-2021-45738,EPSS-only,0.04391,464
CVE-2021-46229,EPSS-only,0.04375,465
CVE-2022-0210,EPSS-only,0.04362,466
CVE-2022-25008,EPSS-only,0.0433,467
CVE-2022-22000,EPSS-only,0.04327,468
CVE-2022-23223,EPSS-only,0.04306,469
CVE-2021-46371,EPSS-only,0.04305,470
CVE-2022-23286,EPSS-only,0.04304,471
CVE-2022-0236,EPSS-only,0.04284,472
CVE-2022-0165,EPSS-only,0.0428,473
CVE-2022-23812,EPSS-only,0.0426,474
CVE-2020-17383,EPSS-only,0.04252,475
CVE-2021-34997,EPSS-only,0.04248,476
CVE-2021-44593,EPSS-only,0.0424,477
CVE-2021-45960,EPSS-only,0.04234,478
CVE-2021-46104,EPSS-only,0.04231,479
CVE-2022-23219,EPSS-only,0.04211,480
CVE-2022-21994,EPSS-only,0.04196,481
CVE-2021-44528,EPSS-only,0.04182,482
CVE-2021-36346,EPSS-only,0.04181,483
CVE-2022-21848,EPSS-only,0.04163,484
CVE-2022-0439,EPSS-only,0.04156,485
CVE-2022-25247,EPSS-only,0.04144,486
CVE-2022-21306,EPSS-only,0.04141,487
CVE-2022-24407,EPSS-only,0.04123,488
CVE-2021-43947,EPSS-only,0.04117,489
CVE-2021-44087,EPSS-only,0.04116,490
CVE-2021-27476,EPSS-only,0.04111,491
CVE-2022-26501,EPSS-only,0.04104,492
CVE-2022-24091,EPSS-only,0.04102,493
CVE-2022-24384,EPSS-only,0.0409,494
CVE-2022-24046,EPSS-only,0.04085,495
CVE-2020-15591,EPSS-only,0.04058,496
CVE-2022-23608,EPSS-only,0.04055,497
CVE-2021-30351,EPSS-only,0.04018,498
CVE-2022-20749,EPSS-only,0.04008,499
CVE-2022-23990,EPSS-only,0.03992,500
CVE-2021-45468,EPSS-only,0.03991,501
CVE-2021-44663,EPSS-only,0.0399,502
CVE-2021-42728,EPSS-only,0.03972,503
CVE-2021-44880,EPSS-only,0.03969,504
CVE-2022-21828,EPSS-only,0.03965,505
CVE-2021-44716,EPSS-only,0.03958,506
CVE-2022-24094,EPSS-only,0.03949,507
CVE-2022-24095,EPSS-only,0.03949,508
CVE-2022-24096,EPSS-only,0.03949,509
CVE-2022-26186,EPSS-only,0.03947,510
CVE-2022-27191,EPSS-only,0.03931,511
CVE-2021-46088,EPSS-only,0.03927,512
CVE-2022-0538,EPSS-only,0.03901,513
CVE-2022-21668,EPSS-only,0.03897,514
CVE-2021-27466,EPSS-only,0.03886,515
CVE-2022-21880,EPSS-only,0.03883,516
CVE-2022-24507,EPSS-only,0.03867,517
CVE-2022-0378,EPSS-only,0.03866,518
CVE-2021-45411,EPSS-only,0.03865,519
CVE-2022-0381,EPSS-only,0.03865,520
CVE-2021-27462,EPSS-only,0.03828,521
CVE-2021-27470,EPSS-only,0.03828,522
CVE-2022-22845,EPSS-only,0.03811,523
CVE-2022-20709,EPSS-only,0.03802,524
CVE-2021-45735,EPSS-only,0.03798,525
CVE-2021-46143,EPSS-only,0.0379,526
CVE-2022-23915,EPSS-only,0.03787,527
CVE-2022-21283,EPSS-only,0.03782,528
CVE-2021-4160,EPSS-only,0.03772,529
CVE-2022-23945,EPSS-only,0.03771,530
CVE-2020-26728,EPSS-only,0.03767,531
CVE-2022-21341,EPSS-only,0.03765,532
CVE-2022-21248,EPSS-only,0.03763,533
CVE-2021-34858,EPSS-only,0.03756,534
CVE-2022-23271,EPSS-only,0.03755,535
CVE-2022-21664,EPSS-only,0.03752,536
CVE-2021-46230,EPSS-only,0.03746,537
CVE-2021-46231,EPSS-only,0.03746,538
CVE-2021-46232,EPSS-only,0.03746,539
CVE-2021-46233,EPSS-only,0.03746,540
CVE-2021-46452,EPSS-only,0.03746,541
CVE-2021-46453,EPSS-only,0.03746,542
CVE-2021-46036,EPSS-only,0.03743,543
CVE-2022-24796,EPSS-only,0.03741,544
CVE-2022-21986,EPSS-only,0.03739,545
CVE-2021-23497,EPSS-only,0.03734,546
CVE-2022-0968,EPSS-only,0.03731,547
CVE-2021-45998,EPSS-only,0.03715,548
CVE-2021-46226,EPSS-only,0.03715,549
CVE-2021-46228,EPSS-only,0.03715,550
CVE-2021-46455,EPSS-only,0.03715,551
CVE-2021-46456,EPSS-only,0.03715,552
CVE-2021-46457,EPSS-only,0.03715,553
CVE-2021-33962,EPSS-only,0.03708,554
CVE-2021-40525,EPSS-only,0.03706,555
CVE-2022-21663,EPSS-only,0.03695,556
CVE-2021-40904,EPSS-only,0.03692,557
CVE-2022-24442,EPSS-only,0.03683,558
CVE-2022-0776,EPSS-only,0.03679,559
CVE-2021-44981,EPSS-only,0.03665,560
CVE-2022-21196,EPSS-only,0.03663,561
CVE-2021-40408,EPSS-only,0.03657,562
CVE-2021-40409,EPSS-only,0.03657,563
CVE-2022-25497,EPSS-only,0.03642,564
CVE-2022-21917,EPSS-only,0.03631,565
CVE-2021-44740,EPSS-only,0.03629,566
CVE-2021-44741,EPSS-only,0.03629,567
CVE-2022-21187,EPSS-only,0.03624,568
CVE-2022-21350,EPSS-only,0.03618,569
CVE-2021-20612,EPSS-only,0.03595,570
CVE-2021-20613,EPSS-only,0.03595,571
CVE-2022-26496,EPSS-only,0.03592,572
CVE-2021-46560,EPSS-only,0.03586,573
CVE-2022-0547,EPSS-only,0.03574,574
CVE-2021-29393,EPSS-only,0.03573,575
CVE-2021-41442,EPSS-only,0.03552,576
CVE-2022-24464,EPSS-only,0.03551,577
CVE-2021-45067,EPSS-only,0.03529,578
CVE-2021-42911,EPSS-only,0.03524,579
CVE-2021-43484,EPSS-only,0.03524,580
CVE-2021-23165,EPSS-only,0.03512,581
CVE-2022-21716,EPSS-only,0.0351,582
CVE-2022-1163,EPSS-only,0.03506,583
CVE-2022-24311,EPSS-only,0.03505,584
CVE-2022-25062,EPSS-only,0.03503,585
CVE-2022-21904,EPSS-only,0.035,586
CVE-2021-45414,EPSS-only,0.03499,587
CVE-2022-0730,EPSS-only,0.03499,588
CVE-2021-27468,EPSS-only,0.03493,589
CVE-2022-22834,EPSS-only,0.0349,590
CVE-2022-24281,EPSS-only,0.03489,591
CVE-2022-21360,EPSS-only,0.03486,592
CVE-2022-21365,EPSS-only,0.03486,593
CVE-2021-27464,EPSS-only,0.03481,594
CVE-2021-45887,EPSS-only,0.03471,595
CVE-2021-46013,EPSS-only,0.03469,596
CVE-2022-24312,EPSS-only,0.03463,597
CVE-2021-3657,EPSS-only,0.03459,598
CVE-2022-21299,EPSS-only,0.03458,599
CVE-2021-35247,EPSS-only,0.03453,600
CVE-2022-24433,EPSS-only,0.03444,601
CVE-2022-22817,EPSS-only,0.03427,602
CVE-2022-26188,EPSS-only,0.03424,603
CVE-2022-26189,EPSS-only,0.03424,604
CVE-2022-0870,EPSS-only,0.03422,605
CVE-2022-26997,EPSS-only,0.0342,606
CVE-2022-26998,EPSS-only,0.0342,607
CVE-2022-26999,EPSS-only,0.0342,608
CVE-2022-27000,EPSS-only,0.0342,609
CVE-2022-27001,EPSS-only,0.0342,610
CVE-2022-22823,EPSS-only,0.03404,611
CVE-2022-22824,EPSS-only,0.03404,612
CVE-2022-0692,EPSS-only,0.03378,613
CVE-2021-44127,EPSS-only,0.03371,614
CVE-2022-0201,EPSS-only,0.03368,615
CVE-2021-46145,EPSS-only,0.03365,616
CVE-2022-21843,EPSS-only,0.03365,617
CVE-2021-25220,EPSS-only,0.03357,618
CVE-2022-21294,EPSS-only,0.0335,619
CVE-2021-43701,EPSS-only,0.03345,620
CVE-2022-24693,EPSS-only,0.03344,621
CVE-2022-22818,EPSS-only,0.03328,622
CVE-2021-41018,EPSS-only,0.03323,623
CVE-2021-44738,EPSS-only,0.03312,624
CVE-2021-46079,EPSS-only,0.03309,625
CVE-2021-46076,EPSS-only,0.03306,626
CVE-2022-21349,EPSS-only,0.03306,627
CVE-2022-25313,EPSS-only,0.03295,628
CVE-2021-40722,EPSS-only,0.03273,629
CVE-2022-23348,EPSS-only,0.03273,630
CVE-2022-25241,EPSS-only,0.03271,631
CVE-2022-25390,EPSS-only,0.03266,632
CVE-2022-0967,EPSS-only,0.03262,633
CVE-2022-20625,EPSS-only,0.0326,634
CVE-2022-25809,EPSS-only,0.0326,635
CVE-2022-24921,EPSS-only,0.03255,636
CVE-2022-24342,EPSS-only,0.03252,637
CVE-2022-27946,EPSS-only,0.03247,638
CVE-2022-25323,EPSS-only,0.03245,639
CVE-2022-0683,EPSS-only,0.03243,640
CVE-2021-45422,EPSS-only,0.03241,641
CVE-2021-26601,EPSS-only,0.03236,642
CVE-2021-46428,EPSS-only,0.03226,643
CVE-2021-41817,EPSS-only,0.03222,644
CVE-2022-26629,EPSS-only,0.03222,645
CVE-2022-21366,EPSS-only,0.03216,646
CVE-2022-0377,EPSS-only,0.03205,647
CVE-2022-0954,EPSS-only,0.03197,648
CVE-2021-27460,EPSS-only,0.03195,649
CVE-2022-21330,EPSS-only,0.03193,650
CVE-2022-21989,EPSS-only,0.03193,651
CVE-2022-25076,EPSS-only,0.03189,652
CVE-2022-25078,EPSS-only,0.03189,653
CVE-2022-25079,EPSS-only,0.03189,654
CVE-2022-25080,EPSS-only,0.03189,655
CVE-2022-21241,EPSS-only,0.03174,656
CVE-2020-25197,EPSS-only,0.03172,657
CVE-2021-45835,EPSS-only,0.03169,658
CVE-2022-23284,EPSS-only,0.03166,659
CVE-2021-43722,EPSS-only,0.03162,660
CVE-2022-21141,EPSS-only,0.0316,661
CVE-2021-45040,EPSS-only,0.03155,662
CVE-2021-44255,EPSS-only,0.03138,663
CVE-2022-25081,EPSS-only,0.03128,664
CVE-2022-25083,EPSS-only,0.03128,665
CVE-2021-46461,EPSS-only,0.03121,666
CVE-2021-46386,EPSS-only,0.03111,667
CVE-2020-10640,EPSS-only,0.03107,668
CVE-2022-21840,EPSS-only,0.03101,669
CVE-2022-23806,EPSS-only,0.03099,670
CVE-2022-25331,EPSS-only,0.03098,671
CVE-2021-46113,EPSS-only,0.03097,672
CVE-2022-21277,EPSS-only,0.03091,673
CVE-2021-24947,EPSS-only,0.03089,674
CVE-2022-25498,EPSS-only,0.03081,675
CVE-2021-34865,EPSS-only,0.03075,676
CVE-2021-33963,EPSS-only,0.03071,677
CVE-2021-45742,EPSS-only,0.03069,678
CVE-2022-21290,EPSS-only,0.03068,679
CVE-2021-39383,EPSS-only,0.03067,680
CVE-2022-26846,EPSS-only,0.03063,681
CVE-2022-20698,EPSS-only,0.03061,682
CVE-2022-23303,EPSS-only,0.03054,683
CVE-2022-21911,EPSS-only,0.03052,684
CVE-2021-44132,EPSS-only,0.0305,685
CVE-2021-24820,EPSS-only,0.03047,686
CVE-2022-21996,EPSS-only,0.03046,687
CVE-2021-24962,EPSS-only,0.03041,688
CVE-2021-44082,EPSS-only,0.03037,689
CVE-2021-26622,EPSS-only,0.03034,690
CVE-2021-25036,EPSS-only,0.03033,691
CVE-2022-23049,EPSS-only,0.03033,692
CVE-2022-20712,EPSS-only,0.03031,693
CVE-2022-21889,EPSS-only,0.0303,694
CVE-2022-21890,EPSS-only,0.0303,695
CVE-2021-40905,EPSS-only,0.03027,696
CVE-2022-21380,EPSS-only,0.03024,697
CVE-2022-21837,EPSS-only,0.03023,698
CVE-2022-0597,EPSS-only,0.03019,699
CVE-2021-45003,EPSS-only,0.0301,700
CVE-2022-21724,EPSS-only,0.0301,701
CVE-2021-21708,EPSS-only,0.03002,702
CVE-2022-26520,EPSS-only,0.02999,703
CVE-2022-23200,EPSS-only,0.02993,704
CVE-2022-25134,EPSS-only,0.02992,705
CVE-2021-27475,EPSS-only,0.02989,706
CVE-2021-25052,EPSS-only,0.02985,707
CVE-2021-44088,EPSS-only,0.02972,708
CVE-2022-25411,EPSS-only,0.02972,709
CVE-2022-24461,EPSS-only,0.02968,710
CVE-2022-24509,EPSS-only,0.02968,711
CVE-2022-24510,EPSS-only,0.02968,712
CVE-2022-0839,EPSS-only,0.02967,713
CVE-2022-25225,EPSS-only,0.02967,714
CVE-2022-21965,EPSS-only,0.02965,715
CVE-2021-43045,EPSS-only,0.0296,716
CVE-2022-24165,EPSS-only,0.02956,717
CVE-2022-24167,EPSS-only,0.02956,718
CVE-2022-24168,EPSS-only,0.02956,719
CVE-2022-24170,EPSS-only,0.02956,720
CVE-2022-24171,EPSS-only,0.02956,721
CVE-2022-26994,EPSS-only,0.02956,722
CVE-2022-21919,EPSS-only,0.0295,723
CVE-2022-0166,EPSS-only,0.02945,724
CVE-2022-27945,EPSS-only,0.02945,725
CVE-2022-21988,EPSS-only,0.02944,726
CVE-2022-23047,EPSS-only,0.02936,727
CVE-2022-25135,EPSS-only,0.02934,728
CVE-2021-41819,EPSS-only,0.02931,729
CVE-2021-46005,EPSS-only,0.02915,730
CVE-2022-24058,EPSS-only,0.02913,731
CVE-2022-25132,EPSS-only,0.02909,732
CVE-2022-25133,EPSS-only,0.02909,733
CVE-2022-26992,EPSS-only,0.02908,734
CVE-2022-21924,EPSS-only,0.02905,735
CVE-2022-21925,EPSS-only,0.02905,736
CVE-2022-27003,EPSS-only,0.02903,737
CVE-2022-27004,EPSS-only,0.02903,738
CVE-2021-31522,EPSS-only,0.02902,739
CVE-2020-36517,EPSS-only,0.02897,740
CVE-2022-21291,EPSS-only,0.02896,741
CVE-2021-34797,EPSS-only,0.02894,742
CVE-2022-21877,EPSS-only,0.02894,743
CVE-2021-38560,EPSS-only,0.02893,744
CVE-2021-40158,EPSS-only,0.02885,745
CVE-2022-23128,EPSS-only,0.02884,746
CVE-2022-24303,EPSS-only,0.02879,747
CVE-2021-20729,EPSS-only,0.02878,748
CVE-2022-21282,EPSS-only,0.02877,749
CVE-2021-23555,EPSS-only,0.02876,750
CVE-2022-26990,EPSS-only,0.02873,751
CVE-2021-33964,EPSS-only,0.02871,752
CVE-2021-33965,EPSS-only,0.02871,753
CVE-2022-27947,EPSS-only,0.02865,754
CVE-2021-40110,EPSS-only,0.0286,755
CVE-2022-25312,EPSS-only,0.02858,756
CVE-2021-27471,EPSS-only,0.02856,757
CVE-2022-26995,EPSS-only,0.02851,758
CVE-2022-26996,EPSS-only,0.02851,759
CVE-2022-26779,EPSS-only,0.0285,760
CVE-2022-27811,EPSS-only,0.02849,761
CVE-2022-24515,EPSS-only,0.02846,762
CVE-2022-27083,EPSS-only,0.02844,763
CVE-2022-26495,EPSS-only,0.02835,764
CVE-2022-22932,EPSS-only,0.0283,765
CVE-2022-23265,EPSS-only,0.0283,766
CVE-2022-23772,EPSS-only,0.0283,767
CVE-2022-21680,EPSS-only,0.02828,768
CVE-2022-24506,EPSS-only,0.02826,769
CVE-2022-24518,EPSS-only,0.02826,770
CVE-2022-24519,EPSS-only,0.02826,771
CVE-2022-21296,EPSS-only,0.02825,772
CVE-2022-22723,EPSS-only,0.02822,773
CVE-2021-36295,EPSS-only,0.02812,774
CVE-2021-36296,EPSS-only,0.02812,775
CVE-2020-12775,EPSS-only,0.02801,776
CVE-2022-22826,EPSS-only,0.02801,777
CVE-2022-22827,EPSS-only,0.02801,778
CVE-2022-21327,EPSS-only,0.02795,779
CVE-2022-21334,EPSS-only,0.02795,780
CVE-2022-0265,EPSS-only,0.02792,781
CVE-2022-21271,EPSS-only,0.02789,782
CVE-2022-22725,EPSS-only,0.02789,783
CVE-2022-24469,EPSS-only,0.02789,784
CVE-2021-45079,EPSS-only,0.02784,785
CVE-2021-46361,EPSS-only,0.02783,786
CVE-2022-21850,EPSS-only,0.02783,787
CVE-2022-21851,EPSS-only,0.02783,788
CVE-2021-44247,EPSS-only,0.02779,789
CVE-2022-26208,EPSS-only,0.02779,790
CVE-2022-26211,EPSS-only,0.02779,791
CVE-2022-26212,EPSS-only,0.02779,792
CVE-2022-26214,EPSS-only,0.02779,793
CVE-2022-21920,EPSS-only,0.02771,794
CVE-2022-21922,EPSS-only,0.02771,795
CVE-2021-3610,EPSS-only,0.02762,796
CVE-2021-45334,EPSS-only,0.02761,797
CVE-2022-21676,EPSS-only,0.0276,798
CVE-2021-46073,EPSS-only,0.02759,799
CVE-2021-46166,EPSS-only,0.02759,800
CVE-2022-22995,EPSS-only,0.02758,801
CVE-2022-21305,EPSS-only,0.02755,802
CVE-2021-46117,EPSS-only,0.02753,803
CVE-2021-44713,EPSS-only,0.0275,804
CVE-2021-44537,EPSS-only,0.02749,805
CVE-2022-21681,EPSS-only,0.02743,806
CVE-2022-26353,EPSS-only,0.02743,807
CVE-2021-45051,EPSS-only,0.02742,808
CVE-2022-23913,EPSS-only,0.0274,809
CVE-2021-46394,EPSS-only,0.02738,810
CVE-2022-21915,EPSS-only,0.02738,811
CVE-2021-46068,EPSS-only,0.02736,812
CVE-2021-46069,EPSS-only,0.02736,813
CVE-2021-46071,EPSS-only,0.02736,814
CVE-2021-46072,EPSS-only,0.02736,815
CVE-2021-46063,EPSS-only,0.02731,816
CVE-2022-0856,EPSS-only,0.0273,817
CVE-2022-24148,EPSS-only,0.02724,818
CVE-2022-24150,EPSS-only,0.02724,819
CVE-2022-21957,EPSS-only,0.02718,820
CVE-2022-24778,EPSS-only,0.02718,821
CVE-2022-25018,EPSS-only,0.02708,822
CVE-2022-24983,EPSS-only,0.02707,823
CVE-2022-0396,EPSS-only,0.02703,824
CVE-2022-0653,EPSS-only,0.02703,825
CVE-2022-27082,EPSS-only,0.02702,826
CVE-2022-24971,EPSS-only,0.027,827
CVE-2022-23773,EPSS-only,0.02698,828
CVE-2022-24348,EPSS-only,0.02693,829
CVE-2022-26991,EPSS-only,0.02692,830
CVE-2022-26993,EPSS-only,0.02692,831
CVE-2022-24553,EPSS-only,0.0269,832
CVE-2022-21913,EPSS-only,0.02688,833
CVE-2022-25329,EPSS-only,0.02688,834
CVE-2021-38697,EPSS-only,0.02686,835
CVE-2022-21284,EPSS-only,0.02686,836
CVE-2022-21285,EPSS-only,0.02686,837
CVE-2022-21286,EPSS-only,0.02686,838
CVE-2022-21287,EPSS-only,0.02686,839
CVE-2022-21288,EPSS-only,0.02686,840
CVE-2022-21289,EPSS-only,0.02686,841
CVE-2022-21308,EPSS-only,0.02686,842
CVE-2022-21320,EPSS-only,0.02686,843
CVE-2022-24720,EPSS-only,0.02686,844
CVE-2021-45821,EPSS-only,0.02675,845
CVE-2022-24125,EPSS-only,0.02675,846
CVE-2021-42551,EPSS-only,0.02671,847
CVE-2021-41001,EPSS-only,0.02668,848
CVE-2021-43848,EPSS-only,0.02667,849
CVE-2022-26484,EPSS-only,0.02667,850
CVE-2022-21878,EPSS-only,0.02661,851
CVE-2021-22570,EPSS-only,0.0266,852
CVE-2022-24651,EPSS-only,0.02653,853
CVE-2022-24652,EPSS-only,0.02653,854
CVE-2022-24975,EPSS-only,0.02645,855
CVE-2022-0869,EPSS-only,0.02642,856
CVE-2021-21960,EPSS-only,0.02639,857
CVE-2021-21961,EPSS-only,0.02639,858
CVE-2022-22825,EPSS-only,0.02636,859
CVE-2022-25636,EPSS-only,0.02633,860
CVE-2022-26289,EPSS-only,0.02628,861
CVE-2022-26290,EPSS-only,0.02628,862
CVE-2022-26536,EPSS-only,0.02628,863
CVE-2022-27076,EPSS-only,0.02628,864
CVE-2022-27077,EPSS-only,0.02628,865
CVE-2022-27078,EPSS-only,0.02628,866
CVE-2022-27079,EPSS-only,0.02628,867
CVE-2022-27080,EPSS-only,0.02628,868
CVE-2022-27081,EPSS-only,0.02628,869
CVE-2022-22010,EPSS-only,0.02627,870
CVE-2022-21309,EPSS-only,0.02621,871
CVE-2022-21310,EPSS-only,0.02621,872
CVE-2022-21322,EPSS-only,0.02621,873
CVE-2022-21326,EPSS-only,0.02621,874
CVE-2022-21328,EPSS-only,0.02621,875
CVE-2022-21329,EPSS-only,0.02621,876
CVE-2022-21332,EPSS-only,0.02621,877
CVE-2022-21335,EPSS-only,0.02621,878
CVE-2022-21336,EPSS-only,0.02621,879
CVE-2022-21337,EPSS-only,0.02621,880
CVE-2021-46075,EPSS-only,0.02616,881
CVE-2022-21841,EPSS-only,0.02603,882
CVE-2021-45229,EPSS-only,0.02601,883
CVE-2022-0087,EPSS-only,0.02601,884
CVE-2022-24254,EPSS-only,0.026,885
CVE-2022-24665,EPSS-only,0.026,886
CVE-2022-25420,EPSS-only,0.02599,887
CVE-2022-23096,EPSS-only,0.02598,888
CVE-2021-41000,EPSS-only,0.02596,889
CVE-2022-24984,EPSS-only,0.02596,890
CVE-2021-40247,EPSS-only,0.02592,891
CVE-2022-24501,EPSS-only,0.02592,892
CVE-2021-46007,EPSS-only,0.02591,893
CVE-2020-36510,EPSS-only,0.0259,894
CVE-2021-45951,EPSS-only,0.0259,895
CVE-2021-45952,EPSS-only,0.0259,896
CVE-2021-45953,EPSS-only,0.0259,897
CVE-2021-45954,EPSS-only,0.0259,898
CVE-2021-45956,EPSS-only,0.0259,899
CVE-2022-24305,EPSS-only,0.02588,900
CVE-2022-23884,EPSS-only,0.02585,901
CVE-2022-21356,EPSS-only,0.02584,902
CVE-2021-42357,EPSS-only,0.02579,903
CVE-2021-44622,EPSS-only,0.02576,904
CVE-2021-44626,EPSS-only,0.02576,905
CVE-2021-44627,EPSS-only,0.02576,906
CVE-2021-44628,EPSS-only,0.02576,907
CVE-2021-44629,EPSS-only,0.02576,908
CVE-2021-44630,EPSS-only,0.02576,909
CVE-2021-44631,EPSS-only,0.02576,910
CVE-2021-44632,EPSS-only,0.02576,911
CVE-2022-22929,EPSS-only,0.02576,912
CVE-2021-43725,EPSS-only,0.02573,913
CVE-2022-22004,EPSS-only,0.02571,914
CVE-2021-43832,EPSS-only,0.0257,915
CVE-2022-26504,EPSS-only,0.0257,916
CVE-2022-23254,EPSS-only,0.02567,917
CVE-2021-44652,EPSS-only,0.02565,918
CVE-2021-27738,EPSS-only,0.02557,919
CVE-2022-22815,EPSS-only,0.02556,920
CVE-2022-22912,EPSS-only,0.02553,921
CVE-2022-23272,EPSS-only,0.0255,922
CVE-2022-24508,EPSS-only,0.02547,923
CVE-2022-21675,EPSS-only,0.02544,924
CVE-2022-21888,EPSS-only,0.02544,925
CVE-2022-21970,EPSS-only,0.02543,926
CVE-2022-24357,EPSS-only,0.02543,927
CVE-2022-24358,EPSS-only,0.02543,928
CVE-2022-24359,EPSS-only,0.02543,929
CVE-2022-24360,EPSS-only,0.02543,930
CVE-2022-24361,EPSS-only,0.02543,931
CVE-2022-24362,EPSS-only,0.02543,932
CVE-2022-24363,EPSS-only,0.02543,933
CVE-2022-24364,EPSS-only,0.02543,934
CVE-2022-24365,EPSS-only,0.02543,935
CVE-2022-24366,EPSS-only,0.02543,936
CVE-2022-24367,EPSS-only,0.02543,937
CVE-2022-24369,EPSS-only,0.02543,938
CVE-2021-40908,EPSS-only,0.02534,939
CVE-2020-28679,EPSS-only,0.02532,940
CVE-2021-45380,EPSS-only,0.0253,941
CVE-2022-21977,EPSS-only,0.02527,942
CVE-2021-42171,EPSS-only,0.02523,943
CVE-2022-23094,EPSS-only,0.02523,944
CVE-2021-23460,EPSS-only,0.02521,945
CVE-2021-43479,EPSS-only,0.02519,946
CVE-2021-45955,EPSS-only,0.02519,947
CVE-2022-26645,EPSS-only,0.02519,948
CVE-2022-21307,EPSS-only,0.02518,949
CVE-2022-21314,EPSS-only,0.02518,950
CVE-2022-21315,EPSS-only,0.02518,951
CVE-2022-0841,EPSS-only,0.02513,952
CVE-2022-1077,EPSS-only,0.0251,953
CVE-2022-0732,EPSS-only,0.02508,954
CVE-2021-45401,EPSS-only,0.02502,955
CVE-2022-22547,EPSS-only,0.025,956
CVE-2022-22928,EPSS-only,0.025,957
CVE-2022-21221,EPSS-only,0.02496,958
CVE-2022-21857,EPSS-only,0.02496,959
CVE-2022-21992,EPSS-only,0.02496,960
CVE-2021-43299,EPSS-only,0.02493,961
CVE-2022-24677,EPSS-only,0.02493,962
CVE-2022-24729,EPSS-only,0.02487,963
CVE-2022-23098,EPSS-only,0.02485,964
CVE-2021-43736,EPSS-only,0.02483,965
CVE-2022-25757,EPSS-only,0.02481,966
CVE-2022-24775,EPSS-only,0.0248,967
CVE-2021-44714,EPSS-only,0.02474,968
CVE-2022-25249,EPSS-only,0.02473,969
CVE-2022-22055,EPSS-only,0.02467,970
CVE-2021-41193,EPSS-only,0.02466,971
CVE-2021-25981,EPSS-only,0.02464,972
CVE-2021-44743,EPSS-only,0.02458,973
CVE-2022-0725,EPSS-only,0.02451,974
CVE-2022-22771,EPSS-only,0.02451,975
CVE-2021-45957,EPSS-only,0.02447,976
CVE-2022-23280,EPSS-only,0.02439,977
CVE-2022-24503,EPSS-only,0.02437,978
CVE-2021-23158,EPSS-only,0.02436,979
CVE-2022-22687,EPSS-only,0.02432,980
CVE-2020-24770,EPSS-only,0.02429,981
CVE-2022-20710,EPSS-only,0.02429,982
CVE-2021-45055,EPSS-only,0.02426,983
CVE-2022-0155,EPSS-only,0.02426,984
CVE-2022-24097,EPSS-only,0.02422,985
CVE-2022-26174,EPSS-only,0.02422,986
CVE-2022-0529,EPSS-only,0.02421,987
CVE-2020-12965,EPSS-only,0.0242,988
CVE-2022-0710,EPSS-only,0.02416,989
CVE-2022-24467,EPSS-only,0.02416,990
CVE-2022-24468,EPSS-only,0.02416,991
CVE-2022-24470,EPSS-only,0.02416,992
CVE-2022-24471,EPSS-only,0.02416,993
CVE-2022-24517,EPSS-only,0.02416,994
CVE-2022-24520,EPSS-only,0.02416,995
CVE-2022-23282,EPSS-only,0.02412,996
CVE-2022-21898,EPSS-only,0.02409,997
CVE-2022-23192,EPSS-only,0.02408,998
CVE-2022-21722,EPSS-only,0.02405,999
CVE-2021-46669,EPSS-only,0.02403,1000
CVE-2021-45115,EPSS-only,0.02397,1001
CVE-2021-44123,EPSS-only,0.02396,1002
CVE-2022-24764,EPSS-only,0.02396,1003
CVE-2022-0585,EPSS-only,0.02391,1004
CVE-2022-25260,EPSS-only,0.02391,1005
CVE-2022-0288,EPSS-only,0.02389,1006
CVE-2022-0928,EPSS-only,0.02389,1007
CVE-2021-45452,EPSS-only,0.02388,1008
CVE-2021-43097,EPSS-only,0.02386,1009
CVE-2021-45457,EPSS-only,0.02383,1010
CVE-2022-26259,EPSS-only,0.02382,1011
CVE-2022-24306,EPSS-only,0.0238,1012
CVE-2022-23992,EPSS-only,0.02376,1013
CVE-2020-23315,EPSS-only,0.02373,1014
CVE-2022-22532,EPSS-only,0.02372,1015
CVE-2022-23097,EPSS-only,0.02372,1016
CVE-2022-22722,EPSS-only,0.02371,1017
CVE-2021-46575,EPSS-only,0.0237,1018
CVE-2022-21390,EPSS-only,0.0237,1019
CVE-2021-43300,EPSS-only,0.02356,1020
CVE-2021-43301,EPSS-only,0.02356,1021
CVE-2021-43303,EPSS-only,0.02356,1022
CVE-2022-22003,EPSS-only,0.02351,1023
CVE-2020-20093,EPSS-only,0.0235,1024
CVE-2021-23632,EPSS-only,0.0235,1025
CVE-2020-36062,EPSS-only,0.02349,1026
CVE-2021-38542,EPSS-only,0.02347,1027
CVE-2022-21874,EPSS-only,0.02343,1028
CVE-2022-26652,EPSS-only,0.02342,1029
CVE-2022-24356,EPSS-only,0.02341,1030
CVE-2022-21702,EPSS-only,0.0234,1031
CVE-2022-0149,EPSS-only,0.02337,1032
CVE-2022-24678,EPSS-only,0.02335,1033
CVE-2022-24252,EPSS-only,0.02333,1034
CVE-2022-23631,EPSS-only,0.02332,1035
CVE-2022-0220,EPSS-only,0.02329,1036
CVE-2021-36737,EPSS-only,0.02327,1037
CVE-2021-36738,EPSS-only,0.02327,1038
CVE-2021-36739,EPSS-only,0.02327,1039
CVE-2021-45416,EPSS-only,0.02327,1040
CVE-2021-46118,EPSS-only,0.02324,1041
CVE-2022-22772,EPSS-only,0.02321,1042
CVE-2022-23186,EPSS-only,0.02321,1043
CVE-2022-24985,EPSS-only,0.0232,1044
CVE-2021-22050,EPSS-only,0.02316,1045
CVE-2022-0188,EPSS-only,0.02315,1046
CVE-2021-39280,EPSS-only,0.02313,1047
CVE-2021-43944,EPSS-only,0.02311,1048
CVE-2022-22992,EPSS-only,0.02309,1049
CVE-2021-45034,EPSS-only,0.02307,1050
CVE-2022-24522,EPSS-only,0.02306,1051
CVE-2021-45834,EPSS-only,0.02305,1052
CVE-2021-25033,EPSS-only,0.02303,1053
CVE-2022-22814,EPSS-only,0.02301,1054
CVE-2021-46097,EPSS-only,0.02297,1055
CVE-2022-20704,EPSS-only,0.02297,1056
CVE-2021-40159,EPSS-only,0.02296,1057
CVE-2022-23294,EPSS-only,0.02296,1058
CVE-2021-46656,EPSS-only,0.02293,1059
CVE-2022-0212,EPSS-only,0.02291,1060
CVE-2021-25078,EPSS-only,0.02288,1061
CVE-2022-23337,EPSS-only,0.02288,1062
CVE-2022-22006,EPSS-only,0.02285,1063
CVE-2022-22007,EPSS-only,0.02285,1064
CVE-2022-23301,EPSS-only,0.02285,1065
CVE-2022-24452,EPSS-only,0.02285,1066
CVE-2022-24453,EPSS-only,0.02285,1067
CVE-2022-24456,EPSS-only,0.02285,1068
CVE-2022-21703,EPSS-only,0.02283,1069
CVE-2022-24289,EPSS-only,0.02282,1070
CVE-2022-20617,EPSS-only,0.02277,1071
CVE-2021-45056,EPSS-only,0.02276,1072
CVE-2022-22709,EPSS-only,0.02276,1073
CVE-2022-24451,EPSS-only,0.02276,1074
CVE-2022-24457,EPSS-only,0.02276,1075
CVE-2022-0678,EPSS-only,0.02273,1076
CVE-2022-21842,EPSS-only,0.02271,1077
CVE-2022-22056,EPSS-only,0.02259,1078
CVE-2021-25008,EPSS-only,0.02258,1079
CVE-2022-21844,EPSS-only,0.02258,1080
CVE-2022-21926,EPSS-only,0.02258,1081
CVE-2022-21927,EPSS-only,0.02258,1082
CVE-2022-23295,EPSS-only,0.02258,1083
CVE-2022-23300,EPSS-only,0.02258,1084
CVE-2021-43298,EPSS-only,0.02256,1085
CVE-2022-0860,EPSS-only,0.02256,1086
CVE-2022-24227,EPSS-only,0.02256,1087
CVE-2022-25401,EPSS-only,0.02255,1088
CVE-2020-14523,EPSS-only,0.02254,1089
CVE-2021-4088,EPSS-only,0.02254,1090
CVE-2022-24948,EPSS-only,0.02251,1091
CVE-2021-42637,EPSS-only,0.0225,1092
CVE-2021-45052,EPSS-only,0.0225,1093
CVE-2021-24959,EPSS-only,0.02249,1094
CVE-2022-23202,EPSS-only,0.02249,1095
CVE-2021-24746,EPSS-only,0.02244,1096
CVE-2020-18326,EPSS-only,0.02243,1097
CVE-2016-20013,EPSS-only,0.02234,1098
CVE-2022-23988,EPSS-only,0.02231,1099
CVE-2022-23906,EPSS-only,0.02229,1100
CVE-2022-0189,EPSS-only,0.02228,1101
CVE-2022-24310,EPSS-only,0.02227,1102
CVE-2022-23633,EPSS-only,0.02226,1103
CVE-2021-41599,EPSS-only,0.02223,1104
CVE-2021-21408,EPSS-only,0.0222,1105
CVE-2022-0691,EPSS-only,0.0222,1106
CVE-2021-46384,EPSS-only,0.02218,1107
CVE-2022-26206,EPSS-only,0.02218,1108
CVE-2022-26207,EPSS-only,0.02218,1109
CVE-2022-26209,EPSS-only,0.02218,1110
CVE-2021-44736,EPSS-only,0.02215,1111
CVE-2022-24329,EPSS-only,0.02212,1112
CVE-2022-22394,EPSS-only,0.02211,1113
CVE-2022-0921,EPSS-only,0.0221,1114
CVE-2021-24838,EPSS-only,0.02208,1115
CVE-2021-36347,EPSS-only,0.02208,1116
CVE-2022-23126,EPSS-only,0.02208,1117
CVE-2022-23273,EPSS-only,0.022,1118
CVE-2022-23878,EPSS-only,0.022,1119
CVE-2021-31326,EPSS-only,0.02199,1120
CVE-2022-25130,EPSS-only,0.02198,1121
CVE-2022-25131,EPSS-only,0.02198,1122
CVE-2022-25136,EPSS-only,0.02198,1123
CVE-2022-25137,EPSS-only,0.02198,1124
CVE-2022-26293,EPSS-only,0.02198,1125
CVE-2021-45053,EPSS-only,0.02192,1126
CVE-2021-45057,EPSS-only,0.02192,1127
CVE-2021-45058,EPSS-only,0.02192,1128
CVE-2022-21670,EPSS-only,0.02192,1129
CVE-2022-24790,EPSS-only,0.02191,1130
CVE-2021-44262,EPSS-only,0.0219,1131
CVE-2021-25112,EPSS-only,0.02187,1132
CVE-2021-45899,EPSS-only,0.02187,1133
CVE-2022-0365,EPSS-only,0.02182,1134
CVE-2021-37204,EPSS-only,0.02181,1135
CVE-2021-40909,EPSS-only,0.02181,1136
CVE-2021-43302,EPSS-only,0.02179,1137
CVE-2022-25495,EPSS-only,0.02178,1138
CVE-2022-23377,EPSS-only,0.02173,1139
CVE-2021-3850,EPSS-only,0.0217,1140
CVE-2021-46353,EPSS-only,0.0217,1141
CVE-2022-21346,EPSS-only,0.02169,1142
CVE-2021-44712,EPSS-only,0.02168,1143
CVE-2020-18324,EPSS-only,0.02166,1144
CVE-2020-29050,EPSS-only,0.02166,1145
CVE-2021-44978,EPSS-only,0.02166,1146
CVE-2021-42719,EPSS-only,0.02165,1147
CVE-2021-25074,EPSS-only,0.02161,1148
CVE-2022-21721,EPSS-only,0.02153,1149
CVE-2021-46116,EPSS-only,0.02151,1150
CVE-2022-27223,EPSS-only,0.02151,1151
CVE-2021-42560,EPSS-only,0.02148,1152
CVE-2020-28885,EPSS-only,0.02147,1153
CVE-2021-25099,EPSS-only,0.02145,1154
CVE-2022-23274,EPSS-only,0.02145,1155
CVE-2021-45327,EPSS-only,0.02139,1156
CVE-2021-41609,EPSS-only,0.02138,1157
CVE-2022-21968,EPSS-only,0.02134,1158
CVE-2021-42533,EPSS-only,0.02128,1159
CVE-2021-23507,EPSS-only,0.02125,1160
CVE-2021-43666,EPSS-only,0.02125,1161
CVE-2022-22990,EPSS-only,0.02124,1162
CVE-2021-34893,EPSS-only,0.02123,1163
CVE-2021-34896,EPSS-only,0.02123,1164
CVE-2021-34900,EPSS-only,0.02123,1165
CVE-2021-34905,EPSS-only,0.02123,1166
CVE-2021-34907,EPSS-only,0.02123,1167
CVE-2021-34908,EPSS-only,0.02123,1168
CVE-2021-40111,EPSS-only,0.02122,1169
CVE-2021-44617,EPSS-only,0.02122,1170
CVE-2022-24763,EPSS-only,0.02121,1171
CVE-2021-45807,EPSS-only,0.02118,1172
CVE-2021-23682,EPSS-only,0.02117,1173
CVE-2021-35689,EPSS-only,0.02117,1174
CVE-2021-34874,EPSS-only,0.02113,1175
CVE-2021-34897,EPSS-only,0.02113,1176
CVE-2021-34903,EPSS-only,0.02113,1177
CVE-2021-34904,EPSS-only,0.02113,1178
CVE-2021-34906,EPSS-only,0.02113,1179
CVE-2021-34914,EPSS-only,0.02113,1180
CVE-2021-34917,EPSS-only,0.02113,1181
CVE-2021-46570,EPSS-only,0.02113,1182
CVE-2021-46582,EPSS-only,0.02113,1183
CVE-2021-46583,EPSS-only,0.02113,1184
CVE-2021-46603,EPSS-only,0.02113,1185
CVE-2021-46604,EPSS-only,0.02113,1186
CVE-2021-46605,EPSS-only,0.02113,1187
CVE-2021-29220,EPSS-only,0.02109,1188
CVE-2022-25292,EPSS-only,0.02109,1189
CVE-2022-25293,EPSS-only,0.02109,1190
CVE-2022-0530,EPSS-only,0.02108,1191
CVE-2022-25643,EPSS-only,0.02108,1192
CVE-2022-23634,EPSS-only,0.02107,1193
CVE-2021-34894,EPSS-only,0.02103,1194
CVE-2021-34895,EPSS-only,0.02103,1195
CVE-2021-34911,EPSS-only,0.02103,1196
CVE-2022-25096,EPSS-only,0.02101,1197
CVE-2021-44971,EPSS-only,0.021,1198
CVE-2021-33293,EPSS-only,0.02099,1199
CVE-2022-23616,EPSS-only,0.02097,1200
CVE-2022-24754,EPSS-only,0.02097,1201
CVE-2022-24368,EPSS-only,0.02095,1202
CVE-2021-46584,EPSS-only,0.02093,1203
CVE-2021-46586,EPSS-only,0.02093,1204
CVE-2021-46587,EPSS-only,0.02093,1205
CVE-2021-46592,EPSS-only,0.02093,1206
CVE-2021-31617,EPSS-only,0.02089,1207
CVE-2021-33827,EPSS-only,0.02089,1208
CVE-2022-0748,EPSS-only,0.02089,1209
CVE-2022-21821,EPSS-only,0.02089,1210
CVE-2021-32650,EPSS-only,0.02087,1211
CVE-2021-46639,EPSS-only,0.02087,1212
CVE-2021-46640,EPSS-only,0.02087,1213
CVE-2021-46641,EPSS-only,0.02087,1214
CVE-2021-46644,EPSS-only,0.02087,1215
CVE-2021-46645,EPSS-only,0.02087,1216
CVE-2021-46646,EPSS-only,0.02087,1217
CVE-2021-46647,EPSS-only,0.02087,1218
CVE-2021-46648,EPSS-only,0.02087,1219
CVE-2021-46652,EPSS-only,0.02087,1220
CVE-2021-46653,EPSS-only,0.02087,1221
CVE-2021-42786,EPSS-only,0.02086,1222
CVE-2022-0318,EPSS-only,0.02086,1223
CVE-2021-24814,EPSS-only,0.02085,1224
CVE-2021-25063,EPSS-only,0.0208,1225
CVE-2021-45458,EPSS-only,0.0208,1226
CVE-2022-24302,EPSS-only,0.0208,1227
CVE-2022-23793,EPSS-only,0.02078,1228
CVE-2022-21991,EPSS-only,0.02075,1229
CVE-2022-23048,EPSS-only,0.02074,1230
CVE-2022-22828,EPSS-only,0.02073,1231
CVE-2021-44702,EPSS-only,0.02072,1232
CVE-2021-44739,EPSS-only,0.02072,1233
CVE-2021-46638,EPSS-only,0.02068,1234
CVE-2022-0633,EPSS-only,0.02066,1235
CVE-2020-25721,EPSS-only,0.02064,1236
CVE-2022-25352,EPSS-only,0.02061,1237
CVE-2021-37185,EPSS-only,0.0206,1238
CVE-2022-24355,EPSS-only,0.02058,1239
CVE-2022-24387,EPSS-only,0.02058,1240
CVE-2021-42720,EPSS-only,0.02053,1241
CVE-2021-23484,EPSS-only,0.0205,1242
CVE-2021-34891,EPSS-only,0.0205,1243
CVE-2022-24663,EPSS-only,0.02047,1244
CVE-2020-24771,EPSS-only,0.02046,1245
CVE-2021-42640,EPSS-only,0.02043,1246
CVE-2021-42641,EPSS-only,0.02043,1247
CVE-2021-34885,EPSS-only,0.02041,1248
CVE-2021-34892,EPSS-only,0.02041,1249
CVE-2021-34898,EPSS-only,0.02041,1250
CVE-2021-34899,EPSS-only,0.02041,1251
CVE-2021-34909,EPSS-only,0.02041,1252
CVE-2021-34912,EPSS-only,0.02041,1253
CVE-2021-34913,EPSS-only,0.02041,1254
CVE-2021-34940,EPSS-only,0.02041,1255
CVE-2021-34941,EPSS-only,0.02041,1256
CVE-2021-34942,EPSS-only,0.02041,1257
CVE-2021-34945,EPSS-only,0.02041,1258
CVE-2021-34946,EPSS-only,0.02041,1259
CVE-2021-39623,EPSS-only,0.02041,1260
CVE-2021-46562,EPSS-only,0.02041,1261
CVE-2021-46566,EPSS-only,0.02041,1262
CVE-2021-46567,EPSS-only,0.02041,1263
CVE-2021-46568,EPSS-only,0.02041,1264
CVE-2021-46569,EPSS-only,0.02041,1265
CVE-2021-46571,EPSS-only,0.02041,1266
CVE-2021-46572,EPSS-only,0.02041,1267
CVE-2021-46573,EPSS-only,0.02041,1268
CVE-2021-46574,EPSS-only,0.02041,1269
CVE-2021-46576,EPSS-only,0.02041,1270
CVE-2021-46577,EPSS-only,0.02041,1271
CVE-2021-46578,EPSS-only,0.02041,1272
CVE-2021-46579,EPSS-only,0.02041,1273
CVE-2021-46580,EPSS-only,0.02041,1274
CVE-2021-46581,EPSS-only,0.02041,1275
CVE-2021-46585,EPSS-only,0.02041,1276
CVE-2021-46588,EPSS-only,0.02041,1277
CVE-2021-46590,EPSS-only,0.02041,1278
CVE-2021-46591,EPSS-only,0.02041,1279
CVE-2021-46597,EPSS-only,0.02041,1280
CVE-2021-46601,EPSS-only,0.02041,1281
CVE-2021-42633,EPSS-only,0.02039,1282
CVE-2022-0208,EPSS-only,0.02038,1283
CVE-2022-0290,EPSS-only,0.02038,1284
CVE-2021-46427,EPSS-only,0.02037,1285
CVE-2021-3618,EPSS-only,0.02036,1286
CVE-2021-41766,EPSS-only,0.02033,1287
CVE-2022-21256,EPSS-only,0.02031,1288
CVE-2021-23597,EPSS-only,0.0203,1289
CVE-2021-45054,EPSS-only,0.0203,1290
CVE-2022-23193,EPSS-only,0.02029,1291
CVE-2022-26285,EPSS-only,0.02029,1292
CVE-2020-28884,EPSS-only,0.02028,1293
CVE-2022-0254,EPSS-only,0.02028,1294
CVE-2022-24755,EPSS-only,0.02027,1295
CVE-2022-25263,EPSS-only,0.02027,1296
CVE-2022-0355,EPSS-only,0.02024,1297
CVE-2022-24462,EPSS-only,0.02024,1298
CVE-2021-44892,EPSS-only,0.02021,1299
CVE-2022-21987,EPSS-only,0.02018,1300
CVE-2021-39031,EPSS-only,0.02017,1301
CVE-2021-46563,EPSS-only,0.02016,1302
CVE-2021-46564,EPSS-only,0.02016,1303
CVE-2021-46565,EPSS-only,0.02016,1304
CVE-2021-34872,EPSS-only,0.02015,1305
CVE-2022-25016,EPSS-only,0.02015,1306
CVE-2021-4091,EPSS-only,0.02014,1307
CVE-2022-26205,EPSS-only,0.02014,1308
CVE-2021-21962,EPSS-only,0.0201,1309
CVE-2021-25055,EPSS-only,0.0201,1310
CVE-2022-24460,EPSS-only,0.0201,1311
CVE-2021-40779,EPSS-only,0.02007,1312
CVE-2021-40780,EPSS-only,0.02007,1313
CVE-2021-34871,EPSS-only,0.02005,1314
CVE-2021-34879,EPSS-only,0.02005,1315
CVE-2021-34915,EPSS-only,0.02005,1316
CVE-2021-34918,EPSS-only,0.02005,1317
CVE-2021-34919,EPSS-only,0.02005,1318
CVE-2021-46606,EPSS-only,0.02005,1319
CVE-2021-46609,EPSS-only,0.02005,1320
CVE-2021-46613,EPSS-only,0.02005,1321
CVE-2021-46614,EPSS-only,0.02005,1322
CVE-2021-46617,EPSS-only,0.02005,1323
CVE-2021-46622,EPSS-only,0.02005,1324
CVE-2021-46626,EPSS-only,0.02005,1325
CVE-2021-46627,EPSS-only,0.02005,1326
CVE-2021-46631,EPSS-only,0.02005,1327
CVE-2021-46633,EPSS-only,0.02005,1328
CVE-2022-22589,EPSS-only,0.02005,1329
CVE-2022-0586,EPSS-only,0.02003,1330
CVE-2022-21193,EPSS-only,0.02001,1331
CVE-2022-24090,EPSS-only,0.02001,1332
CVE-2022-24259,EPSS-only,0.02001,1333
CVE-2022-22586,EPSS-only,0.02,1334
CVE-2021-46598,EPSS-only,0.01999,1335
CVE-2022-22336,EPSS-only,0.01999,1336
CVE-2021-34873,EPSS-only,0.01996,1337
CVE-2021-46089,EPSS-only,0.01996,1338
CVE-2022-21673,EPSS-only,0.01996,1339
CVE-2022-24723,EPSS-only,0.01995,1340
CVE-2021-4201,EPSS-only,0.01994,1341
CVE-2022-0582,EPSS-only,0.01992,1342
CVE-2021-44040,EPSS-only,0.01991,1343
CVE-2022-0320,EPSS-only,0.01989,1344
CVE-2021-34875,EPSS-only,0.01987,1345
CVE-2021-34880,EPSS-only,0.01987,1346
CVE-2021-46612,EPSS-only,0.01987,1347
CVE-2021-46619,EPSS-only,0.01987,1348
CVE-2021-46635,EPSS-only,0.01981,1349
CVE-2021-46636,EPSS-only,0.01981,1350
CVE-2021-46643,EPSS-only,0.01981,1351
CVE-2022-25598,EPSS-only,0.01981,1352
CVE-2021-45444,EPSS-only,0.0198,1353
CVE-2020-24769,EPSS-only,0.01979,1354
CVE-2022-0224,EPSS-only,0.01979,1355
CVE-2022-26284,EPSS-only,0.01979,1356
CVE-2021-23631,EPSS-only,0.01978,1357
CVE-2022-23206,EPSS-only,0.01978,1358
CVE-2022-21253,EPSS-only,0.01976,1359
CVE-2021-32840,EPSS-only,0.01973,1360
CVE-2021-41608,EPSS-only,0.01973,1361
CVE-2022-23959,EPSS-only,0.01973,1362
CVE-2022-26662,EPSS-only,0.01973,1363
CVE-2022-25069,EPSS-only,0.01961,1364
CVE-2022-25634,EPSS-only,0.0196,1365
CVE-2021-45008,EPSS-only,0.01959,1366
CVE-2021-44259,EPSS-only,0.01958,1367
CVE-2021-42559,EPSS-only,0.01957,1368
CVE-2022-22816,EPSS-only,0.01957,1369
CVE-2021-23192,EPSS-only,0.01953,1370
CVE-2022-1049,EPSS-only,0.01953,1371
CVE-2022-21209,EPSS-only,0.01952,1372
CVE-2022-23985,EPSS-only,0.01952,1373
CVE-2021-36774,EPSS-only,0.01948,1374
CVE-2021-38787,EPSS-only,0.01947,1375
CVE-2021-34876,EPSS-only,0.01945,1376
CVE-2021-34878,EPSS-only,0.01945,1377
CVE-2022-24123,EPSS-only,0.01945,1378
CVE-2021-22803,EPSS-only,0.01943,1379
CVE-2021-23518,EPSS-only,0.01943,1380
CVE-2021-20046,EPSS-only,0.01939,1381
CVE-2021-20048,EPSS-only,0.01939,1382
CVE-2021-26706,EPSS-only,0.01939,1383
CVE-2021-34877,EPSS-only,0.01937,1384
CVE-2021-34920,EPSS-only,0.01937,1385
CVE-2021-34921,EPSS-only,0.01937,1386
CVE-2021-34922,EPSS-only,0.01937,1387
CVE-2021-34923,EPSS-only,0.01937,1388
CVE-2021-34924,EPSS-only,0.01937,1389
CVE-2021-34925,EPSS-only,0.01937,1390
CVE-2021-34926,EPSS-only,0.01937,1391
CVE-2021-34927,EPSS-only,0.01937,1392
CVE-2021-34928,EPSS-only,0.01937,1393
CVE-2021-34929,EPSS-only,0.01937,1394
CVE-2021-34930,EPSS-only,0.01937,1395
CVE-2021-34931,EPSS-only,0.01937,1396
CVE-2021-34932,EPSS-only,0.01937,1397
CVE-2021-34933,EPSS-only,0.01937,1398
CVE-2021-34935,EPSS-only,0.01937,1399
CVE-2021-34936,EPSS-only,0.01937,1400
CVE-2021-34937,EPSS-only,0.01937,1401
CVE-2021-34938,EPSS-only,0.01937,1402
CVE-2021-34939,EPSS-only,0.01937,1403
CVE-2021-46621,EPSS-only,0.01937,1404
CVE-2021-46625,EPSS-only,0.01937,1405
CVE-2022-24756,EPSS-only,0.01936,1406
CVE-2022-22638,EPSS-only,0.01935,1407
CVE-2021-45342,EPSS-only,0.01934,1408
CVE-2021-41767,EPSS-only,0.01933,1409
CVE-2022-22273,EPSS-only,0.01933,1410
CVE-2021-25028,EPSS-only,0.01932,1411
CVE-2021-34235,EPSS-only,0.01932,1412
CVE-2022-24299,EPSS-only,0.01932,1413
CVE-2021-45856,EPSS-only,0.01931,1414
CVE-2022-23612,EPSS-only,0.01931,1415
CVE-2022-25354,EPSS-only,0.01931,1416
CVE-2022-25517,EPSS-only,0.01931,1417
CVE-2021-29454,EPSS-only,0.01927,1418
CVE-2021-43090,EPSS-only,0.01926,1419
CVE-2022-23330,EPSS-only,0.01926,1420
CVE-2021-45845,EPSS-only,0.01925,1421
CVE-2021-45990,EPSS-only,0.01921,1422
CVE-2022-23863,EPSS-only,0.0192,1423
CVE-2021-3738,EPSS-only,0.01918,1424
CVE-2022-23222,EPSS-only,0.01915,1425
CVE-2021-46634,EPSS-only,0.01913,1426
CVE-2021-46655,EPSS-only,0.01913,1427
CVE-2021-46595,EPSS-only,0.01912,1428
CVE-2022-27882,EPSS-only,0.01907,1429
CVE-2022-23190,EPSS-only,0.01905,1430
CVE-2022-23191,EPSS-only,0.01905,1431
CVE-2022-23194,EPSS-only,0.01905,1432
CVE-2022-23195,EPSS-only,0.01905,1433
CVE-2022-23196,EPSS-only,0.01905,1434
CVE-2022-23197,EPSS-only,0.01905,1435
CVE-2022-23304,EPSS-only,0.01903,1436
CVE-2021-23214,EPSS-only,0.01901,1437
CVE-2022-26184,EPSS-only,0.01901,1438
CVE-2022-27881,EPSS-only,0.01898,1439
CVE-2021-34934,EPSS-only,0.01897,1440
CVE-2022-24644,EPSS-only,0.01896,1441
CVE-2022-25297,EPSS-only,0.01896,1442
CVE-2022-23968,EPSS-only,0.01895,1443
CVE-2022-24047,EPSS-only,0.01895,1444
CVE-2021-3596,EPSS-only,0.01894,1445
CVE-2022-1000,EPSS-only,0.01893,1446
CVE-2022-23278,EPSS-only,0.01892,1447
CVE-2021-44648,EPSS-only,0.01891,1448
CVE-2022-24370,EPSS-only,0.01889,1449
CVE-2021-44124,EPSS-only,0.01887,1450
CVE-2021-44238,EPSS-only,0.01887,1451
CVE-2022-23107,EPSS-only,0.01886,1452
CVE-2021-41928,EPSS-only,0.01881,1453
CVE-2022-22651,EPSS-only,0.01881,1454
CVE-2022-23204,EPSS-only,0.01881,1455
CVE-2022-24136,EPSS-only,0.01881,1456
CVE-2022-26249,EPSS-only,0.0188,1457
CVE-2022-0963,EPSS-only,0.01877,1458
CVE-2022-26280,EPSS-only,0.01877,1459
CVE-2021-43863,EPSS-only,0.01874,1460
CVE-2021-46363,EPSS-only,0.01874,1461
CVE-2021-46102,EPSS-only,0.01872,1462
CVE-2022-25251,EPSS-only,0.01871,1463
CVE-2021-45986,EPSS-only,0.01869,1464
CVE-2021-45987,EPSS-only,0.01869,1465
CVE-2021-43928,EPSS-only,0.01865,1466
CVE-2021-46703,EPSS-only,0.01861,1467
CVE-2022-21389,EPSS-only,0.0186,1468
CVE-2021-44717,EPSS-only,0.01857,1469
CVE-2022-21264,EPSS-only,0.01856,1470
CVE-2022-21270,EPSS-only,0.01856,1471
CVE-2021-22748,EPSS-only,0.01855,1472
CVE-2021-45116,EPSS-only,0.01855,1473
CVE-2022-22994,EPSS-only,0.01853,1474
CVE-2021-43509,EPSS-only,0.0185,1475
CVE-2022-0694,EPSS-only,0.01849,1476
CVE-2022-24056,EPSS-only,0.01848,1477
CVE-2022-24057,EPSS-only,0.01848,1478
CVE-2022-24059,EPSS-only,0.01848,1479
CVE-2022-24062,EPSS-only,0.01848,1480
CVE-2022-24064,EPSS-only,0.01848,1481
CVE-2021-33523,EPSS-only,0.01847,1482
CVE-2021-33945,EPSS-only,0.01846,1483
CVE-2021-38296,EPSS-only,0.01845,1484
CVE-2022-26279,EPSS-only,0.01842,1485
CVE-2022-27919,EPSS-only,0.01841,1486
CVE-2022-0581,EPSS-only,0.01839,1487
CVE-2022-0583,EPSS-only,0.01839,1488
CVE-2022-27208,EPSS-only,0.01835,1489
CVE-2022-28146,EPSS-only,0.01835,1490
CVE-2022-28148,EPSS-only,0.01835,1491
CVE-2022-20653,EPSS-only,0.01833,1492
CVE-2021-44249,EPSS-only,0.01831,1493
CVE-2021-44908,EPSS-only,0.01827,1494
CVE-2022-0686,EPSS-only,0.01827,1495
CVE-2021-38172,EPSS-only,0.01826,1496
CVE-2021-45391,EPSS-only,0.01826,1497
CVE-2022-24262,EPSS-only,0.01825,1498
CVE-2021-34257,EPSS-only,0.01822,1499
CVE-2021-45268,EPSS-only,0.01821,1500
CVE-2021-38783,EPSS-only,0.0182,1501
CVE-2021-38785,EPSS-only,0.0182,1502
CVE-2022-24976,EPSS-only,0.0182,1503
CVE-2022-23315,EPSS-only,0.01819,1504
CVE-2021-24948,EPSS-only,0.01815,1505
CVE-2021-40735,EPSS-only,0.01815,1506
CVE-2021-40736,EPSS-only,0.01815,1507
CVE-2021-41445,EPSS-only,0.01815,1508
CVE-2021-46623,EPSS-only,0.01815,1509
CVE-2021-46628,EPSS-only,0.01815,1510
CVE-2022-21275,EPSS-only,0.01813,1511
CVE-2021-34901,EPSS-only,0.01812,1512
CVE-2022-21236,EPSS-only,0.01812,1513
CVE-2022-24063,EPSS-only,0.0181,1514
CVE-2022-0533,EPSS-only,0.01809,1515
CVE-2022-0204,EPSS-only,0.01808,1516
CVE-2022-25246,EPSS-only,0.01807,1517
CVE-2022-21339,EPSS-only,0.01806,1518
CVE-2021-39070,EPSS-only,0.01805,1519
CVE-2021-34889,EPSS-only,0.01804,1520
CVE-2021-46602,EPSS-only,0.01804,1521
CVE-2022-25291,EPSS-only,0.01804,1522
CVE-2022-22579,EPSS-only,0.01803,1523
CVE-2022-25578,EPSS-only,0.01803,1524
CVE-2021-29395,EPSS-only,0.01801,1525
CVE-2022-0970,EPSS-only,0.01799,1526
CVE-2021-25016,EPSS-only,0.01798,1527
CVE-2021-44000,EPSS-only,0.01798,1528
CVE-2022-22150,EPSS-only,0.01795,1529
CVE-2022-23646,EPSS-only,0.01795,1530
CVE-2021-44568,EPSS-only,0.01794,1531
CVE-2021-44032,EPSS-only,0.01792,1532
CVE-2022-0629,EPSS-only,0.01791,1533
CVE-2022-24354,EPSS-only,0.01788,1534
CVE-2022-26255,EPSS-only,0.01788,1535
CVE-2022-21686,EPSS-only,0.01786,1536
CVE-2022-25179,EPSS-only,0.01786,1537
CVE-2021-29398,EPSS-only,0.01785,1538
CVE-2021-43999,EPSS-only,0.01784,1539
CVE-2021-38784,EPSS-only,0.01783,1540
CVE-2022-21132,EPSS-only,0.01783,1541
CVE-2021-44623,EPSS-only,0.01782,1542
CVE-2021-44625,EPSS-only,0.01782,1543
CVE-2022-0512,EPSS-only,0.01782,1544
CVE-2021-38786,EPSS-only,0.0178,1545
CVE-2021-45931,EPSS-only,0.0178,1546
CVE-2022-24761,EPSS-only,0.0178,1547
CVE-2022-26252,EPSS-only,0.0178,1548
CVE-2022-20612,EPSS-only,0.01779,1549
CVE-2021-43970,EPSS-only,0.01777,1550
CVE-2021-43635,EPSS-only,0.01776,1551
CVE-2021-44351,EPSS-only,0.01775,1552
CVE-2021-45406,EPSS-only,0.01775,1553
CVE-2021-46154,EPSS-only,0.01774,1554
CVE-2021-46155,EPSS-only,0.01774,1555
CVE-2021-46158,EPSS-only,0.01774,1556
CVE-2021-42724,EPSS-only,0.01773,1557
CVE-2021-42729,EPSS-only,0.01773,1558
CVE-2021-42730,EPSS-only,0.01773,1559
CVE-2021-20299,EPSS-only,0.01767,1560
CVE-2021-45942,EPSS-only,0.01766,1561
CVE-2021-23543,EPSS-only,0.01762,1562
CVE-2021-23594,EPSS-only,0.01762,1563
CVE-2021-38965,EPSS-only,0.01761,1564
CVE-2022-22931,EPSS-only,0.01761,1565
CVE-2022-25417,EPSS-only,0.01761,1566
CVE-2022-25418,EPSS-only,0.01761,1567
CVE-2022-22533,EPSS-only,0.01755,1568
CVE-2021-4156,EPSS-only,0.01754,1569
CVE-2016-2124,EPSS-only,0.01752,1570
CVE-2022-0234,EPSS-only,0.01752,1571
CVE-2021-46198,EPSS-only,0.01751,1572
CVE-2021-40738,EPSS-only,0.0175,1573
CVE-2021-40739,EPSS-only,0.0175,1574
CVE-2021-40740,EPSS-only,0.0175,1575
CVE-2022-21303,EPSS-only,0.0175,1576
CVE-2022-21304,EPSS-only,0.0175,1577
CVE-2022-21817,EPSS-only,0.01749,1578
CVE-2022-0895,EPSS-only,0.01748,1579
CVE-2021-4203,EPSS-only,0.01747,1580
CVE-2021-43971,EPSS-only,0.01744,1581
CVE-2021-38266,EPSS-only,0.01742,1582
CVE-2022-25176,EPSS-only,0.01742,1583
CVE-2022-25177,EPSS-only,0.01742,1584
CVE-2022-23189,EPSS-only,0.01741,1585
CVE-2022-23198,EPSS-only,0.01741,1586
CVE-2022-23199,EPSS-only,0.01741,1587
CVE-2022-0128,EPSS-only,0.01739,1588
CVE-2021-26621,EPSS-only,0.01737,1589
CVE-2021-3752,EPSS-only,0.01736,1590
CVE-2022-23946,EPSS-only,0.01736,1591
CVE-2022-24226,EPSS-only,0.01736,1592
CVE-2021-46262,EPSS-only,0.01734,1593
CVE-2021-46263,EPSS-only,0.01734,1594
CVE-2021-46264,EPSS-only,0.01734,1595
CVE-2021-46265,EPSS-only,0.01734,1596
CVE-2021-46321,EPSS-only,0.01734,1597
CVE-2022-24599,EPSS-only,0.01734,1598
CVE-2021-23567,EPSS-only,0.01733,1599
CVE-2022-21292,EPSS-only,0.01731,1600
CVE-2020-4875,EPSS-only,0.01726,1601
CVE-2020-4876,EPSS-only,0.01726,1602
CVE-2021-41571,EPSS-only,0.01726,1603
CVE-2021-45364,EPSS-only,0.01724,1604
CVE-2022-23880,EPSS-only,0.01724,1605
CVE-2022-24595,EPSS-only,0.01723,1606
CVE-2022-0749,EPSS-only,0.01722,1607
CVE-2022-24646,EPSS-only,0.01721,1608
CVE-2022-22583,EPSS-only,0.0172,1609
CVE-2022-0156,EPSS-only,0.01719,1610
CVE-2022-0150,EPSS-only,0.01718,1611
CVE-2022-0248,EPSS-only,0.01717,1612
CVE-2022-0664,EPSS-only,0.01714,1613
CVE-2022-23632,EPSS-only,0.01714,1614
CVE-2021-24216,EPSS-only,0.01713,1615
CVE-2021-46607,EPSS-only,0.01712,1616
CVE-2022-23855,EPSS-only,0.01712,1617
CVE-2020-19858,EPSS-only,0.01711,1618
CVE-2022-0020,EPSS-only,0.01711,1619
CVE-2021-45230,EPSS-only,0.01709,1620
CVE-2022-0158,EPSS-only,0.01709,1621
CVE-2022-0685,EPSS-only,0.01708,1622
CVE-2021-43973,EPSS-only,0.01707,1623
CVE-2021-42527,EPSS-only,0.01706,1624
CVE-2021-24949,EPSS-only,0.01704,1625
CVE-2021-44016,EPSS-only,0.017,1626
CVE-2021-34984,EPSS-only,0.01699,1627
CVE-2021-34985,EPSS-only,0.01699,1628
CVE-2021-40792,EPSS-only,0.01699,1629
CVE-2021-46589,EPSS-only,0.01699,1630
CVE-2021-46593,EPSS-only,0.01699,1631
CVE-2021-46594,EPSS-only,0.01699,1632
CVE-2021-46596,EPSS-only,0.01699,1633
CVE-2022-22780,EPSS-only,0.01697,1634
CVE-2022-21266,EPSS-only,0.01694,1635
CVE-2022-24130,EPSS-only,0.01694,1636
CVE-2022-25521,EPSS-only,0.01694,1637
CVE-2022-25427,EPSS-only,0.01692,1638
CVE-2022-25428,EPSS-only,0.01692,1639
CVE-2022-25429,EPSS-only,0.01692,1640
CVE-2022-25431,EPSS-only,0.01692,1641
CVE-2022-25433,EPSS-only,0.01692,1642
CVE-2022-25435,EPSS-only,0.01692,1643
CVE-2022-25437,EPSS-only,0.01692,1644
CVE-2022-25439,EPSS-only,0.01692,1645
CVE-2022-25440,EPSS-only,0.01692,1646
CVE-2022-25446,EPSS-only,0.01692,1647
CVE-2022-25447,EPSS-only,0.01692,1648
CVE-2022-25448,EPSS-only,0.01692,1649
CVE-2022-25449,EPSS-only,0.01692,1650
CVE-2022-25451,EPSS-only,0.01692,1651
CVE-2022-25452,EPSS-only,0.01692,1652
CVE-2022-25453,EPSS-only,0.01692,1653
CVE-2022-25454,EPSS-only,0.01692,1654
CVE-2022-25455,EPSS-only,0.01692,1655
CVE-2022-25456,EPSS-only,0.01692,1656
CVE-2022-25457,EPSS-only,0.01692,1657
CVE-2022-25458,EPSS-only,0.01692,1658
CVE-2022-25459,EPSS-only,0.01692,1659
CVE-2022-25460,EPSS-only,0.01692,1660
CVE-2022-25461,EPSS-only,0.01692,1661
CVE-2022-26278,EPSS-only,0.01692,1662
CVE-2020-25178,EPSS-only,0.01691,1663
CVE-2021-44018,EPSS-only,0.01691,1664
CVE-2021-40734,EPSS-only,0.0169,1665
CVE-2021-40777,EPSS-only,0.0169,1666
CVE-2022-21254,EPSS-only,0.0169,1667
CVE-2022-23986,EPSS-only,0.0169,1668
CVE-2022-26198,EPSS-only,0.01689,1669
CVE-2020-25719,EPSS-only,0.01687,1670
CVE-2022-0261,EPSS-only,0.01687,1671
CVE-2021-43816,EPSS-only,0.01682,1672
CVE-2022-21682,EPSS-only,0.01679,1673
CVE-2021-23760,EPSS-only,0.01678,1674
CVE-2021-38696,EPSS-only,0.01678,1675
CVE-2021-46649,EPSS-only,0.01678,1676
CVE-2021-46650,EPSS-only,0.01678,1677
CVE-2021-46651,EPSS-only,0.01678,1678
CVE-2021-36368,EPSS-only,0.01677,1679
CVE-2021-38788,EPSS-only,0.01677,1680
CVE-2021-46462,EPSS-only,0.01677,1681
CVE-2022-25298,EPSS-only,0.01677,1682
CVE-2021-43110,EPSS-only,0.01674,1683
CVE-2021-43304,EPSS-only,0.01672,1684
CVE-2021-43305,EPSS-only,0.01672,1685
CVE-2021-29396,EPSS-only,0.0167,1686
CVE-2021-22569,EPSS-only,0.01669,1687
CVE-2022-0599,EPSS-only,0.01669,1688
CVE-2021-32436,EPSS-only,0.01668,1689
CVE-2021-46365,EPSS-only,0.01668,1690
CVE-2022-25178,EPSS-only,0.01668,1691
CVE-2020-25905,EPSS-only,0.01666,1692
CVE-2022-23635,EPSS-only,0.01664,1693
CVE-2021-46463,EPSS-only,0.01663,1694
CVE-2022-24300,EPSS-only,0.0166,1695
CVE-2021-40793,EPSS-only,0.01659,1696
CVE-2021-40794,EPSS-only,0.01659,1697
CVE-2022-0244,EPSS-only,0.01659,1698
CVE-2022-0258,EPSS-only,0.01658,1699
CVE-2022-21249,EPSS-only,0.01658,1700
CVE-2021-45286,EPSS-only,0.01656,1701
CVE-2022-25250,EPSS-only,0.01655,1702
CVE-2021-46610,EPSS-only,0.01654,1703
CVE-2022-22585,EPSS-only,0.01654,1704
CVE-2022-22600,EPSS-only,0.01653,1705
CVE-2021-34890,EPSS-only,0.01652,1706
CVE-2021-43664,EPSS-only,0.01652,1707
CVE-2021-25085,EPSS-only,0.01651,1708
CVE-2021-40763,EPSS-only,0.0165,1709
CVE-2021-40764,EPSS-only,0.0165,1710
CVE-2021-40765,EPSS-only,0.0165,1711
CVE-2021-40786,EPSS-only,0.0165,1712
CVE-2021-40787,EPSS-only,0.0165,1713
CVE-2022-24664,EPSS-only,0.0165,1714
CVE-2022-24737,EPSS-only,0.0165,1715
CVE-2021-45809,EPSS-only,0.01648,1716
CVE-2022-0235,EPSS-only,0.01646,1717
CVE-2022-24766,EPSS-only,0.01646,1718
CVE-2020-18325,EPSS-only,0.01644,1719
CVE-2021-34888,EPSS-only,0.01644,1720
CVE-2021-34943,EPSS-only,0.01644,1721
CVE-2021-34944,EPSS-only,0.01644,1722
CVE-2021-45223,EPSS-only,0.01644,1723
CVE-2021-46600,EPSS-only,0.01644,1724
CVE-2022-23320,EPSS-only,0.01644,1725
CVE-2022-24961,EPSS-only,0.01644,1726
CVE-2022-23803,EPSS-only,0.01643,1727
CVE-2022-23804,EPSS-only,0.01643,1728
CVE-2022-0768,EPSS-only,0.01642,1729
CVE-2021-37205,EPSS-only,0.0164,1730
CVE-2021-44217,EPSS-only,0.0164,1731
CVE-2022-25222,EPSS-only,0.0164,1732
CVE-2022-25760,EPSS-only,0.01639,1733
CVE-2022-24571,EPSS-only,0.01638,1734
CVE-2022-25003,EPSS-only,0.01638,1735
CVE-2022-25004,EPSS-only,0.01638,1736
CVE-2022-0623,EPSS-only,0.01637,1737
CVE-2021-43100,EPSS-only,0.01632,1738
CVE-2021-43101,EPSS-only,0.01632,1739
CVE-2021-43102,EPSS-only,0.01632,1740
CVE-2021-43103,EPSS-only,0.01632,1741
CVE-2022-23596,EPSS-only,0.01632,1742
CVE-2021-43762,EPSS-only,0.01631,1743
CVE-2021-23558,EPSS-only,0.01627,1744
CVE-2020-25717,EPSS-only,0.01625,1745
CVE-2021-45848,EPSS-only,0.01624,1746
CVE-2022-22935,EPSS-only,0.01624,1747
CVE-2021-43075,EPSS-only,0.01623,1748
CVE-2022-0401,EPSS-only,0.01623,1749
CVE-2022-21667,EPSS-only,0.01623,1750
CVE-2022-22592,EPSS-only,0.01623,1751
CVE-2022-0729,EPSS-only,0.01622,1752
CVE-2021-46611,EPSS-only,0.01619,1753
CVE-2022-25139,EPSS-only,0.01616,1754
CVE-2021-20001,EPSS-only,0.01615,1755
CVE-2022-25115,EPSS-only,0.01615,1756
CVE-2021-45346,EPSS-only,0.01614,1757
CVE-2022-23127,EPSS-only,0.01614,1758
CVE-2022-0130,EPSS-only,0.01613,1759
CVE-2021-27474,EPSS-only,0.01612,1760
CVE-2021-46615,EPSS-only,0.01612,1761
CVE-2021-46616,EPSS-only,0.01612,1762
CVE-2021-46618,EPSS-only,0.01612,1763
CVE-2021-46620,EPSS-only,0.01612,1764
CVE-2021-46624,EPSS-only,0.01612,1765
CVE-2021-46629,EPSS-only,0.01612,1766
CVE-2021-46630,EPSS-only,0.01612,1767
CVE-2021-46632,EPSS-only,0.01612,1768
CVE-2022-24196,EPSS-only,0.01612,1769
CVE-2022-22584,EPSS-only,0.01611,1770
CVE-2021-34883,EPSS-only,0.0161,1771
CVE-2021-34884,EPSS-only,0.0161,1772
CVE-2021-34902,EPSS-only,0.0161,1773
CVE-2021-34910,EPSS-only,0.0161,1774
CVE-2022-25402,EPSS-only,0.01609,1775
CVE-2021-25007,EPSS-only,0.01608,1776
CVE-2021-25070,EPSS-only,0.01608,1777
CVE-2021-42526,EPSS-only,0.01608,1778
CVE-2022-24512,EPSS-only,0.01608,1779
CVE-2022-24526,EPSS-only,0.01608,1780
CVE-2022-25490,EPSS-only,0.01608,1781
CVE-2022-25492,EPSS-only,0.01608,1782
CVE-2021-44977,EPSS-only,0.01607,1783
CVE-2022-0554,EPSS-only,0.01607,1784
CVE-2022-23352,EPSS-only,0.01607,1785
CVE-2020-25722,EPSS-only,0.01606,1786
CVE-2021-44829,EPSS-only,0.01606,1787
CVE-2022-24741,EPSS-only,0.01606,1788
CVE-2022-1032,EPSS-only,0.01604,1789
CVE-2022-21301,EPSS-only,0.01604,1790
CVE-2021-25992,EPSS-only,0.01603,1791
CVE-2021-34886,EPSS-only,0.01603,1792
CVE-2021-34887,EPSS-only,0.01603,1793
CVE-2021-46599,EPSS-only,0.01603,1794
CVE-2022-23118,EPSS-only,0.01603,1795
CVE-2022-26505,EPSS-only,0.01603,1796
CVE-2022-25181,EPSS-only,0.01601,1797
CVE-2022-25182,EPSS-only,0.01601,1798
CVE-2021-46061,EPSS-only,0.01599,1799
CVE-2022-22688,EPSS-only,0.01598,1800
CVE-2021-46152,EPSS-only,0.01596,1801
CVE-2020-25718,EPSS-only,0.01595,1802
CVE-2022-23314,EPSS-only,0.01595,1803
CVE-2022-26183,EPSS-only,0.01594,1804
CVE-2021-20325,EPSS-only,0.01593,1805
CVE-2021-43765,EPSS-only,0.01593,1806
CVE-2021-44176,EPSS-only,0.01593,1807
CVE-2021-44177,EPSS-only,0.01593,1808
CVE-2021-46637,EPSS-only,0.01592,1809
CVE-2021-46642,EPSS-only,0.01592,1810
CVE-2021-46654,EPSS-only,0.01592,1811
CVE-2022-21313,EPSS-only,0.01592,1812
CVE-2022-24726,EPSS-only,0.01591,1813
CVE-2021-23514,EPSS-only,0.01589,1814
CVE-2022-0214,EPSS-only,0.01589,1815
CVE-2022-23901,EPSS-only,0.01588,1816
CVE-2021-41441,EPSS-only,0.01585,1817
CVE-2021-4157,EPSS-only,0.01584,1818
CVE-2022-21300,EPSS-only,0.01583,1819
CVE-2021-45394,EPSS-only,0.01581,1820
CVE-2022-0613,EPSS-only,0.0158,1821
CVE-2022-27203,EPSS-only,0.0158,1822
CVE-2022-28156,EPSS-only,0.0158,1823
CVE-2021-44759,EPSS-only,0.01576,1824
CVE-2022-23258,EPSS-only,0.01576,1825
CVE-2021-43506,EPSS-only,0.01575,1826
CVE-2022-0736,EPSS-only,0.01575,1827
CVE-2022-22295,EPSS-only,0.01575,1828
CVE-2022-23335,EPSS-only,0.01575,1829
CVE-2022-25403,EPSS-only,0.01575,1830
CVE-2021-42387,EPSS-only,0.01573,1831
CVE-2021-42388,EPSS-only,0.01573,1832
CVE-2021-46364,EPSS-only,0.01573,1833
CVE-2022-23261,EPSS-only,0.01573,1834
CVE-2022-0148,EPSS-only,0.01572,1835
CVE-2021-42950,EPSS-only,0.01571,1836
CVE-2021-42951,EPSS-only,0.01571,1837
CVE-2021-42952,EPSS-only,0.01571,1838
CVE-2022-25183,EPSS-only,0.01571,1839
CVE-2017-0371,EPSS-only,0.01568,1840
CVE-2021-42853,EPSS-only,0.01568,1841
CVE-2021-42854,EPSS-only,0.01568,1842
CVE-2022-25252,EPSS-only,0.01568,1843
CVE-2021-46151,EPSS-only,0.01567,1844
CVE-2022-0524,EPSS-only,0.01567,1845
CVE-2022-0361,EPSS-only,0.01566,1846
CVE-2021-4076,EPSS-only,0.01564,1847
CVE-2021-46153,EPSS-only,0.01564,1848
CVE-2021-46383,EPSS-only,0.01563,1849
CVE-2021-25030,EPSS-only,0.01562,1850
CVE-2021-23850,EPSS-only,0.0156,1851
CVE-2021-23851,EPSS-only,0.0156,1852
CVE-2021-36294,EPSS-only,0.0156,1853
CVE-2022-0147,EPSS-only,0.0156,1854
CVE-2022-23256,EPSS-only,0.01558,1855
CVE-2021-22801,EPSS-only,0.01557,1856
CVE-2022-26283,EPSS-only,0.01557,1857
CVE-2022-27240,EPSS-only,0.01557,1858
CVE-2021-46200,EPSS-only,0.01556,1859
CVE-2021-46201,EPSS-only,0.01556,1860
CVE-2021-46307,EPSS-only,0.01556,1861
CVE-2021-46308,EPSS-only,0.01556,1862
CVE-2021-46309,EPSS-only,0.01556,1863
CVE-2022-23650,EPSS-only,0.01556,1864
CVE-2022-22590,EPSS-only,0.01555,1865
CVE-2022-23345,EPSS-only,0.01554,1866
CVE-2021-24893,EPSS-only,0.01553,1867
CVE-2022-21311,EPSS-only,0.01553,1868
CVE-2022-21323,EPSS-only,0.01553,1869
CVE-2021-45958,EPSS-only,0.0155,1870
CVE-2022-24609,EPSS-only,0.0155,1871
CVE-2022-24916,EPSS-only,0.0155,1872
CVE-2021-25994,EPSS-only,0.01549,1873
CVE-2022-24685,EPSS-only,0.01548,1874
CVE-2022-21142,EPSS-only,0.01547,1875
CVE-2021-43764,EPSS-only,0.01545,1876
CVE-2022-21302,EPSS-only,0.01544,1877
CVE-2022-0891,EPSS-only,0.01542,1878
CVE-2022-0417,EPSS-only,0.01541,1879
CVE-2022-0262,EPSS-only,0.0154,1880
CVE-2022-24683,EPSS-only,0.01539,1881
CVE-2022-24055,EPSS-only,0.01538,1882
CVE-2022-24060,EPSS-only,0.01538,1883
CVE-2022-24061,EPSS-only,0.01538,1884
CVE-2022-25394,EPSS-only,0.01537,1885
CVE-2021-3575,EPSS-only,0.01536,1886
CVE-2022-22632,EPSS-only,0.01536,1887
CVE-2022-0478,EPSS-only,0.01535,1888
CVE-2022-0639,EPSS-only,0.01535,1889
CVE-2021-40406,EPSS-only,0.01534,1890
CVE-2021-41842,EPSS-only,0.01534,1891
CVE-2022-21364,EPSS-only,0.01533,1892
CVE-2022-0230,EPSS-only,0.01532,1893
CVE-2021-45979,EPSS-only,0.01531,1894
CVE-2022-0996,EPSS-only,0.01531,1895
CVE-2021-42767,EPSS-only,0.01529,1896
CVE-2021-34881,EPSS-only,0.01528,1897
CVE-2022-23993,EPSS-only,0.01528,1898
CVE-2022-24232,EPSS-only,0.01526,1899
CVE-2020-21554,EPSS-only,0.01525,1900
CVE-2021-45980,EPSS-only,0.01524,1901
CVE-2021-46385,EPSS-only,0.01524,1902
CVE-2021-25107,EPSS-only,0.01523,1903
CVE-2021-34882,EPSS-only,0.01521,1904
CVE-2021-34916,EPSS-only,0.01521,1905
CVE-2021-46608,EPSS-only,0.01521,1906
CVE-2022-0368,EPSS-only,0.01521,1907
CVE-2021-34978,EPSS-only,0.0152,1908
CVE-2022-26336,EPSS-only,0.0152,1909
CVE-2021-24919,EPSS-only,0.01517,1910
CVE-2022-0411,EPSS-only,0.01517,1911
CVE-2021-25087,EPSS-only,0.01516,1912
CVE-2022-0392,EPSS-only,0.01514,1913
CVE-2022-21124,EPSS-only,0.01512,1914
CVE-2021-45746,EPSS-only,0.0151,1915
CVE-2021-43969,EPSS-only,0.01508,1916
CVE-2022-22952,EPSS-only,0.01507,1917
CVE-2021-45222,EPSS-only,0.01506,1918
CVE-2022-0331,EPSS-only,0.01506,1919
CVE-2022-0665,EPSS-only,0.01506,1920
CVE-2022-21839,EPSS-only,0.01506,1921
CVE-2022-21891,EPSS-only,0.01506,1922
CVE-2022-0408,EPSS-only,0.01505,1923
CVE-2022-23340,EPSS-only,0.01505,1924
CVE-2022-23113,EPSS-only,0.01504,1925
CVE-2021-24865,EPSS-only,0.01502,1926
CVE-2021-25045,EPSS-only,0.01502,1927
CVE-2022-24197,EPSS-only,0.01502,1928
CVE-2022-25267,EPSS-only,0.01502,1929
CVE-2021-23222,EPSS-only,0.01501,1930
CVE-2021-45978,EPSS-only,0.015,1931
CVE-2022-0100,EPSS-only,0.015,1932
CVE-2022-25491,EPSS-only,0.01498,1933
CVE-2022-0115,EPSS-only,0.01496,1934
CVE-2021-46708,EPSS-only,0.01495,1935
CVE-2022-25214,EPSS-only,0.01495,1936
CVE-2022-26201,EPSS-only,0.01495,1937
CVE-2020-19861,EPSS-only,0.01493,1938
CVE-2021-24977,EPSS-only,0.01492,1939
CVE-2022-24676,EPSS-only,0.01492,1940
CVE-2021-45943,EPSS-only,0.01491,1941
CVE-2021-24906,EPSS-only,0.01489,1942
CVE-2022-25642,EPSS-only,0.01489,1943
CVE-2022-26314,EPSS-only,0.01488,1944
CVE-2021-25069,EPSS-only,0.01487,1945
CVE-2022-1030,EPSS-only,0.01487,1946
CVE-2022-21954,EPSS-only,0.01487,1947
CVE-2021-45876,EPSS-only,0.01485,1948
CVE-2022-0420,EPSS-only,0.01484,1949
CVE-2022-21838,EPSS-only,0.01483,1950
CVE-2020-4879,EPSS-only,0.01481,1951
CVE-2021-23206,EPSS-only,0.01481,1952
CVE-2022-0117,EPSS-only,0.01481,1953
CVE-2022-1034,EPSS-only,0.01481,1954
CVE-2022-22593,EPSS-only,0.0148,1955
CVE-2022-23597,EPSS-only,0.0148,1956
CVE-2022-23647,EPSS-only,0.01479,1957
CVE-2022-0865,EPSS-only,0.01478,1958
CVE-2022-21265,EPSS-only,0.01478,1959
CVE-2021-30636,EPSS-only,0.01475,1960
CVE-2021-4080,EPSS-only,0.01474,1961
CVE-2021-36166,EPSS-only,0.01472,1962
CVE-2022-20001,EPSS-only,0.01472,1963
CVE-2022-0362,EPSS-only,0.01467,1964
CVE-2022-0383,EPSS-only,0.01467,1965
CVE-2022-23911,EPSS-only,0.01467,1966
CVE-2021-43142,EPSS-only,0.01465,1967
CVE-2021-43958,EPSS-only,0.01465,1968
CVE-2021-43972,EPSS-only,0.01465,1969
CVE-2021-45734,EPSS-only,0.01465,1970
CVE-2021-38694,EPSS-only,0.01464,1971
CVE-2022-26981,EPSS-only,0.01463,1972
CVE-2017-20016,EPSS-only,0.01462,1973
CVE-2022-0687,EPSS-only,0.01462,1974
CVE-2022-1154,EPSS-only,0.01462,1975
CVE-2022-28205,EPSS-only,0.01462,1976
CVE-2022-28206,EPSS-only,0.01462,1977
CVE-2021-3842,EPSS-only,0.01461,1978
CVE-2021-45059,EPSS-only,0.01461,1979
CVE-2022-23947,EPSS-only,0.0146,1980
CVE-2022-23043,EPSS-only,0.01459,1981
CVE-2022-23183,EPSS-only,0.01459,1982
CVE-2022-25489,EPSS-only,0.01459,1983
CVE-2022-0206,EPSS-only,0.01458,1984
CVE-2021-45005,EPSS-only,0.01456,1985
CVE-2022-0257,EPSS-only,0.01456,1986
CVE-2022-0285,EPSS-only,0.01456,1987
CVE-2021-45851,EPSS-only,0.01454,1988
CVE-2021-46699,EPSS-only,0.01454,1989
CVE-2022-23390,EPSS-only,0.01454,1990
CVE-2022-26267,EPSS-only,0.01454,1991
CVE-2022-0696,EPSS-only,0.01452,1992
CVE-2022-0853,EPSS-only,0.01452,1993
CVE-2020-36064,EPSS-only,0.01451,1994
CVE-2022-21929,EPSS-only,0.01451,1995
CVE-2022-24774,EPSS-only,0.01451,1996
CVE-2021-23568,EPSS-only,0.0145,1997
CVE-2021-39942,EPSS-only,0.01449,1998
CVE-2022-0751,EPSS-only,0.01448,1999
CVE-2021-45330,EPSS-only,0.01447,2000
CVE-2021-44245,EPSS-only,0.01444,2001
CVE-2022-22641,EPSS-only,0.01444,2002
CVE-2022-25173,EPSS-only,0.01444,2003
CVE-2022-21312,EPSS-only,0.01443,2004
CVE-2022-21321,EPSS-only,0.01443,2005
CVE-2022-21324,EPSS-only,0.01443,2006
CVE-2022-21325,EPSS-only,0.01443,2007
CVE-2022-21331,EPSS-only,0.01443,2008
CVE-2022-21333,EPSS-only,0.01443,2009
CVE-2022-25174,EPSS-only,0.01443,2010
CVE-2021-3677,EPSS-only,0.01442,2011
CVE-2021-44700,EPSS-only,0.01442,2012
CVE-2022-0440,EPSS-only,0.01442,2013
CVE-2022-0593,EPSS-only,0.01442,2014
CVE-2022-25621,EPSS-only,0.01442,2015
CVE-2021-4134,EPSS-only,0.0144,2016
CVE-2022-0319,EPSS-only,0.0144,2017
CVE-2022-25262,EPSS-only,0.0144,2018
CVE-2021-24940,EPSS-only,0.01439,2019
CVE-2021-45744,EPSS-only,0.01438,2020
CVE-2021-45745,EPSS-only,0.01438,2021
CVE-2022-0509,EPSS-only,0.01438,2022
CVE-2021-45761,EPSS-only,0.01436,2023
CVE-2021-44737,EPSS-only,0.01435,2024
CVE-2022-25299,EPSS-only,0.01433,2025
CVE-2022-27948,EPSS-only,0.01433,2026
CVE-2022-28157,EPSS-only,0.01432,2027
CVE-2022-21899,EPSS-only,0.0143,2028
CVE-2022-24282,EPSS-only,0.0143,2029
CVE-2022-23835,EPSS-only,0.01428,2030
CVE-2022-24307,EPSS-only,0.01426,2031
CVE-2021-45331,EPSS-only,0.01423,2032
CVE-2022-0654,EPSS-only,0.01423,2033
CVE-2022-0913,EPSS-only,0.01423,2034
CVE-2022-21355,EPSS-only,0.01422,2035
CVE-2022-21357,EPSS-only,0.01422,2036
CVE-2022-24798,EPSS-only,0.01422,2037
CVE-2019-9564,EPSS-only,0.01419,2038
CVE-2021-23648,EPSS-only,0.01418,2039
CVE-2021-28506,EPSS-only,0.01418,2040
CVE-2021-39363,EPSS-only,0.01418,2041
CVE-2021-45117,EPSS-only,0.01417,2042
CVE-2022-23408,EPSS-only,0.01417,2043
CVE-2021-43974,EPSS-only,0.01416,2044
CVE-2022-0268,EPSS-only,0.01416,2045
CVE-2022-0101,EPSS-only,0.01413,2046
CVE-2022-0242,EPSS-only,0.01413,2047
CVE-2021-43091,EPSS-only,0.01412,2048
CVE-2021-44868,EPSS-only,0.01412,2049
CVE-2022-21215,EPSS-only,0.01412,2050
CVE-2022-0080,EPSS-only,0.0141,2051
CVE-2022-0896,EPSS-only,0.0141,2052
CVE-2021-38278,EPSS-only,0.01408,2053
CVE-2021-43752,EPSS-only,0.01408,2054
CVE-2021-44178,EPSS-only,0.01408,2055
CVE-2022-26661,EPSS-only,0.01407,2056
CVE-2022-26546,EPSS-only,0.01406,2057
CVE-2021-24765,EPSS-only,0.01405,2058
CVE-2022-24399,EPSS-only,0.01405,2059
CVE-2022-26101,EPSS-only,0.01405,2060
CVE-2022-23346,EPSS-only,0.01404,2061
CVE-2022-25175,EPSS-only,0.01404,2062
CVE-2021-46101,EPSS-only,0.01403,2063
CVE-2022-22819,EPSS-only,0.01403,2064
CVE-2021-45949,EPSS-only,0.01401,2065
CVE-2022-22914,EPSS-only,0.01401,2066
CVE-2022-23611,EPSS-only,0.01401,2067
CVE-2022-21245,EPSS-only,0.01399,2068
CVE-2022-22544,EPSS-only,0.01399,2069
CVE-2022-27201,EPSS-only,0.01399,2070
CVE-2020-20094,EPSS-only,0.01398,2071
CVE-2020-20096,EPSS-only,0.01398,2072
CVE-2021-41736,EPSS-only,0.01398,2073
CVE-2022-21342,EPSS-only,0.01398,2074
CVE-2022-21344,EPSS-only,0.01398,2075
CVE-2021-24934,EPSS-only,0.01397,2076
CVE-2022-0721,EPSS-only,0.01397,2077
CVE-2022-23652,EPSS-only,0.01397,2078
CVE-2022-0385,EPSS-only,0.01396,2079
CVE-2022-23135,EPSS-only,0.01396,2080
CVE-2022-24684,EPSS-only,0.01396,2081
CVE-2021-44618,EPSS-only,0.01395,2082
CVE-2022-0413,EPSS-only,0.01395,2083
CVE-2022-0443,EPSS-only,0.01395,2084
CVE-2022-0393,EPSS-only,0.01393,2085
CVE-2022-20658,EPSS-only,0.01393,2086
CVE-2022-24752,EPSS-only,0.01392,2087
CVE-2021-31567,EPSS-only,0.01391,2088
CVE-2021-23664,EPSS-only,0.01389,2089
CVE-2021-30317,EPSS-only,0.01389,2090
CVE-2021-29134,EPSS-only,0.01388,2091
CVE-2021-4171,EPSS-only,0.01387,2092
CVE-2022-24687,EPSS-only,0.01387,2093
CVE-2021-43073,EPSS-only,0.01386,2094
CVE-2022-21317,EPSS-only,0.01386,2095
CVE-2022-21319,EPSS-only,0.01386,2096
CVE-2021-21966,EPSS-only,0.01384,2097
CVE-2021-45226,EPSS-only,0.01384,2098
CVE-2021-45865,EPSS-only,0.01384,2099
CVE-2022-0493,EPSS-only,0.01381,2100
CVE-2022-21712,EPSS-only,0.01381,2101
CVE-2022-21370,EPSS-only,0.01379,2102
CVE-2021-23702,EPSS-only,0.01378,2103
CVE-2022-0564,EPSS-only,0.01378,2104
CVE-2022-24797,EPSS-only,0.01378,2105
CVE-2022-25306,EPSS-only,0.01378,2106
CVE-2022-25307,EPSS-only,0.01378,2107
CVE-2022-0282,EPSS-only,0.01376,2108
CVE-2022-21658,EPSS-only,0.01376,2109
CVE-2022-24255,EPSS-only,0.01376,2110
CVE-2021-42642,EPSS-only,0.01375,2111
CVE-2021-34979,EPSS-only,0.01374,2112
CVE-2021-44610,EPSS-only,0.01374,2113
CVE-2022-21689,EPSS-only,0.01374,2114
CVE-2022-22880,EPSS-only,0.01374,2115
CVE-2022-22881,EPSS-only,0.01374,2116
CVE-2022-23379,EPSS-only,0.01374,2117
CVE-2021-42391,EPSS-only,0.01373,2118
CVE-2022-23327,EPSS-only,0.01373,2119
CVE-2022-23328,EPSS-only,0.01373,2120
CVE-2022-25095,EPSS-only,0.01373,2121
CVE-2021-34980,EPSS-only,0.01372,2122
CVE-2021-46458,EPSS-only,0.0137,2123
CVE-2021-46459,EPSS-only,0.0137,2124
CVE-2021-41141,EPSS-only,0.01367,2125
CVE-2021-44793,EPSS-only,0.01367,2126
CVE-2022-22120,EPSS-only,0.01367,2127
CVE-2021-3667,EPSS-only,0.01366,2128
CVE-2022-24956,EPSS-only,0.01366,2129
CVE-2022-26488,EPSS-only,0.01365,2130
CVE-2021-25075,EPSS-only,0.01364,2131
CVE-2022-0743,EPSS-only,0.01364,2132
CVE-2016-3735,EPSS-only,0.01363,2133
CVE-2021-37354,EPSS-only,0.01363,2134
CVE-2021-45740,EPSS-only,0.01363,2135
CVE-2022-26847,EPSS-only,0.01363,2136
CVE-2021-24692,EPSS-only,0.01361,2137
CVE-2022-0096,EPSS-only,0.01361,2138
CVE-2022-22543,EPSS-only,0.01361,2139
CVE-2021-45944,EPSS-only,0.0136,2140
CVE-2022-21348,EPSS-only,0.0136,2141
CVE-2022-21362,EPSS-only,0.0136,2142
CVE-2021-41040,EPSS-only,0.01358,2143
CVE-2021-40595,EPSS-only,0.01356,2144
CVE-2021-46671,EPSS-only,0.01356,2145
CVE-2021-36100,EPSS-only,0.01355,2146
CVE-2021-45806,EPSS-only,0.01355,2147
CVE-2021-23180,EPSS-only,0.01354,2148
CVE-2021-45930,EPSS-only,0.01354,2149
CVE-2022-24666,EPSS-only,0.01354,2150
CVE-2022-25640,EPSS-only,0.01352,2151
CVE-2021-26620,EPSS-only,0.0135,2152
CVE-2021-44620,EPSS-only,0.0135,2153
CVE-2022-0635,EPSS-only,0.01348,2154
CVE-2022-0667,EPSS-only,0.01348,2155
CVE-2022-0724,EPSS-only,0.01348,2156
CVE-2021-27797,EPSS-only,0.01347,2157
CVE-2021-30771,EPSS-only,0.01347,2158
CVE-2021-4133,EPSS-only,0.01347,2159
CVE-2021-43860,EPSS-only,0.01346,2160
CVE-2022-22941,EPSS-only,0.01346,2161
CVE-2022-0104,EPSS-only,0.01344,2162
CVE-2022-22609,EPSS-only,0.01344,2163
CVE-2022-23602,EPSS-only,0.01343,2164
CVE-2022-21374,EPSS-only,0.01341,2165
CVE-2022-24251,EPSS-only,0.0134,2166
CVE-2021-40423,EPSS-only,0.01339,2167
CVE-2021-43269,EPSS-only,0.01339,2168
CVE-2021-45868,EPSS-only,0.01339,2169
CVE-2021-46114,EPSS-only,0.01339,2170
CVE-2022-0359,EPSS-only,0.01339,2171
CVE-2021-32649,EPSS-only,0.01336,2172
CVE-2022-22844,EPSS-only,0.01336,2173
CVE-2021-24975,EPSS-only,0.01334,2174
CVE-2022-0109,EPSS-only,0.01334,2175
CVE-2022-22704,EPSS-only,0.01334,2176
CVE-2022-22991,EPSS-only,0.01333,2177
CVE-2022-22614,EPSS-only,0.01332,2178
CVE-2022-22615,EPSS-only,0.01332,2179
CVE-2022-21685,EPSS-only,0.01331,2180
CVE-2021-40750,EPSS-only,0.0133,2181
CVE-2021-40778,EPSS-only,0.0133,2182
CVE-2021-40781,EPSS-only,0.0133,2183
CVE-2022-0909,EPSS-only,0.0133,2184
CVE-2022-0924,EPSS-only,0.0133,2185
CVE-2022-24450,EPSS-only,0.0133,2186
CVE-2021-42787,EPSS-only,0.01328,2187
CVE-2021-24775,EPSS-only,0.01327,2188
CVE-2021-25064,EPSS-only,0.01327,2189
CVE-2022-25319,EPSS-only,0.01327,2190
CVE-2021-43049,EPSS-only,0.01326,2191
CVE-2021-40401,EPSS-only,0.01324,2192
CVE-2021-40574,EPSS-only,0.01324,2193
CVE-2022-22922,EPSS-only,0.01324,2194
CVE-2022-23228,EPSS-only,0.01324,2195
CVE-2020-20095,EPSS-only,0.01323,2196
CVE-2021-35452,EPSS-only,0.01321,2197
CVE-2022-21164,EPSS-only,0.01321,2198
CVE-2022-26131,EPSS-only,0.01321,2199
CVE-2021-24689,EPSS-only,0.0132,2200
CVE-2022-0571,EPSS-only,0.0132,2201
CVE-2022-21363,EPSS-only,0.0132,2202
CVE-2022-23630,EPSS-only,0.0132,2203
CVE-2022-28209,EPSS-only,0.0132,2204
CVE-2022-22597,EPSS-only,0.01319,2205
CVE-2021-24952,EPSS-only,0.01318,2206
CVE-2021-25054,EPSS-only,0.01318,2207
CVE-2021-33851,EPSS-only,0.01318,2208
CVE-2022-0410,EPSS-only,0.01318,2209
CVE-2022-21297,EPSS-only,0.01318,2210
CVE-2022-22735,EPSS-only,0.01318,2211
CVE-2021-32435,EPSS-only,0.01317,2212
CVE-2021-24858,EPSS-only,0.01316,2213
CVE-2022-0766,EPSS-only,0.01315,2214
CVE-2022-26260,EPSS-only,0.01315,2215
CVE-2021-24973,EPSS-only,0.01314,2216
CVE-2022-25360,EPSS-only,0.01314,2217
CVE-2021-45802,EPSS-only,0.01313,2218
CVE-2022-25602,EPSS-only,0.01313,2219
CVE-2022-0102,EPSS-only,0.01312,2220
CVE-2021-39056,EPSS-only,0.01311,2221
CVE-2021-46157,EPSS-only,0.01311,2222
CVE-2020-19860,EPSS-only,0.0131,2223
CVE-2021-40568,EPSS-only,0.0131,2224
CVE-2021-44905,EPSS-only,0.0131,2225
CVE-2022-0255,EPSS-only,0.0131,2226
CVE-2022-22989,EPSS-only,0.0131,2227
CVE-2022-25590,EPSS-only,0.01309,2228
CVE-2021-44586,EPSS-only,0.01308,2229
CVE-2021-1573,EPSS-only,0.01307,2230
CVE-2021-34704,EPSS-only,0.01307,2231
CVE-2022-25045,EPSS-only,0.01307,2232
CVE-2022-0090,EPSS-only,0.01306,2233
CVE-2022-0114,EPSS-only,0.01306,2234
CVE-2022-24552,EPSS-only,0.01306,2235
CVE-2021-45808,EPSS-only,0.01305,2236
CVE-2022-0106,EPSS-only,0.01305,2237
CVE-2022-24600,EPSS-only,0.01305,2238
CVE-2022-24253,EPSS-only,0.01304,2239
CVE-2021-36152,EPSS-only,0.01302,2240
CVE-2021-24777,EPSS-only,0.01301,2241
CVE-2021-25068,EPSS-only,0.01301,2242
CVE-2022-22885,EPSS-only,0.01301,2243
CVE-2021-29785,EPSS-only,0.01299,2244
CVE-2022-0618,EPSS-only,0.01299,2245
CVE-2022-24770,EPSS-only,0.01298,2246
CVE-2022-0704,EPSS-only,0.01297,2247
CVE-2021-33046,EPSS-only,0.01296,2248
CVE-2021-38682,EPSS-only,0.01296,2249
CVE-2021-38689,EPSS-only,0.01296,2250
CVE-2021-38690,EPSS-only,0.01296,2251
CVE-2021-38691,EPSS-only,0.01296,2252
CVE-2021-38692,EPSS-only,0.01296,2253
CVE-2022-0813,EPSS-only,0.01296,2254
CVE-2022-21352,EPSS-only,0.01296,2255
CVE-2022-22114,EPSS-only,0.01296,2256
CVE-2021-43957,EPSS-only,0.01295,2257
CVE-2022-0829,EPSS-only,0.01295,2258
CVE-2021-22804,EPSS-only,0.01294,2259
CVE-2021-46156,EPSS-only,0.01293,2260
CVE-2021-46159,EPSS-only,0.01293,2261
CVE-2021-46160,EPSS-only,0.01293,2262
CVE-2021-46161,EPSS-only,0.01293,2263
CVE-2021-46162,EPSS-only,0.01293,2264
CVE-2022-0190,EPSS-only,0.01292,2265
CVE-2022-0430,EPSS-only,0.01292,2266
CVE-2022-22666,EPSS-only,0.01292,2267
CVE-2022-26266,EPSS-only,0.01292,2268
CVE-2021-25037,EPSS-only,0.01291,2269
CVE-2022-0105,EPSS-only,0.0129,2270
CVE-2021-43420,EPSS-only,0.01289,2271
CVE-2021-38789,EPSS-only,0.01287,2272
CVE-2022-21251,EPSS-only,0.01287,2273
CVE-2022-21876,EPSS-only,0.01287,2274
CVE-2022-0831,EPSS-only,0.01286,2275
CVE-2022-23117,EPSS-only,0.01285,2276
CVE-2021-33581,EPSS-only,0.01284,2277
CVE-2021-29838,EPSS-only,0.01283,2278
CVE-2022-22002,EPSS-only,0.01282,2279
CVE-2022-23873,EPSS-only,0.01281,2280
CVE-2021-32545,EPSS-only,0.0128,2281
CVE-2021-40635,EPSS-only,0.0128,2282
CVE-2021-40636,EPSS-only,0.0128,2283
CVE-2022-22689,EPSS-only,0.0128,2284
CVE-2022-25335,EPSS-only,0.0128,2285
CVE-2022-21646,EPSS-only,0.01278,2286
CVE-2022-0181,EPSS-only,0.01277,2287
CVE-2022-25271,EPSS-only,0.01277,2288
CVE-2021-24778,EPSS-only,0.01275,2289
CVE-2021-4208,EPSS-only,0.01275,2290
CVE-2021-45421,EPSS-only,0.01275,2291
CVE-2022-0267,EPSS-only,0.01275,2292
CVE-2022-23640,EPSS-only,0.01275,2293
CVE-2022-26169,EPSS-only,0.01275,2294
CVE-2022-26170,EPSS-only,0.01275,2295
CVE-2022-26171,EPSS-only,0.01275,2296
CVE-2020-14521,EPSS-only,0.01274,2297
CVE-2021-41551,EPSS-only,0.01274,2298
CVE-2022-21379,EPSS-only,0.01274,2299
CVE-2022-24316,EPSS-only,0.01273,2300
CVE-2021-40741,EPSS-only,0.0127,2301
CVE-2022-0907,EPSS-only,0.0127,2302
CVE-2022-21351,EPSS-only,0.0127,2303
CVE-2021-26617,EPSS-only,0.01269,2304
CVE-2021-44550,EPSS-only,0.01269,2305
CVE-2022-1160,EPSS-only,0.01267,2306
CVE-2020-14504,EPSS-only,0.01266,2307
CVE-2021-23470,EPSS-only,0.01266,2308
CVE-2022-22943,EPSS-only,0.01264,2309
CVE-2022-0577,EPSS-only,0.01263,2310
CVE-2022-0535,EPSS-only,0.01262,2311
CVE-2022-0559,EPSS-only,0.01262,2312
CVE-2022-0671,EPSS-only,0.01262,2313
CVE-2021-3660,EPSS-only,0.01261,2314
CVE-2021-46078,EPSS-only,0.01261,2315
CVE-2022-24121,EPSS-only,0.01261,2316
CVE-2021-24044,EPSS-only,0.0126,2317
CVE-2022-0536,EPSS-only,0.0126,2318
CVE-2021-42389,EPSS-only,0.01259,2319
CVE-2021-42390,EPSS-only,0.01259,2320
CVE-2021-43735,EPSS-only,0.01259,2321
CVE-2021-40737,EPSS-only,0.01258,2322
CVE-2021-40742,EPSS-only,0.01258,2323
CVE-2022-21367,EPSS-only,0.01257,2324
CVE-2022-24757,EPSS-only,0.01256,2325
CVE-2021-40596,EPSS-only,0.01254,2326
CVE-2021-40907,EPSS-only,0.01254,2327
CVE-2021-41472,EPSS-only,0.01254,2328
CVE-2021-41659,EPSS-only,0.01254,2329
CVE-2021-41660,EPSS-only,0.01254,2330
CVE-2021-44092,EPSS-only,0.01254,2331
CVE-2021-44244,EPSS-only,0.01254,2332
CVE-2021-46451,EPSS-only,0.01254,2333
CVE-2022-23364,EPSS-only,0.01254,2334
CVE-2022-26639,EPSS-only,0.01253,2335
CVE-2022-26640,EPSS-only,0.01253,2336
CVE-2022-26641,EPSS-only,0.01253,2337
CVE-2022-26642,EPSS-only,0.01253,2338
CVE-2022-24743,EPSS-only,0.01252,2339
CVE-2020-22845,EPSS-only,0.0125,2340
CVE-2022-0561,EPSS-only,0.0125,2341
CVE-2022-0562,EPSS-only,0.0125,2342
CVE-2022-0908,EPSS-only,0.0125,2343
CVE-2022-1176,EPSS-only,0.0125,2344
CVE-2022-22643,EPSS-only,0.0125,2345
CVE-2022-24643,EPSS-only,0.0125,2346
CVE-2022-24768,EPSS-only,0.0125,2347
CVE-2019-12266,EPSS-only,0.01248,2348
CVE-2021-43086,EPSS-only,0.01248,2349
CVE-2022-21694,EPSS-only,0.01248,2350
CVE-2021-33498,EPSS-only,0.01245,2351
CVE-2021-33499,EPSS-only,0.01245,2352
CVE-2021-35969,EPSS-only,0.01245,2353
CVE-2021-42555,EPSS-only,0.01245,2354
CVE-2022-23623,EPSS-only,0.01244,2355
CVE-2022-23624,EPSS-only,0.01244,2356
CVE-2021-45756,EPSS-only,0.01243,2357
CVE-2021-46010,EPSS-only,0.01243,2358
CVE-2022-0570,EPSS-only,0.01243,2359
CVE-2022-21708,EPSS-only,0.01243,2360
CVE-2021-24042,EPSS-only,0.01242,2361
CVE-2021-43098,EPSS-only,0.01242,2362
CVE-2022-0213,EPSS-only,0.01242,2363
CVE-2022-0777,EPSS-only,0.01241,2364
CVE-2021-24839,EPSS-only,0.0124,2365
CVE-2021-3772,EPSS-only,0.0124,2366
CVE-2021-44590,EPSS-only,0.0124,2367
CVE-2022-0871,EPSS-only,0.0124,2368
CVE-2022-23625,EPSS-only,0.01239,2369
CVE-2022-23639,EPSS-only,0.01239,2370
CVE-2022-25396,EPSS-only,0.01239,2371
CVE-2022-25398,EPSS-only,0.01239,2372
CVE-2022-25399,EPSS-only,0.01239,2373
CVE-2021-46408,EPSS-only,0.01238,2374
CVE-2022-25548,EPSS-only,0.01238,2375
CVE-2022-25549,EPSS-only,0.01238,2376
CVE-2022-25550,EPSS-only,0.01238,2377
CVE-2022-25551,EPSS-only,0.01238,2378
CVE-2022-25552,EPSS-only,0.01238,2379
CVE-2022-25553,EPSS-only,0.01238,2380
CVE-2022-25554,EPSS-only,0.01238,2381
CVE-2022-25555,EPSS-only,0.01238,2382
CVE-2022-25556,EPSS-only,0.01238,2383
CVE-2022-25557,EPSS-only,0.01238,2384
CVE-2022-25558,EPSS-only,0.01238,2385
CVE-2022-25560,EPSS-only,0.01238,2386
CVE-2022-25561,EPSS-only,0.01238,2387
CVE-2022-25566,EPSS-only,0.01238,2388
CVE-2022-27250,EPSS-only,0.01237,2389
CVE-2020-13675,EPSS-only,0.01236,2390
CVE-2022-0507,EPSS-only,0.01235,2391
CVE-2022-0982,EPSS-only,0.01235,2392
CVE-2022-22727,EPSS-only,0.01235,2393
CVE-2022-26646,EPSS-only,0.01235,2394
CVE-2021-44879,EPSS-only,0.01234,2395
CVE-2020-22844,EPSS-only,0.01233,2396
CVE-2022-20659,EPSS-only,0.01233,2397
CVE-2021-24994,EPSS-only,0.01232,2398
CVE-2021-40419,EPSS-only,0.01232,2399
CVE-2022-0757,EPSS-only,0.01231,2400
CVE-2021-39708,EPSS-only,0.0123,2401
CVE-2021-40404,EPSS-only,0.01229,2402
CVE-2022-0386,EPSS-only,0.01229,2403
CVE-2021-39892,EPSS-only,0.01228,2404
CVE-2021-41471,EPSS-only,0.01228,2405
CVE-2022-23365,EPSS-only,0.01228,2406
CVE-2021-3242,EPSS-only,0.01227,2407
CVE-2021-3845,EPSS-only,0.01227,2408
CVE-2022-0139,EPSS-only,0.01227,2409
CVE-2022-21895,EPSS-only,0.01227,2410
CVE-2022-24714,EPSS-only,0.01227,2411
CVE-2022-1036,EPSS-only,0.01226,2412
CVE-2022-23799,EPSS-only,0.01225,2413
CVE-2022-22635,EPSS-only,0.01224,2414
CVE-2022-25099,EPSS-only,0.01224,2415
CVE-2022-25101,EPSS-only,0.01224,2416
CVE-2022-21378,EPSS-only,0.01223,2417
CVE-2022-21347,EPSS-only,0.01222,2418
CVE-2022-21353,EPSS-only,0.01222,2419
CVE-2022-24349,EPSS-only,0.01222,2420
CVE-2022-24917,EPSS-only,0.01222,2421
CVE-2022-24919,EPSS-only,0.01222,2422
CVE-2021-24864,EPSS-only,0.01221,2423
CVE-2021-43588,EPSS-only,0.01221,2424
CVE-2021-40010,EPSS-only,0.0122,2425
CVE-2022-25188,EPSS-only,0.01219,2426
CVE-2022-25880,EPSS-only,0.01219,2427
CVE-2022-25980,EPSS-only,0.01219,2428
CVE-2022-26059,EPSS-only,0.01219,2429
CVE-2022-26065,EPSS-only,0.01219,2430
CVE-2022-26069,EPSS-only,0.01219,2431
CVE-2022-26338,EPSS-only,0.01219,2432
CVE-2022-26349,EPSS-only,0.01219,2433
CVE-2022-26514,EPSS-only,0.01219,2434
CVE-2022-26666,EPSS-only,0.01219,2435
CVE-2022-26667,EPSS-only,0.01219,2436
CVE-2022-26836,EPSS-only,0.01219,2437
CVE-2022-27175,EPSS-only,0.01219,2438
CVE-2021-25065,EPSS-only,0.01217,2439
CVE-2021-46320,EPSS-only,0.01217,2440
CVE-2022-0239,EPSS-only,0.01217,2441
CVE-2021-24964,EPSS-only,0.01216,2442
CVE-2022-22613,EPSS-only,0.01216,2443
CVE-2021-26259,EPSS-only,0.01215,2444
CVE-2022-25577,EPSS-only,0.01215,2445
CVE-2022-26315,EPSS-only,0.01215,2446
CVE-2021-39384,EPSS-only,0.01214,2447
CVE-2021-43109,EPSS-only,0.01214,2448
CVE-2022-23387,EPSS-only,0.01214,2449
CVE-2022-25393,EPSS-only,0.01214,2450
CVE-2020-28102,EPSS-only,0.01213,2451
CVE-2021-38772,EPSS-only,0.01213,2452
CVE-2022-0133,EPSS-only,0.01213,2453
CVE-2022-0203,EPSS-only,0.01213,2454
CVE-2022-21217,EPSS-only,0.01213,2455
CVE-2022-23358,EPSS-only,0.01213,2456
CVE-2022-23902,EPSS-only,0.01213,2457
CVE-2022-24206,EPSS-only,0.01213,2458
CVE-2013-20004,EPSS-only,0.01211,2459
CVE-2016-1239,EPSS-only,0.01211,2460
CVE-2021-46446,EPSS-only,0.01211,2461
CVE-2022-22987,EPSS-only,0.01211,2462
CVE-2022-23848,EPSS-only,0.01211,2463
CVE-2021-27426,EPSS-only,0.0121,2464
CVE-2021-27428,EPSS-only,0.0121,2465
CVE-2021-38918,EPSS-only,0.0121,2466
CVE-2021-46149,EPSS-only,0.0121,2467
CVE-2022-22121,EPSS-only,0.0121,2468
CVE-2022-23982,EPSS-only,0.01209,2469
CVE-2022-0103,EPSS-only,0.01208,2470
CVE-2022-21391,EPSS-only,0.01208,2471
CVE-2022-28202,EPSS-only,0.01208,2472
CVE-2021-44385,EPSS-only,0.01207,2473
CVE-2021-44386,EPSS-only,0.01207,2474
CVE-2021-44387,EPSS-only,0.01207,2475
CVE-2021-44388,EPSS-only,0.01207,2476
CVE-2021-44389,EPSS-only,0.01207,2477
CVE-2021-44390,EPSS-only,0.01207,2478
CVE-2021-44391,EPSS-only,0.01207,2479
CVE-2021-44392,EPSS-only,0.01207,2480
CVE-2021-44393,EPSS-only,0.01207,2481
CVE-2021-44395,EPSS-only,0.01207,2482
CVE-2021-44396,EPSS-only,0.01207,2483
CVE-2021-44397,EPSS-only,0.01207,2484
CVE-2021-44398,EPSS-only,0.01207,2485
CVE-2021-44399,EPSS-only,0.01207,2486
CVE-2021-44400,EPSS-only,0.01207,2487
CVE-2021-44401,EPSS-only,0.01207,2488
CVE-2021-44402,EPSS-only,0.01207,2489
CVE-2021-44403,EPSS-only,0.01207,2490
CVE-2021-44404,EPSS-only,0.01207,2491
CVE-2021-44405,EPSS-only,0.01207,2492
CVE-2021-44406,EPSS-only,0.01207,2493
CVE-2021-44407,EPSS-only,0.01207,2494
CVE-2021-44408,EPSS-only,0.01207,2495
CVE-2021-44409,EPSS-only,0.01207,2496
CVE-2021-44410,EPSS-only,0.01207,2497
CVE-2021-44411,EPSS-only,0.01207,2498
CVE-2021-44412,EPSS-only,0.01207,2499
CVE-2021-44413,EPSS-only,0.01207,2500
CVE-2021-44414,EPSS-only,0.01207,2501
CVE-2021-44415,EPSS-only,0.01207,2502
CVE-2021-44416,EPSS-only,0.01207,2503
CVE-2021-44417,EPSS-only,0.01207,2504
CVE-2021-44418,EPSS-only,0.01207,2505
CVE-2021-44419,EPSS-only,0.01207,2506
CVE-2022-0086,EPSS-only,0.01207,2507
CVE-2022-22634,EPSS-only,0.01207,2508
CVE-2022-27243,EPSS-only,0.01207,2509
CVE-2021-4154,EPSS-only,0.01206,2510
CVE-2022-21706,EPSS-only,0.01206,2511
CVE-2022-24317,EPSS-only,0.01206,2512
CVE-2022-24982,EPSS-only,0.01206,2513
CVE-2022-23262,EPSS-only,0.01204,2514
CVE-2022-24728,EPSS-only,0.01203,2515
CVE-2022-23383,EPSS-only,0.01202,2516
CVE-2021-22826,EPSS-only,0.01201,2517
CVE-2021-22827,EPSS-only,0.01201,2518
CVE-2022-24980,EPSS-only,0.01201,2519
CVE-2022-0611,EPSS-only,0.012,2520
CVE-2021-25009,EPSS-only,0.01198,2521
CVE-2021-45786,EPSS-only,0.01198,2522
CVE-2021-22796,EPSS-only,0.01197,2523
CVE-2021-42219,EPSS-only,0.01197,2524
CVE-2021-46359,EPSS-only,0.01197,2525
CVE-2022-21278,EPSS-only,0.01197,2526
CVE-2022-21643,EPSS-only,0.01197,2527
CVE-2022-26300,EPSS-only,0.01197,2528
CVE-2021-24831,EPSS-only,0.01196,2529
CVE-2021-25093,EPSS-only,0.01196,2530
CVE-2021-46444,EPSS-only,0.01195,2531
CVE-2021-46445,EPSS-only,0.01195,2532
CVE-2021-46448,EPSS-only,0.01195,2533
CVE-2022-0121,EPSS-only,0.01195,2534
CVE-2022-25023,EPSS-only,0.01195,2535
CVE-2021-40327,EPSS-only,0.01194,2536
CVE-2022-22633,EPSS-only,0.01194,2537
CVE-2022-25020,EPSS-only,0.01194,2538
CVE-2022-21666,EPSS-only,0.01193,2539
CVE-2022-21930,EPSS-only,0.01193,2540
CVE-2022-21931,EPSS-only,0.01193,2541
CVE-2022-22351,EPSS-only,0.01193,2542
CVE-2022-23435,EPSS-only,0.01192,2543
CVE-2022-26276,EPSS-only,0.01192,2544
CVE-2021-35683,EPSS-only,0.01191,2545
CVE-2022-25922,EPSS-only,0.01191,2546
CVE-2021-42562,EPSS-only,0.0119,2547
CVE-2022-0580,EPSS-only,0.0119,2548
CVE-2021-40570,EPSS-only,0.01189,2549
CVE-2021-40571,EPSS-only,0.01189,2550
CVE-2022-24577,EPSS-only,0.01189,2551
CVE-2021-24991,EPSS-only,0.01188,2552
CVE-2021-40782,EPSS-only,0.01186,2553
CVE-2021-46093,EPSS-only,0.01186,2554
CVE-2022-22540,EPSS-only,0.01185,2555
CVE-2022-0099,EPSS-only,0.01184,2556
CVE-2022-22665,EPSS-only,0.01184,2557
CVE-2021-32998,EPSS-only,0.01183,2558
CVE-2022-24704,EPSS-only,0.01182,2559
CVE-2022-24705,EPSS-only,0.01182,2560
CVE-2021-44960,EPSS-only,0.01179,2561
CVE-2021-45803,EPSS-only,0.01179,2562
CVE-2022-24791,EPSS-only,0.01179,2563
CVE-2021-46148,EPSS-only,0.01178,2564
CVE-2021-46247,EPSS-only,0.01178,2565
CVE-2022-0676,EPSS-only,0.01178,2566
CVE-2021-46389,EPSS-only,0.01177,2567
CVE-2022-24777,EPSS-only,0.01177,2568
CVE-2021-46033,EPSS-only,0.01176,2569
CVE-2022-21713,EPSS-only,0.01176,2570
CVE-2022-25581,EPSS-only,0.01176,2571
CVE-2021-44246,EPSS-only,0.01175,2572
CVE-2021-45736,EPSS-only,0.01175,2573
CVE-2021-45737,EPSS-only,0.01175,2574
CVE-2021-45739,EPSS-only,0.01175,2575
CVE-2021-45741,EPSS-only,0.01175,2576
CVE-2021-45996,EPSS-only,0.01175,2577
CVE-2021-46082,EPSS-only,0.01175,2578
CVE-2022-23331,EPSS-only,0.01175,2579
CVE-2022-24142,EPSS-only,0.01175,2580
CVE-2022-24143,EPSS-only,0.01175,2581
CVE-2022-24145,EPSS-only,0.01175,2582
CVE-2022-24146,EPSS-only,0.01175,2583
CVE-2022-24147,EPSS-only,0.01175,2584
CVE-2022-24149,EPSS-only,0.01175,2585
CVE-2022-24151,EPSS-only,0.01175,2586
CVE-2022-24152,EPSS-only,0.01175,2587
CVE-2022-24153,EPSS-only,0.01175,2588
CVE-2022-24154,EPSS-only,0.01175,2589
CVE-2022-24155,EPSS-only,0.01175,2590
CVE-2022-24156,EPSS-only,0.01175,2591
CVE-2022-24157,EPSS-only,0.01175,2592
CVE-2022-24158,EPSS-only,0.01175,2593
CVE-2022-24159,EPSS-only,0.01175,2594
CVE-2022-24160,EPSS-only,0.01175,2595
CVE-2022-24161,EPSS-only,0.01175,2596
CVE-2022-24162,EPSS-only,0.01175,2597
CVE-2022-24163,EPSS-only,0.01175,2598
CVE-2022-24164,EPSS-only,0.01175,2599
CVE-2022-24166,EPSS-only,0.01175,2600
CVE-2022-24169,EPSS-only,0.01175,2601
CVE-2022-24172,EPSS-only,0.01175,2602
CVE-2022-26243,EPSS-only,0.01175,2603
CVE-2021-39034,EPSS-only,0.01174,2604
CVE-2022-0546,EPSS-only,0.01174,2605
CVE-2022-21677,EPSS-only,0.01174,2606
CVE-2021-40766,EPSS-only,0.01173,2607
CVE-2022-23559,EPSS-only,0.01173,2608
CVE-2022-24711,EPSS-only,0.01173,2609
CVE-2022-25256,EPSS-only,0.01172,2610
CVE-2021-40769,EPSS-only,0.0117,2611
CVE-2022-22642,EPSS-only,0.0117,2612
CVE-2021-43394,EPSS-only,0.01169,2613
CVE-2022-0108,EPSS-only,0.01169,2614
CVE-2022-1011,EPSS-only,0.01169,2615
CVE-2022-0116,EPSS-only,0.01168,2616
CVE-2022-0981,EPSS-only,0.01168,2617
CVE-2022-21395,EPSS-only,0.01168,2618
CVE-2022-26273,EPSS-only,0.01168,2619
CVE-2022-22640,EPSS-only,0.01167,2620
CVE-2021-45347,EPSS-only,0.01166,2621
CVE-2021-45389,EPSS-only,0.01166,2622
CVE-2021-24878,EPSS-only,0.01165,2623
CVE-2021-38576,EPSS-only,0.01165,2624
CVE-2021-46242,EPSS-only,0.01164,2625
CVE-2022-0545,EPSS-only,0.01164,2626
CVE-2022-23269,EPSS-only,0.01164,2627
CVE-2022-24601,EPSS-only,0.01164,2628
CVE-2022-26100,EPSS-only,0.01164,2629
CVE-2020-25180,EPSS-only,0.01163,2630
CVE-2022-21143,EPSS-only,0.01163,2631
CVE-2022-0525,EPSS-only,0.01162,2632
CVE-2021-28962,EPSS-only,0.01161,2633
CVE-2022-0407,EPSS-only,0.01161,2634
CVE-2022-24918,EPSS-only,0.01161,2635
CVE-2021-29215,EPSS-only,0.0116,2636
CVE-2022-24947,EPSS-only,0.0116,2637
CVE-2021-46170,EPSS-only,0.01159,2638
CVE-2022-23641,EPSS-only,0.01159,2639
CVE-2021-3814,EPSS-only,0.01158,2640
CVE-2021-46660,EPSS-only,0.01158,2641
CVE-2021-3567,EPSS-only,0.01157,2642
CVE-2022-0429,EPSS-only,0.01157,2643
CVE-2022-22679,EPSS-only,0.01157,2644
CVE-2021-25004,EPSS-only,0.01156,2645
CVE-2021-33828,EPSS-only,0.01156,2646
CVE-2022-25355,EPSS-only,0.01156,2647
CVE-2021-36411,EPSS-only,0.01155,2648
CVE-2022-22847,EPSS-only,0.01155,2649
CVE-2022-24602,EPSS-only,0.01155,2650
CVE-2022-24603,EPSS-only,0.01155,2651
CVE-2022-24604,EPSS-only,0.01155,2652
CVE-2022-24605,EPSS-only,0.01155,2653
CVE-2022-24606,EPSS-only,0.01155,2654
CVE-2022-24607,EPSS-only,0.01155,2655
CVE-2022-26311,EPSS-only,0.01155,2656
CVE-2021-36171,EPSS-only,0.01154,2657
CVE-2022-0544,EPSS-only,0.01153,2658
CVE-2022-22661,EPSS-only,0.01153,2659
CVE-2021-41598,EPSS-only,0.01152,2660
CVE-2022-1064,EPSS-only,0.01152,2661
CVE-2021-33208,EPSS-only,0.01151,2662
CVE-2021-42639,EPSS-only,0.01151,2663
CVE-2022-0504,EPSS-only,0.01151,2664
CVE-2022-21693,EPSS-only,0.01151,2665
CVE-2022-23581,EPSS-only,0.01151,2666
CVE-2022-24568,EPSS-only,0.01151,2667
CVE-2021-42857,EPSS-only,0.0115,2668
CVE-2021-44269,EPSS-only,0.0115,2669
CVE-2022-21700,EPSS-only,0.0115,2670
CVE-2021-34342,EPSS-only,0.01149,2671
CVE-2022-25215,EPSS-only,0.01149,2672
CVE-2022-25358,EPSS-only,0.01149,2673
CVE-2021-26726,EPSS-only,0.01148,2674
CVE-2021-40762,EPSS-only,0.01148,2675
CVE-2021-40768,EPSS-only,0.01148,2676
CVE-2021-40785,EPSS-only,0.01148,2677
CVE-2021-40788,EPSS-only,0.01148,2678
CVE-2021-40789,EPSS-only,0.01148,2679
CVE-2021-40796,EPSS-only,0.01148,2680
CVE-2021-42263,EPSS-only,0.01148,2681
CVE-2021-42264,EPSS-only,0.01148,2682
CVE-2021-43946,EPSS-only,0.01148,2683
CVE-2021-44988,EPSS-only,0.01148,2684
CVE-2022-21368,EPSS-only,0.01148,2685
CVE-2022-22294,EPSS-only,0.01148,2686
CVE-2021-35687,EPSS-only,0.01147,2687
CVE-2022-21387,EPSS-only,0.01147,2688
CVE-2022-22653,EPSS-only,0.01147,2689
CVE-2022-23795,EPSS-only,0.01147,2690
CVE-2022-24783,EPSS-only,0.01147,2691
CVE-2022-27192,EPSS-only,0.01147,2692
CVE-2021-34977,EPSS-only,0.01146,2693
CVE-2022-22770,EPSS-only,0.01146,2694
CVE-2022-24331,EPSS-only,0.01146,2695
CVE-2022-24721,EPSS-only,0.01146,2696
CVE-2021-40767,EPSS-only,0.01145,2697
CVE-2021-44358,EPSS-only,0.01145,2698
CVE-2021-44359,EPSS-only,0.01145,2699
CVE-2021-44360,EPSS-only,0.01145,2700
CVE-2021-44361,EPSS-only,0.01145,2701
CVE-2021-44362,EPSS-only,0.01145,2702
CVE-2021-44363,EPSS-only,0.01145,2703
CVE-2021-44364,EPSS-only,0.01145,2704
CVE-2021-44365,EPSS-only,0.01145,2705
CVE-2021-44367,EPSS-only,0.01145,2706
CVE-2021-44368,EPSS-only,0.01145,2707
CVE-2021-44369,EPSS-only,0.01145,2708
CVE-2021-44370,EPSS-only,0.01145,2709
CVE-2021-44371,EPSS-only,0.01145,2710
CVE-2021-44372,EPSS-only,0.01145,2711
CVE-2021-44373,EPSS-only,0.01145,2712
CVE-2021-44374,EPSS-only,0.01145,2713
CVE-2021-44376,EPSS-only,0.01145,2714
CVE-2021-44377,EPSS-only,0.01145,2715
CVE-2021-44378,EPSS-only,0.01145,2716
CVE-2021-44379,EPSS-only,0.01145,2717
CVE-2021-44380,EPSS-only,0.01145,2718
CVE-2021-44381,EPSS-only,0.01145,2719
CVE-2021-44382,EPSS-only,0.01145,2720
CVE-2021-44383,EPSS-only,0.01145,2721
CVE-2021-44384,EPSS-only,0.01145,2722
CVE-2022-21655,EPSS-only,0.01145,2723
CVE-2021-36414,EPSS-only,0.01144,2724
CVE-2022-22680,EPSS-only,0.01143,2725
CVE-2021-46074,EPSS-only,0.01142,2726
CVE-2022-20750,EPSS-only,0.01142,2727
CVE-2021-46110,EPSS-only,0.01141,2728
CVE-2022-0152,EPSS-only,0.01141,2729
CVE-2022-23395,EPSS-only,0.0114,2730
CVE-2022-0249,EPSS-only,0.01138,2731
CVE-2022-21276,EPSS-only,0.01138,2732
CVE-2022-22690,EPSS-only,0.01138,2733
CVE-2021-44345,EPSS-only,0.01137,2734
CVE-2022-0118,EPSS-only,0.01137,2735
CVE-2022-22159,EPSS-only,0.01137,2736
CVE-2022-25104,EPSS-only,0.01135,2737
CVE-2022-21720,EPSS-only,0.01134,2738
CVE-2022-25022,EPSS-only,0.01134,2739
CVE-2021-41239,EPSS-only,0.01133,2740
CVE-2022-23281,EPSS-only,0.01133,2741
CVE-2021-36348,EPSS-only,0.01132,2742
CVE-2021-45940,EPSS-only,0.01132,2743
CVE-2021-46064,EPSS-only,0.01131,2744
CVE-2021-46141,EPSS-only,0.01131,2745
CVE-2021-23556,EPSS-only,0.0113,2746
CVE-2021-42753,EPSS-only,0.0113,2747
CVE-2022-24718,EPSS-only,0.0113,2748
CVE-2021-25939,EPSS-only,0.01129,2749
CVE-2022-23604,EPSS-only,0.01129,2750
CVE-2021-32478,EPSS-only,0.01128,2751
CVE-2022-0153,EPSS-only,0.01128,2752
CVE-2022-22591,EPSS-only,0.01128,2753
CVE-2022-23619,EPSS-only,0.01128,2754
CVE-2021-28276,EPSS-only,0.01127,2755
CVE-2021-36417,EPSS-only,0.01127,2756
CVE-2021-44983,EPSS-only,0.01127,2757
CVE-2022-22625,EPSS-only,0.01127,2758
CVE-2022-22626,EPSS-only,0.01127,2759
CVE-2022-23095,EPSS-only,0.01127,2760
CVE-2021-45877,EPSS-only,0.01126,2761
CVE-2021-46433,EPSS-only,0.01126,2762
CVE-2022-21728,EPSS-only,0.01125,2763
CVE-2022-24655,EPSS-only,0.01124,2764
CVE-2020-14115,EPSS-only,0.01122,2765
CVE-2021-25022,EPSS-only,0.01122,2766
CVE-2022-22110,EPSS-only,0.01122,2767
CVE-2022-27942,EPSS-only,0.01122,2768
CVE-2022-0151,EPSS-only,0.01121,2769
CVE-2022-0277,EPSS-only,0.01121,2770
CVE-2022-23106,EPSS-only,0.01121,2771
CVE-2022-23858,EPSS-only,0.01121,2772
CVE-2021-24043,EPSS-only,0.01119,2773
CVE-2021-38910,EPSS-only,0.01119,2774
CVE-2022-24667,EPSS-only,0.01119,2775
CVE-2022-24668,EPSS-only,0.01119,2776
CVE-2021-28488,EPSS-only,0.01118,2777
CVE-2021-44692,EPSS-only,0.01117,2778
CVE-2022-21969,EPSS-only,0.01117,2779
CVE-2022-27940,EPSS-only,0.01117,2780
CVE-2022-27941,EPSS-only,0.01117,2781
CVE-2021-20148,EPSS-only,0.01116,2782
CVE-2022-23810,EPSS-only,0.01116,2783
CVE-2022-0263,EPSS-only,0.01115,2784
CVE-2022-22700,EPSS-only,0.01115,2785
CVE-2022-0112,EPSS-only,0.01114,2786
CVE-2021-25023,EPSS-only,0.01112,2787
CVE-2021-43700,EPSS-only,0.01112,2788
CVE-2021-46115,EPSS-only,0.01112,2789
CVE-2022-21796,EPSS-only,0.01112,2790
CVE-2022-23009,EPSS-only,0.01112,2791
CVE-2021-45878,EPSS-only,0.01111,2792
CVE-2021-44090,EPSS-only,0.0111,2793
CVE-2022-20614,EPSS-only,0.0111,2794
CVE-2022-25211,EPSS-only,0.0111,2795
CVE-2021-24985,EPSS-only,0.01109,2796
CVE-2021-43099,EPSS-only,0.01109,2797
CVE-2022-23984,EPSS-only,0.01109,2798
CVE-2022-24409,EPSS-only,0.01108,2799
CVE-2022-24749,EPSS-only,0.01108,2800
CVE-2022-25209,EPSS-only,0.01107,2801
CVE-2020-13670,EPSS-only,0.01106,2802
CVE-2021-41807,EPSS-only,0.01106,2803
CVE-2022-23797,EPSS-only,0.01106,2804
CVE-2022-0173,EPSS-only,0.01105,2805
CVE-2022-0690,EPSS-only,0.01105,2806
CVE-2022-20738,EPSS-only,0.01105,2807
CVE-2022-21250,EPSS-only,0.01105,2808
CVE-2022-1122,EPSS-only,0.01104,2809
CVE-2021-45844,EPSS-only,0.01102,2810
CVE-2021-21958,EPSS-only,0.011,2811
CVE-2021-23191,EPSS-only,0.011,2812
CVE-2022-24511,EPSS-only,0.011,2813
CVE-2022-25512,EPSS-only,0.01099,2814
CVE-2021-40644,EPSS-only,0.01097,2815
CVE-2021-40645,EPSS-only,0.01097,2816
CVE-2021-45941,EPSS-only,0.01097,2817
CVE-2022-0520,EPSS-only,0.01097,2818
CVE-2022-0523,EPSS-only,0.01097,2819
CVE-2022-21660,EPSS-only,0.01097,2820
CVE-2022-23567,EPSS-only,0.01097,2821
CVE-2022-23589,EPSS-only,0.01097,2822
CVE-2022-24747,EPSS-only,0.01097,2823
CVE-2022-24758,EPSS-only,0.01097,2824
CVE-2022-25208,EPSS-only,0.01097,2825
CVE-2020-28103,EPSS-only,0.01096,2826
CVE-2021-25067,EPSS-only,0.01096,2827
CVE-2021-40662,EPSS-only,0.01096,2828
CVE-2021-45435,EPSS-only,0.01096,2829
CVE-2022-21697,EPSS-only,0.01096,2830
CVE-2022-22657,EPSS-only,0.01096,2831
CVE-2022-22664,EPSS-only,0.01096,2832
CVE-2022-23336,EPSS-only,0.01096,2833
CVE-2022-23378,EPSS-only,0.01096,2834
CVE-2022-24219,EPSS-only,0.01096,2835
CVE-2022-24220,EPSS-only,0.01096,2836
CVE-2022-24221,EPSS-only,0.01096,2837
CVE-2022-24222,EPSS-only,0.01096,2838
CVE-2021-44477,EPSS-only,0.01095,2839
CVE-2021-46142,EPSS-only,0.01095,2840
CVE-2022-22706,EPSS-only,0.01095,2841
CVE-2021-23520,EPSS-only,0.01094,2842
CVE-2021-43852,EPSS-only,0.01094,2843
CVE-2021-46204,EPSS-only,0.01094,2844
CVE-2022-0838,EPSS-only,0.01094,2845
CVE-2022-21887,EPSS-only,0.01094,2846
CVE-2022-28160,EPSS-only,0.01094,2847
CVE-2022-1056,EPSS-only,0.01093,2848
CVE-2022-24722,EPSS-only,0.01092,2849
CVE-2021-44530,EPSS-only,0.01091,2850
CVE-2021-46255,EPSS-only,0.01091,2851
CVE-2022-0344,EPSS-only,0.01091,2852
CVE-2022-0881,EPSS-only,0.01091,2853
CVE-2022-21255,EPSS-only,0.01091,2854
CVE-2022-21906,EPSS-only,0.01091,2855
CVE-2022-22810,EPSS-only,0.01091,2856
CVE-2022-28223,EPSS-only,0.01091,2857
CVE-2021-40050,EPSS-only,0.0109,2858
CVE-2021-32476,EPSS-only,0.01089,2859
CVE-2021-44302,EPSS-only,0.01089,2860
CVE-2022-21918,EPSS-only,0.01089,2861
CVE-2021-44141,EPSS-only,0.01088,2862
CVE-2022-21801,EPSS-only,0.01088,2863
CVE-2022-22611,EPSS-only,0.01088,2864
CVE-2022-26980,EPSS-only,0.01088,2865
CVE-2021-45490,EPSS-only,0.01087,2866
CVE-2022-21205,EPSS-only,0.01087,2867
CVE-2021-3813,EPSS-only,0.01086,2868
CVE-2022-0266,EPSS-only,0.01086,2869
CVE-2021-42940,EPSS-only,0.01085,2870
CVE-2021-45224,EPSS-only,0.01085,2871
CVE-2021-45225,EPSS-only,0.01085,2872
CVE-2022-26126,EPSS-only,0.01085,2873
CVE-2021-22820,EPSS-only,0.01084,2874
CVE-2021-40403,EPSS-only,0.01084,2875
CVE-2021-28376,EPSS-only,0.01083,2876
CVE-2021-45977,EPSS-only,0.01083,2877
CVE-2022-23607,EPSS-only,0.01083,2878
CVE-2020-8562,EPSS-only,0.01082,2879
CVE-2021-45757,EPSS-only,0.01082,2880
CVE-2021-45989,EPSS-only,0.01082,2881
CVE-2022-0110,EPSS-only,0.01082,2882
CVE-2022-23889,EPSS-only,0.01082,2883
CVE-2022-0157,EPSS-only,0.01081,2884
CVE-2022-23882,EPSS-only,0.0108,2885
CVE-2022-23899,EPSS-only,0.0108,2886
CVE-2022-25494,EPSS-only,0.0108,2887
CVE-2022-25505,EPSS-only,0.0108,2888
CVE-2022-26301,EPSS-only,0.0108,2889
CVE-2022-27906,EPSS-only,0.0108,2890
CVE-2021-32841,EPSS-only,0.01079,2891
CVE-2021-40841,EPSS-only,0.01079,2892
CVE-2021-44662,EPSS-only,0.01079,2893
CVE-2022-0929,EPSS-only,0.01079,2894
CVE-2022-22553,EPSS-only,0.01079,2895
CVE-2022-23266,EPSS-only,0.01079,2896
CVE-2020-28919,EPSS-only,0.01078,2897
CVE-2022-21654,EPSS-only,0.01078,2898
CVE-2021-26092,EPSS-only,0.01077,2899
CVE-2022-25230,EPSS-only,0.01077,2900
CVE-2022-25325,EPSS-only,0.01077,2901
CVE-2022-23317,EPSS-only,0.01076,2902
CVE-2021-44779,EPSS-only,0.01074,2903
CVE-2021-42194,EPSS-only,0.01071,2904
CVE-2021-43761,EPSS-only,0.01071,2905
CVE-2022-0588,EPSS-only,0.01071,2906
CVE-2022-21932,EPSS-only,0.01071,2907
CVE-2022-22667,EPSS-only,0.01071,2908
CVE-2022-22813,EPSS-only,0.01071,2909
CVE-2022-24132,EPSS-only,0.01071,2910
CVE-2021-23236,EPSS-only,0.0107,2911
CVE-2021-41652,EPSS-only,0.0107,2912
CVE-2021-42749,EPSS-only,0.0107,2913
CVE-2022-21679,EPSS-only,0.0107,2914
CVE-2021-45898,EPSS-only,0.01069,2915
CVE-2021-43636,EPSS-only,0.01068,2916
CVE-2022-21316,EPSS-only,0.01068,2917
CVE-2022-21318,EPSS-only,0.01068,2918
CVE-2022-24738,EPSS-only,0.01068,2919
CVE-2022-24988,EPSS-only,0.01068,2920
CVE-2022-21822,EPSS-only,0.01067,2921
CVE-2021-44746,EPSS-only,0.01066,2922
CVE-2022-25321,EPSS-only,0.01066,2923
CVE-2021-38960,EPSS-only,0.01063,2924
CVE-2022-22538,EPSS-only,0.01063,2925
CVE-2021-43824,EPSS-only,0.01062,2926
CVE-2021-43826,EPSS-only,0.01062,2927
CVE-2021-45769,EPSS-only,0.01062,2928
CVE-2021-45773,EPSS-only,0.01062,2929
CVE-2021-27420,EPSS-only,0.01061,2930
CVE-2021-43721,EPSS-only,0.01061,2931
CVE-2022-21846,EPSS-only,0.0106,2932
CVE-2007-20001,EPSS-only,0.01059,2933
CVE-2021-22286,EPSS-only,0.01059,2934
CVE-2021-22288,EPSS-only,0.01059,2935
CVE-2021-45794,EPSS-only,0.01059,2936
CVE-2022-0219,EPSS-only,0.01059,2937
CVE-2022-21808,EPSS-only,0.01059,2938
CVE-2022-21897,EPSS-only,0.01059,2939
CVE-2022-25337,EPSS-only,0.01059,2940
CVE-2022-25412,EPSS-only,0.01059,2941
CVE-2021-46203,EPSS-only,0.01058,2942
CVE-2021-32996,EPSS-only,0.01057,2943
CVE-2022-22795,EPSS-only,0.01057,2944
CVE-2021-32586,EPSS-only,0.01055,2945
CVE-2021-41016,EPSS-only,0.01055,2946
CVE-2021-45822,EPSS-only,0.01055,2947
CVE-2021-39979,EPSS-only,0.01054,2948
CVE-2022-0579,EPSS-only,0.01054,2949
CVE-2022-25265,EPSS-only,0.01054,2950
CVE-2022-25375,EPSS-only,0.01054,2951
CVE-2020-13677,EPSS-only,0.01053,2952
CVE-2021-45988,EPSS-only,0.01053,2953
CVE-2021-45991,EPSS-only,0.01053,2954
CVE-2021-45992,EPSS-only,0.01053,2955
CVE-2021-45993,EPSS-only,0.01053,2956
CVE-2021-45994,EPSS-only,0.01053,2957
CVE-2021-45995,EPSS-only,0.01053,2958
CVE-2021-45997,EPSS-only,0.01053,2959
CVE-2022-21176,EPSS-only,0.01053,2960
CVE-2020-27958,EPSS-only,0.01052,2961
CVE-2021-22043,EPSS-only,0.01052,2962
CVE-2021-29899,EPSS-only,0.01052,2963
CVE-2021-42558,EPSS-only,0.01052,2964
CVE-2021-46250,EPSS-only,0.01052,2965
CVE-2022-24074,EPSS-only,0.01052,2966
CVE-2022-24955,EPSS-only,0.01052,2967
CVE-2022-25510,EPSS-only,0.01051,2968
CVE-2022-26874,EPSS-only,0.01051,2969
CVE-2021-39480,EPSS-only,0.0105,2970
CVE-2022-0689,EPSS-only,0.01049,2971
CVE-2022-0897,EPSS-only,0.01049,2972
CVE-2022-21252,EPSS-only,0.01049,2973
CVE-2021-44081,EPSS-only,0.01048,2974
CVE-2021-25096,EPSS-only,0.01047,2975
CVE-2021-3589,EPSS-only,0.01047,2976
CVE-2021-39364,EPSS-only,0.01047,2977
CVE-2022-1106,EPSS-only,0.01047,2978
CVE-2022-24647,EPSS-only,0.01047,2979
CVE-2003-5001,EPSS-only,0.01046,2980
CVE-2021-4021,EPSS-only,0.01046,2981
CVE-2021-44674,EPSS-only,0.01046,2982
CVE-2021-46020,EPSS-only,0.01046,2983
CVE-2021-36199,EPSS-only,0.01045,2984
CVE-2021-46144,EPSS-only,0.01045,2985
CVE-2022-0923,EPSS-only,0.01045,2986
CVE-2022-25508,EPSS-only,0.01044,2987
CVE-2022-27939,EPSS-only,0.01044,2988
CVE-2021-39946,EPSS-only,0.01042,2989
CVE-2021-4101,EPSS-only,0.01042,2990
CVE-2021-41180,EPSS-only,0.01042,2991
CVE-2022-22985,EPSS-only,0.01042,2992
CVE-2022-24981,EPSS-only,0.01042,2993
CVE-2022-22539,EPSS-only,0.01041,2994
CVE-2020-23026,EPSS-only,0.0104,2995
CVE-2021-45325,EPSS-only,0.0104,2996
CVE-2022-22636,EPSS-only,0.0104,2997
CVE-2022-23609,EPSS-only,0.01039,2998
CVE-2022-27206,EPSS-only,0.01039,2999
CVE-2022-27254,EPSS-only,0.01039,3000
CVE-2021-22285,EPSS-only,0.01038,3001
CVE-2021-22787,EPSS-only,0.01037,3002
CVE-2021-22788,EPSS-only,0.01037,3003
CVE-2021-3578,EPSS-only,0.01037,3004
CVE-2022-0569,EPSS-only,0.01037,3005
CVE-2022-21644,EPSS-only,0.01037,3006
CVE-2022-25395,EPSS-only,0.01037,3007
CVE-2022-25514,EPSS-only,0.01037,3008
CVE-2022-26534,EPSS-only,0.01037,3009
CVE-2022-0560,EPSS-only,0.01036,3010
CVE-2022-23133,EPSS-only,0.01035,3011
CVE-2021-32036,EPSS-only,0.01034,3012
CVE-2022-22115,EPSS-only,0.01034,3013
CVE-2022-23937,EPSS-only,0.01034,3014
CVE-2022-24784,EPSS-only,0.01034,3015
CVE-2021-32473,EPSS-only,0.01033,3016
CVE-2021-38935,EPSS-only,0.01033,3017
CVE-2021-41597,EPSS-only,0.01033,3018
CVE-2021-46037,EPSS-only,0.01033,3019
CVE-2022-22794,EPSS-only,0.01033,3020
CVE-2022-21669,EPSS-only,0.01032,3021
CVE-2022-21916,EPSS-only,0.01031,3022
CVE-2022-22606,EPSS-only,0.01031,3023
CVE-2022-24772,EPSS-only,0.01031,3024
CVE-2022-23628,EPSS-only,0.0103,3025
CVE-2021-44581,EPSS-only,0.01029,3026
CVE-2022-24032,EPSS-only,0.01029,3027
CVE-2022-25404,EPSS-only,0.01029,3028
CVE-2022-25405,EPSS-only,0.01029,3029
CVE-2022-25406,EPSS-only,0.01029,3030
CVE-2022-21273,EPSS-only,0.01028,3031
CVE-2022-21274,EPSS-only,0.01028,3032
CVE-2022-23397,EPSS-only,0.01028,3033
CVE-2022-24340,EPSS-only,0.01027,3034
CVE-2022-21219,EPSS-only,0.01025,3035
CVE-2022-25234,EPSS-only,0.01025,3036
CVE-2022-22113,EPSS-only,0.01024,3037
CVE-2022-23730,EPSS-only,0.01024,3038
CVE-2022-22790,EPSS-only,0.01023,3039
CVE-2021-21965,EPSS-only,0.01021,3040
CVE-2021-25020,EPSS-only,0.01021,3041
CVE-2021-25021,EPSS-only,0.01021,3042
CVE-2021-42018,EPSS-only,0.01021,3043
CVE-2022-0673,EPSS-only,0.01021,3044
CVE-2022-0587,EPSS-only,0.0102,3045
CVE-2022-21879,EPSS-only,0.0102,3046
CVE-2021-44591,EPSS-only,0.01019,3047
CVE-2021-44994,EPSS-only,0.01018,3048
CVE-2022-0932,EPSS-only,0.01018,3049
CVE-2022-25601,EPSS-only,0.01018,3050
CVE-2022-22701,EPSS-only,0.01017,3051
CVE-2022-23316,EPSS-only,0.01017,3052
CVE-2022-25364,EPSS-only,0.01017,3053
CVE-2022-22691,EPSS-only,0.01016,3054
CVE-2022-23606,EPSS-only,0.01016,3055
CVE-2021-35254,EPSS-only,0.01014,3056
CVE-2022-22627,EPSS-only,0.01014,3057
CVE-2022-26127,EPSS-only,0.01014,3058
CVE-2022-26129,EPSS-only,0.01014,3059
CVE-2021-23771,EPSS-only,0.01013,3060
CVE-2022-21358,EPSS-only,0.01013,3061
CVE-2022-24915,EPSS-only,0.01013,3062
CVE-2021-31854,EPSS-only,0.01012,3063
CVE-2022-0991,EPSS-only,0.01012,3064
CVE-2022-22310,EPSS-only,0.01012,3065
CVE-2022-28140,EPSS-only,0.01012,3066
CVE-2022-28154,EPSS-only,0.01012,3067
CVE-2021-38578,EPSS-only,0.01011,3068
CVE-2022-0731,EPSS-only,0.01011,3069
CVE-2022-24122,EPSS-only,0.0101,3070
CVE-2020-14502,EPSS-only,0.01008,3071
CVE-2021-41929,EPSS-only,0.01008,3072
CVE-2021-41930,EPSS-only,0.01008,3073
CVE-2021-45913,EPSS-only,0.01008,3074
CVE-2022-23622,EPSS-only,0.01008,3075
CVE-2022-26125,EPSS-only,0.01007,3076
CVE-2020-26007,EPSS-only,0.01006,3077
CVE-2020-26008,EPSS-only,0.01006,3078
CVE-2022-0961,EPSS-only,0.01006,3079
CVE-2021-22818,EPSS-only,0.01005,3080
CVE-2021-25017,EPSS-only,0.01005,3081
CVE-2022-0384,EPSS-only,0.01005,3082
CVE-2022-0476,EPSS-only,0.01005,3083
CVE-2022-0518,EPSS-only,0.01005,3084
CVE-2021-22800,EPSS-only,0.01004,3085
CVE-2021-46019,EPSS-only,0.01004,3086
CVE-2022-23130,EPSS-only,0.01004,3087
CVE-2022-21687,EPSS-only,0.01003,3088
CVE-2021-44866,EPSS-only,0.01002,3089
CVE-2022-21715,EPSS-only,0.01002,3090
CVE-2022-22374,EPSS-only,0.01001,3091
CVE-2022-25010,EPSS-only,0.01001,3092
CVE-2022-21710,EPSS-only,0.01,3093
CVE-2022-22349,EPSS-only,0.01,3094
CVE-2022-24321,EPSS-only,0.00999,3095
CVE-2022-0451,EPSS-only,0.00998,3096
CVE-2022-0576,EPSS-only,0.00998,3097
CVE-2022-0815,EPSS-only,0.00998,3098
CVE-2021-26618,EPSS-only,0.00997,3099
CVE-2022-0484,EPSS-only,0.00997,3100
CVE-2022-0528,EPSS-only,0.00997,3101
CVE-2022-21847,EPSS-only,0.00997,3102
CVE-2022-23402,EPSS-only,0.00997,3103
CVE-2021-32008,EPSS-only,0.00996,3104
CVE-2021-44114,EPSS-only,0.00996,3105
CVE-2022-22111,EPSS-only,0.00996,3106
CVE-2021-42748,EPSS-only,0.00995,3107
CVE-2022-23603,EPSS-only,0.00994,3108
CVE-2021-44792,EPSS-only,0.00993,3109
CVE-2021-44794,EPSS-only,0.00993,3110
CVE-2022-1031,EPSS-only,0.00993,3111
CVE-2022-25218,EPSS-only,0.00993,3112
CVE-2022-0630,EPSS-only,0.00992,3113
CVE-2022-1155,EPSS-only,0.00992,3114
CVE-2022-23570,EPSS-only,0.00992,3115
CVE-2022-23572,EPSS-only,0.00992,3116
CVE-2022-23585,EPSS-only,0.00992,3117
CVE-2022-23627,EPSS-only,0.00992,3118
CVE-2022-0366,EPSS-only,0.0099,3119
CVE-2022-22509,EPSS-only,0.0099,3120
CVE-2021-40906,EPSS-only,0.00989,3121
CVE-2022-22296,EPSS-only,0.00989,3122
CVE-2022-23598,EPSS-only,0.00989,3123
CVE-2022-0163,EPSS-only,0.00988,3124
CVE-2022-0622,EPSS-only,0.00988,3125
CVE-2022-0855,EPSS-only,0.00988,3126
CVE-2022-25098,EPSS-only,0.00987,3127
CVE-2022-0138,EPSS-only,0.00986,3128
CVE-2021-37517,EPSS-only,0.00985,3129
CVE-2021-42020,EPSS-only,0.00985,3130
CVE-2021-44964,EPSS-only,0.00985,3131
CVE-2022-0767,EPSS-only,0.00985,3132
CVE-2022-21170,EPSS-only,0.00985,3133
CVE-2022-24301,EPSS-only,0.00985,3134
CVE-2022-27607,EPSS-only,0.00985,3135
CVE-2022-22316,EPSS-only,0.00983,3136
CVE-2022-22578,EPSS-only,0.00983,3137
CVE-2021-38362,EPSS-only,0.00982,3138
CVE-2021-46225,EPSS-only,0.00982,3139
CVE-2021-32434,EPSS-only,0.00981,3140
CVE-2021-41002,EPSS-only,0.00981,3141
CVE-2022-26128,EPSS-only,0.00981,3142
CVE-2022-0845,EPSS-only,0.0098,3143
CVE-2021-43355,EPSS-only,0.00978,3144
CVE-2021-4219,EPSS-only,0.00976,3145
CVE-2022-0565,EPSS-only,0.00976,3146
CVE-2022-23020,EPSS-only,0.00976,3147
CVE-2022-0713,EPSS-only,0.00975,3148
CVE-2022-0124,EPSS-only,0.00974,3149
CVE-2022-0182,EPSS-only,0.00974,3150
CVE-2022-23590,EPSS-only,0.00973,3151
CVE-2022-24578,EPSS-only,0.00973,3152
CVE-2022-25170,EPSS-only,0.00973,3153
CVE-2022-25296,EPSS-only,0.00973,3154
CVE-2021-34866,EPSS-only,0.00972,3155
CVE-2021-44683,EPSS-only,0.00972,3156
CVE-2022-21671,EPSS-only,0.00972,3157
CVE-2022-22161,EPSS-only,0.00972,3158
CVE-2022-22510,EPSS-only,0.00972,3159
CVE-2022-22601,EPSS-only,0.00972,3160
CVE-2022-22602,EPSS-only,0.00972,3161
CVE-2022-22603,EPSS-only,0.00972,3162
CVE-2022-22604,EPSS-only,0.00972,3163
CVE-2021-23246,EPSS-only,0.00971,3164
CVE-2021-45445,EPSS-only,0.0097,3165
CVE-2021-46022,EPSS-only,0.0097,3166
CVE-2022-21683,EPSS-only,0.0097,3167
CVE-2022-23380,EPSS-only,0.0097,3168
CVE-2021-38957,EPSS-only,0.00969,3169
CVE-2021-45791,EPSS-only,0.00969,3170
CVE-2022-0079,EPSS-only,0.00969,3171
CVE-2022-21964,EPSS-only,0.00969,3172
CVE-2021-41769,EPSS-only,0.00968,3173
CVE-2021-46024,EPSS-only,0.00968,3174
CVE-2022-0959,EPSS-only,0.00968,3175
CVE-2022-21194,EPSS-only,0.00968,3176
CVE-2022-23363,EPSS-only,0.00968,3177
CVE-2022-24776,EPSS-only,0.00968,3178
CVE-2022-26313,EPSS-only,0.00968,3179
CVE-2022-0752,EPSS-only,0.00967,3180
CVE-2022-26320,EPSS-only,0.00967,3181
CVE-2022-25187,EPSS-only,0.00966,3182
CVE-2022-21995,EPSS-only,0.00965,3183
CVE-2022-24782,EPSS-only,0.00965,3184
CVE-2021-32732,EPSS-only,0.00964,3185
CVE-2022-25264,EPSS-only,0.00964,3186
CVE-2022-25374,EPSS-only,0.00964,3187
CVE-2022-0240,EPSS-only,0.00963,3188
CVE-2022-26967,EPSS-only,0.00963,3189
CVE-2021-22785,EPSS-only,0.00962,3190
CVE-2021-41550,EPSS-only,0.00962,3191
CVE-2022-0339,EPSS-only,0.00962,3192
CVE-2021-45972,EPSS-only,0.0096,3193
CVE-2022-1084,EPSS-only,0.0096,3194
CVE-2022-21719,EPSS-only,0.0096,3195
CVE-2022-24610,EPSS-only,0.0096,3196
CVE-2022-24731,EPSS-only,0.0096,3197
CVE-2021-26252,EPSS-only,0.00959,3198
CVE-2021-46244,EPSS-only,0.00959,3199
CVE-2022-0315,EPSS-only,0.00959,3200
CVE-2022-1061,EPSS-only,0.00959,3201
CVE-2022-23109,EPSS-only,0.00959,3202
CVE-2021-42577,EPSS-only,0.00958,3203
CVE-2022-0521,EPSS-only,0.00958,3204
CVE-2022-0522,EPSS-only,0.00958,3205
CVE-2022-22177,EPSS-only,0.00958,3206
CVE-2021-34338,EPSS-only,0.00957,3207
CVE-2021-34339,EPSS-only,0.00957,3208
CVE-2021-40014,EPSS-only,0.00957,3209
CVE-2021-43663,EPSS-only,0.00957,3210
CVE-2022-20613,EPSS-only,0.00957,3211
CVE-2022-23620,EPSS-only,0.00957,3212
CVE-2020-14107,EPSS-only,0.00956,3213
CVE-2021-24983,EPSS-only,0.00956,3214
CVE-2021-43084,EPSS-only,0.00956,3215
CVE-2021-46377,EPSS-only,0.00956,3216
CVE-2022-0514,EPSS-only,0.00956,3217
CVE-2022-0695,EPSS-only,0.00956,3218
CVE-2022-26268,EPSS-only,0.00956,3219
CVE-2022-26317,EPSS-only,0.00956,3220
CVE-2022-1191,EPSS-only,0.00955,3221
CVE-2022-21805,EPSS-only,0.00955,3222
CVE-2022-22142,EPSS-only,0.00955,3223
CVE-2022-23856,EPSS-only,0.00955,3224
CVE-2022-24751,EPSS-only,0.00955,3225
CVE-2021-22806,EPSS-only,0.00954,3226
CVE-2021-25636,EPSS-only,0.00954,3227
CVE-2021-46243,EPSS-only,0.00954,3228
CVE-2022-0519,EPSS-only,0.00954,3229
CVE-2022-25389,EPSS-only,0.00954,3230
CVE-2022-25571,EPSS-only,0.00954,3231
CVE-2021-46021,EPSS-only,0.00953,3232
CVE-2021-46332,EPSS-only,0.00953,3233
CVE-2022-21659,EPSS-only,0.00953,3234
CVE-2022-25244,EPSS-only,0.00953,3235
CVE-2022-25266,EPSS-only,0.00953,3236
CVE-2022-26949,EPSS-only,0.00953,3237
CVE-2021-21968,EPSS-only,0.00952,3238
CVE-2021-43145,EPSS-only,0.00952,3239
CVE-2022-23010,EPSS-only,0.00952,3240
CVE-2022-0712,EPSS-only,0.00951,3241
CVE-2021-33120,EPSS-only,0.0095,3242
CVE-2021-35251,EPSS-only,0.00949,3243
CVE-2022-0125,EPSS-only,0.00949,3244
CVE-2022-1082,EPSS-only,0.00949,3245
CVE-2022-1083,EPSS-only,0.00949,3246
CVE-2022-27217,EPSS-only,0.00949,3247
CVE-2021-41166,EPSS-only,0.00948,3248
CVE-2021-45328,EPSS-only,0.00948,3249
CVE-2021-22816,EPSS-only,0.00947,3250
CVE-2022-22854,EPSS-only,0.00947,3251
CVE-2022-21257,EPSS-only,0.00946,3252
CVE-2022-21258,EPSS-only,0.00946,3253
CVE-2022-21259,EPSS-only,0.00946,3254
CVE-2022-21260,EPSS-only,0.00946,3255
CVE-2022-21261,EPSS-only,0.00946,3256
CVE-2022-21262,EPSS-only,0.00946,3257
CVE-2022-21361,EPSS-only,0.00946,3258
CVE-2022-21386,EPSS-only,0.00946,3259
CVE-2022-21718,EPSS-only,0.00946,3260
CVE-2022-24435,EPSS-only,0.00946,3261
CVE-2022-25838,EPSS-only,0.00946,3262
CVE-2021-23233,EPSS-only,0.00945,3263
CVE-2022-22178,EPSS-only,0.00945,3264
CVE-2022-22729,EPSS-only,0.00945,3265
CVE-2022-23617,EPSS-only,0.00945,3266
CVE-2021-44731,EPSS-only,0.00944,3267
CVE-2021-45948,EPSS-only,0.00942,3268
CVE-2022-0409,EPSS-only,0.00942,3269
CVE-2022-0759,EPSS-only,0.00942,3270
CVE-2022-0107,EPSS-only,0.00941,3271
CVE-2022-20680,EPSS-only,0.00941,3272
CVE-2022-22354,EPSS-only,0.00941,3273
CVE-2022-0534,EPSS-only,0.0094,3274
CVE-2022-24781,EPSS-only,0.0094,3275
CVE-2022-24446,EPSS-only,0.00939,3276
CVE-2022-22807,EPSS-only,0.00938,3277
CVE-2021-33040,EPSS-only,0.00937,3278
CVE-2022-25515,EPSS-only,0.00937,3279
CVE-2022-25516,EPSS-only,0.00937,3280
CVE-2022-21177,EPSS-only,0.00936,3281
CVE-2021-38894,EPSS-only,0.00935,3282
CVE-2021-39876,EPSS-only,0.00935,3283
CVE-2022-0419,EPSS-only,0.00935,3284
CVE-2022-1087,EPSS-only,0.00935,3285
CVE-2022-22530,EPSS-only,0.00935,3286
CVE-2022-23621,EPSS-only,0.00935,3287
CVE-2020-8242,EPSS-only,0.00934,3288
CVE-2022-0983,EPSS-only,0.00934,3289
CVE-2021-36302,EPSS-only,0.00933,3290
CVE-2021-44212,EPSS-only,0.00933,3291
CVE-2021-44213,EPSS-only,0.00933,3292
CVE-2022-0098,EPSS-only,0.00933,3293
CVE-2022-21382,EPSS-only,0.00933,3294
CVE-2022-25320,EPSS-only,0.00933,3295
CVE-2022-21649,EPSS-only,0.00932,3296
CVE-2022-23857,EPSS-only,0.00932,3297
CVE-2021-45348,EPSS-only,0.0093,3298
CVE-2022-21345,EPSS-only,0.0093,3299
CVE-2022-22153,EPSS-only,0.0093,3300
CVE-2022-22170,EPSS-only,0.0093,3301
CVE-2022-22171,EPSS-only,0.0093,3302
CVE-2022-22174,EPSS-only,0.0093,3303
CVE-2022-22180,EPSS-only,0.0093,3304
CVE-2022-22724,EPSS-only,0.0093,3305
CVE-2022-23011,EPSS-only,0.0093,3306
CVE-2022-23233,EPSS-only,0.0093,3307
CVE-2022-23989,EPSS-only,0.0093,3308
CVE-2021-36625,EPSS-only,0.00928,3309
CVE-2022-21901,EPSS-only,0.00928,3310
CVE-2022-25462,EPSS-only,0.00928,3311
CVE-2022-21855,EPSS-only,0.00927,3312
CVE-2022-25258,EPSS-only,0.00927,3313
CVE-2021-32474,EPSS-only,0.00926,3314
CVE-2021-39046,EPSS-only,0.00926,3315
CVE-2022-23774,EPSS-only,0.00926,3316
CVE-2022-0688,EPSS-only,0.00925,3317
CVE-2022-1033,EPSS-only,0.00925,3318
CVE-2022-24455,EPSS-only,0.00925,3319
CVE-2021-3398,EPSS-only,0.00924,3320
CVE-2021-42019,EPSS-only,0.00924,3321
CVE-2022-0904,EPSS-only,0.00924,3322
CVE-2022-23566,EPSS-only,0.00924,3323
CVE-2022-23708,EPSS-only,0.00924,3324
CVE-2022-23794,EPSS-only,0.00924,3325
CVE-2021-46426,EPSS-only,0.00923,3326
CVE-2022-27209,EPSS-only,0.00923,3327
CVE-2022-27211,EPSS-only,0.00923,3328
CVE-2022-27216,EPSS-only,0.00923,3329
CVE-2022-28135,EPSS-only,0.00923,3330
CVE-2022-28141,EPSS-only,0.00923,3331
CVE-2021-44962,EPSS-only,0.00922,3332
CVE-2021-45340,EPSS-only,0.00922,3333
CVE-2022-0631,EPSS-only,0.00922,3334
CVE-2021-23824,EPSS-only,0.00921,3335
CVE-2022-0717,EPSS-only,0.00921,3336
CVE-2021-44838,EPSS-only,0.0092,3337
CVE-2022-0549,EPSS-only,0.0092,3338
CVE-2022-1071,EPSS-only,0.0092,3339
CVE-2022-22288,EPSS-only,0.0092,3340
CVE-2022-23012,EPSS-only,0.0092,3341
CVE-2022-23016,EPSS-only,0.0092,3342
CVE-2022-23017,EPSS-only,0.0092,3343
CVE-2022-23018,EPSS-only,0.0092,3344
CVE-2022-23019,EPSS-only,0.0092,3345
CVE-2022-23021,EPSS-only,0.0092,3346
CVE-2022-23022,EPSS-only,0.0092,3347
CVE-2021-44795,EPSS-only,0.00918,3348
CVE-2021-46008,EPSS-only,0.00918,3349
CVE-2022-0481,EPSS-only,0.00918,3350
CVE-2022-0675,EPSS-only,0.00918,3351
CVE-2022-24773,EPSS-only,0.00918,3352
CVE-2021-24976,EPSS-only,0.00917,3353
CVE-2021-38971,EPSS-only,0.00917,3354
CVE-2021-44564,EPSS-only,0.00916,3355
CVE-2021-22100,EPSS-only,0.00915,3356
CVE-2022-23027,EPSS-only,0.00915,3357
CVE-2022-0132,EPSS-only,0.00914,3358
CVE-2022-0414,EPSS-only,0.00914,3359
CVE-2022-0614,EPSS-only,0.00914,3360
CVE-2022-0719,EPSS-only,0.00914,3361
CVE-2022-22659,EPSS-only,0.00914,3362
CVE-2021-38956,EPSS-only,0.00913,3363
CVE-2021-44210,EPSS-only,0.00913,3364
CVE-2022-24327,EPSS-only,0.00913,3365
CVE-2022-24739,EPSS-only,0.00912,3366
CVE-2022-25193,EPSS-only,0.00912,3367
CVE-2021-20302,EPSS-only,0.00911,3368
CVE-2021-45081,EPSS-only,0.00911,3369
CVE-2022-0093,EPSS-only,0.00911,3370
CVE-2022-22300,EPSS-only,0.00911,3371
CVE-2021-36777,EPSS-only,0.0091,3372
CVE-2021-23196,EPSS-only,0.00909,3373
CVE-2021-44584,EPSS-only,0.00909,3374
CVE-2022-0930,EPSS-only,0.00909,3375
CVE-2022-21908,EPSS-only,0.00908,3376
CVE-2021-27796,EPSS-only,0.00907,3377
CVE-2021-44585,EPSS-only,0.00907,3378
CVE-2022-21134,EPSS-only,0.00907,3379
CVE-2022-21146,EPSS-only,0.00907,3380
CVE-2022-24733,EPSS-only,0.00907,3381
CVE-2021-45033,EPSS-only,0.00906,3382
CVE-2022-24128,EPSS-only,0.00906,3383
CVE-2022-25248,EPSS-only,0.00906,3384
CVE-2022-27943,EPSS-only,0.00906,3385
CVE-2022-23644,EPSS-only,0.00905,3386
CVE-2022-24131,EPSS-only,0.00905,3387
CVE-2022-24374,EPSS-only,0.00905,3388
CVE-2021-22798,EPSS-only,0.00904,3389
CVE-2021-23218,EPSS-only,0.00904,3390
CVE-2022-0550,EPSS-only,0.00904,3391
CVE-2022-0551,EPSS-only,0.00904,3392
CVE-2022-23024,EPSS-only,0.00904,3393
CVE-2022-23025,EPSS-only,0.00904,3394
CVE-2021-44208,EPSS-only,0.00903,3395
CVE-2021-44209,EPSS-only,0.00903,3396
CVE-2021-44226,EPSS-only,0.00903,3397
CVE-2022-0558,EPSS-only,0.00903,3398
CVE-2022-22542,EPSS-only,0.00903,3399
CVE-2021-26619,EPSS-only,0.00902,3400
CVE-2022-0723,EPSS-only,0.00902,3401
CVE-2022-0962,EPSS-only,0.00902,3402
CVE-2022-0965,EPSS-only,0.00902,3403
CVE-2022-24575,EPSS-only,0.00902,3404
CVE-2021-45343,EPSS-only,0.009,3405
CVE-2022-0233,EPSS-only,0.009,3406
CVE-2022-21921,EPSS-only,0.009,3407
CVE-2022-22654,EPSS-only,0.009,3408
CVE-2022-0083,EPSS-only,0.00899,3409
CVE-2022-22353,EPSS-only,0.00899,3410
CVE-2020-4877,EPSS-only,0.00898,3411
CVE-2021-22434,EPSS-only,0.00898,3412
CVE-2021-45310,EPSS-only,0.00898,3413
CVE-2021-25110,EPSS-only,0.00897,3414
CVE-2021-34340,EPSS-only,0.00897,3415
CVE-2021-34341,EPSS-only,0.00897,3416
CVE-2021-36409,EPSS-only,0.00897,3417
CVE-2021-37865,EPSS-only,0.00897,3418
CVE-2021-44331,EPSS-only,0.00897,3419
CVE-2022-23600,EPSS-only,0.00896,3420
CVE-2021-32842,EPSS-only,0.00895,3421
CVE-2021-34870,EPSS-only,0.00895,3422
CVE-2021-40032,EPSS-only,0.00895,3423
CVE-2021-44878,EPSS-only,0.00895,3424
CVE-2022-23023,EPSS-only,0.00895,3425
CVE-2022-24730,EPSS-only,0.00895,3426
CVE-2022-25363,EPSS-only,0.00895,3427
CVE-2022-27245,EPSS-only,0.00895,3428
CVE-2021-22429,EPSS-only,0.00894,3429
CVE-2021-22432,EPSS-only,0.00894,3430
CVE-2022-0097,EPSS-only,0.00894,3431
CVE-2022-23853,EPSS-only,0.00894,3432
CVE-2021-44896,EPSS-only,0.00893,3433
CVE-2021-45385,EPSS-only,0.00893,3434
CVE-2022-0508,EPSS-only,0.00893,3435
CVE-2021-24868,EPSS-only,0.00891,3436
CVE-2021-35005,EPSS-only,0.00891,3437
CVE-2021-45934,EPSS-only,0.00891,3438
CVE-2021-45939,EPSS-only,0.00891,3439
CVE-2022-22710,EPSS-only,0.00891,3440
CVE-2020-26208,EPSS-only,0.0089,3441
CVE-2021-20300,EPSS-only,0.0089,3442
CVE-2021-21969,EPSS-only,0.0089,3443
CVE-2021-21970,EPSS-only,0.0089,3444
CVE-2021-3866,EPSS-only,0.0089,3445
CVE-2021-4143,EPSS-only,0.0089,3446
CVE-2022-21199,EPSS-only,0.0089,3447
CVE-2022-27920,EPSS-only,0.0089,3448
CVE-2021-24928,EPSS-only,0.00889,3449
CVE-2021-28096,EPSS-only,0.00889,3450
CVE-2022-23028,EPSS-only,0.00889,3451
CVE-2022-23030,EPSS-only,0.00889,3452
CVE-2021-37120,EPSS-only,0.00888,3453
CVE-2022-23587,EPSS-only,0.00888,3454
CVE-2021-25015,EPSS-only,0.00887,3455
CVE-2021-25031,EPSS-only,0.00887,3456
CVE-2021-25035,EPSS-only,0.00887,3457
CVE-2021-25062,EPSS-only,0.00887,3458
CVE-2021-25083,EPSS-only,0.00887,3459
CVE-2021-45932,EPSS-only,0.00887,3460
CVE-2021-45933,EPSS-only,0.00887,3461
CVE-2021-45936,EPSS-only,0.00887,3462
CVE-2021-45937,EPSS-only,0.00887,3463
CVE-2021-45938,EPSS-only,0.00887,3464
CVE-2021-45950,EPSS-only,0.00887,3465
CVE-2022-27658,EPSS-only,0.00887,3466
CVE-2022-24551,EPSS-only,0.00886,3467
CVE-2022-22537,EPSS-only,0.00885,3468
CVE-2022-22594,EPSS-only,0.00885,3469
CVE-2021-23495,EPSS-only,0.00884,3470
CVE-2021-26616,EPSS-only,0.00884,3471
CVE-2022-0951,EPSS-only,0.00884,3472
CVE-2021-45935,EPSS-only,0.00882,3473
CVE-2022-0746,EPSS-only,0.00882,3474
CVE-2022-26181,EPSS-only,0.00882,3475
CVE-2021-38263,EPSS-only,0.00881,3476
CVE-2021-3933,EPSS-only,0.00881,3477
CVE-2021-44886,EPSS-only,0.00881,3478
CVE-2022-22607,EPSS-only,0.00881,3479
CVE-2022-22608,EPSS-only,0.00881,3480
CVE-2021-33966,EPSS-only,0.0088,3481
CVE-2022-0270,EPSS-only,0.0088,3482
CVE-2022-24075,EPSS-only,0.0088,3483
CVE-2022-24563,EPSS-only,0.0088,3484
CVE-2022-21244,EPSS-only,0.00879,3485
CVE-2021-27424,EPSS-only,0.00878,3486
CVE-2022-1177,EPSS-only,0.00878,3487
CVE-2022-21372,EPSS-only,0.00878,3488
CVE-2021-43825,EPSS-only,0.00877,3489
CVE-2022-0311,EPSS-only,0.00877,3490
CVE-2022-24385,EPSS-only,0.00877,3491
CVE-2022-25044,EPSS-only,0.00877,3492
CVE-2021-24648,EPSS-only,0.00876,3493
CVE-2021-25027,EPSS-only,0.00876,3494
CVE-2021-25043,EPSS-only,0.00876,3495
CVE-2021-25077,EPSS-only,0.00876,3496
CVE-2021-46070,EPSS-only,0.00876,3497
CVE-2022-0161,EPSS-only,0.00876,3498
CVE-2022-0176,EPSS-only,0.00876,3499
CVE-2022-0193,EPSS-only,0.00876,3500
CVE-2022-0399,EPSS-only,0.00876,3501
CVE-2022-0601,EPSS-only,0.00876,3502
CVE-2022-25184,EPSS-only,0.00876,3503
CVE-2022-25506,EPSS-only,0.00876,3504
CVE-2021-43925,EPSS-only,0.00875,3505
CVE-2021-43926,EPSS-only,0.00875,3506
CVE-2021-43927,EPSS-only,0.00875,3507
CVE-2021-43955,EPSS-only,0.00875,3508
CVE-2022-21711,EPSS-only,0.00875,3509
CVE-2022-22934,EPSS-only,0.00875,3510
CVE-2021-37128,EPSS-only,0.00874,3511
CVE-2021-22426,EPSS-only,0.00873,3512
CVE-2021-22433,EPSS-only,0.00873,3513
CVE-2021-44168,EPSS-only,0.00873,3514
CVE-2021-40397,EPSS-only,0.00872,3515
CVE-2022-23583,EPSS-only,0.00872,3516
CVE-2021-28278,EPSS-only,0.00871,3517
CVE-2021-46326,EPSS-only,0.00871,3518
CVE-2021-41043,EPSS-only,0.0087,3519
CVE-2021-43841,EPSS-only,0.0087,3520
CVE-2022-0501,EPSS-only,0.0087,3521
CVE-2022-22899,EPSS-only,0.0087,3522
CVE-2022-23593,EPSS-only,0.0087,3523
CVE-2021-39943,EPSS-only,0.00869,3524
CVE-2021-28500,EPSS-only,0.00868,3525
CVE-2021-46434,EPSS-only,0.00868,3526
CVE-2022-0986,EPSS-only,0.00868,3527
CVE-2021-28277,EPSS-only,0.00867,3528
CVE-2021-37504,EPSS-only,0.00867,3529
CVE-2021-40416,EPSS-only,0.00867,3530
CVE-2021-40567,EPSS-only,0.00867,3531
CVE-2022-23850,EPSS-only,0.00867,3532
CVE-2020-18327,EPSS-only,0.00866,3533
CVE-2021-25100,EPSS-only,0.00866,3534
CVE-2022-0252,EPSS-only,0.00866,3535
CVE-2022-0380,EPSS-only,0.00866,3536
CVE-2022-0628,EPSS-only,0.00866,3537
CVE-2022-0640,EPSS-only,0.00866,3538
CVE-2022-0680,EPSS-only,0.00866,3539
CVE-2022-0818,EPSS-only,0.00866,3540
CVE-2022-22769,EPSS-only,0.00866,3541
CVE-2022-23912,EPSS-only,0.00866,3542
CVE-2022-24717,EPSS-only,0.00866,3543
CVE-2022-26291,EPSS-only,0.00866,3544
CVE-2020-6917,EPSS-only,0.00865,3545
CVE-2020-6918,EPSS-only,0.00865,3546
CVE-2020-6919,EPSS-only,0.00865,3547
CVE-2020-6921,EPSS-only,0.00865,3548
CVE-2020-6922,EPSS-only,0.00865,3549
CVE-2022-25108,EPSS-only,0.00865,3550
CVE-2022-0738,EPSS-only,0.00864,3551
CVE-2022-23588,EPSS-only,0.00864,3552
CVE-2021-40569,EPSS-only,0.00863,3553
CVE-2021-40572,EPSS-only,0.00863,3554
CVE-2021-40575,EPSS-only,0.00863,3555
CVE-2021-40576,EPSS-only,0.00863,3556
CVE-2022-24686,EPSS-only,0.00863,3557
CVE-2010-10001,EPSS-only,0.00862,3558
CVE-2021-39994,EPSS-only,0.00862,3559
CVE-2022-0136,EPSS-only,0.00862,3560
CVE-2022-0113,EPSS-only,0.0086,3561
CVE-2022-24323,EPSS-only,0.0086,3562
CVE-2020-25193,EPSS-only,0.00859,3563
CVE-2021-36410,EPSS-only,0.00859,3564
CVE-2019-25056,EPSS-only,0.00858,3565
CVE-2021-4070,EPSS-only,0.00858,3566
CVE-2022-23376,EPSS-only,0.00858,3567
CVE-2022-23592,EPSS-only,0.00858,3568
CVE-2021-38130,EPSS-only,0.00857,3569
CVE-2022-22868,EPSS-only,0.00857,3570
CVE-2020-6920,EPSS-only,0.00856,3571
CVE-2022-0232,EPSS-only,0.00856,3572
CVE-2022-0379,EPSS-only,0.00856,3573
CVE-2022-0526,EPSS-only,0.00856,3574
CVE-2021-22060,EPSS-only,0.00855,3575
CVE-2021-22808,EPSS-only,0.00855,3576
CVE-2021-29632,EPSS-only,0.00855,3577
CVE-2022-23112,EPSS-only,0.00855,3578
CVE-2022-23367,EPSS-only,0.00855,3579
CVE-2021-22430,EPSS-only,0.00854,3580
CVE-2021-43052,EPSS-only,0.00854,3581
CVE-2022-0352,EPSS-only,0.00853,3582
CVE-2022-0960,EPSS-only,0.00853,3583
CVE-2021-42841,EPSS-only,0.00852,3584
CVE-2022-20616,EPSS-only,0.00852,3585
CVE-2022-20618,EPSS-only,0.00852,3586
CVE-2021-36412,EPSS-only,0.00851,3587
CVE-2021-38745,EPSS-only,0.00851,3588
CVE-2021-39051,EPSS-only,0.00851,3589
CVE-2022-0174,EPSS-only,0.00851,3590
CVE-2021-22805,EPSS-only,0.0085,3591
CVE-2021-41241,EPSS-only,0.0085,3592
CVE-2022-0527,EPSS-only,0.0085,3593
CVE-2022-24953,EPSS-only,0.0085,3594
CVE-2022-21695,EPSS-only,0.00849,3595
CVE-2022-22531,EPSS-only,0.00849,3596
CVE-2022-25839,EPSS-only,0.00849,3597
CVE-2021-37194,EPSS-only,0.00847,3598
CVE-2021-40562,EPSS-only,0.00847,3599
CVE-2021-40563,EPSS-only,0.00847,3600
CVE-2021-40564,EPSS-only,0.00847,3601
CVE-2021-40565,EPSS-only,0.00847,3602
CVE-2022-0575,EPSS-only,0.00847,3603
CVE-2022-0589,EPSS-only,0.00847,3604
CVE-2022-0905,EPSS-only,0.00847,3605
CVE-2020-9059,EPSS-only,0.00846,3606
CVE-2021-25109,EPSS-only,0.00846,3607
CVE-2022-22852,EPSS-only,0.00846,3608
CVE-2021-23195,EPSS-only,0.00845,3609
CVE-2021-43948,EPSS-only,0.00845,3610
CVE-2021-43950,EPSS-only,0.00845,3611
CVE-2022-21731,EPSS-only,0.00845,3612
CVE-2022-25365,EPSS-only,0.00845,3613
CVE-2021-28501,EPSS-only,0.00844,3614
CVE-2022-22846,EPSS-only,0.00844,3615
CVE-2022-24746,EPSS-only,0.00844,3616
CVE-2022-25471,EPSS-only,0.00844,3617
CVE-2021-21959,EPSS-only,0.00843,3618
CVE-2021-22394,EPSS-only,0.00843,3619
CVE-2021-39996,EPSS-only,0.00843,3620
CVE-2021-40027,EPSS-only,0.00843,3621
CVE-2021-20877,EPSS-only,0.00842,3622
CVE-2021-33068,EPSS-only,0.0084,3623
CVE-2021-46482,EPSS-only,0.0084,3624
CVE-2021-46483,EPSS-only,0.0084,3625
CVE-2021-26948,EPSS-only,0.00839,3626
CVE-2022-0122,EPSS-only,0.00839,3627
CVE-2022-23108,EPSS-only,0.00839,3628
CVE-2022-26254,EPSS-only,0.00839,3629
CVE-2021-3967,EPSS-only,0.00838,3630
CVE-2022-0964,EPSS-only,0.00838,3631
CVE-2022-22820,EPSS-only,0.00837,3632
CVE-2022-23560,EPSS-only,0.00837,3633
CVE-2022-23574,EPSS-only,0.00837,3634
CVE-2022-24111,EPSS-only,0.00837,3635
CVE-2021-46561,EPSS-only,0.00836,3636
CVE-2022-21998,EPSS-only,0.00836,3637
CVE-2021-36408,EPSS-only,0.00835,3638
CVE-2022-22534,EPSS-only,0.00835,3639
CVE-2022-24397,EPSS-only,0.00835,3640
CVE-2022-24719,EPSS-only,0.00835,3641
CVE-2022-0753,EPSS-only,0.00834,3642
CVE-2022-22535,EPSS-only,0.00834,3643
CVE-2022-23031,EPSS-only,0.00834,3644
CVE-2021-25006,EPSS-only,0.00833,3645
CVE-2021-26256,EPSS-only,0.00833,3646
CVE-2021-45429,EPSS-only,0.00833,3647
CVE-2022-0615,EPSS-only,0.00833,3648
CVE-2022-25050,EPSS-only,0.00833,3649
CVE-2021-22284,EPSS-only,0.00831,3650
CVE-2021-26613,EPSS-only,0.00831,3651
CVE-2021-44667,EPSS-only,0.00831,3652
CVE-2021-46334,EPSS-only,0.00831,3653
CVE-2022-21650,EPSS-only,0.00831,3654
CVE-2022-21684,EPSS-only,0.00831,3655
CVE-2021-42262,EPSS-only,0.0083,3656
CVE-2021-46700,EPSS-only,0.0083,3657
CVE-2022-22605,EPSS-only,0.0083,3658
CVE-2021-37126,EPSS-only,0.00828,3659
CVE-2021-43850,EPSS-only,0.00828,3660
CVE-2021-45460,EPSS-only,0.00828,3661
CVE-2022-0427,EPSS-only,0.00828,3662
CVE-2022-0903,EPSS-only,0.00828,3663
CVE-2022-22125,EPSS-only,0.00828,3664
CVE-2022-23116,EPSS-only,0.00828,3665
CVE-2021-40064,EPSS-only,0.00827,3666
CVE-2021-40566,EPSS-only,0.00827,3667
CVE-2022-0890,EPSS-only,0.00827,3668
CVE-2022-22169,EPSS-only,0.00827,3669
CVE-2022-22936,EPSS-only,0.00827,3670
CVE-2022-25607,EPSS-only,0.00827,3671
CVE-2022-21269,EPSS-only,0.00825,3672
CVE-2022-21272,EPSS-only,0.00825,3673
CVE-2022-21359,EPSS-only,0.00825,3674
CVE-2022-21369,EPSS-only,0.00825,3675
CVE-2022-21376,EPSS-only,0.00825,3676
CVE-2022-21377,EPSS-only,0.00825,3677
CVE-2022-25969,EPSS-only,0.00825,3678
CVE-2022-26081,EPSS-only,0.00825,3679
CVE-2022-0754,EPSS-only,0.00824,3680
CVE-2022-22853,EPSS-only,0.00824,3681
CVE-2022-27196,EPSS-only,0.00824,3682
CVE-2022-27197,EPSS-only,0.00824,3683
CVE-2022-27212,EPSS-only,0.00824,3684
CVE-2022-27213,EPSS-only,0.00824,3685
CVE-2022-28133,EPSS-only,0.00824,3686
CVE-2022-28145,EPSS-only,0.00824,3687
CVE-2022-28149,EPSS-only,0.00824,3688
CVE-2022-28159,EPSS-only,0.00824,3689
CVE-2021-22821,EPSS-only,0.00823,3690
CVE-2021-20303,EPSS-only,0.00822,3691
CVE-2022-0371,EPSS-only,0.00822,3692
CVE-2022-21707,EPSS-only,0.00822,3693
CVE-2022-24742,EPSS-only,0.00822,3694
CVE-2022-28144,EPSS-only,0.00822,3695
CVE-2022-21733,EPSS-only,0.00821,3696
CVE-2022-21741,EPSS-only,0.00821,3697
CVE-2022-23579,EPSS-only,0.00821,3698
CVE-2022-23580,EPSS-only,0.00821,3699
CVE-2021-40413,EPSS-only,0.0082,3700
CVE-2022-0215,EPSS-only,0.0082,3701
CVE-2022-23014,EPSS-only,0.0082,3702
CVE-2022-23888,EPSS-only,0.0082,3703
CVE-2021-44956,EPSS-only,0.00819,3704
CVE-2021-44957,EPSS-only,0.00819,3705
CVE-2022-0946,EPSS-only,0.00819,3706
CVE-2022-22545,EPSS-only,0.00819,3707
CVE-2022-23110,EPSS-only,0.00819,3708
CVE-2022-24328,EPSS-only,0.00819,3709
CVE-2022-25570,EPSS-only,0.00819,3710
CVE-2021-27789,EPSS-only,0.00818,3711
CVE-2022-1035,EPSS-only,0.00818,3712
CVE-2022-21726,EPSS-only,0.00818,3713
CVE-2021-43053,EPSS-only,0.00817,3714
CVE-2021-44749,EPSS-only,0.00817,3715
CVE-2022-21648,EPSS-only,0.00817,3716
CVE-2022-22895,EPSS-only,0.00817,3717
CVE-2022-24594,EPSS-only,0.00817,3718
CVE-2021-34122,EPSS-only,0.00816,3719
CVE-2021-36193,EPSS-only,0.00816,3720
CVE-2021-37197,EPSS-only,0.00816,3721
CVE-2020-36519,EPSS-only,0.00815,3722
CVE-2021-29394,EPSS-only,0.00815,3723
CVE-2022-21730,EPSS-only,0.00815,3724
CVE-2022-24633,EPSS-only,0.00815,3725
CVE-2021-22807,EPSS-only,0.00814,3726
CVE-2021-34087,EPSS-only,0.00814,3727
CVE-2022-24661,EPSS-only,0.00814,3728
CVE-2021-29397,EPSS-only,0.00813,3729
CVE-2022-0253,EPSS-only,0.00813,3730
CVE-2022-0632,EPSS-only,0.00813,3731
CVE-2022-21243,EPSS-only,0.00813,3732
CVE-2022-0858,EPSS-only,0.00812,3733
CVE-2022-25041,EPSS-only,0.00812,3734
CVE-2014-8597,EPSS-only,0.00811,3735
CVE-2022-23558,EPSS-only,0.00811,3736
CVE-2021-24923,EPSS-only,0.0081,3737
CVE-2021-25024,EPSS-only,0.0081,3738
CVE-2021-4222,EPSS-only,0.0081,3739
CVE-2021-43077,EPSS-only,0.0081,3740
CVE-2021-45760,EPSS-only,0.0081,3741
CVE-2022-0197,EPSS-only,0.0081,3742
CVE-2022-0326,EPSS-only,0.0081,3743
CVE-2021-38695,EPSS-only,0.00809,3744
CVE-2021-4170,EPSS-only,0.00809,3745
CVE-2021-43949,EPSS-only,0.00809,3746
CVE-2021-43951,EPSS-only,0.00809,3747
CVE-2021-46108,EPSS-only,0.00809,3748
CVE-2022-0310,EPSS-only,0.00809,3749
CVE-2022-0945,EPSS-only,0.00809,3750
CVE-2022-25186,EPSS-only,0.00809,3751
CVE-2022-25197,EPSS-only,0.00809,3752
CVE-2022-25210,EPSS-only,0.00809,3753
CVE-2021-3852,EPSS-only,0.00808,3754
CVE-2021-44837,EPSS-only,0.00808,3755
CVE-2021-45810,EPSS-only,0.00808,3756
CVE-2022-21903,EPSS-only,0.00808,3757
CVE-2021-40414,EPSS-only,0.00807,3758
CVE-2021-40415,EPSS-only,0.00807,3759
CVE-2022-24447,EPSS-only,0.00807,3760
CVE-2022-28153,EPSS-only,0.00807,3761
CVE-2020-5956,EPSS-only,0.00806,3762
CVE-2022-1073,EPSS-only,0.00806,3763
CVE-2020-13676,EPSS-only,0.00805,3764
CVE-2022-0708,EPSS-only,0.00804,3765
CVE-2022-21383,EPSS-only,0.00804,3766
CVE-2022-21393,EPSS-only,0.00804,3767
CVE-2022-22145,EPSS-only,0.00804,3768
CVE-2022-22151,EPSS-only,0.00804,3769
CVE-2022-0893,EPSS-only,0.00803,3770
CVE-2022-0911,EPSS-only,0.00803,3771
CVE-2022-23980,EPSS-only,0.00803,3772
CVE-2021-33843,EPSS-only,0.00802,3773
CVE-2022-22712,EPSS-only,0.00802,3774
CVE-2022-24398,EPSS-only,0.00802,3775
CVE-2022-1078,EPSS-only,0.00801,3776
CVE-2022-22612,EPSS-only,0.00801,3777
CVE-2022-22779,EPSS-only,0.00801,3778
CVE-2022-23643,EPSS-only,0.00801,3779
CVE-2021-24764,EPSS-only,0.008,3780
CVE-2021-24874,EPSS-only,0.008,3781
CVE-2021-24909,EPSS-only,0.008,3782
CVE-2021-24921,EPSS-only,0.008,3783
CVE-2021-24937,EPSS-only,0.008,3784
CVE-2021-24953,EPSS-only,0.008,3785
CVE-2021-24996,EPSS-only,0.008,3786
CVE-2021-25012,EPSS-only,0.008,3787
CVE-2021-25019,EPSS-only,0.008,3788
CVE-2021-25034,EPSS-only,0.008,3789
CVE-2021-25038,EPSS-only,0.008,3790
CVE-2021-25039,EPSS-only,0.008,3791
CVE-2021-25040,EPSS-only,0.008,3792
CVE-2021-25047,EPSS-only,0.008,3793
CVE-2021-25071,EPSS-only,0.008,3794
CVE-2021-25089,EPSS-only,0.008,3795
CVE-2021-25091,EPSS-only,0.008,3796
CVE-2021-4146,EPSS-only,0.008,3797
CVE-2021-46163,EPSS-only,0.008,3798
CVE-2022-0347,EPSS-only,0.008,3799
CVE-2022-0449,EPSS-only,0.008,3800
CVE-2022-0503,EPSS-only,0.008,3801
CVE-2022-0600,EPSS-only,0.008,3802
CVE-2022-0619,EPSS-only,0.008,3803
CVE-2022-0620,EPSS-only,0.008,3804
CVE-2022-0621,EPSS-only,0.008,3805
CVE-2022-0627,EPSS-only,0.008,3806
CVE-2022-0641,EPSS-only,0.008,3807
CVE-2022-0643,EPSS-only,0.008,3808
CVE-2022-0647,EPSS-only,0.008,3809
CVE-2022-0648,EPSS-only,0.008,3810
CVE-2022-22734,EPSS-only,0.008,3811
CVE-2022-23568,EPSS-only,0.008,3812
CVE-2022-23586,EPSS-only,0.008,3813
CVE-2022-23618,EPSS-only,0.008,3814
CVE-2022-25493,EPSS-only,0.008,3815
CVE-2022-28155,EPSS-only,0.008,3816
CVE-2021-43478,EPSS-only,0.00799,3817
CVE-2021-45491,EPSS-only,0.00799,3818
CVE-2019-25057,EPSS-only,0.00798,3819
CVE-2022-23013,EPSS-only,0.00797,3820
CVE-2021-39997,EPSS-only,0.00796,3821
CVE-2022-23132,EPSS-only,0.00796,3822
CVE-2022-27333,EPSS-only,0.00796,3823
CVE-2021-3658,EPSS-only,0.00795,3824
CVE-2021-46086,EPSS-only,0.00795,3825
CVE-2022-0321,EPSS-only,0.00795,3826
CVE-2022-0327,EPSS-only,0.00795,3827
CVE-2022-21997,EPSS-only,0.00795,3828
CVE-2021-24824,EPSS-only,0.00794,3829
CVE-2022-0111,EPSS-only,0.00793,3830
CVE-2022-21653,EPSS-only,0.00793,3831
CVE-2022-0472,EPSS-only,0.00792,3832
CVE-2022-21652,EPSS-only,0.00792,3833
CVE-2021-40029,EPSS-only,0.00791,3834
CVE-2021-40035,EPSS-only,0.00791,3835
CVE-2021-4180,EPSS-only,0.00791,3836
CVE-2022-22290,EPSS-only,0.00791,3837
CVE-2022-23263,EPSS-only,0.0079,3838
CVE-2022-23318,EPSS-only,0.0079,3839
CVE-2021-46743,EPSS-only,0.00789,3840
CVE-2022-21690,EPSS-only,0.00789,3841
CVE-2022-23591,EPSS-only,0.00789,3842
CVE-2021-41003,EPSS-only,0.00788,3843
CVE-2021-41233,EPSS-only,0.00788,3844
CVE-2022-21678,EPSS-only,0.00788,3845
CVE-2022-21740,EPSS-only,0.00788,3846
CVE-2022-21985,EPSS-only,0.00788,3847
CVE-2022-23252,EPSS-only,0.00788,3848
CVE-2022-23297,EPSS-only,0.00788,3849
CVE-2022-27207,EPSS-only,0.00788,3850
CVE-2022-21688,EPSS-only,0.00787,3851
CVE-2022-25199,EPSS-only,0.00787,3852
CVE-2022-25206,EPSS-only,0.00787,3853
CVE-2021-40637,EPSS-only,0.00786,3854
CVE-2021-44852,EPSS-only,0.00786,3855
CVE-2021-45357,EPSS-only,0.00786,3856
CVE-2021-41594,EPSS-only,0.00785,3857
CVE-2022-0926,EPSS-only,0.00785,3858
CVE-2021-41657,EPSS-only,0.00784,3859
CVE-2021-46335,EPSS-only,0.00784,3860
CVE-2021-24733,EPSS-only,0.00783,3861
CVE-2021-27473,EPSS-only,0.00783,3862
CVE-2022-0238,EPSS-only,0.00783,3863
CVE-2022-21725,EPSS-only,0.00783,3864
CVE-2022-21729,EPSS-only,0.00783,3865
CVE-2022-21734,EPSS-only,0.00783,3866
CVE-2022-21735,EPSS-only,0.00783,3867
CVE-2022-21737,EPSS-only,0.00783,3868
CVE-2022-21738,EPSS-only,0.00783,3869
CVE-2022-21739,EPSS-only,0.00783,3870
CVE-2022-23575,EPSS-only,0.00783,3871
CVE-2022-23576,EPSS-only,0.00783,3872
CVE-2022-23577,EPSS-only,0.00783,3873
CVE-2022-23582,EPSS-only,0.00783,3874
CVE-2022-25203,EPSS-only,0.00783,3875
CVE-2022-25223,EPSS-only,0.00783,3876
CVE-2021-24960,EPSS-only,0.00782,3877
CVE-2021-24961,EPSS-only,0.00782,3878
CVE-2021-37196,EPSS-only,0.00782,3879
CVE-2022-0877,EPSS-only,0.00782,3880
CVE-2021-46355,EPSS-only,0.00781,3881
CVE-2022-24613,EPSS-only,0.00781,3882
CVE-2021-45031,EPSS-only,0.0078,3883
CVE-2022-22152,EPSS-only,0.0078,3884
CVE-2021-40011,EPSS-only,0.00779,3885
CVE-2021-46195,EPSS-only,0.00779,3886
CVE-2022-0889,EPSS-only,0.00779,3887
CVE-2021-25743,EPSS-only,0.00778,3888
CVE-2022-22289,EPSS-only,0.00778,3889
CVE-2022-22809,EPSS-only,0.00778,3890
CVE-2022-22939,EPSS-only,0.00778,3891
CVE-2020-14112,EPSS-only,0.00777,3892
CVE-2021-38268,EPSS-only,0.00777,3893
CVE-2021-45329,EPSS-only,0.00777,3894
CVE-2021-46525,EPSS-only,0.00777,3895
CVE-2022-24589,EPSS-only,0.00775,3896
CVE-2021-22825,EPSS-only,0.00774,3897
CVE-2022-21651,EPSS-only,0.00774,3898
CVE-2022-23595,EPSS-only,0.00774,3899
CVE-2022-23916,EPSS-only,0.00774,3900
CVE-2021-25051,EPSS-only,0.00773,3901
CVE-2021-32472,EPSS-only,0.00773,3902
CVE-2022-0842,EPSS-only,0.00773,3903
CVE-2021-44118,EPSS-only,0.00772,3904
CVE-2022-21860,EPSS-only,0.00772,3905
CVE-2022-21864,EPSS-only,0.00772,3906
CVE-2022-21865,EPSS-only,0.00772,3907
CVE-2022-23636,EPSS-only,0.00772,3908
CVE-2021-29872,EPSS-only,0.00771,3909
CVE-2021-40049,EPSS-only,0.00771,3910
CVE-2021-46328,EPSS-only,0.00771,3911
CVE-2022-21692,EPSS-only,0.00771,3912
CVE-2022-22726,EPSS-only,0.00771,3913
CVE-2022-23710,EPSS-only,0.00771,3914
CVE-2022-25518,EPSS-only,0.00771,3915
CVE-2021-24905,EPSS-only,0.0077,3916
CVE-2021-40048,EPSS-only,0.0077,3917
CVE-2021-40052,EPSS-only,0.0077,3918
CVE-2021-4199,EPSS-only,0.0077,3919
CVE-2021-45847,EPSS-only,0.0077,3920
CVE-2022-22890,EPSS-only,0.0077,3921
CVE-2022-25051,EPSS-only,0.0077,3922
CVE-2022-25219,EPSS-only,0.0077,3923
CVE-2022-0283,EPSS-only,0.00769,3924
CVE-2022-25270,EPSS-only,0.00769,3925
CVE-2020-15933,EPSS-only,0.00768,3926
CVE-2021-22815,EPSS-only,0.00768,3927
CVE-2022-0532,EPSS-only,0.00768,3928
CVE-2021-46062,EPSS-only,0.00767,3929
CVE-2022-21701,EPSS-only,0.00767,3930
CVE-2022-26103,EPSS-only,0.00767,3931
CVE-2021-29845,EPSS-only,0.00766,3932
CVE-2021-43954,EPSS-only,0.00766,3933
CVE-2022-0370,EPSS-only,0.00766,3934
CVE-2022-0957,EPSS-only,0.00766,3935
CVE-2022-0172,EPSS-only,0.00765,3936
CVE-2022-21732,EPSS-only,0.00765,3937
CVE-2022-23232,EPSS-only,0.00765,3938
CVE-2021-3557,EPSS-only,0.00764,3939
CVE-2022-24341,EPSS-only,0.00764,3940
CVE-2022-24789,EPSS-only,0.00764,3941
CVE-2022-27205,EPSS-only,0.00764,3942
CVE-2021-22431,EPSS-only,0.00763,3943
CVE-2021-44992,EPSS-only,0.00762,3944
CVE-2021-44993,EPSS-only,0.00762,3945
CVE-2021-40001,EPSS-only,0.00761,3946
CVE-2021-44478,EPSS-only,0.00761,3947
CVE-2022-22146,EPSS-only,0.00761,3948
CVE-2022-20635,EPSS-only,0.00759,3949
CVE-2022-20636,EPSS-only,0.00759,3950
CVE-2022-20637,EPSS-only,0.00759,3951
CVE-2022-20638,EPSS-only,0.00759,3952
CVE-2022-20639,EPSS-only,0.00759,3953
CVE-2022-20640,EPSS-only,0.00759,3954
CVE-2022-20641,EPSS-only,0.00759,3955
CVE-2022-20642,EPSS-only,0.00759,3956
CVE-2022-20643,EPSS-only,0.00759,3957
CVE-2022-20644,EPSS-only,0.00759,3958
CVE-2022-20645,EPSS-only,0.00759,3959
CVE-2022-20646,EPSS-only,0.00759,3960
CVE-2022-20647,EPSS-only,0.00759,3961
CVE-2022-24748,EPSS-only,0.00759,3962
CVE-2021-46366,EPSS-only,0.00758,3963
CVE-2022-0338,EPSS-only,0.00758,3964
CVE-2022-22993,EPSS-only,0.00758,3965
CVE-2022-24979,EPSS-only,0.00758,3966
CVE-2021-24999,EPSS-only,0.00757,3967
CVE-2021-25000,EPSS-only,0.00757,3968
CVE-2021-25001,EPSS-only,0.00757,3969
CVE-2022-23557,EPSS-only,0.00757,3970
CVE-2021-39993,EPSS-only,0.00756,3971
CVE-2022-24694,EPSS-only,0.00756,3972
CVE-2021-39726,EPSS-only,0.00755,3973
CVE-2021-39762,EPSS-only,0.00755,3974
CVE-2022-23573,EPSS-only,0.00755,3975
CVE-2022-24574,EPSS-only,0.00754,3976
CVE-2022-24710,EPSS-only,0.00753,3977
CVE-2022-25949,EPSS-only,0.00753,3978
CVE-2021-25103,EPSS-only,0.00752,3979
CVE-2021-39990,EPSS-only,0.00752,3980
CVE-2022-0942,EPSS-only,0.00752,3981
CVE-2022-1172,EPSS-only,0.00752,3982
CVE-2022-25114,EPSS-only,0.00751,3983
CVE-2022-26247,EPSS-only,0.00751,3984
CVE-2022-28158,EPSS-only,0.00751,3985
CVE-2021-40051,EPSS-only,0.0075,3986
CVE-2021-4099,EPSS-only,0.0075,3987
CVE-2021-4100,EPSS-only,0.0075,3988
CVE-2022-0120,EPSS-only,0.0075,3989
CVE-2022-0293,EPSS-only,0.0075,3990
CVE-2022-0295,EPSS-only,0.0075,3991
CVE-2022-0296,EPSS-only,0.0075,3992
CVE-2022-0297,EPSS-only,0.0075,3993
CVE-2022-0298,EPSS-only,0.0075,3994
CVE-2022-0300,EPSS-only,0.0075,3995
CVE-2022-0304,EPSS-only,0.0075,3996
CVE-2022-0307,EPSS-only,0.0075,3997
CVE-2022-0308,EPSS-only,0.0075,3998
CVE-2022-23599,EPSS-only,0.0075,3999
CVE-2021-22810,EPSS-only,0.00749,4000
CVE-2021-41112,EPSS-only,0.00749,4001
CVE-2021-37529,EPSS-only,0.00748,4002
CVE-2021-37530,EPSS-only,0.00748,4003
CVE-2021-40057,EPSS-only,0.00748,4004
CVE-2021-40058,EPSS-only,0.00748,4005
CVE-2021-40060,EPSS-only,0.00748,4006
CVE-2021-4029,EPSS-only,0.00748,4007
CVE-2021-40559,EPSS-only,0.00748,4008
CVE-2021-46325,EPSS-only,0.00748,4009
CVE-2022-20620,EPSS-only,0.00748,4010
CVE-2022-22308,EPSS-only,0.00748,4011
CVE-2022-22894,EPSS-only,0.00748,4012
CVE-2022-27218,EPSS-only,0.00748,4013
CVE-2022-27496,EPSS-only,0.00748,4014
CVE-2022-28147,EPSS-only,0.00748,4015
CVE-2021-41543,EPSS-only,0.00747,4016
CVE-2022-24585,EPSS-only,0.00747,4017
CVE-2022-24586,EPSS-only,0.00747,4018
CVE-2022-24924,EPSS-only,0.00747,4019
CVE-2021-39692,EPSS-only,0.00746,4020
CVE-2021-43054,EPSS-only,0.00746,4021
CVE-2022-0018,EPSS-only,0.00746,4022
CVE-2022-21736,EPSS-only,0.00746,4023
CVE-2021-22811,EPSS-only,0.00745,4024
CVE-2021-22812,EPSS-only,0.00745,4025
CVE-2021-22813,EPSS-only,0.00745,4026
CVE-2021-22814,EPSS-only,0.00745,4027
CVE-2021-40813,EPSS-only,0.00745,4028
CVE-2022-22293,EPSS-only,0.00744,4029
CVE-2022-24587,EPSS-only,0.00744,4030
CVE-2021-3835,EPSS-only,0.00743,4031
CVE-2021-38679,EPSS-only,0.00743,4032
CVE-2021-43333,EPSS-only,0.00743,4033
CVE-2022-0291,EPSS-only,0.00743,4034
CVE-2022-0294,EPSS-only,0.00743,4035
CVE-2022-0880,EPSS-only,0.00743,4036
CVE-2022-27199,EPSS-only,0.00743,4037
CVE-2022-27215,EPSS-only,0.00743,4038
CVE-2022-28137,EPSS-only,0.00743,4039
CVE-2022-28139,EPSS-only,0.00743,4040
CVE-2022-28151,EPSS-only,0.00743,4041
CVE-2021-44750,EPSS-only,0.00742,4042
CVE-2022-22888,EPSS-only,0.00742,4043
CVE-2022-22893,EPSS-only,0.00742,4044
CVE-2022-25201,EPSS-only,0.00742,4045
CVE-2021-22480,EPSS-only,0.00741,4046
CVE-2021-37116,EPSS-only,0.00741,4047
CVE-2021-37121,EPSS-only,0.00741,4048
CVE-2021-40046,EPSS-only,0.00741,4049
CVE-2022-24656,EPSS-only,0.00741,4050
CVE-2021-40148,EPSS-only,0.0074,4051
CVE-2021-45900,EPSS-only,0.0074,4052
CVE-2022-0820,EPSS-only,0.0074,4053
CVE-2022-0821,EPSS-only,0.0074,4054
CVE-2022-21892,EPSS-only,0.0074,4055
CVE-2022-21958,EPSS-only,0.0074,4056
CVE-2022-21959,EPSS-only,0.0074,4057
CVE-2022-21960,EPSS-only,0.0074,4058
CVE-2022-21961,EPSS-only,0.0074,4059
CVE-2022-21962,EPSS-only,0.0074,4060
CVE-2021-22448,EPSS-only,0.00739,4061
CVE-2021-46324,EPSS-only,0.00739,4062
CVE-2021-46509,EPSS-only,0.00739,4063
CVE-2021-46513,EPSS-only,0.00739,4064
CVE-2021-46524,EPSS-only,0.00739,4065
CVE-2021-46526,EPSS-only,0.00739,4066
CVE-2021-46527,EPSS-only,0.00739,4067
CVE-2022-0198,EPSS-only,0.00739,4068
CVE-2022-23026,EPSS-only,0.00739,4069
CVE-2022-23887,EPSS-only,0.00739,4070
CVE-2021-39793,EPSS-only,0.00738,4071
CVE-2022-23807,EPSS-only,0.00738,4072
CVE-2022-24794,EPSS-only,0.00738,4073
CVE-2020-16232,EPSS-only,0.00737,4074
CVE-2021-32477,EPSS-only,0.00737,4075
CVE-2022-22986,EPSS-only,0.00737,4076
CVE-2022-23805,EPSS-only,0.00737,4077
CVE-2022-25511,EPSS-only,0.00737,4078
CVE-2021-40056,EPSS-only,0.00736,4079
CVE-2021-40062,EPSS-only,0.00736,4080
CVE-2022-0196,EPSS-only,0.00736,4081
CVE-2022-0956,EPSS-only,0.00736,4082
CVE-2021-28503,EPSS-only,0.00735,4083
CVE-2022-0764,EPSS-only,0.00734,4084
CVE-2020-9061,EPSS-only,0.00733,4085
CVE-2022-27210,EPSS-only,0.00733,4086
CVE-2022-0334,EPSS-only,0.00732,4087
CVE-2021-43956,EPSS-only,0.00731,4088
CVE-2021-45007,EPSS-only,0.00731,4089
CVE-2022-21905,EPSS-only,0.00731,4090
CVE-2021-44334,EPSS-only,0.0073,4091
CVE-2021-44335,EPSS-only,0.0073,4092
CVE-2021-44339,EPSS-only,0.0073,4093
CVE-2021-44340,EPSS-only,0.0073,4094
CVE-2021-44342,EPSS-only,0.0073,4095
CVE-2021-44343,EPSS-only,0.0073,4096
CVE-2021-44565,EPSS-only,0.0073,4097
CVE-2021-46382,EPSS-only,0.0073,4098
CVE-2021-46518,EPSS-only,0.0073,4099
CVE-2021-46519,EPSS-only,0.0073,4100
CVE-2021-46520,EPSS-only,0.0073,4101
CVE-2021-46521,EPSS-only,0.0073,4102
CVE-2021-46522,EPSS-only,0.0073,4103
CVE-2021-46523,EPSS-only,0.0073,4104
CVE-2022-25465,EPSS-only,0.0073,4105
CVE-2021-40063,EPSS-only,0.00729,4106
CVE-2021-45863,EPSS-only,0.00729,4107
CVE-2022-23029,EPSS-only,0.00729,4108
CVE-2021-38264,EPSS-only,0.00728,4109
CVE-2021-41658,EPSS-only,0.00728,4110
CVE-2022-0278,EPSS-only,0.00728,4111
CVE-2022-24614,EPSS-only,0.00728,4112
CVE-2022-24771,EPSS-only,0.00728,4113
CVE-2021-29217,EPSS-only,0.00727,4114
CVE-2021-43961,EPSS-only,0.00727,4115
CVE-2022-21642,EPSS-only,0.00727,4116
CVE-2021-39667,EPSS-only,0.00726,4117
CVE-2021-22040,EPSS-only,0.00725,4118
CVE-2021-40339,EPSS-only,0.00725,4119
CVE-2021-40340,EPSS-only,0.00725,4120
CVE-2021-42168,EPSS-only,0.00725,4121
CVE-2022-23584,EPSS-only,0.00725,4122
CVE-2022-23083,EPSS-only,0.00724,4123
CVE-2022-24110,EPSS-only,0.00724,4124
CVE-2022-25196,EPSS-only,0.00724,4125
CVE-2022-26156,EPSS-only,0.00724,4126
CVE-2022-26158,EPSS-only,0.00724,4127
CVE-2021-37866,EPSS-only,0.00723,4128
CVE-2022-23654,EPSS-only,0.00723,4129
CVE-2022-24336,EPSS-only,0.00723,4130
CVE-2021-30650,EPSS-only,0.00722,4131
CVE-2022-0857,EPSS-only,0.00722,4132
CVE-2022-24235,EPSS-only,0.00722,4133
CVE-2022-24465,EPSS-only,0.00721,4134
CVE-2021-3743,EPSS-only,0.0072,4135
CVE-2022-25610,EPSS-only,0.0072,4136
CVE-2022-0868,EPSS-only,0.00719,4137
CVE-2021-45762,EPSS-only,0.00718,4138
CVE-2021-45763,EPSS-only,0.00718,4139
CVE-2021-45764,EPSS-only,0.00718,4140
CVE-2021-45767,EPSS-only,0.00718,4141
CVE-2005-10001,EPSS-only,0.00717,4142
CVE-2021-46327,EPSS-only,0.00717,4143
CVE-2021-46329,EPSS-only,0.00717,4144
CVE-2021-46330,EPSS-only,0.00717,4145
CVE-2021-46331,EPSS-only,0.00717,4146
CVE-2021-46333,EPSS-only,0.00717,4147
CVE-2021-46481,EPSS-only,0.00717,4148
CVE-2022-25207,EPSS-only,0.00717,4149
CVE-2022-28136,EPSS-only,0.00717,4150
CVE-2022-28150,EPSS-only,0.00717,4151
CVE-2021-42970,EPSS-only,0.00716,4152
CVE-2021-45281,EPSS-only,0.00716,4153
CVE-2022-23578,EPSS-only,0.00716,4154
CVE-2022-25013,EPSS-only,0.00716,4155
CVE-2022-25014,EPSS-only,0.00716,4156
CVE-2022-25943,EPSS-only,0.00716,4157
CVE-2022-26533,EPSS-only,0.00716,4158
CVE-2022-21672,EPSS-only,0.00715,4159
CVE-2022-23868,EPSS-only,0.00715,4160
CVE-2022-22717,EPSS-only,0.00714,4161
CVE-2022-22988,EPSS-only,0.00714,4162
CVE-2021-44462,EPSS-only,0.00713,4163
CVE-2022-22702,EPSS-only,0.00713,4164
CVE-2021-44566,EPSS-only,0.00712,4165
CVE-2021-45386,EPSS-only,0.00712,4166
CVE-2021-45387,EPSS-only,0.00712,4167
CVE-2021-21964,EPSS-only,0.00711,4168
CVE-2022-0488,EPSS-only,0.0071,4169
CVE-2021-44961,EPSS-only,0.00709,4170
CVE-2021-46234,EPSS-only,0.00709,4171
CVE-2022-24615,EPSS-only,0.00709,4172
CVE-2022-21696,EPSS-only,0.00708,4173
CVE-2022-22123,EPSS-only,0.00708,4174
CVE-2022-22124,EPSS-only,0.00708,4175
CVE-2022-24386,EPSS-only,0.00708,4176
CVE-2021-4194,EPSS-only,0.00707,4177
CVE-2022-24588,EPSS-only,0.00707,4178
CVE-2022-25336,EPSS-only,0.00707,4179
CVE-2021-40053,EPSS-only,0.00706,4180
CVE-2022-21354,EPSS-only,0.00706,4181
CVE-2022-21373,EPSS-only,0.00706,4182
CVE-2021-33961,EPSS-only,0.00705,4183
CVE-2022-0251,EPSS-only,0.00705,4184
CVE-2022-24957,EPSS-only,0.00705,4185
CVE-2022-26104,EPSS-only,0.00705,4186
CVE-2020-4989,EPSS-only,0.00704,4187
CVE-2021-29701,EPSS-only,0.00704,4188
CVE-2022-21836,EPSS-only,0.00704,4189
CVE-2020-10137,EPSS-only,0.00703,4190
CVE-2020-15388,EPSS-only,0.00703,4191
CVE-2021-46052,EPSS-only,0.00703,4192
CVE-2021-46053,EPSS-only,0.00703,4193
CVE-2021-46054,EPSS-only,0.00703,4194
CVE-2021-46109,EPSS-only,0.00702,4195
CVE-2022-1081,EPSS-only,0.00702,4196
CVE-2022-22164,EPSS-only,0.00702,4197
CVE-2022-25221,EPSS-only,0.00702,4198
CVE-2021-45830,EPSS-only,0.00701,4199
CVE-2021-39038,EPSS-only,0.007,4200
CVE-2021-46048,EPSS-only,0.007,4201
CVE-2021-46055,EPSS-only,0.007,4202
CVE-2021-46236,EPSS-only,0.007,4203
CVE-2022-0375,EPSS-only,0.007,4204
CVE-2021-25026,EPSS-only,0.00699,4205
CVE-2021-40573,EPSS-only,0.00699,4206
CVE-2022-21963,EPSS-only,0.00699,4207
CVE-2022-25290,EPSS-only,0.00699,4208
CVE-2021-24046,EPSS-only,0.00698,4209
CVE-2022-0943,EPSS-only,0.00698,4210
CVE-2021-38677,EPSS-only,0.00697,4211
CVE-2021-39973,EPSS-only,0.00697,4212
CVE-2021-39998,EPSS-only,0.00697,4213
CVE-2022-22311,EPSS-only,0.00697,4214
CVE-2022-23610,EPSS-only,0.00697,4215
CVE-2021-21971,EPSS-only,0.00696,4216
CVE-2022-22793,EPSS-only,0.00695,4217
CVE-2022-24335,EPSS-only,0.00695,4218
CVE-2022-27193,EPSS-only,0.00695,4219
CVE-2021-22319,EPSS-only,0.00694,4220
CVE-2022-22670,EPSS-only,0.00694,4221
CVE-2021-39665,EPSS-only,0.00693,4222
CVE-2021-39970,EPSS-only,0.00693,4223
CVE-2022-26332,EPSS-only,0.00693,4224
CVE-2021-46474,EPSS-only,0.00692,4225
CVE-2021-46475,EPSS-only,0.00692,4226
CVE-2021-46477,EPSS-only,0.00692,4227
CVE-2021-46478,EPSS-only,0.00692,4228
CVE-2021-46480,EPSS-only,0.00692,4229
CVE-2022-21852,EPSS-only,0.00692,4230
CVE-2022-21858,EPSS-only,0.00692,4231
CVE-2022-23181,EPSS-only,0.00692,4232
CVE-2022-24334,EPSS-only,0.00692,4233
CVE-2022-24709,EPSS-only,0.00692,4234
CVE-2021-33115,EPSS-only,0.00691,4235
CVE-2021-45833,EPSS-only,0.00691,4236
CVE-2022-0323,EPSS-only,0.00691,4237
CVE-2022-24576,EPSS-only,0.00691,4238
CVE-2022-26503,EPSS-only,0.0069,4239
CVE-2021-34361,EPSS-only,0.00689,4240
CVE-2021-44768,EPSS-only,0.00689,4241
CVE-2022-22552,EPSS-only,0.00689,4242
CVE-2022-24048,EPSS-only,0.00689,4243
CVE-2022-24052,EPSS-only,0.00689,4244
CVE-2021-35686,EPSS-only,0.00688,4245
CVE-2022-25015,EPSS-only,0.00688,4246
CVE-2021-33113,EPSS-only,0.00687,4247
CVE-2022-0374,EPSS-only,0.00687,4248
CVE-2022-0894,EPSS-only,0.00687,4249
CVE-2021-24900,EPSS-only,0.00686,4250
CVE-2021-40022,EPSS-only,0.00686,4251
CVE-2021-40846,EPSS-only,0.00685,4252
CVE-2021-43774,EPSS-only,0.00685,4253
CVE-2022-21247,EPSS-only,0.00685,4254
CVE-2022-22175,EPSS-only,0.00685,4255
CVE-2022-23701,EPSS-only,0.00685,4256
CVE-2021-45852,EPSS-only,0.00684,4257
CVE-2022-0170,EPSS-only,0.00684,4258
CVE-2022-1080,EPSS-only,0.00684,4259
CVE-2022-23615,EPSS-only,0.00684,4260
CVE-2022-24762,EPSS-only,0.00684,4261
CVE-2022-25212,EPSS-only,0.00684,4262
CVE-2021-25073,EPSS-only,0.00683,4263
CVE-2021-25115,EPSS-only,0.00683,4264
CVE-2021-43106,EPSS-only,0.00683,4265
CVE-2021-46169,EPSS-only,0.00683,4266
CVE-2022-27907,EPSS-only,0.00683,4267
CVE-2021-40360,EPSS-only,0.00682,4268
CVE-2022-23638,EPSS-only,0.00682,4269
CVE-2022-24333,EPSS-only,0.00682,4270
CVE-2022-24337,EPSS-only,0.00682,4271
CVE-2022-26337,EPSS-only,0.00682,4272
CVE-2020-13668,EPSS-only,0.00681,4273
CVE-2022-0145,EPSS-only,0.00681,4274
CVE-2022-0684,EPSS-only,0.00681,4275
CVE-2022-21967,EPSS-only,0.00681,4276
CVE-2022-27820,EPSS-only,0.00681,4277
CVE-2021-29656,EPSS-only,0.0068,4278
CVE-2021-41552,EPSS-only,0.0068,4279
CVE-2022-21871,EPSS-only,0.0068,4280
CVE-2022-22107,EPSS-only,0.0068,4281
CVE-2022-22108,EPSS-only,0.0068,4282
CVE-2022-25190,EPSS-only,0.0068,4283
CVE-2021-22395,EPSS-only,0.00679,4284
CVE-2021-37110,EPSS-only,0.00679,4285
CVE-2021-37113,EPSS-only,0.00679,4286
CVE-2021-37133,EPSS-only,0.00679,4287
CVE-2021-39966,EPSS-only,0.00679,4288
CVE-2021-39969,EPSS-only,0.00679,4289
CVE-2021-39974,EPSS-only,0.00679,4290
CVE-2021-46050,EPSS-only,0.00679,4291
CVE-2022-0505,EPSS-only,0.00679,4292
CVE-2022-0726,EPSS-only,0.00678,4293
CVE-2022-0727,EPSS-only,0.00678,4294
CVE-2022-21870,EPSS-only,0.00678,4295
CVE-2022-21872,EPSS-only,0.00678,4296
CVE-2022-21873,EPSS-only,0.00678,4297
CVE-2022-21875,EPSS-only,0.00678,4298
CVE-2022-21912,EPSS-only,0.00678,4299
CVE-2022-23869,EPSS-only,0.00678,4300
CVE-2022-26155,EPSS-only,0.00678,4301
CVE-2020-24772,EPSS-only,0.00677,4302
CVE-2020-25427,EPSS-only,0.00677,4303
CVE-2021-44158,EPSS-only,0.00677,4304
CVE-2022-22808,EPSS-only,0.00677,4305
CVE-2022-22901,EPSS-only,0.00677,4306
CVE-2021-3698,EPSS-only,0.00676,4307
CVE-2021-43055,EPSS-only,0.00676,4308
CVE-2021-22489,EPSS-only,0.00675,4309
CVE-2021-25061,EPSS-only,0.00675,4310
CVE-2021-37027,EPSS-only,0.00675,4311
CVE-2021-37111,EPSS-only,0.00675,4312
CVE-2021-37117,EPSS-only,0.00675,4313
CVE-2021-37119,EPSS-only,0.00675,4314
CVE-2021-45106,EPSS-only,0.00675,4315
CVE-2022-24177,EPSS-only,0.00675,4316
CVE-2022-24608,EPSS-only,0.00675,4317
CVE-2022-23800,EPSS-only,0.00674,4318
CVE-2022-21691,EPSS-only,0.00673,4319
CVE-2022-21863,EPSS-only,0.00673,4320
CVE-2022-21867,EPSS-only,0.00673,4321
CVE-2020-36516,EPSS-only,0.00672,4322
CVE-2021-37125,EPSS-only,0.00672,4323
CVE-2021-37867,EPSS-only,0.00672,4324
CVE-2021-39971,EPSS-only,0.00672,4325
CVE-2021-39972,EPSS-only,0.00672,4326
CVE-2021-40005,EPSS-only,0.00672,4327
CVE-2021-40018,EPSS-only,0.00672,4328
CVE-2021-40020,EPSS-only,0.00672,4329
CVE-2021-40021,EPSS-only,0.00672,4330
CVE-2021-40025,EPSS-only,0.00672,4331
CVE-2021-41236,EPSS-only,0.00672,4332
CVE-2021-45829,EPSS-only,0.00672,4333
CVE-2022-21656,EPSS-only,0.00672,4334
CVE-2020-13672,EPSS-only,0.00671,4335
CVE-2021-45860,EPSS-only,0.00671,4336
CVE-2021-45861,EPSS-only,0.00671,4337
CVE-2021-45864,EPSS-only,0.00671,4338
CVE-2021-46085,EPSS-only,0.00671,4339
CVE-2022-0862,EPSS-only,0.00671,4340
CVE-2022-21973,EPSS-only,0.00671,4341
CVE-2022-23319,EPSS-only,0.00671,4342
CVE-2022-24564,EPSS-only,0.00671,4343
CVE-2021-25053,EPSS-only,0.0067,4344
CVE-2021-45729,EPSS-only,0.0067,4345
CVE-2022-0162,EPSS-only,0.0067,4346
CVE-2022-0273,EPSS-only,0.0067,4347
CVE-2022-22167,EPSS-only,0.0067,4348
CVE-2021-28507,EPSS-only,0.00669,4349
CVE-2021-40338,EPSS-only,0.00669,4350
CVE-2022-21835,EPSS-only,0.00669,4351
CVE-2022-21884,EPSS-only,0.00669,4352
CVE-2022-21885,EPSS-only,0.00669,4353
CVE-2022-21914,EPSS-only,0.00669,4354
CVE-2021-3862,EPSS-only,0.00668,4355
CVE-2022-28134,EPSS-only,0.00668,4356
CVE-2022-28142,EPSS-only,0.00668,4357
CVE-2021-27422,EPSS-only,0.00667,4358
CVE-2021-42552,EPSS-only,0.00667,4359
CVE-2021-45947,EPSS-only,0.00667,4360
CVE-2022-21399,EPSS-only,0.00667,4361
CVE-2022-21401,EPSS-only,0.00667,4362
CVE-2022-21403,EPSS-only,0.00667,4363
CVE-2022-23293,EPSS-only,0.00667,4364
CVE-2021-1049,EPSS-only,0.00666,4365
CVE-2021-45832,EPSS-only,0.00666,4366
CVE-2022-23296,EPSS-only,0.00666,4367
CVE-2021-38921,EPSS-only,0.00665,4368
CVE-2021-39080,EPSS-only,0.00665,4369
CVE-2021-44211,EPSS-only,0.00665,4370
CVE-2021-28275,EPSS-only,0.00664,4371
CVE-2021-4103,EPSS-only,0.00664,4372
CVE-2021-45929,EPSS-only,0.00664,4373
CVE-2021-45946,EPSS-only,0.00664,4374
CVE-2021-46496,EPSS-only,0.00664,4375
CVE-2021-46502,EPSS-only,0.00664,4376
CVE-2022-0260,EPSS-only,0.00664,4377
CVE-2022-21900,EPSS-only,0.00664,4378
CVE-2022-0011,EPSS-only,0.00663,4379
CVE-2022-21902,EPSS-only,0.00663,4380
CVE-2015-3298,EPSS-only,0.00662,4381
CVE-2022-0755,EPSS-only,0.00661,4382
CVE-2021-40855,EPSS-only,0.0066,4383
CVE-2022-0849,EPSS-only,0.0066,4384
CVE-2022-21394,EPSS-only,0.0066,4385
CVE-2022-21861,EPSS-only,0.0066,4386
CVE-2022-21869,EPSS-only,0.0066,4387
CVE-2022-22157,EPSS-only,0.0066,4388
CVE-2021-46322,EPSS-only,0.00659,4389
CVE-2022-21727,EPSS-only,0.00659,4390
CVE-2022-22644,EPSS-only,0.00659,4391
CVE-2022-22850,EPSS-only,0.00659,4392
CVE-2021-3656,EPSS-only,0.00658,4393
CVE-2021-46338,EPSS-only,0.00658,4394
CVE-2022-25185,EPSS-only,0.00658,4395
CVE-2022-27202,EPSS-only,0.00658,4396
CVE-2021-39706,EPSS-only,0.00657,4397
CVE-2021-40837,EPSS-only,0.00657,4398
CVE-2022-21699,EPSS-only,0.00657,4399
CVE-2022-24051,EPSS-only,0.00657,4400
CVE-2022-21868,EPSS-only,0.00656,4401
CVE-2022-21928,EPSS-only,0.00656,4402
CVE-2022-24332,EPSS-only,0.00656,4403
CVE-2021-37098,EPSS-only,0.00655,4404
CVE-2021-39968,EPSS-only,0.00655,4405
CVE-2021-39975,EPSS-only,0.00655,4406
CVE-2021-39977,EPSS-only,0.00655,4407
CVE-2021-39983,EPSS-only,0.00655,4408
CVE-2021-39984,EPSS-only,0.00655,4409
CVE-2021-39985,EPSS-only,0.00655,4410
CVE-2021-39987,EPSS-only,0.00655,4411
CVE-2021-39988,EPSS-only,0.00655,4412
CVE-2021-39989,EPSS-only,0.00655,4413
CVE-2022-20619,EPSS-only,0.00655,4414
CVE-2022-25192,EPSS-only,0.00655,4415
CVE-2021-24686,EPSS-only,0.00654,4416
CVE-2021-24963,EPSS-only,0.00654,4417
CVE-2021-25049,EPSS-only,0.00654,4418
CVE-2021-25050,EPSS-only,0.00654,4419
CVE-2022-0180,EPSS-only,0.00654,4420
CVE-2022-0442,EPSS-only,0.00654,4421
CVE-2022-0762,EPSS-only,0.00654,4422
CVE-2022-24432,EPSS-only,0.00654,4423
CVE-2021-39978,EPSS-only,0.00653,4424
CVE-2022-26494,EPSS-only,0.00653,4425
CVE-2022-23349,EPSS-only,0.00652,4426
CVE-2020-15936,EPSS-only,0.00651,4427
CVE-2021-22819,EPSS-only,0.00651,4428
CVE-2021-40009,EPSS-only,0.00651,4429
CVE-2021-46709,EPSS-only,0.00651,4430
CVE-2022-24071,EPSS-only,0.00651,4431
CVE-2021-25084,EPSS-only,0.0065,4432
CVE-2022-1002,EPSS-only,0.0065,4433
CVE-2022-0426,EPSS-only,0.00649,4434
CVE-2021-40003,EPSS-only,0.00648,4435
CVE-2020-27428,EPSS-only,0.00647,4436
CVE-2021-22809,EPSS-only,0.00647,4437
CVE-2021-24920,EPSS-only,0.00647,4438
CVE-2021-45408,EPSS-only,0.00647,4439
CVE-2021-46150,EPSS-only,0.00647,4440
CVE-2021-46171,EPSS-only,0.00647,4441
CVE-2022-0360,EPSS-only,0.00647,4442
CVE-2022-25372,EPSS-only,0.00647,4443
CVE-2021-24982,EPSS-only,0.00646,4444
CVE-2021-44166,EPSS-only,0.00646,4445
CVE-2021-4098,EPSS-only,0.00645,4446
CVE-2022-0134,EPSS-only,0.00645,4447
CVE-2021-24763,EPSS-only,0.00644,4448
CVE-2021-46336,EPSS-only,0.00644,4449
CVE-2021-46337,EPSS-only,0.00644,4450
CVE-2021-46346,EPSS-only,0.00644,4451
CVE-2021-46351,EPSS-only,0.00644,4452
CVE-2022-0292,EPSS-only,0.00644,4453
CVE-2022-23655,EPSS-only,0.00644,4454
CVE-2022-24050,EPSS-only,0.00644,4455
CVE-2022-24322,EPSS-only,0.00644,4456
CVE-2020-13669,EPSS-only,0.00643,4457
CVE-2021-39066,EPSS-only,0.00643,4458
CVE-2021-39967,EPSS-only,0.00643,4459
CVE-2021-45231,EPSS-only,0.00643,4460
CVE-2021-46249,EPSS-only,0.00643,4461
CVE-2021-4172,EPSS-only,0.00642,4462
CVE-2022-0243,EPSS-only,0.00642,4463
CVE-2022-0256,EPSS-only,0.00642,4464
CVE-2022-0474,EPSS-only,0.00642,4465
CVE-2022-22001,EPSS-only,0.00642,4466
CVE-2022-23291,EPSS-only,0.00642,4467
CVE-2022-24135,EPSS-only,0.00642,4468
CVE-2021-43661,EPSS-only,0.00641,4469
CVE-2021-43707,EPSS-only,0.00641,4470
CVE-2021-44840,EPSS-only,0.00641,4471
CVE-2021-46270,EPSS-only,0.00641,4472
CVE-2022-0938,EPSS-only,0.00641,4473
CVE-2022-23907,EPSS-only,0.00641,4474
CVE-2022-24459,EPSS-only,0.00641,4475
CVE-2022-24572,EPSS-only,0.00641,4476
CVE-2022-25028,EPSS-only,0.00641,4477
CVE-2022-25575,EPSS-only,0.00641,4478
CVE-2022-26644,EPSS-only,0.00641,4479
CVE-2021-32006,EPSS-only,0.0064,4480
CVE-2021-44464,EPSS-only,0.0064,4481
CVE-2022-0395,EPSS-only,0.0064,4482
CVE-2021-46168,EPSS-only,0.00639,4483
CVE-2021-46546,EPSS-only,0.00639,4484
CVE-2022-0179,EPSS-only,0.00639,4485
CVE-2021-46484,EPSS-only,0.00638,4486
CVE-2021-46489,EPSS-only,0.00638,4487
CVE-2021-46494,EPSS-only,0.00638,4488
CVE-2021-46495,EPSS-only,0.00638,4489
CVE-2021-46497,EPSS-only,0.00638,4490
CVE-2021-46498,EPSS-only,0.00638,4491
CVE-2021-46499,EPSS-only,0.00638,4492
CVE-2021-46500,EPSS-only,0.00638,4493
CVE-2021-46501,EPSS-only,0.00638,4494
CVE-2021-46503,EPSS-only,0.00638,4495
CVE-2022-21833,EPSS-only,0.00638,4496
CVE-2022-21834,EPSS-only,0.00638,4497
CVE-2021-39982,EPSS-only,0.00637,4498
CVE-2021-40004,EPSS-only,0.00637,4499
CVE-2021-33852,EPSS-only,0.00636,4500
CVE-2021-38674,EPSS-only,0.00636,4501
CVE-2022-0539,EPSS-only,0.00635,4502
CVE-2021-44747,EPSS-only,0.00634,4503
CVE-2022-0159,EPSS-only,0.00634,4504
CVE-2022-0387,EPSS-only,0.00634,4505
CVE-2022-0950,EPSS-only,0.00634,4506
CVE-2022-21859,EPSS-only,0.00634,4507
CVE-2022-21862,EPSS-only,0.00634,4508
CVE-2022-22344,EPSS-only,0.00634,4509
CVE-2022-26511,EPSS-only,0.00634,4510
CVE-2022-26947,EPSS-only,0.00634,4511
CVE-2021-45074,EPSS-only,0.00633,4512
CVE-2022-22116,EPSS-only,0.00633,4513
CVE-2022-22117,EPSS-only,0.00633,4514
CVE-2021-46047,EPSS-only,0.00632,4515
CVE-2021-46487,EPSS-only,0.00632,4516
CVE-2022-22851,EPSS-only,0.00632,4517
CVE-2022-24565,EPSS-only,0.00632,4518
CVE-2022-27200,EPSS-only,0.00632,4519
CVE-2021-42067,EPSS-only,0.00631,4520
CVE-2022-0506,EPSS-only,0.00631,4521
CVE-2022-23981,EPSS-only,0.00631,4522
CVE-2022-24343,EPSS-only,0.00631,4523
CVE-2021-24696,EPSS-only,0.0063,4524
CVE-2022-23015,EPSS-only,0.00629,4525
CVE-2020-23986,EPSS-only,0.00628,4526
CVE-2021-24803,EPSS-only,0.00628,4527
CVE-2021-44120,EPSS-only,0.00628,4528
CVE-2022-0499,EPSS-only,0.00628,4529
CVE-2022-0697,EPSS-only,0.00628,4530
CVE-2022-25638,EPSS-only,0.00628,4531
CVE-2021-40026,EPSS-only,0.00627,4532
CVE-2021-40061,EPSS-only,0.00627,4533
CVE-2021-42016,EPSS-only,0.00627,4534
CVE-2022-23731,EPSS-only,0.00627,4535
CVE-2022-25317,EPSS-only,0.00627,4536
CVE-2021-42791,EPSS-only,0.00626,4537
CVE-2021-45919,EPSS-only,0.00626,4538
CVE-2022-0305,EPSS-only,0.00626,4539
CVE-2021-46038,EPSS-only,0.00625,4540
CVE-2021-46039,EPSS-only,0.00625,4541
CVE-2021-46040,EPSS-only,0.00625,4542
CVE-2021-46041,EPSS-only,0.00625,4543
CVE-2021-46042,EPSS-only,0.00625,4544
CVE-2021-46043,EPSS-only,0.00625,4545
CVE-2021-46045,EPSS-only,0.00625,4546
CVE-2021-46046,EPSS-only,0.00625,4547
CVE-2021-46049,EPSS-only,0.00625,4548
CVE-2021-46051,EPSS-only,0.00625,4549
CVE-2022-1004,EPSS-only,0.00625,4550
CVE-2022-22660,EPSS-only,0.00625,4551
CVE-2022-23290,EPSS-only,0.00625,4552
CVE-2022-24454,EPSS-only,0.00625,4553
CVE-2021-43105,EPSS-only,0.00624,4554
CVE-2022-1086,EPSS-only,0.00624,4555
CVE-2022-23059,EPSS-only,0.00624,4556
CVE-2022-23871,EPSS-only,0.00624,4557
CVE-2022-24590,EPSS-only,0.00624,4558
CVE-2021-34359,EPSS-only,0.00623,4559
CVE-2021-27416,EPSS-only,0.00622,4560
CVE-2021-45831,EPSS-only,0.00622,4561
CVE-2021-46044,EPSS-only,0.00622,4562
CVE-2022-0674,EPSS-only,0.00622,4563
CVE-2022-0700,EPSS-only,0.00622,4564
CVE-2022-0702,EPSS-only,0.00622,4565
CVE-2022-0703,EPSS-only,0.00622,4566
CVE-2022-0763,EPSS-only,0.00622,4567
CVE-2022-0772,EPSS-only,0.00622,4568
CVE-2022-0906,EPSS-only,0.00622,4569
CVE-2021-40054,EPSS-only,0.00621,4570
CVE-2021-42244,EPSS-only,0.00621,4571
CVE-2021-43677,EPSS-only,0.00621,4572
CVE-2021-46237,EPSS-only,0.00621,4573
CVE-2021-46238,EPSS-only,0.00621,4574
CVE-2021-46311,EPSS-only,0.00621,4575
CVE-2021-46323,EPSS-only,0.00621,4576
CVE-2021-46339,EPSS-only,0.00621,4577
CVE-2021-46340,EPSS-only,0.00621,4578
CVE-2021-46342,EPSS-only,0.00621,4579
CVE-2021-46343,EPSS-only,0.00621,4580
CVE-2021-46344,EPSS-only,0.00621,4581
CVE-2021-46345,EPSS-only,0.00621,4582
CVE-2021-46347,EPSS-only,0.00621,4583
CVE-2021-46348,EPSS-only,0.00621,4584
CVE-2021-46349,EPSS-only,0.00621,4585
CVE-2021-46350,EPSS-only,0.00621,4586
CVE-2021-46556,EPSS-only,0.00621,4587
CVE-2022-22919,EPSS-only,0.00621,4588
CVE-2022-23045,EPSS-only,0.00621,4589
CVE-2022-23391,EPSS-only,0.00621,4590
CVE-2022-26246,EPSS-only,0.00621,4591
CVE-2022-0596,EPSS-only,0.0062,4592
CVE-2022-0348,EPSS-only,0.00619,4593
CVE-2022-0510,EPSS-only,0.00619,4594
CVE-2022-0720,EPSS-only,0.00619,4595
CVE-2022-0756,EPSS-only,0.00619,4596
CVE-2022-0822,EPSS-only,0.00619,4597
CVE-2022-0941,EPSS-only,0.00619,4598
CVE-2021-24704,EPSS-only,0.00618,4599
CVE-2021-42722,EPSS-only,0.00618,4600
CVE-2021-44649,EPSS-only,0.00617,4601
CVE-2021-46253,EPSS-only,0.00617,4602
CVE-2022-23433,EPSS-only,0.00617,4603
CVE-2022-23872,EPSS-only,0.00617,4604
CVE-2022-24573,EPSS-only,0.00617,4605
CVE-2022-26660,EPSS-only,0.00617,4606
CVE-2018-25029,EPSS-only,0.00616,4607
CVE-2021-3739,EPSS-only,0.00616,4608
CVE-2021-3853,EPSS-only,0.00616,4609
CVE-2021-43941,EPSS-only,0.00616,4610
CVE-2021-44091,EPSS-only,0.00616,4611
CVE-2021-46239,EPSS-only,0.00616,4612
CVE-2022-22112,EPSS-only,0.00616,4613
CVE-2022-22891,EPSS-only,0.00616,4614
CVE-2022-22892,EPSS-only,0.00616,4615
CVE-2008-10001,EPSS-only,0.00615,4616
CVE-2022-22126,EPSS-only,0.00615,4617
CVE-2022-23053,EPSS-only,0.00615,4618
CVE-2022-23054,EPSS-only,0.00615,4619
CVE-2022-23924,EPSS-only,0.00615,4620
CVE-2021-24423,EPSS-only,0.00614,4621
CVE-2021-46240,EPSS-only,0.00614,4622
CVE-2021-46313,EPSS-only,0.00614,4623
CVE-2021-46508,EPSS-only,0.00614,4624
CVE-2021-46510,EPSS-only,0.00614,4625
CVE-2021-46511,EPSS-only,0.00614,4626
CVE-2021-46512,EPSS-only,0.00614,4627
CVE-2021-46514,EPSS-only,0.00614,4628
CVE-2021-46515,EPSS-only,0.00614,4629
CVE-2021-46516,EPSS-only,0.00614,4630
CVE-2021-46517,EPSS-only,0.00614,4631
CVE-2021-46528,EPSS-only,0.00614,4632
CVE-2021-46529,EPSS-only,0.00614,4633
CVE-2021-46530,EPSS-only,0.00614,4634
CVE-2021-46531,EPSS-only,0.00614,4635
CVE-2021-46532,EPSS-only,0.00614,4636
CVE-2021-46534,EPSS-only,0.00614,4637
CVE-2021-46535,EPSS-only,0.00614,4638
CVE-2021-46537,EPSS-only,0.00614,4639
CVE-2021-46538,EPSS-only,0.00614,4640
CVE-2021-46539,EPSS-only,0.00614,4641
CVE-2021-46540,EPSS-only,0.00614,4642
CVE-2021-46541,EPSS-only,0.00614,4643
CVE-2021-46542,EPSS-only,0.00614,4644
CVE-2021-46543,EPSS-only,0.00614,4645
CVE-2021-46544,EPSS-only,0.00614,4646
CVE-2021-46545,EPSS-only,0.00614,4647
CVE-2021-46547,EPSS-only,0.00614,4648
CVE-2021-46548,EPSS-only,0.00614,4649
CVE-2021-46549,EPSS-only,0.00614,4650
CVE-2021-46550,EPSS-only,0.00614,4651
CVE-2021-46553,EPSS-only,0.00614,4652
CVE-2021-46554,EPSS-only,0.00614,4653
CVE-2022-24249,EPSS-only,0.00614,4654
CVE-2022-27938,EPSS-only,0.00614,4655
CVE-2022-0372,EPSS-only,0.00613,4656
CVE-2021-24879,EPSS-only,0.00612,4657
CVE-2021-25010,EPSS-only,0.00612,4658
CVE-2022-0770,EPSS-only,0.00612,4659
CVE-2022-21798,EPSS-only,0.00612,4660
CVE-2021-24694,EPSS-only,0.00611,4661
CVE-2021-25046,EPSS-only,0.00611,4662
CVE-2021-33848,EPSS-only,0.00611,4663
CVE-2021-40047,EPSS-only,0.0061,4664
CVE-2022-24395,EPSS-only,0.0061,4665
CVE-2021-27418,EPSS-only,0.00609,4666
CVE-2021-41789,EPSS-only,0.00609,4667
CVE-2021-45846,EPSS-only,0.00609,4668
CVE-2022-0351,EPSS-only,0.00609,4669
CVE-2022-24330,EPSS-only,0.00609,4670
CVE-2021-43353,EPSS-only,0.00608,4671
CVE-2021-24965,EPSS-only,0.00607,4672
CVE-2021-24974,EPSS-only,0.00607,4673
CVE-2021-46485,EPSS-only,0.00607,4674
CVE-2021-46486,EPSS-only,0.00607,4675
CVE-2021-46488,EPSS-only,0.00607,4676
CVE-2021-46490,EPSS-only,0.00607,4677
CVE-2021-46491,EPSS-only,0.00607,4678
CVE-2021-46504,EPSS-only,0.00607,4679
CVE-2021-46505,EPSS-only,0.00607,4680
CVE-2021-46506,EPSS-only,0.00607,4681
CVE-2021-46507,EPSS-only,0.00607,4682
CVE-2022-0335,EPSS-only,0.00607,4683
CVE-2022-0502,EPSS-only,0.00607,4684
CVE-2022-0612,EPSS-only,0.00607,4685
CVE-2022-23350,EPSS-only,0.00607,4686
CVE-2022-25484,EPSS-only,0.00607,4687
CVE-2022-28138,EPSS-only,0.00607,4688
CVE-2022-28152,EPSS-only,0.00607,4689
CVE-2021-25005,EPSS-only,0.00605,4690
CVE-2021-23154,EPSS-only,0.00604,4691
CVE-2021-24680,EPSS-only,0.00604,4692
CVE-2021-24821,EPSS-only,0.00604,4693
CVE-2021-24826,EPSS-only,0.00604,4694
CVE-2021-24828,EPSS-only,0.00604,4695
CVE-2021-24880,EPSS-only,0.00604,4696
CVE-2021-24897,EPSS-only,0.00604,4697
CVE-2021-42856,EPSS-only,0.00604,4698
CVE-2021-42867,EPSS-only,0.00604,4699
CVE-2021-45975,EPSS-only,0.00604,4700
CVE-2022-0186,EPSS-only,0.00604,4701
CVE-2022-0205,EPSS-only,0.00604,4702
CVE-2022-0450,EPSS-only,0.00604,4703
CVE-2022-22812,EPSS-only,0.00604,4704
CVE-2021-27654,EPSS-only,0.00603,4705
CVE-2021-29846,EPSS-only,0.00603,4706
CVE-2021-40038,EPSS-only,0.00602,4707
CVE-2021-40039,EPSS-only,0.00602,4708
CVE-2022-22529,EPSS-only,0.00602,4709
CVE-2022-25138,EPSS-only,0.00602,4710
CVE-2021-3422,EPSS-only,0.00601,4711
CVE-2022-1180,EPSS-only,0.00601,4712
CVE-2022-27246,EPSS-only,0.00601,4713
CVE-2021-24933,EPSS-only,0.006,4714
CVE-2021-24958,EPSS-only,0.006,4715
CVE-2021-24971,EPSS-only,0.006,4716
CVE-2021-25057,EPSS-only,0.006,4717
CVE-2021-25058,EPSS-only,0.006,4718
CVE-2021-25060,EPSS-only,0.006,4719
CVE-2021-25106,EPSS-only,0.006,4720
CVE-2021-3857,EPSS-only,0.006,4721
CVE-2022-0200,EPSS-only,0.006,4722
CVE-2022-0397,EPSS-only,0.006,4723
CVE-2022-0423,EPSS-only,0.006,4724
CVE-2022-24309,EPSS-only,0.006,4725
CVE-2021-22567,EPSS-only,0.00599,4726
CVE-2021-24761,EPSS-only,0.00599,4727
CVE-2021-37852,EPSS-only,0.00599,4728
CVE-2022-21910,EPSS-only,0.00599,4729
CVE-2021-24707,EPSS-only,0.00598,4730
CVE-2021-24810,EPSS-only,0.00598,4731
CVE-2021-24895,EPSS-only,0.00598,4732
CVE-2021-24898,EPSS-only,0.00598,4733
CVE-2021-24903,EPSS-only,0.00598,4734
CVE-2021-24944,EPSS-only,0.00598,4735
CVE-2021-24995,EPSS-only,0.00598,4736
CVE-2021-25029,EPSS-only,0.00598,4737
CVE-2021-25101,EPSS-only,0.00598,4738
CVE-2021-25105,EPSS-only,0.00598,4739
CVE-2022-0211,EPSS-only,0.00598,4740
CVE-2022-0388,EPSS-only,0.00598,4741
CVE-2022-0389,EPSS-only,0.00598,4742
CVE-2022-0590,EPSS-only,0.00598,4743
CVE-2022-0659,EPSS-only,0.00598,4744
CVE-2022-0701,EPSS-only,0.00598,4745
CVE-2022-23987,EPSS-only,0.00598,4746
CVE-2022-25189,EPSS-only,0.00598,4747
CVE-2022-25191,EPSS-only,0.00598,4748
CVE-2021-43929,EPSS-only,0.00597,4749
CVE-2022-27772,EPSS-only,0.00597,4750
CVE-2021-40031,EPSS-only,0.00596,4751
CVE-2022-25318,EPSS-only,0.00594,4752
CVE-2021-43334,EPSS-only,0.00593,4753
CVE-2021-43436,EPSS-only,0.00593,4754
CVE-2022-1085,EPSS-only,0.00593,4755
CVE-2021-32005,EPSS-only,0.00592,4756
CVE-2021-32475,EPSS-only,0.00592,4757
CVE-2021-43960,EPSS-only,0.00592,4758
CVE-2022-22792,EPSS-only,0.00592,4759
CVE-2022-25204,EPSS-only,0.00591,4760
CVE-2021-25014,EPSS-only,0.0059,4761
CVE-2021-45889,EPSS-only,0.0059,4762
CVE-2022-23321,EPSS-only,0.0059,4763
CVE-2022-24740,EPSS-only,0.00589,4764
CVE-2021-46034,EPSS-only,0.00588,4765
CVE-2022-22173,EPSS-only,0.00588,4766
CVE-2022-0178,EPSS-only,0.00587,4767
CVE-2022-23798,EPSS-only,0.00587,4768
CVE-2022-21896,EPSS-only,0.00586,4769
CVE-2022-23796,EPSS-only,0.00586,4770
CVE-2022-23801,EPSS-only,0.00586,4771
CVE-2022-23998,EPSS-only,0.00586,4772
CVE-2022-26948,EPSS-only,0.00586,4773
CVE-2021-37864,EPSS-only,0.00585,4774
CVE-2021-38265,EPSS-only,0.00585,4775
CVE-2021-38267,EPSS-only,0.00585,4776
CVE-2021-38269,EPSS-only,0.00585,4777
CVE-2021-45888,EPSS-only,0.00585,4778
CVE-2022-22333,EPSS-only,0.00585,4779
CVE-2021-39025,EPSS-only,0.00584,4780
CVE-2022-23656,EPSS-only,0.00584,4781
CVE-2021-34073,EPSS-only,0.00583,4782
CVE-2021-39616,EPSS-only,0.00583,4783
CVE-2022-26295,EPSS-only,0.00583,4784
CVE-2021-27757,EPSS-only,0.00582,4785
CVE-2021-3716,EPSS-only,0.00582,4786
CVE-2022-0309,EPSS-only,0.00582,4787
CVE-2022-0955,EPSS-only,0.00582,4788
CVE-2022-21866,EPSS-only,0.00582,4789
CVE-2021-44836,EPSS-only,0.00581,4790
CVE-2021-46080,EPSS-only,0.0058,4791
CVE-2022-23115,EPSS-only,0.00579,4792
CVE-2022-24072,EPSS-only,0.00579,4793
CVE-2022-23562,EPSS-only,0.00578,4794
CVE-2022-24073,EPSS-only,0.00578,4795
CVE-2022-27204,EPSS-only,0.00578,4796
CVE-2021-44839,EPSS-only,0.00577,4797
CVE-2021-45326,EPSS-only,0.00577,4798
CVE-2022-23287,EPSS-only,0.00577,4799
CVE-2022-23288,EPSS-only,0.00577,4800
CVE-2022-23298,EPSS-only,0.00577,4801
CVE-2021-33853,EPSS-only,0.00576,4802
CVE-2022-24960,EPSS-only,0.00576,4803
CVE-2022-27432,EPSS-only,0.00576,4804
CVE-2021-25081,EPSS-only,0.00575,4805
CVE-2021-43945,EPSS-only,0.00575,4806
CVE-2021-44751,EPSS-only,0.00575,4807
CVE-2022-24319,EPSS-only,0.00575,4808
CVE-2021-22041,EPSS-only,0.00574,4809
CVE-2021-27414,EPSS-only,0.00573,4810
CVE-2021-36920,EPSS-only,0.00573,4811
CVE-2021-39658,EPSS-only,0.00573,4812
CVE-2021-39927,EPSS-only,0.00573,4813
CVE-2022-0274,EPSS-only,0.00573,4814
CVE-2013-20003,EPSS-only,0.00572,4815
CVE-2022-0333,EPSS-only,0.00572,4816
CVE-2022-24566,EPSS-only,0.00572,4817
CVE-2022-25202,EPSS-only,0.00572,4818
CVE-2021-46146,EPSS-only,0.00571,4819
CVE-2022-21981,EPSS-only,0.00571,4820
CVE-2022-25243,EPSS-only,0.00571,4821
CVE-2022-25611,EPSS-only,0.00571,4822
CVE-2022-25612,EPSS-only,0.00571,4823
CVE-2021-30360,EPSS-only,0.0057,4824
CVE-2021-38678,EPSS-only,0.0057,4825
CVE-2021-44310,EPSS-only,0.0057,4826
CVE-2022-21381,EPSS-only,0.0057,4827
CVE-2021-38126,EPSS-only,0.00569,4828
CVE-2021-38127,EPSS-only,0.00569,4829
CVE-2021-44911,EPSS-only,0.00569,4830
CVE-2021-46372,EPSS-only,0.00569,4831
CVE-2021-30273,EPSS-only,0.00568,4832
CVE-2021-30287,EPSS-only,0.00568,4833
CVE-2021-30293,EPSS-only,0.00568,4834
CVE-2021-30300,EPSS-only,0.00568,4835
CVE-2021-30301,EPSS-only,0.00568,4836
CVE-2021-30307,EPSS-only,0.00568,4837
CVE-2021-30326,EPSS-only,0.00568,4838
CVE-2021-30330,EPSS-only,0.00568,4839
CVE-2021-30353,EPSS-only,0.00568,4840
CVE-2022-24338,EPSS-only,0.00568,4841
CVE-2022-25259,EPSS-only,0.00568,4842
CVE-2022-25261,EPSS-only,0.00568,4843
CVE-2022-25269,EPSS-only,0.00568,4844
CVE-2022-25600,EPSS-only,0.00568,4845
CVE-2022-25604,EPSS-only,0.00568,4846
CVE-2022-26951,EPSS-only,0.00568,4847
CVE-2022-26197,EPSS-only,0.00567,4848
CVE-2021-27756,EPSS-only,0.00566,4849
CVE-2021-4198,EPSS-only,0.00566,4850
CVE-2022-23601,EPSS-only,0.00566,4851
CVE-2022-25606,EPSS-only,0.00566,4852
CVE-2022-26573,EPSS-only,0.00566,4853
CVE-2021-29216,EPSS-only,0.00565,4854
CVE-2021-46492,EPSS-only,0.00565,4855
CVE-2022-23979,EPSS-only,0.00565,4856
CVE-2022-24712,EPSS-only,0.00565,4857
CVE-2021-3948,EPSS-only,0.00564,4858
CVE-2022-23184,EPSS-only,0.00563,4859
CVE-2022-25605,EPSS-only,0.00563,4860
CVE-2021-22822,EPSS-only,0.00562,4861
CVE-2021-23863,EPSS-only,0.00562,4862
CVE-2021-40028,EPSS-only,0.00562,4863
CVE-2021-40042,EPSS-only,0.00562,4864
CVE-2021-41541,EPSS-only,0.00562,4865
CVE-2021-41542,EPSS-only,0.00562,4866
CVE-2021-46251,EPSS-only,0.00562,4867
CVE-2021-46557,EPSS-only,0.00562,4868
CVE-2021-46558,EPSS-only,0.00562,4869
CVE-2022-1076,EPSS-only,0.00562,4870
CVE-2022-1079,EPSS-only,0.00562,4871
CVE-2022-22511,EPSS-only,0.00562,4872
CVE-2022-23312,EPSS-only,0.00562,4873
CVE-2022-23903,EPSS-only,0.00562,4874
CVE-2022-24344,EPSS-only,0.00562,4875
CVE-2022-24347,EPSS-only,0.00562,4876
CVE-2022-25582,EPSS-only,0.00562,4877
CVE-2022-25603,EPSS-only,0.00562,4878
CVE-2022-26157,EPSS-only,0.00561,4879
CVE-2022-23255,EPSS-only,0.0056,4880
CVE-2022-24236,EPSS-only,0.00559,4881
CVE-2021-4074,EPSS-only,0.00558,4882
CVE-2021-42866,EPSS-only,0.00558,4883
CVE-2021-42946,EPSS-only,0.00558,4884
CVE-2022-24612,EPSS-only,0.00558,4885
CVE-2022-21392,EPSS-only,0.00557,4886
CVE-2022-25220,EPSS-only,0.00557,4887
CVE-2021-23150,EPSS-only,0.00556,4888
CVE-2021-23209,EPSS-only,0.00556,4889
CVE-2021-35500,EPSS-only,0.00556,4890
CVE-2021-41809,EPSS-only,0.00556,4891
CVE-2021-43070,EPSS-only,0.00556,4892
CVE-2022-25366,EPSS-only,0.00556,4893
CVE-2021-41111,EPSS-only,0.00555,4894
CVE-2021-45886,EPSS-only,0.00555,4895
CVE-2022-27884,EPSS-only,0.00555,4896
CVE-2022-27885,EPSS-only,0.00555,4897
CVE-2022-27886,EPSS-only,0.00555,4898
CVE-2022-27887,EPSS-only,0.00555,4899
CVE-2021-36349,EPSS-only,0.00554,4900
CVE-2022-24003,EPSS-only,0.00553,4901
CVE-2022-25200,EPSS-only,0.00553,4902
CVE-2022-25523,EPSS-only,0.00553,4903
CVE-2021-42869,EPSS-only,0.00552,4904
CVE-2022-0229,EPSS-only,0.00552,4905
CVE-2022-23709,EPSS-only,0.00552,4906
CVE-2022-24708,EPSS-only,0.00552,4907
CVE-2022-26950,EPSS-only,0.00552,4908
CVE-2021-43505,EPSS-only,0.00551,4909
CVE-2021-43659,EPSS-only,0.00551,4910
CVE-2021-45866,EPSS-only,0.00551,4911
CVE-2021-46659,EPSS-only,0.00551,4912
CVE-2021-24823,EPSS-only,0.0055,4913
CVE-2021-46447,EPSS-only,0.0055,4914
CVE-2022-22156,EPSS-only,0.0055,4915
CVE-2022-25195,EPSS-only,0.0055,4916
CVE-2021-43662,EPSS-only,0.00547,4917
CVE-2022-0350,EPSS-only,0.00547,4918
CVE-2022-0394,EPSS-only,0.00547,4919
CVE-2022-0937,EPSS-only,0.00547,4920
CVE-2022-0940,EPSS-only,0.00547,4921
CVE-2022-24198,EPSS-only,0.00547,4922
CVE-2022-24582,EPSS-only,0.00547,4923
CVE-2021-37114,EPSS-only,0.00546,4924
CVE-2021-44748,EPSS-only,0.00546,4925
CVE-2021-4164,EPSS-only,0.00545,4926
CVE-2022-0705,EPSS-only,0.00545,4927
CVE-2022-24620,EPSS-only,0.00545,4928
CVE-2021-23521,EPSS-only,0.00544,4929
CVE-2021-44760,EPSS-only,0.00544,4930
CVE-2022-24320,EPSS-only,0.00544,4931
CVE-2022-27225,EPSS-only,0.00544,4932
CVE-2022-28143,EPSS-only,0.00544,4933
CVE-2021-22954,EPSS-only,0.00543,4934
CVE-2022-23276,EPSS-only,0.00543,4935
CVE-2022-23384,EPSS-only,0.00543,4936
CVE-2022-24968,EPSS-only,0.00542,4937
CVE-2021-24936,EPSS-only,0.00541,4938
CVE-2021-37118,EPSS-only,0.00541,4939
CVE-2021-39980,EPSS-only,0.00541,4940
CVE-2022-0966,EPSS-only,0.00541,4941
CVE-2022-0834,EPSS-only,0.0054,4942
CVE-2022-23561,EPSS-only,0.0054,4943
CVE-2021-24989,EPSS-only,0.00538,4944
CVE-2021-25095,EPSS-only,0.00537,4945
CVE-2021-29655,EPSS-only,0.00537,4946
CVE-2021-39021,EPSS-only,0.00537,4947
CVE-2021-4197,EPSS-only,0.00536,4948
CVE-2022-0912,EPSS-only,0.00536,4949
CVE-2021-37208,EPSS-only,0.00535,4950
CVE-2021-42000,EPSS-only,0.00535,4951
CVE-2022-21158,EPSS-only,0.00535,4952
CVE-2022-25609,EPSS-only,0.00535,4953
CVE-2021-3744,EPSS-only,0.00533,4954
CVE-2021-3816,EPSS-only,0.00533,4955
CVE-2020-9060,EPSS-only,0.00532,4956
CVE-2021-20869,EPSS-only,0.00532,4957
CVE-2021-23225,EPSS-only,0.00532,4958
CVE-2021-35068,EPSS-only,0.00532,4959
CVE-2022-24745,EPSS-only,0.00532,4960
CVE-2021-24843,EPSS-only,0.00531,4961
CVE-2021-25072,EPSS-only,0.00531,4962
CVE-2021-25098,EPSS-only,0.00531,4963
CVE-2022-0269,EPSS-only,0.00531,4964
CVE-2022-0286,EPSS-only,0.00531,4965
CVE-2022-0445,EPSS-only,0.00531,4966
CVE-2022-0681,EPSS-only,0.00531,4967
CVE-2022-22109,EPSS-only,0.00531,4968
CVE-2021-4115,EPSS-only,0.0053,4969
CVE-2022-23008,EPSS-only,0.0053,4970
CVE-2021-34086,EPSS-only,0.00529,4971
CVE-2022-21402,EPSS-only,0.00529,4972
CVE-2021-46147,EPSS-only,0.00528,4973
CVE-2022-25180,EPSS-only,0.00528,4974
CVE-2021-24978,EPSS-only,0.00527,4975
CVE-2022-0302,EPSS-only,0.00527,4976
CVE-2022-23707,EPSS-only,0.00527,4977
CVE-2022-25194,EPSS-only,0.00527,4978
CVE-2022-25198,EPSS-only,0.00527,4979
CVE-2022-25205,EPSS-only,0.00527,4980
CVE-2022-25311,EPSS-only,0.00526,4981
CVE-2021-23173,EPSS-only,0.00524,4982
CVE-2021-24950,EPSS-only,0.00524,4983
CVE-2021-25018,EPSS-only,0.00524,4984
CVE-2021-25042,EPSS-only,0.00524,4985
CVE-2022-21242,EPSS-only,0.00524,4986
CVE-2022-21246,EPSS-only,0.00524,4987
CVE-2022-21338,EPSS-only,0.00524,4988
CVE-2022-21396,EPSS-only,0.00524,4989
CVE-2022-21397,EPSS-only,0.00524,4990
CVE-2022-21398,EPSS-only,0.00524,4991
CVE-2022-21400,EPSS-only,0.00524,4992
CVE-2022-23051,EPSS-only,0.00524,4993
CVE-2022-24002,EPSS-only,0.00524,4994
CVE-2021-20319,EPSS-only,0.00523,4995
CVE-2021-3748,EPSS-only,0.00522,4996
CVE-2021-3837,EPSS-only,0.00522,4997
CVE-2022-21800,EPSS-only,0.00521,4998
CVE-2022-23220,EPSS-only,0.00521,4999
CVE-2020-36056,EPSS-only,0.0052,5000
CVE-2021-20871,EPSS-only,0.0052,5001
CVE-2021-39710,EPSS-only,0.00518,5002
CVE-2021-39720,EPSS-only,0.00518,5003
CVE-2021-39723,EPSS-only,0.00518,5004
CVE-2021-39737,EPSS-only,0.00518,5005
CVE-2022-0988,EPSS-only,0.00518,5006
CVE-2022-21657,EPSS-only,0.00517,5007
CVE-2022-24396,EPSS-only,0.00516,5008
CVE-2021-0165,EPSS-only,0.00515,5009
CVE-2021-0172,EPSS-only,0.00515,5010
CVE-2021-0173,EPSS-only,0.00515,5011
CVE-2021-0174,EPSS-only,0.00515,5012
CVE-2021-0175,EPSS-only,0.00515,5013
CVE-2021-0183,EPSS-only,0.00515,5014
CVE-2021-4002,EPSS-only,0.00515,5015
CVE-2021-40055,EPSS-only,0.00514,5016
CVE-2021-41952,EPSS-only,0.00514,5017
CVE-2021-42868,EPSS-only,0.00514,5018
CVE-2022-27815,EPSS-only,0.00514,5019
CVE-2021-37132,EPSS-only,0.00512,5020
CVE-2022-0231,EPSS-only,0.00512,5021
CVE-2022-27198,EPSS-only,0.00511,5022
CVE-2021-39026,EPSS-only,0.0051,5023
CVE-2022-0473,EPSS-only,0.0051,5024
CVE-2021-37195,EPSS-only,0.00509,5025
CVE-2022-0001,EPSS-only,0.00508,5026
CVE-2021-33110,EPSS-only,0.00504,5027
CVE-2021-46087,EPSS-only,0.00503,5028
CVE-2022-1003,EPSS-only,0.00502,5029
CVE-2021-39635,EPSS-only,0.005,5030
CVE-2022-1055,EPSS-only,0.005,5031
CVE-2022-27816,EPSS-only,0.005,5032
CVE-2022-23960,EPSS-only,0.00499,5033
CVE-2022-24725,EPSS-only,0.00499,5034
CVE-2022-24759,EPSS-only,0.00499,5035
CVE-2022-21281,EPSS-only,0.00498,5036
CVE-2022-0617,EPSS-only,0.00497,5037
CVE-2003-5003,EPSS-only,0.00495,5038
CVE-2021-32009,EPSS-only,0.00495,5039
CVE-2021-33114,EPSS-only,0.00495,5040
CVE-2021-45082,EPSS-only,0.00495,5041
CVE-2021-46025,EPSS-only,0.00495,5042
CVE-2021-46030,EPSS-only,0.00495,5043
CVE-2021-43724,EPSS-only,0.00494,5044
CVE-2021-44969,EPSS-only,0.00494,5045
CVE-2021-45792,EPSS-only,0.00494,5046
CVE-2022-0279,EPSS-only,0.00494,5047
CVE-2022-0833,EPSS-only,0.00494,5048
CVE-2021-3631,EPSS-only,0.00493,5049
CVE-2021-37134,EPSS-only,0.00493,5050
CVE-2021-39491,EPSS-only,0.00493,5051
CVE-2021-45417,EPSS-only,0.00493,5052
CVE-2022-25410,EPSS-only,0.00493,5053
CVE-2022-25413,EPSS-only,0.00493,5054
CVE-2022-24769,EPSS-only,0.00492,5055
CVE-2022-26102,EPSS-only,0.00492,5056
CVE-2022-27214,EPSS-only,0.00492,5057
CVE-2021-33139,EPSS-only,0.00491,5058
CVE-2021-44122,EPSS-only,0.00491,5059
CVE-2021-46390,EPSS-only,0.00491,5060
CVE-2022-25507,EPSS-only,0.00491,5061
CVE-2022-26244,EPSS-only,0.00491,5062
CVE-2021-35036,EPSS-only,0.0049,5063
CVE-2021-39022,EPSS-only,0.0049,5064
CVE-2021-39671,EPSS-only,0.0049,5065
CVE-2021-21963,EPSS-only,0.00489,5066
CVE-2022-22546,EPSS-only,0.00489,5067
CVE-2022-24926,EPSS-only,0.00489,5068
CVE-2022-25408,EPSS-only,0.00489,5069
CVE-2021-31562,EPSS-only,0.00488,5070
CVE-2021-44607,EPSS-only,0.00487,5071
CVE-2021-44608,EPSS-only,0.00487,5072
CVE-2021-44912,EPSS-only,0.00487,5073
CVE-2021-44970,EPSS-only,0.00487,5074
CVE-2022-25407,EPSS-only,0.00487,5075
CVE-2022-25409,EPSS-only,0.00487,5076
CVE-2021-36751,EPSS-only,0.00486,5077
CVE-2022-23613,EPSS-only,0.00485,5078
CVE-2022-24744,EPSS-only,0.00485,5079
CVE-2022-27964,EPSS-only,0.00485,5080
CVE-2022-27965,EPSS-only,0.00485,5081
CVE-2022-27966,EPSS-only,0.00485,5082
CVE-2021-46252,EPSS-only,0.00484,5083
CVE-2022-0237,EPSS-only,0.00484,5084
CVE-2021-37112,EPSS-only,0.00483,5085
CVE-2021-40840,EPSS-only,0.00483,5086
CVE-2022-27244,EPSS-only,0.00481,5087
CVE-2021-25092,EPSS-only,0.0048,5088
CVE-2021-39055,EPSS-only,0.0048,5089
CVE-2021-39079,EPSS-only,0.0048,5090
CVE-2021-3861,EPSS-only,0.00479,5091
CVE-2022-0154,EPSS-only,0.00478,5092
CVE-2021-43738,EPSS-only,0.00477,5093
CVE-2022-24679,EPSS-only,0.00477,5094
CVE-2022-24680,EPSS-only,0.00477,5095
CVE-2021-43953,EPSS-only,0.00476,5096
CVE-2021-4031,EPSS-only,0.00475,5097
CVE-2021-44111,EPSS-only,0.00475,5098
CVE-2022-23637,EPSS-only,0.00475,5099
CVE-2020-10632,EPSS-only,0.00473,5100
CVE-2021-42017,EPSS-only,0.00472,5101
CVE-2022-21179,EPSS-only,0.00472,5102
CVE-2021-24913,EPSS-only,0.00471,5103
CVE-2022-0199,EPSS-only,0.00471,5104
CVE-2022-0313,EPSS-only,0.00471,5105
CVE-2022-0328,EPSS-only,0.00471,5106
CVE-2022-0341,EPSS-only,0.00471,5107
CVE-2021-24993,EPSS-only,0.00469,5108
CVE-2021-39981,EPSS-only,0.00469,5109
CVE-2021-46165,EPSS-only,0.00469,5110
CVE-2022-23564,EPSS-only,0.00469,5111
CVE-2022-23565,EPSS-only,0.00469,5112
CVE-2022-23571,EPSS-only,0.00469,5113
CVE-2021-22724,EPSS-only,0.00468,5114
CVE-2021-22725,EPSS-only,0.00468,5115
CVE-2022-21975,EPSS-only,0.00468,5116
CVE-2021-33155,EPSS-only,0.00467,5117
CVE-2021-44901,EPSS-only,0.00467,5118
CVE-2022-23930,EPSS-only,0.00467,5119
CVE-2021-38986,EPSS-only,0.00466,5120
CVE-2021-45440,EPSS-only,0.00464,5121
CVE-2022-0854,EPSS-only,0.00462,5122
CVE-2022-1075,EPSS-only,0.00462,5123
CVE-2021-39685,EPSS-only,0.00461,5124
CVE-2022-0861,EPSS-only,0.00461,5125
CVE-2022-22944,EPSS-only,0.00461,5126
CVE-2021-45787,EPSS-only,0.00459,5127
CVE-2022-23569,EPSS-only,0.00458,5128
CVE-2020-13674,EPSS-only,0.00456,5129
CVE-2022-26146,EPSS-only,0.00455,5130
CVE-2022-0301,EPSS-only,0.00454,5131
CVE-2022-25150,EPSS-only,0.00453,5132
CVE-2022-22054,EPSS-only,0.00452,5133
CVE-2022-25146,EPSS-only,0.00452,5134
CVE-2021-25108,EPSS-only,0.00451,5135
CVE-2021-45917,EPSS-only,0.00451,5136
CVE-2022-22804,EPSS-only,0.00451,5137
CVE-2022-23136,EPSS-only,0.00451,5138
CVE-2022-24339,EPSS-only,0.0045,5139
CVE-2022-27963,EPSS-only,0.0045,5140
CVE-2022-23105,EPSS-only,0.00449,5141
CVE-2022-23994,EPSS-only,0.00449,5142
CVE-2021-4035,EPSS-only,0.00447,5143
CVE-2021-42714,EPSS-only,0.00447,5144
CVE-2022-0002,EPSS-only,0.00447,5145
CVE-2022-0475,EPSS-only,0.00447,5146
CVE-2022-21173,EPSS-only,0.00447,5147
CVE-2022-25915,EPSS-only,0.00447,5148
CVE-2022-26483,EPSS-only,0.00447,5149
CVE-2019-4291,EPSS-only,0.00446,5150
CVE-2020-25182,EPSS-only,0.00446,5151
CVE-2021-38895,EPSS-only,0.00445,5152
CVE-2021-39298,EPSS-only,0.00445,5153
CVE-2022-23052,EPSS-only,0.00445,5154
CVE-2021-43589,EPSS-only,0.00444,5155
CVE-2022-25620,EPSS-only,0.00444,5156
CVE-2021-24825,EPSS-only,0.00442,5157
CVE-2022-25464,EPSS-only,0.00442,5158
CVE-2021-39297,EPSS-only,0.00441,5159
CVE-2021-39301,EPSS-only,0.00441,5160
CVE-2021-4046,EPSS-only,0.00441,5161
CVE-2021-46026,EPSS-only,0.00441,5162
CVE-2021-46083,EPSS-only,0.00441,5163
CVE-2021-46084,EPSS-only,0.00441,5164
CVE-2022-1074,EPSS-only,0.00441,5165
CVE-2022-24525,EPSS-only,0.00441,5166
CVE-2021-23566,EPSS-only,0.0044,5167
CVE-2022-26778,EPSS-only,0.0044,5168
CVE-2021-4030,EPSS-only,0.00439,5169
CVE-2022-0245,EPSS-only,0.00439,5170
CVE-2021-44299,EPSS-only,0.00438,5171
CVE-2022-0123,EPSS-only,0.00438,5172
CVE-2022-23995,EPSS-only,0.00438,5173
CVE-2022-23996,EPSS-only,0.00438,5174
CVE-2022-23997,EPSS-only,0.00438,5175
CVE-2020-25184,EPSS-only,0.00437,5176
CVE-2021-36151,EPSS-only,0.00437,5177
CVE-2021-4120,EPSS-only,0.00437,5178
CVE-2022-23925,EPSS-only,0.00437,5179
CVE-2022-23926,EPSS-only,0.00437,5180
CVE-2022-23927,EPSS-only,0.00437,5181
CVE-2022-23928,EPSS-only,0.00437,5182
CVE-2022-23929,EPSS-only,0.00437,5183
CVE-2022-23931,EPSS-only,0.00437,5184
CVE-2022-23932,EPSS-only,0.00437,5185
CVE-2022-23933,EPSS-only,0.00437,5186
CVE-2022-23934,EPSS-only,0.00437,5187
CVE-2022-24346,EPSS-only,0.00437,5188
CVE-2021-20868,EPSS-only,0.00436,5189
CVE-2021-44421,EPSS-only,0.00436,5190
CVE-2021-46559,EPSS-only,0.00436,5191
CVE-2022-26555,EPSS-only,0.00436,5192
CVE-2022-0616,EPSS-only,0.00435,5193
CVE-2022-0226,EPSS-only,0.00434,5194
CVE-2021-24688,EPSS-only,0.00433,5195
CVE-2022-25574,EPSS-only,0.00432,5196
CVE-2022-26490,EPSS-only,0.00432,5197
CVE-2022-26659,EPSS-only,0.00432,5198
CVE-2021-3609,EPSS-only,0.00431,5199
CVE-2021-41848,EPSS-only,0.00431,5200
CVE-2021-44458,EPSS-only,0.00431,5201
CVE-2021-44968,EPSS-only,0.00431,5202
CVE-2021-45926,EPSS-only,0.00431,5203
CVE-2021-45927,EPSS-only,0.00431,5204
CVE-2022-25818,EPSS-only,0.00431,5205
CVE-2021-25013,EPSS-only,0.00429,5206
CVE-2021-34867,EPSS-only,0.00429,5207
CVE-2021-3638,EPSS-only,0.00429,5208
CVE-2021-44312,EPSS-only,0.00429,5209
CVE-2022-0345,EPSS-only,0.00429,5210
CVE-2022-0515,EPSS-only,0.00429,5211
CVE-2022-24930,EPSS-only,0.00429,5212
CVE-2021-43943,EPSS-only,0.00428,5213
CVE-2021-45449,EPSS-only,0.00428,5214
CVE-2022-24959,EPSS-only,0.00428,5215
CVE-2022-0144,EPSS-only,0.00427,5216
CVE-2022-0563,EPSS-only,0.00427,5217
CVE-2022-0758,EPSS-only,0.00427,5218
CVE-2021-24968,EPSS-only,0.00426,5219
CVE-2021-25011,EPSS-only,0.00426,5220
CVE-2021-44899,EPSS-only,0.00425,5221
CVE-2022-0487,EPSS-only,0.00424,5222
CVE-2021-34868,EPSS-only,0.00423,5223
CVE-2021-39299,EPSS-only,0.00423,5224
CVE-2021-39300,EPSS-only,0.00423,5225
CVE-2021-46667,EPSS-only,0.00421,5226
CVE-2022-1052,EPSS-only,0.00421,5227
CVE-2022-23983,EPSS-only,0.00421,5228
CVE-2021-43619,EPSS-only,0.0042,5229
CVE-2022-24671,EPSS-only,0.0042,5230
CVE-2021-4093,EPSS-only,0.00419,5231
CVE-2021-34869,EPSS-only,0.00418,5232
CVE-2021-44647,EPSS-only,0.00418,5233
CVE-2022-25268,EPSS-only,0.00417,5234
CVE-2021-45402,EPSS-only,0.00416,5235
CVE-2021-46027,EPSS-only,0.00416,5236
CVE-2022-0494,EPSS-only,0.00416,5237
CVE-2022-21263,EPSS-only,0.00416,5238
CVE-2021-43952,EPSS-only,0.00415,5239
CVE-2021-0162,EPSS-only,0.00414,5240
CVE-2021-0163,EPSS-only,0.00414,5241
CVE-2021-34600,EPSS-only,0.00414,5242
CVE-2003-5002,EPSS-only,0.00413,5243
CVE-2020-9057,EPSS-only,0.00413,5244
CVE-2022-24958,EPSS-only,0.00413,5245
CVE-2022-27090,EPSS-only,0.00412,5246
CVE-2021-37613,EPSS-only,0.00411,5247
CVE-2021-43737,EPSS-only,0.00411,5248
CVE-2022-22648,EPSS-only,0.0041,5249
CVE-2021-46368,EPSS-only,0.00409,5250
CVE-2022-21819,EPSS-only,0.00409,5251
CVE-2022-23425,EPSS-only,0.00409,5252
CVE-2022-24732,EPSS-only,0.00409,5253
CVE-2022-22811,EPSS-only,0.00406,5254
CVE-2022-25599,EPSS-only,0.00405,5255
CVE-2021-44049,EPSS-only,0.00404,5256
CVE-2022-23032,EPSS-only,0.00404,5257
CVE-2022-23645,EPSS-only,0.00404,5258
CVE-2021-27971,EPSS-only,0.00403,5259
CVE-2021-46661,EPSS-only,0.00403,5260
CVE-2021-46663,EPSS-only,0.00403,5261
CVE-2021-40337,EPSS-only,0.00402,5262
CVE-2022-25576,EPSS-only,0.00401,5263
CVE-2021-23227,EPSS-only,0.004,5264
CVE-2021-40376,EPSS-only,0.004,5265
CVE-2021-4149,EPSS-only,0.004,5266
CVE-2021-44024,EPSS-only,0.004,5267
CVE-2021-45442,EPSS-only,0.004,5268
CVE-2021-46664,EPSS-only,0.004,5269
CVE-2021-46665,EPSS-only,0.004,5270
CVE-2021-46668,EPSS-only,0.004,5271
CVE-2021-39701,EPSS-only,0.00398,5272
CVE-2022-24448,EPSS-only,0.00397,5273
CVE-2021-41850,EPSS-only,0.00395,5274
CVE-2021-45928,EPSS-only,0.00394,5275
CVE-2021-4032,EPSS-only,0.00393,5276
CVE-2021-44777,EPSS-only,0.00393,5277
CVE-2021-46702,EPSS-only,0.00393,5278
CVE-2021-39677,EPSS-only,0.00392,5279
CVE-2021-39716,EPSS-only,0.00392,5280
CVE-2022-22265,EPSS-only,0.00392,5281
CVE-2022-26296,EPSS-only,0.00392,5282
CVE-2022-22168,EPSS-only,0.00391,5283
CVE-2022-24318,EPSS-only,0.00391,5284
CVE-2022-26354,EPSS-only,0.00391,5285
CVE-2021-3620,EPSS-only,0.0039,5286
CVE-2021-40043,EPSS-only,0.0039,5287
CVE-2021-4145,EPSS-only,0.0039,5288
CVE-2021-46657,EPSS-only,0.0039,5289
CVE-2022-22551,EPSS-only,0.00388,5290
CVE-2022-26269,EPSS-only,0.00388,5291
CVE-2021-4095,EPSS-only,0.00387,5292
CVE-2021-46658,EPSS-only,0.00387,5293
CVE-2021-46662,EPSS-only,0.00387,5294
CVE-2021-46666,EPSS-only,0.00387,5295
CVE-2021-3582,EPSS-only,0.00386,5296
CVE-2022-23283,EPSS-only,0.00386,5297
CVE-2022-24345,EPSS-only,0.00386,5298
CVE-2022-28128,EPSS-only,0.00386,5299
CVE-2022-0382,EPSS-only,0.00385,5300
CVE-2022-25242,EPSS-only,0.00385,5301
CVE-2021-39044,EPSS-only,0.00384,5302
CVE-2021-40000,EPSS-only,0.00384,5303
CVE-2021-40002,EPSS-only,0.00384,5304
CVE-2022-22346,EPSS-only,0.00384,5305
CVE-2022-23410,EPSS-only,0.00383,5306
CVE-2022-27195,EPSS-only,0.00383,5307
CVE-2021-25097,EPSS-only,0.00382,5308
CVE-2022-22791,EPSS-only,0.00382,5309
CVE-2022-27950,EPSS-only,0.00381,5310
CVE-2021-39787,EPSS-only,0.0038,5311
CVE-2022-1050,EPSS-only,0.0038,5312
CVE-2021-0177,EPSS-only,0.00379,5313
CVE-2021-0178,EPSS-only,0.00379,5314
CVE-2021-0179,EPSS-only,0.00379,5315
CVE-2022-0330,EPSS-only,0.00379,5316
CVE-2022-22618,EPSS-only,0.00379,5317
CVE-2019-25058,EPSS-only,0.00378,5318
CVE-2021-37209,EPSS-only,0.00378,5319
CVE-2022-25348,EPSS-only,0.00378,5320
CVE-2021-43566,EPSS-only,0.00376,5321
CVE-2022-22179,EPSS-only,0.00372,5322
CVE-2021-20257,EPSS-only,0.0037,5323
CVE-2021-22783,EPSS-only,0.0037,5324
CVE-2021-3640,EPSS-only,0.0037,5325
CVE-2022-0998,EPSS-only,0.0037,5326
CVE-2021-34998,EPSS-only,0.00369,5327
CVE-2022-21295,EPSS-only,0.00369,5328
CVE-2022-22155,EPSS-only,0.00369,5329
CVE-2022-22166,EPSS-only,0.00369,5330
CVE-2022-22172,EPSS-only,0.00369,5331
CVE-2022-22163,EPSS-only,0.00368,5332
CVE-2022-22176,EPSS-only,0.00368,5333
CVE-2022-25213,EPSS-only,0.00368,5334
CVE-2021-46701,EPSS-only,0.00366,5335
CVE-2021-40388,EPSS-only,0.00365,5336
CVE-2021-40389,EPSS-only,0.00365,5337
CVE-2021-40396,EPSS-only,0.00365,5338
CVE-2021-44216,EPSS-only,0.00365,5339
CVE-2022-22938,EPSS-only,0.00365,5340
CVE-2022-23036,EPSS-only,0.00365,5341
CVE-2022-23038,EPSS-only,0.00365,5342
CVE-2022-23039,EPSS-only,0.00365,5343
CVE-2022-23040,EPSS-only,0.00365,5344
CVE-2022-23041,EPSS-only,0.00365,5345
CVE-2021-3753,EPSS-only,0.00364,5346
CVE-2021-3608,EPSS-only,0.00363,5347
CVE-2022-0638,EPSS-only,0.00363,5348
CVE-2022-22160,EPSS-only,0.00362,5349
CVE-2021-37198,EPSS-only,0.00361,5350
CVE-2020-7534,EPSS-only,0.00358,5351
CVE-2021-36338,EPSS-only,0.00358,5352
CVE-2021-4202,EPSS-only,0.00357,5353
CVE-2022-24505,EPSS-only,0.00357,5354
CVE-2021-46028,EPSS-only,0.00355,5355
CVE-2022-0500,EPSS-only,0.00355,5356
CVE-2021-3760,EPSS-only,0.00354,5357
CVE-2021-44215,EPSS-only,0.00354,5358
CVE-2022-22945,EPSS-only,0.00354,5359
CVE-2021-3715,EPSS-only,0.00353,5360
CVE-2021-42060,EPSS-only,0.00353,5361
CVE-2022-21799,EPSS-only,0.00353,5362
CVE-2022-23035,EPSS-only,0.00352,5363
CVE-2021-33150,EPSS-only,0.00351,5364
CVE-2021-43323,EPSS-only,0.00351,5365
CVE-2021-44730,EPSS-only,0.00351,5366
CVE-2022-20660,EPSS-only,0.00351,5367
CVE-2022-27050,EPSS-only,0.0035,5368
CVE-2022-0164,EPSS-only,0.00349,5369
CVE-2022-21823,EPSS-only,0.00349,5370
CVE-2022-23037,EPSS-only,0.00348,5371
CVE-2021-25025,EPSS-only,0.00347,5372
CVE-2022-22596,EPSS-only,0.00347,5373
CVE-2021-42059,EPSS-only,0.00346,5374
CVE-2022-26966,EPSS-only,0.00346,5375
CVE-2021-24730,EPSS-only,0.00344,5376
CVE-2021-39143,EPSS-only,0.00344,5377
CVE-2022-26526,EPSS-only,0.00343,5378
CVE-2020-10635,EPSS-only,0.00342,5379
CVE-2022-0184,EPSS-only,0.00342,5380
CVE-2022-0646,EPSS-only,0.00342,5381
CVE-2022-24927,EPSS-only,0.00341,5382
CVE-2022-23033,EPSS-only,0.0034,5383
CVE-2021-4090,EPSS-only,0.00339,5384
CVE-2021-3930,EPSS-only,0.00338,5385
CVE-2022-0280,EPSS-only,0.00337,5386
CVE-2020-14478,EPSS-only,0.00336,5387
CVE-2021-4150,EPSS-only,0.00336,5388
CVE-2022-23034,EPSS-only,0.00336,5389
CVE-2022-0516,EPSS-only,0.00335,5390
CVE-2021-0091,EPSS-only,0.00334,5391
CVE-2021-3732,EPSS-only,0.00334,5392
CVE-2021-39702,EPSS-only,0.00334,5393
CVE-2022-24753,EPSS-only,0.00334,5394
CVE-2021-28711,EPSS-only,0.00332,5395
CVE-2021-28712,EPSS-only,0.00332,5396
CVE-2021-28713,EPSS-only,0.00332,5397
CVE-2021-28715,EPSS-only,0.00332,5398
CVE-2022-27052,EPSS-only,0.00332,5399
CVE-2021-0115,EPSS-only,0.00331,5400
CVE-2022-25255,EPSS-only,0.00331,5401
CVE-2021-43940,EPSS-only,0.0033,5402
CVE-2021-24446,EPSS-only,0.00329,5403
CVE-2021-39764,EPSS-only,0.00329,5404
CVE-2021-39771,EPSS-only,0.00329,5405
CVE-2022-25217,EPSS-only,0.00329,5406
CVE-2021-33627,EPSS-only,0.00328,5407
CVE-2021-3602,EPSS-only,0.00327,5408
CVE-2021-42554,EPSS-only,0.00327,5409
CVE-2021-45970,EPSS-only,0.00326,5410
CVE-2022-25619,EPSS-only,0.00326,5411
CVE-2021-0145,EPSS-only,0.00325,5412
CVE-2021-28714,EPSS-only,0.00325,5413
CVE-2021-40044,EPSS-only,0.00325,5414
CVE-2022-26878,EPSS-only,0.00325,5415
CVE-2020-8107,EPSS-only,0.00324,5416
CVE-2020-14111,EPSS-only,0.00323,5417
CVE-2021-0060,EPSS-only,0.00323,5418
CVE-2022-22631,EPSS-only,0.00322,5419
CVE-2021-0066,EPSS-only,0.00321,5420
CVE-2021-26341,EPSS-only,0.00321,5421
CVE-2021-3623,EPSS-only,0.00321,5422
CVE-2022-21818,EPSS-only,0.00321,5423
CVE-2021-1036,EPSS-only,0.0032,5424
CVE-2021-0124,EPSS-only,0.00319,5425
CVE-2021-39780,EPSS-only,0.00319,5426
CVE-2021-3981,EPSS-only,0.00319,5427
CVE-2022-20621,EPSS-only,0.00319,5428
CVE-2021-3947,EPSS-only,0.00317,5429
CVE-2021-39742,EPSS-only,0.00317,5430
CVE-2021-1037,EPSS-only,0.00316,5431
CVE-2021-39790,EPSS-only,0.00316,5432
CVE-2021-46283,EPSS-only,0.00316,5433
CVE-2022-21267,EPSS-only,0.00316,5434
CVE-2022-21268,EPSS-only,0.00316,5435
CVE-2022-22528,EPSS-only,0.00316,5436
CVE-2021-33625,EPSS-only,0.00315,5437
CVE-2021-42810,EPSS-only,0.00315,5438
CVE-2021-44321,EPSS-only,0.00315,5439
CVE-2021-20180,EPSS-only,0.00314,5440
CVE-2021-3700,EPSS-only,0.00314,5441
CVE-2022-22652,EPSS-only,0.00314,5442
CVE-2020-12966,EPSS-only,0.00313,5443
CVE-2021-33846,EPSS-only,0.00313,5444
CVE-2022-22996,EPSS-only,0.00312,5445
CVE-2021-0168,EPSS-only,0.00311,5446
CVE-2021-45083,EPSS-only,0.00311,5447
CVE-2021-4083,EPSS-only,0.0031,5448
CVE-2021-41181,EPSS-only,0.00309,5449
CVE-2021-4148,EPSS-only,0.00309,5450
CVE-2022-22669,EPSS-only,0.00309,5451
CVE-2022-22617,EPSS-only,0.00308,5452
CVE-2021-0072,EPSS-only,0.00307,5453
CVE-2022-23114,EPSS-only,0.00307,5454
CVE-2022-23605,EPSS-only,0.00307,5455
CVE-2022-25012,EPSS-only,0.00306,5456
CVE-2021-41835,EPSS-only,0.00305,5457
CVE-2022-21388,EPSS-only,0.00305,5458
CVE-2022-25608,EPSS-only,0.00305,5459
CVE-2022-21704,EPSS-only,0.00304,5460
CVE-2022-24030,EPSS-only,0.00304,5461
CVE-2021-3941,EPSS-only,0.00303,5462
CVE-2021-41838,EPSS-only,0.00303,5463
CVE-2021-41840,EPSS-only,0.00303,5464
CVE-2021-41841,EPSS-only,0.00303,5465
CVE-2022-0672,EPSS-only,0.00303,5466
CVE-2022-22622,EPSS-only,0.00303,5467
CVE-2017-20012,EPSS-only,0.00302,5468
CVE-2021-0164,EPSS-only,0.00302,5469
CVE-2021-34403,EPSS-only,0.00302,5470
CVE-2021-42712,EPSS-only,0.00302,5471
CVE-2021-42713,EPSS-only,0.00302,5472
CVE-2021-44903,EPSS-only,0.00302,5473
CVE-2021-45916,EPSS-only,0.00302,5474
CVE-2022-22621,EPSS-only,0.00302,5475
CVE-2021-0099,EPSS-only,0.00301,5476
CVE-2021-0116,EPSS-only,0.00301,5477
CVE-2021-0117,EPSS-only,0.00301,5478
CVE-2021-0125,EPSS-only,0.00301,5479
CVE-2021-0156,EPSS-only,0.00301,5480
CVE-2021-3428,EPSS-only,0.00301,5481
CVE-2021-36177,EPSS-only,0.00301,5482
CVE-2022-24069,EPSS-only,0.00301,5483
CVE-2020-9058,EPSS-only,0.003,5484
CVE-2021-20872,EPSS-only,0.003,5485
CVE-2021-34401,EPSS-only,0.003,5486
CVE-2022-22821,EPSS-only,0.003,5487
CVE-2021-0103,EPSS-only,0.00299,5488
CVE-2021-0107,EPSS-only,0.00299,5489
CVE-2021-0111,EPSS-only,0.00299,5490
CVE-2021-0118,EPSS-only,0.00299,5491
CVE-2021-0119,EPSS-only,0.00299,5492
CVE-2021-0127,EPSS-only,0.00299,5493
CVE-2021-3607,EPSS-only,0.00299,5494
CVE-2022-0322,EPSS-only,0.00299,5495
CVE-2022-25368,EPSS-only,0.00299,5496
CVE-2021-20870,EPSS-only,0.00298,5497
CVE-2022-22647,EPSS-only,0.00298,5498
CVE-2021-0161,EPSS-only,0.00297,5499
CVE-2021-42113,EPSS-only,0.00297,5500
CVE-2021-22042,EPSS-only,0.00296,5501
CVE-2021-45912,EPSS-only,0.00296,5502
CVE-2022-27049,EPSS-only,0.00295,5503
CVE-2021-22566,EPSS-only,0.00294,5504
CVE-2021-0166,EPSS-only,0.00293,5505
CVE-2021-26401,EPSS-only,0.00293,5506
CVE-2021-43615,EPSS-only,0.00292,5507
CVE-2022-0433,EPSS-only,0.00292,5508
CVE-2022-24415,EPSS-only,0.00292,5509
CVE-2022-24416,EPSS-only,0.00292,5510
CVE-2022-24419,EPSS-only,0.00292,5511
CVE-2022-24420,EPSS-only,0.00292,5512
CVE-2022-24421,EPSS-only,0.00292,5513
CVE-2017-20013,EPSS-only,0.00291,5514
CVE-2022-22599,EPSS-only,0.00291,5515
CVE-2022-22598,EPSS-only,0.0029,5516
CVE-2021-0170,EPSS-only,0.00289,5517
CVE-2022-21944,EPSS-only,0.00287,5518
CVE-2021-34402,EPSS-only,0.00286,5519
CVE-2021-38990,EPSS-only,0.00286,5520
CVE-2022-22301,EPSS-only,0.00286,5521
CVE-2020-5953,EPSS-only,0.00284,5522
CVE-2022-26319,EPSS-only,0.00284,5523
CVE-2021-33061,EPSS-only,0.00283,5524
CVE-2022-21298,EPSS-only,0.00283,5525
CVE-2022-22671,EPSS-only,0.00283,5526
CVE-2021-41837,EPSS-only,0.00281,5527
CVE-2022-24031,EPSS-only,0.00281,5528
CVE-2022-25623,EPSS-only,0.00281,5529
CVE-2021-32039,EPSS-only,0.0028,5530
CVE-2021-43745,EPSS-only,0.0028,5531
CVE-2022-0129,EPSS-only,0.0028,5532
CVE-2021-45969,EPSS-only,0.00279,5533
CVE-2021-45971,EPSS-only,0.00279,5534
CVE-2020-10636,EPSS-only,0.00278,5535
CVE-2022-22908,EPSS-only,0.00278,5536
CVE-2021-33096,EPSS-only,0.00277,5537
CVE-2022-0017,EPSS-only,0.00276,5538
CVE-2022-22285,EPSS-only,0.00276,5539
CVE-2022-22286,EPSS-only,0.00276,5540
CVE-2022-23456,EPSS-only,0.00276,5541
CVE-2022-24750,EPSS-only,0.00276,5542
CVE-2021-40059,EPSS-only,0.00275,5543
CVE-2021-41839,EPSS-only,0.00275,5544
CVE-2020-14480,EPSS-only,0.00273,5545
CVE-2021-38991,EPSS-only,0.00271,5546
CVE-2022-25294,EPSS-only,0.00271,5547
CVE-2022-21933,EPSS-only,0.00269,5548
CVE-2022-20021,EPSS-only,0.00267,5549
CVE-2022-20022,EPSS-only,0.00267,5550
CVE-2022-20023,EPSS-only,0.00267,5551
CVE-2021-0176,EPSS-only,0.00266,5552
CVE-2018-25030,EPSS-only,0.00265,5553
CVE-2021-45441,EPSS-only,0.00265,5554
CVE-2021-0076,EPSS-only,0.00264,5555
CVE-2021-43522,EPSS-only,0.00264,5556
CVE-2021-44463,EPSS-only,0.00263,5557
CVE-2021-44828,EPSS-only,0.00263,5558
CVE-2017-20015,EPSS-only,0.00262,5559
CVE-2022-21375,EPSS-only,0.00262,5560
CVE-2017-20014,EPSS-only,0.00261,5561
CVE-2021-20320,EPSS-only,0.0026,5562
CVE-2021-3155,EPSS-only,0.0026,5563
CVE-2022-21946,EPSS-only,0.0026,5564
CVE-2020-13673,EPSS-only,0.00259,5565
CVE-2021-44900,EPSS-only,0.00258,5566
CVE-2022-22656,EPSS-only,0.00258,5567
CVE-2022-22262,EPSS-only,0.00257,5568
CVE-2022-22566,EPSS-only,0.00257,5569
CVE-2021-44454,EPSS-only,0.00256,5570
CVE-2022-21174,EPSS-only,0.00256,5571
CVE-2022-23953,EPSS-only,0.00256,5572
CVE-2022-23954,EPSS-only,0.00256,5573
CVE-2022-23955,EPSS-only,0.00256,5574
CVE-2022-23956,EPSS-only,0.00256,5575
CVE-2022-23957,EPSS-only,0.00256,5576
CVE-2022-23958,EPSS-only,0.00256,5577
CVE-2022-0264,EPSS-only,0.00255,5578
CVE-2020-12891,EPSS-only,0.00254,5579
CVE-2022-21153,EPSS-only,0.00254,5580
CVE-2022-21157,EPSS-only,0.00254,5581
CVE-2022-21218,EPSS-only,0.00254,5582
CVE-2022-21226,EPSS-only,0.00254,5583
CVE-2022-22650,EPSS-only,0.00254,5584
CVE-2022-23042,EPSS-only,0.00254,5585
CVE-2019-4352,EPSS-only,0.00253,5586
CVE-2021-4106,EPSS-only,0.00253,5587
CVE-2022-24986,EPSS-only,0.00253,5588
CVE-2021-20269,EPSS-only,0.00252,5589
CVE-2021-39032,EPSS-only,0.00252,5590
CVE-2022-23849,EPSS-only,0.00252,5591
CVE-2021-27753,EPSS-only,0.00251,5592
CVE-2021-27755,EPSS-only,0.00251,5593
CVE-2021-31833,EPSS-only,0.00251,5594
CVE-2021-33107,EPSS-only,0.00251,5595
CVE-2021-36342,EPSS-only,0.00251,5596
CVE-2021-41849,EPSS-only,0.00251,5597
CVE-2022-24925,EPSS-only,0.00251,5598
CVE-2022-25031,EPSS-only,0.00251,5599
CVE-2022-0014,EPSS-only,0.0025,5600
CVE-2022-24618,EPSS-only,0.0025,5601
CVE-2021-27430,EPSS-only,0.00249,5602
CVE-2022-24696,EPSS-only,0.00249,5603
CVE-2021-0092,EPSS-only,0.00248,5604
CVE-2021-35093,EPSS-only,0.00248,5605
CVE-2021-43050,EPSS-only,0.00248,5606
CVE-2020-14110,EPSS-only,0.00247,5607
CVE-2021-39698,EPSS-only,0.00247,5608
CVE-2021-41808,EPSS-only,0.00246,5609
CVE-2022-22154,EPSS-only,0.00245,5610
CVE-2019-4351,EPSS-only,0.00244,5611
CVE-2022-0012,EPSS-only,0.00243,5612
CVE-2022-22162,EPSS-only,0.00243,5613
CVE-2022-22287,EPSS-only,0.00243,5614
CVE-2021-36289,EPSS-only,0.00242,5615
CVE-2021-4147,EPSS-only,0.00242,5616
CVE-2020-35501,EPSS-only,0.00241,5617
CVE-2021-23152,EPSS-only,0.00241,5618
CVE-2021-23843,EPSS-only,0.00241,5619
CVE-2021-33101,EPSS-only,0.00241,5620
CVE-2021-33137,EPSS-only,0.00241,5621
CVE-2021-36343,EPSS-only,0.00241,5622
CVE-2021-44234,EPSS-only,0.00241,5623
CVE-2021-0167,EPSS-only,0.0024,5624
CVE-2021-0169,EPSS-only,0.0024,5625
CVE-2021-0171,EPSS-only,0.0024,5626
CVE-2021-27456,EPSS-only,0.0024,5627
CVE-2021-33105,EPSS-only,0.0024,5628
CVE-2021-33119,EPSS-only,0.0024,5629
CVE-2021-33147,EPSS-only,0.0024,5630
CVE-2021-46705,EPSS-only,0.0024,5631
CVE-2021-44205,EPSS-only,0.00239,5632
CVE-2021-44206,EPSS-only,0.00239,5633
CVE-2021-36339,EPSS-only,0.00238,5634
CVE-2021-4023,EPSS-only,0.00238,5635
CVE-2022-21220,EPSS-only,0.00238,5636
CVE-2022-21945,EPSS-only,0.00238,5637
CVE-2021-22799,EPSS-only,0.00237,5638
CVE-2021-29218,EPSS-only,0.00237,5639
CVE-2022-23434,EPSS-only,0.00237,5640
CVE-2022-22703,EPSS-only,0.00236,5641
CVE-2021-0093,EPSS-only,0.00235,5642
CVE-2022-25824,EPSS-only,0.00234,5643
CVE-2021-38994,EPSS-only,0.00233,5644
CVE-2021-38995,EPSS-only,0.00233,5645
CVE-2022-21813,EPSS-only,0.00232,5646
CVE-2022-21814,EPSS-only,0.00232,5647
CVE-2022-22765,EPSS-only,0.00231,5648
CVE-2021-29219,EPSS-only,0.0023,5649
CVE-2021-36809,EPSS-only,0.0023,5650
CVE-2020-4925,EPSS-only,0.00229,5651
CVE-2021-39714,EPSS-only,0.00229,5652
CVE-2022-0015,EPSS-only,0.00229,5653
CVE-2021-41388,EPSS-only,0.00228,5654
CVE-2022-22766,EPSS-only,0.00228,5655
CVE-2017-20011,EPSS-only,0.00227,5656
CVE-2021-34405,EPSS-only,0.00227,5657
CVE-2022-21133,EPSS-only,0.00227,5658
CVE-2022-21156,EPSS-only,0.00227,5659
CVE-2021-30348,EPSS-only,0.00226,5660
CVE-2022-20630,EPSS-only,0.00226,5661
CVE-2022-23727,EPSS-only,0.00226,5662
CVE-2022-24285,EPSS-only,0.00225,5663
CVE-2022-24286,EPSS-only,0.00225,5664
CVE-2022-0021,EPSS-only,0.00224,5665
CVE-2022-22284,EPSS-only,0.00224,5666
CVE-2022-25825,EPSS-only,0.00224,5667
CVE-2021-20290,EPSS-only,0.00223,5668
CVE-2021-42855,EPSS-only,0.00223,5669
CVE-2022-21203,EPSS-only,0.00223,5670
CVE-2022-21204,EPSS-only,0.00223,5671
CVE-2022-21825,EPSS-only,0.00223,5672
CVE-2021-38988,EPSS-only,0.0022,5673
CVE-2021-38989,EPSS-only,0.0022,5674
CVE-2021-4016,EPSS-only,0.0022,5675
CVE-2022-0013,EPSS-only,0.0022,5676
CVE-2022-23401,EPSS-only,0.00219,5677
CVE-2021-23207,EPSS-only,0.00218,5678
CVE-2022-22148,EPSS-only,0.00218,5679
CVE-2022-24923,EPSS-only,0.00218,5680
CVE-2021-38993,EPSS-only,0.00217,5681
CVE-2021-38996,EPSS-only,0.00217,5682
CVE-2022-20054,EPSS-only,0.00217,5683
CVE-2022-22350,EPSS-only,0.00217,5684
CVE-2022-23651,EPSS-only,0.00217,5685
CVE-2022-26839,EPSS-only,0.00217,5686
CVE-2021-20321,EPSS-only,0.00216,5687
CVE-2021-33166,EPSS-only,0.00215,5688
CVE-2021-38955,EPSS-only,0.00215,5689
CVE-2021-45819,EPSS-only,0.00214,5690
CVE-2021-38129,EPSS-only,0.00213,5691
CVE-2022-22303,EPSS-only,0.00213,5692
CVE-2021-34404,EPSS-only,0.00212,5693
CVE-2022-21815,EPSS-only,0.00212,5694
CVE-2021-42833,EPSS-only,0.00211,5695
CVE-2022-23104,EPSS-only,0.00211,5696
CVE-2022-23922,EPSS-only,0.00211,5697
CVE-2021-33129,EPSS-only,0.0021,5698
CVE-2021-39713,EPSS-only,0.0021,5699
CVE-2022-0859,EPSS-only,0.0021,5700
CVE-2022-23653,EPSS-only,0.0021,5701
CVE-2022-24408,EPSS-only,0.0021,5702
CVE-2022-23242,EPSS-only,0.00209,5703
CVE-2022-23921,EPSS-only,0.00209,5704
CVE-2022-24113,EPSS-only,0.00209,5705
CVE-2021-36781,EPSS-only,0.00207,5706
CVE-2022-0016,EPSS-only,0.00207,5707
CVE-2022-25823,EPSS-only,0.00207,5708
CVE-2022-25826,EPSS-only,0.00207,5709
CVE-2022-25827,EPSS-only,0.00207,5710
CVE-2022-25828,EPSS-only,0.00207,5711
CVE-2022-25829,EPSS-only,0.00207,5712
CVE-2022-25830,EPSS-only,0.00207,5713
CVE-2022-22141,EPSS-only,0.00206,5714
CVE-2021-39749,EPSS-only,0.00205,5715
CVE-2021-39772,EPSS-only,0.00205,5716
CVE-2015-10002,EPSS-only,0.00204,5717
CVE-2021-22571,EPSS-only,0.00204,5718
CVE-2021-31814,EPSS-only,0.00204,5719
CVE-2022-22283,EPSS-only,0.00204,5720
CVE-2022-0131,EPSS-only,0.00203,5721
CVE-2021-3456,EPSS-only,0.00202,5722
CVE-2022-22270,EPSS-only,0.00202,5723
CVE-2022-25328,EPSS-only,0.00202,5724
CVE-2021-39704,EPSS-only,0.00201,5725
CVE-2021-22817,EPSS-only,0.002,5726
CVE-2022-22554,EPSS-only,0.002,5727
CVE-2021-44204,EPSS-only,0.00197,5728
CVE-2022-0483,EPSS-only,0.00197,5729
CVE-2021-20315,EPSS-only,0.00196,5730
CVE-2021-35077,EPSS-only,0.00196,5731
CVE-2022-22348,EPSS-only,0.00196,5732
CVE-2022-0652,EPSS-only,0.00193,5733
CVE-2022-21816,EPSS-only,0.0019,5734
CVE-2021-35074,EPSS-only,0.00188,5735
CVE-2021-35075,EPSS-only,0.00188,5736
CVE-2021-26264,EPSS-only,0.00187,5737
CVE-2021-34406,EPSS-only,0.00186,5738
CVE-2021-3551,EPSS-only,0.00186,5739
CVE-2021-4001,EPSS-only,0.00186,5740
CVE-2021-44850,EPSS-only,0.00186,5741
CVE-2022-23129,EPSS-only,0.00186,5742
CVE-2021-31821,EPSS-only,0.00185,5743
CVE-2021-35069,EPSS-only,0.00181,5744
CVE-2021-39633,EPSS-only,0.0018,5745
CVE-2021-37115,EPSS-only,0.00179,5746
CVE-2021-39986,EPSS-only,0.00179,5747
CVE-2021-39991,EPSS-only,0.00179,5748
CVE-2021-32025,EPSS-only,0.00176,5749
CVE-2021-37109,EPSS-only,0.00174,5750
CVE-2022-26355,EPSS-only,0.00173,5751
CVE-2020-11263,EPSS-only,0.00172,5752
CVE-2021-40033,EPSS-only,0.00169,5753
CVE-2022-23234,EPSS-only,0.00169,5754
CVE-2021-37107,EPSS-only,0.00168,5755
CVE-2021-40041,EPSS-only,0.00168,5756
CVE-2022-0019,EPSS-only,0.00168,5757
CVE-2021-40037,EPSS-only,0.00167,5758
CVE-2021-0147,EPSS-only,0.00166,5759
CVE-2021-22478,EPSS-only,0.00166,5760
CVE-2021-43392,EPSS-only,0.00164,5761
CVE-2020-14481,EPSS-only,0.00163,5762
CVE-2022-22321,EPSS-only,0.00163,5763
CVE-2022-23649,EPSS-only,0.00163,5764
CVE-2021-39626,EPSS-only,0.00162,5765
CVE-2021-39992,EPSS-only,0.00162,5766
CVE-2021-40363,EPSS-only,0.0016,5767
CVE-2022-24115,EPSS-only,0.0016,5768
CVE-2021-22437,EPSS-only,0.00158,5769
CVE-2021-30289,EPSS-only,0.00157,5770
CVE-2021-30303,EPSS-only,0.00157,5771
CVE-2021-30308,EPSS-only,0.00157,5772
CVE-2021-30311,EPSS-only,0.00157,5773
CVE-2021-33658,EPSS-only,0.00157,5774
CVE-2021-39634,EPSS-only,0.00157,5775
CVE-2021-1894,EPSS-only,0.00155,5776
CVE-2021-30319,EPSS-only,0.00155,5777
CVE-2021-30268,EPSS-only,0.00154,5778
CVE-2021-30274,EPSS-only,0.00154,5779
CVE-2021-30275,EPSS-only,0.00154,5780
CVE-2021-30276,EPSS-only,0.00154,5781
CVE-2021-30282,EPSS-only,0.00154,5782
CVE-2021-30322,EPSS-only,0.00154,5783
CVE-2021-30323,EPSS-only,0.00154,5784
CVE-2021-30335,EPSS-only,0.00154,5785
CVE-2021-30336,EPSS-only,0.00154,5786
CVE-2021-30337,EPSS-only,0.00154,5787
CVE-2021-39686,EPSS-only,0.00154,5788
CVE-2022-24114,EPSS-only,0.00154,5789
CVE-2021-39711,EPSS-only,0.00153,5790
CVE-2021-37103,EPSS-only,0.00152,5791
CVE-2021-40045,EPSS-only,0.00152,5792
CVE-2022-23428,EPSS-only,0.00152,5793
CVE-2021-22441,EPSS-only,0.00151,5794
CVE-2021-22479,EPSS-only,0.00151,5795
CVE-2021-30269,EPSS-only,0.00151,5796
CVE-2021-30270,EPSS-only,0.00151,5797
CVE-2021-30271,EPSS-only,0.00151,5798
CVE-2021-30272,EPSS-only,0.00151,5799
CVE-2021-43590,EPSS-only,0.00151,5800
CVE-2022-22789,EPSS-only,0.00151,5801
CVE-2021-39663,EPSS-only,0.0015,5802
CVE-2021-43393,EPSS-only,0.0015,5803
CVE-2021-30267,EPSS-only,0.00148,5804
CVE-2021-39674,EPSS-only,0.00148,5805
CVE-2021-30285,EPSS-only,0.00147,5806
CVE-2021-0959,EPSS-only,0.00146,5807
CVE-2021-30262,EPSS-only,0.00146,5808
CVE-2021-30318,EPSS-only,0.00146,5809
CVE-2022-20025,EPSS-only,0.00146,5810
CVE-2022-20026,EPSS-only,0.00146,5811
CVE-2022-20027,EPSS-only,0.00146,5812
CVE-2022-20028,EPSS-only,0.00146,5813
CVE-2022-20044,EPSS-only,0.00146,5814
CVE-2022-20045,EPSS-only,0.00146,5815
CVE-2021-30278,EPSS-only,0.00145,5816
CVE-2021-30309,EPSS-only,0.00145,5817
CVE-2021-30314,EPSS-only,0.00145,5818
CVE-2021-30324,EPSS-only,0.00145,5819
CVE-2021-30325,EPSS-only,0.00145,5820
CVE-2021-23842,EPSS-only,0.00144,5821
CVE-2021-30298,EPSS-only,0.00144,5822
CVE-2021-40006,EPSS-only,0.00144,5823
CVE-2022-23594,EPSS-only,0.00144,5824
CVE-2021-1918,EPSS-only,0.00142,5825
CVE-2022-20060,EPSS-only,0.0014,5826
CVE-2021-39715,EPSS-only,0.00138,5827
CVE-2022-22567,EPSS-only,0.00138,5828
CVE-2022-20050,EPSS-only,0.00136,5829
CVE-2021-0957,EPSS-only,0.00135,5830
CVE-2021-30279,EPSS-only,0.00135,5831
CVE-2021-39678,EPSS-only,0.00135,5832
CVE-2021-39690,EPSS-only,0.00135,5833
CVE-2022-20056,EPSS-only,0.00135,5834
CVE-2022-20058,EPSS-only,0.00135,5835
CVE-2022-20059,EPSS-only,0.00135,5836
CVE-2021-39695,EPSS-only,0.00134,5837
CVE-2022-20041,EPSS-only,0.00134,5838
CVE-2022-20043,EPSS-only,0.00134,5839
CVE-2022-20055,EPSS-only,0.00134,5840
CVE-2021-22572,EPSS-only,0.00133,5841
CVE-2021-39619,EPSS-only,0.00133,5842
CVE-2021-39672,EPSS-only,0.00133,5843
CVE-2021-39709,EPSS-only,0.00133,5844
CVE-2022-20030,EPSS-only,0.00133,5845
CVE-2021-39668,EPSS-only,0.00132,5846
CVE-2021-39693,EPSS-only,0.00132,5847
CVE-2022-22292,EPSS-only,0.00131,5848
CVE-2022-25326,EPSS-only,0.00131,5849
CVE-2021-39625,EPSS-only,0.0013,5850
CVE-2021-30283,EPSS-only,0.00129,5851
CVE-2022-20040,EPSS-only,0.00129,5852
CVE-2021-39621,EPSS-only,0.00128,5853
CVE-2021-39627,EPSS-only,0.00128,5854
CVE-2021-39664,EPSS-only,0.00128,5855
CVE-2021-39684,EPSS-only,0.00128,5856
CVE-2021-39694,EPSS-only,0.00128,5857
CVE-2021-39697,EPSS-only,0.00128,5858
CVE-2021-40015,EPSS-only,0.00128,5859
CVE-2022-20057,EPSS-only,0.00128,5860
CVE-2022-0022,EPSS-only,0.00127,5861
CVE-2021-39703,EPSS-only,0.00126,5862
CVE-2021-39707,EPSS-only,0.00126,5863
CVE-2021-39765,EPSS-only,0.00126,5864
CVE-2021-39622,EPSS-only,0.00124,5865
CVE-2021-39630,EPSS-only,0.00124,5866
CVE-2021-39676,EPSS-only,0.00123,5867
CVE-2022-20029,EPSS-only,0.00123,5868
CVE-2022-20033,EPSS-only,0.00123,5869
CVE-2022-20035,EPSS-only,0.00123,5870
CVE-2022-20047,EPSS-only,0.00123,5871
CVE-2022-20048,EPSS-only,0.00123,5872
CVE-2021-1035,EPSS-only,0.00122,5873
CVE-2021-39618,EPSS-only,0.00122,5874
CVE-2021-39632,EPSS-only,0.00122,5875
CVE-2021-39682,EPSS-only,0.00122,5876
CVE-2022-20042,EPSS-only,0.00122,5877
CVE-2022-22264,EPSS-only,0.00122,5878
CVE-2022-24931,EPSS-only,0.00122,5879
CVE-2021-39683,EPSS-only,0.00121,5880
CVE-2021-39768,EPSS-only,0.0012,5881
CVE-2022-20053,EPSS-only,0.0012,5882
CVE-2021-39620,EPSS-only,0.00119,5883
CVE-2022-20038,EPSS-only,0.00119,5884
CVE-2022-20039,EPSS-only,0.00119,5885
CVE-2022-24928,EPSS-only,0.00119,5886
CVE-2022-20017,EPSS-only,0.00118,5887
CVE-2022-20031,EPSS-only,0.00118,5888
CVE-2022-20036,EPSS-only,0.00118,5889
CVE-2022-20037,EPSS-only,0.00118,5890
CVE-2021-39628,EPSS-only,0.00117,5891
CVE-2021-39687,EPSS-only,0.00117,5892
CVE-2022-23431,EPSS-only,0.00117,5893
CVE-2022-23432,EPSS-only,0.00117,5894
CVE-2022-20015,EPSS-only,0.00116,5895
CVE-2022-20018,EPSS-only,0.00116,5896
CVE-2022-23999,EPSS-only,0.00116,5897
CVE-2022-24000,EPSS-only,0.00116,5898
CVE-2021-39680,EPSS-only,0.00115,5899
CVE-2021-39681,EPSS-only,0.00115,5900
CVE-2022-20049,EPSS-only,0.00115,5901
CVE-2021-39752,EPSS-only,0.00114,5902
CVE-2021-39781,EPSS-only,0.00114,5903
CVE-2022-20019,EPSS-only,0.00114,5904
CVE-2022-20020,EPSS-only,0.00114,5905
CVE-2021-39662,EPSS-only,0.00113,5906
CVE-2021-39717,EPSS-only,0.00113,5907
CVE-2021-39718,EPSS-only,0.00113,5908
CVE-2021-39719,EPSS-only,0.00113,5909
CVE-2021-39722,EPSS-only,0.00113,5910
CVE-2021-39724,EPSS-only,0.00113,5911
CVE-2021-39729,EPSS-only,0.00113,5912
CVE-2021-39730,EPSS-only,0.00113,5913
CVE-2021-39731,EPSS-only,0.00113,5914
CVE-2021-39732,EPSS-only,0.00113,5915
CVE-2021-39733,EPSS-only,0.00113,5916
CVE-2021-39736,EPSS-only,0.00113,5917
CVE-2021-39741,EPSS-only,0.00113,5918
CVE-2021-39746,EPSS-only,0.00113,5919
CVE-2021-39759,EPSS-only,0.00113,5920
CVE-2021-39763,EPSS-only,0.00113,5921
CVE-2021-39767,EPSS-only,0.00113,5922
CVE-2021-39786,EPSS-only,0.00113,5923
CVE-2022-20014,EPSS-only,0.00113,5924
CVE-2022-20046,EPSS-only,0.00113,5925
CVE-2021-39740,EPSS-only,0.00112,5926
CVE-2021-39757,EPSS-only,0.00112,5927
CVE-2021-39778,EPSS-only,0.00112,5928
CVE-2022-20012,EPSS-only,0.00112,5929
CVE-2022-22268,EPSS-only,0.00112,5930
CVE-2022-23729,EPSS-only,0.00112,5931
CVE-2022-25327,EPSS-only,0.00112,5932
CVE-2021-0524,EPSS-only,0.00111,5933
CVE-2021-39631,EPSS-only,0.00111,5934
CVE-2021-39666,EPSS-only,0.00111,5935
CVE-2021-39688,EPSS-only,0.00111,5936
CVE-2021-39744,EPSS-only,0.00111,5937
CVE-2021-39745,EPSS-only,0.00111,5938
CVE-2021-39754,EPSS-only,0.00111,5939
CVE-2021-39755,EPSS-only,0.00111,5940
CVE-2021-39756,EPSS-only,0.00111,5941
CVE-2021-39760,EPSS-only,0.00111,5942
CVE-2021-39761,EPSS-only,0.00111,5943
CVE-2021-39766,EPSS-only,0.00111,5944
CVE-2021-39773,EPSS-only,0.00111,5945
CVE-2021-39775,EPSS-only,0.00111,5946
CVE-2021-39776,EPSS-only,0.00111,5947
CVE-2021-39777,EPSS-only,0.00111,5948
CVE-2021-39788,EPSS-only,0.00111,5949
CVE-2021-39791,EPSS-only,0.00111,5950
CVE-2022-20024,EPSS-only,0.00111,5951
CVE-2021-39624,EPSS-only,0.0011,5952
CVE-2021-39721,EPSS-only,0.0011,5953
CVE-2021-39725,EPSS-only,0.0011,5954
CVE-2021-39739,EPSS-only,0.0011,5955
CVE-2022-22271,EPSS-only,0.0011,5956
CVE-2022-23563,EPSS-only,0.0011,5957
CVE-2022-25821,EPSS-only,0.0011,5958
CVE-2021-39659,EPSS-only,0.00109,5959
CVE-2022-25816,EPSS-only,0.00109,5960
CVE-2022-25819,EPSS-only,0.00108,5961
CVE-2022-0183,EPSS-only,0.00107,5962
CVE-2022-24932,EPSS-only,0.00107,5963
CVE-2022-25817,EPSS-only,0.00106,5964
CVE-2021-1000,EPSS-only,0.00105,5965
CVE-2021-1033,EPSS-only,0.00105,5966
CVE-2021-39689,EPSS-only,0.00105,5967
CVE-2021-39747,EPSS-only,0.00105,5968
CVE-2021-39774,EPSS-only,0.00105,5969
CVE-2022-20002,EPSS-only,0.00105,5970
CVE-2022-20051,EPSS-only,0.00105,5971
CVE-2022-22291,EPSS-only,0.00105,5972
CVE-2022-23426,EPSS-only,0.00105,5973
CVE-2021-39734,EPSS-only,0.00104,5974
CVE-2021-39743,EPSS-only,0.00104,5975
CVE-2021-39748,EPSS-only,0.00104,5976
CVE-2021-39750,EPSS-only,0.00104,5977
CVE-2021-39751,EPSS-only,0.00104,5978
CVE-2021-39753,EPSS-only,0.00104,5979
CVE-2021-39758,EPSS-only,0.00104,5980
CVE-2021-39769,EPSS-only,0.00104,5981
CVE-2021-39770,EPSS-only,0.00104,5982
CVE-2021-39779,EPSS-only,0.00104,5983
CVE-2021-39782,EPSS-only,0.00104,5984
CVE-2021-39783,EPSS-only,0.00104,5985
CVE-2021-39784,EPSS-only,0.00104,5986
CVE-2021-39789,EPSS-only,0.00104,5987
CVE-2022-23728,EPSS-only,0.00104,5988
CVE-2022-25820,EPSS-only,0.00104,5989
CVE-2022-22266,EPSS-only,0.00102,5990
CVE-2022-22267,EPSS-only,0.00102,5991
CVE-2022-22269,EPSS-only,0.00102,5992
CVE-2022-22272,EPSS-only,0.00102,5993
CVE-2021-30313,EPSS-only,0.00101,5994
CVE-2022-24929,EPSS-only,0.00101,5995
CVE-2022-20032,EPSS-only,0.001,5996
CVE-2022-23427,EPSS-only,0.001,5997
CVE-2022-23429,EPSS-only,0.001,5998
CVE-2022-25814,EPSS-only,0.001,5999
CVE-2022-25815,EPSS-only,0.001,6000
CVE-2022-24001,EPSS-only,0.00098,6001
CVE-2022-0317,EPSS-only,0.00096,6002
CVE-2021-39669,EPSS-only,0.00095,6003
CVE-2021-39727,EPSS-only,0.00095,6004
CVE-2021-39792,EPSS-only,0.00095,6005
CVE-2022-20034,EPSS-only,0.00095,6006
CVE-2021-39712,EPSS-only,0.00094,6007
CVE-2022-22263,EPSS-only,0.00093,6008
CVE-2021-39629,EPSS-only,0.00092,6009
CVE-2021-39735,EPSS-only,0.00092,6010
CVE-2022-0343,EPSS-only,0.00091,6011
CVE-2022-20016,EPSS-only,0.0009,6012
CVE-2021-39679,EPSS-only,0.00089,6013
CVE-2022-25822,EPSS-only,0.00088,6014
CVE-2022-0247,EPSS-only,0.00082,6015
CVE-2022-20013,EPSS-only,0.00082,6016
CVE-2020-12907,EPSS-only,0.0,6017
CVE-2020-12908,EPSS-only,0.0,6018
CVE-2020-12918,EPSS-only,0.0,6019
CVE-2020-12934,EPSS-only,0.0,6020
CVE-2020-12937,EPSS-only,0.0,6021
CVE-2020-12938,EPSS-only,0.0,6022
CVE-2020-12939,EPSS-only,0.0,6023
CVE-2020-12942,EPSS-only,0.0,6024
CVE-2020-12943,EPSS-only,0.0,6025
CVE-2020-12945,EPSS-only,0.0,6026
CVE-2020-12947,EPSS-only,0.0,6027
CVE-2020-12948,EPSS-only,0.0,6028
CVE-2020-12949,EPSS-only,0.0,6029
CVE-2020-12950,EPSS-only,0.0,6030
CVE-2020-12952,EPSS-only,0.0,6031
CVE-2020-12953,EPSS-only,0.0,6032
CVE-2020-12955,EPSS-only,0.0,6033
CVE-2020-12956,EPSS-only,0.0,6034
CVE-2020-12958,EPSS-only,0.0,6035
CVE-2020-13010,EPSS-only,0.0,6036
CVE-2020-13011,EPSS-only,0.0,6037
CVE-2020-13012,EPSS-only,0.0,6038
CVE-2020-13013,EPSS-only,0.0,6039
CVE-2020-13014,EPSS-only,0.0,6040
CVE-2020-13015,EPSS-only,0.0,6041
CVE-2020-13016,EPSS-only,0.0,6042
CVE-2020-13017,EPSS-only,0.0,6043
CVE-2020-13018,EPSS-only,0.0,6044
CVE-2020-13019,EPSS-only,0.0,6045
CVE-2020-13020,EPSS-only,0.0,6046
CVE-2020-13021,EPSS-only,0.0,6047
CVE-2020-13022,EPSS-only,0.0,6048
CVE-2020-13023,EPSS-only,0.0,6049
CVE-2020-13024,EPSS-only,0.0,6050
CVE-2020-13025,EPSS-only,0.0,6051
CVE-2020-13026,EPSS-only,0.0,6052
CVE-2020-13027,EPSS-only,0.0,6053
CVE-2020-13028,EPSS-only,0.0,6054
CVE-2020-13029,EPSS-only,0.0,6055
CVE-2020-13030,EPSS-only,0.0,6056
CVE-2020-13031,EPSS-only,0.0,6057
CVE-2020-13032,EPSS-only,0.0,6058
CVE-2020-13033,EPSS-only,0.0,6059
CVE-2020-13034,EPSS-only,0.0,6060
CVE-2020-13035,EPSS-only,0.0,6061
CVE-2020-13036,EPSS-only,0.0,6062
CVE-2020-13037,EPSS-only,0.0,6063
CVE-2020-13038,EPSS-only,0.0,6064
CVE-2020-13039,EPSS-only,0.0,6065
CVE-2020-13040,EPSS-only,0.0,6066
CVE-2020-13041,EPSS-only,0.0,6067
CVE-2020-13042,EPSS-only,0.0,6068
CVE-2020-13043,EPSS-only,0.0,6069
CVE-2020-13044,EPSS-only,0.0,6070
CVE-2020-13045,EPSS-only,0.0,6071
CVE-2020-13046,EPSS-only,0.0,6072
CVE-2020-13047,EPSS-only,0.0,6073
CVE-2020-13048,EPSS-only,0.0,6074
CVE-2020-13049,EPSS-only,0.0,6075
CVE-2020-13050,EPSS-only,0.0,6076
CVE-2020-13051,EPSS-only,0.0,6077
CVE-2020-13052,EPSS-only,0.0,6078
CVE-2020-13053,EPSS-only,0.0,6079
CVE-2020-13054,EPSS-only,0.0,6080
CVE-2020-13055,EPSS-only,0.0,6081
CVE-2020-13056,EPSS-only,0.0,6082
CVE-2020-13057,EPSS-only,0.0,6083
CVE-2020-13058,EPSS-only,0.0,6084
CVE-2020-13059,EPSS-only,0.0,6085
CVE-2020-13060,EPSS-only,0.0,6086
CVE-2020-13061,EPSS-only,0.0,6087
CVE-2020-13062,EPSS-only,0.0,6088
CVE-2020-13063,EPSS-only,0.0,6089
CVE-2020-13064,EPSS-only,0.0,6090
CVE-2020-13065,EPSS-only,0.0,6091
CVE-2020-13066,EPSS-only,0.0,6092
CVE-2020-13067,EPSS-only,0.0,6093
CVE-2020-13068,EPSS-only,0.0,6094
CVE-2020-13069,EPSS-only,0.0,6095
CVE-2020-13070,EPSS-only,0.0,6096
CVE-2020-13071,EPSS-only,0.0,6097
CVE-2020-13072,EPSS-only,0.0,6098
CVE-2020-13073,EPSS-only,0.0,6099
CVE-2020-13074,EPSS-only,0.0,6100
CVE-2020-13075,EPSS-only,0.0,6101
CVE-2020-13076,EPSS-only,0.0,6102
CVE-2020-13077,EPSS-only,0.0,6103
CVE-2020-13078,EPSS-only,0.0,6104
CVE-2020-13079,EPSS-only,0.0,6105
CVE-2020-13080,EPSS-only,0.0,6106
CVE-2020-13081,EPSS-only,0.0,6107
CVE-2020-13082,EPSS-only,0.0,6108
CVE-2020-13083,EPSS-only,0.0,6109
CVE-2020-13084,EPSS-only,0.0,6110
CVE-2020-13085,EPSS-only,0.0,6111
CVE-2020-13086,EPSS-only,0.0,6112
CVE-2020-13087,EPSS-only,0.0,6113
CVE-2020-13088,EPSS-only,0.0,6114
CVE-2020-13089,EPSS-only,0.0,6115
CVE-2020-13713,EPSS-only,0.0,6116
CVE-2020-13714,EPSS-only,0.0,6117
CVE-2020-13715,EPSS-only,0.0,6118
CVE-2020-13716,EPSS-only,0.0,6119
CVE-2020-13717,EPSS-only,0.0,6120
CVE-2020-13718,EPSS-only,0.0,6121
CVE-2020-13719,EPSS-only,0.0,6122
CVE-2020-13720,EPSS-only,0.0,6123
CVE-2020-13721,EPSS-only,0.0,6124
CVE-2020-13722,EPSS-only,0.0,6125
CVE-2020-13723,EPSS-only,0.0,6126
CVE-2020-13724,EPSS-only,0.0,6127
CVE-2020-13725,EPSS-only,0.0,6128
CVE-2020-13726,EPSS-only,0.0,6129
CVE-2020-13727,EPSS-only,0.0,6130
CVE-2020-13728,EPSS-only,0.0,6131
CVE-2020-13729,EPSS-only,0.0,6132
CVE-2020-13730,EPSS-only,0.0,6133
CVE-2020-13731,EPSS-only,0.0,6134
CVE-2020-13732,EPSS-only,0.0,6135
CVE-2020-13733,EPSS-only,0.0,6136
CVE-2020-13734,EPSS-only,0.0,6137
CVE-2020-13735,EPSS-only,0.0,6138
CVE-2020-13736,EPSS-only,0.0,6139
CVE-2020-13737,EPSS-only,0.0,6140
CVE-2020-13738,EPSS-only,0.0,6141
CVE-2020-13739,EPSS-only,0.0,6142
CVE-2020-13740,EPSS-only,0.0,6143
CVE-2020-13741,EPSS-only,0.0,6144
CVE-2020-13742,EPSS-only,0.0,6145
CVE-2020-13743,EPSS-only,0.0,6146
CVE-2020-13744,EPSS-only,0.0,6147
CVE-2020-13745,EPSS-only,0.0,6148
CVE-2020-13746,EPSS-only,0.0,6149
CVE-2020-13747,EPSS-only,0.0,6150
CVE-2020-13748,EPSS-only,0.0,6151
CVE-2020-13749,EPSS-only,0.0,6152
CVE-2020-13750,EPSS-only,0.0,6153
CVE-2020-13751,EPSS-only,0.0,6154
CVE-2020-13752,EPSS-only,0.0,6155
CVE-2020-36123,EPSS-only,0.0,6156
CVE-2021-20002,EPSS-only,0.0,6157
CVE-2021-20003,EPSS-only,0.0,6158
CVE-2021-20004,EPSS-only,0.0,6159
CVE-2021-20005,EPSS-only,0.0,6160
CVE-2021-20006,EPSS-only,0.0,6161
CVE-2021-20007,EPSS-only,0.0,6162
CVE-2021-20008,EPSS-only,0.0,6163
CVE-2021-20009,EPSS-only,0.0,6164
CVE-2021-20010,EPSS-only,0.0,6165
CVE-2021-20011,EPSS-only,0.0,6166
CVE-2021-20012,EPSS-only,0.0,6167
CVE-2021-20013,EPSS-only,0.0,6168
CVE-2021-20014,EPSS-only,0.0,6169
CVE-2021-20015,EPSS-only,0.0,6170
CVE-2021-22686,EPSS-only,0.0,6171
CVE-2021-22687,EPSS-only,0.0,6172
CVE-2021-22688,EPSS-only,0.0,6173
CVE-2021-22689,EPSS-only,0.0,6174
CVE-2021-22690,EPSS-only,0.0,6175
CVE-2021-22691,EPSS-only,0.0,6176
CVE-2021-22692,EPSS-only,0.0,6177
CVE-2021-22693,EPSS-only,0.0,6178
CVE-2021-22694,EPSS-only,0.0,6179
CVE-2021-22695,EPSS-only,0.0,6180
CVE-2021-26041,EPSS-only,0.0,6181
CVE-2021-26042,EPSS-only,0.0,6182
CVE-2021-26043,EPSS-only,0.0,6183
CVE-2021-26044,EPSS-only,0.0,6184
CVE-2021-26045,EPSS-only,0.0,6185
CVE-2021-26046,EPSS-only,0.0,6186
CVE-2021-26047,EPSS-only,0.0,6187
CVE-2021-26048,EPSS-only,0.0,6188
CVE-2021-26049,EPSS-only,0.0,6189
CVE-2021-26050,EPSS-only,0.0,6190
CVE-2021-26051,EPSS-only,0.0,6191
CVE-2021-26052,EPSS-only,0.0,6192
CVE-2021-26053,EPSS-only,0.0,6193
CVE-2021-26054,EPSS-only,0.0,6194
CVE-2021-26055,EPSS-only,0.0,6195
CVE-2021-26056,EPSS-only,0.0,6196
CVE-2021-26057,EPSS-only,0.0,6197
CVE-2021-26058,EPSS-only,0.0,6198
CVE-2021-26059,EPSS-only,0.0,6199
CVE-2021-26060,EPSS-only,0.0,6200
CVE-2021-26061,EPSS-only,0.0,6201
CVE-2021-26062,EPSS-only,0.0,6202
CVE-2021-26063,EPSS-only,0.0,6203
CVE-2021-26064,EPSS-only,0.0,6204
CVE-2021-26065,EPSS-only,0.0,6205
CVE-2021-26066,EPSS-only,0.0,6206
CVE-2021-27000,EPSS-only,0.0,6207
CVE-2021-27008,EPSS-only,0.0,6208
CVE-2021-27009,EPSS-only,0.0,6209
CVE-2021-27010,EPSS-only,0.0,6210
CVE-2021-27011,EPSS-only,0.0,6211
CVE-2021-27012,EPSS-only,0.0,6212
CVE-2021-27013,EPSS-only,0.0,6213
CVE-2021-27014,EPSS-only,0.0,6214
CVE-2021-27015,EPSS-only,0.0,6215
CVE-2021-27016,EPSS-only,0.0,6216
CVE-2021-32501,EPSS-only,0.0,6217
CVE-2021-32502,EPSS-only,0.0,6218
CVE-2021-32505,EPSS-only,0.0,6219
CVE-2021-3534,EPSS-only,0.0,6220
CVE-2021-3558,EPSS-only,0.0,6221
CVE-2021-3648,EPSS-only,0.0,6222
CVE-2021-36734,EPSS-only,0.0,6223
CVE-2021-36735,EPSS-only,0.0,6224
CVE-2021-36736,EPSS-only,0.0,6225
CVE-2021-36810,EPSS-only,0.0,6226
CVE-2021-36811,EPSS-only,0.0,6227
CVE-2021-36812,EPSS-only,0.0,6228
CVE-2021-36813,EPSS-only,0.0,6229
CVE-2021-36814,EPSS-only,0.0,6230
CVE-2021-36815,EPSS-only,0.0,6231
CVE-2021-36816,EPSS-only,0.0,6232
CVE-2021-36817,EPSS-only,0.0,6233
CVE-2021-36818,EPSS-only,0.0,6234
CVE-2021-36819,EPSS-only,0.0,6235
CVE-2021-36820,EPSS-only,0.0,6236
CVE-2021-37853,EPSS-only,0.0,6237
CVE-2021-37854,EPSS-only,0.0,6238
CVE-2021-37855,EPSS-only,0.0,6239
CVE-2021-37856,EPSS-only,0.0,6240
CVE-2021-37857,EPSS-only,0.0,6241
CVE-2021-37858,EPSS-only,0.0,6242
CVE-2021-38577,EPSS-only,0.0,6243
CVE-2021-3867,EPSS-only,0.0,6244
CVE-2021-3868,EPSS-only,0.0,6245
CVE-2021-3870,EPSS-only,0.0,6246
CVE-2021-3871,EPSS-only,0.0,6247
CVE-2021-3873,EPSS-only,0.0,6248
CVE-2021-3876,EPSS-only,0.0,6249
CVE-2021-3877,EPSS-only,0.0,6250
CVE-2021-3880,EPSS-only,0.0,6251
CVE-2021-3883,EPSS-only,0.0,6252
CVE-2021-3884,EPSS-only,0.0,6253
CVE-2021-3886,EPSS-only,0.0,6254
CVE-2021-3887,EPSS-only,0.0,6255
CVE-2021-38892,EPSS-only,0.0,6256
CVE-2021-3893,EPSS-only,0.0,6257
CVE-2021-3937,EPSS-only,0.0,6258
CVE-2021-3940,EPSS-only,0.0,6259
CVE-2021-39705,EPSS-only,0.0,6260
CVE-2021-40395,EPSS-only,0.0,6261
CVE-2021-40696,EPSS-only,0.0,6262
CVE-2021-41610,EPSS-only,0.0,6263
CVE-2021-42186,EPSS-only,0.0,6264
CVE-2021-4220,EPSS-only,0.0,6265
CVE-2021-43085,EPSS-only,0.0,6266
CVE-2021-44103,EPSS-only,0.0,6267
CVE-2021-44121,EPSS-only,0.0,6268
CVE-2021-44569,EPSS-only,0.0,6269
CVE-2021-44570,EPSS-only,0.0,6270
CVE-2021-44571,EPSS-only,0.0,6271
CVE-2021-44573,EPSS-only,0.0,6272
CVE-2021-44574,EPSS-only,0.0,6273
CVE-2021-44575,EPSS-only,0.0,6274
CVE-2021-44576,EPSS-only,0.0,6275
CVE-2021-44577,EPSS-only,0.0,6276
CVE-2021-44597,EPSS-only,0.0,6277
CVE-2021-44907,EPSS-only,0.0,6278
CVE-2021-45388,EPSS-only,0.0,6279
CVE-2021-45774,EPSS-only,0.0,6280
CVE-2021-45775,EPSS-only,0.0,6281
CVE-2021-45778,EPSS-only,0.0,6282
CVE-2021-45779,EPSS-only,0.0,6283
CVE-2021-45780,EPSS-only,0.0,6284
CVE-2021-45781,EPSS-only,0.0,6285
CVE-2021-45782,EPSS-only,0.0,6286
CVE-2021-45817,EPSS-only,0.0,6287
CVE-2021-45945,EPSS-only,0.0,6288
CVE-2021-45959,EPSS-only,0.0,6289
CVE-2021-46012,EPSS-only,0.0,6290
CVE-2021-46058,EPSS-only,0.0,6291
CVE-2021-46059,EPSS-only,0.0,6292
CVE-2021-46060,EPSS-only,0.0,6293
CVE-2021-46380,EPSS-only,0.0,6294
CVE-2021-46388,EPSS-only,0.0,6295
CVE-2021-46439,EPSS-only,0.0,6296
CVE-2022-0177,EPSS-only,0.0,6297
CVE-2022-0227,EPSS-only,0.0,6298
CVE-2022-0329,EPSS-only,0.0,6299
CVE-2022-0498,EPSS-only,0.0,6300
CVE-2022-0655,EPSS-only,0.0,6301
CVE-2022-0886,EPSS-only,0.0,6302
CVE-2022-1072,EPSS-only,0.0,6303
CVE-2022-22122,EPSS-only,0.0,6304
CVE-2022-22623,EPSS-only,0.0,6305
CVE-2022-23967,EPSS-only,0.0,6306
CVE-2022-24445,EPSS-only,0.0,6307
CVE-2022-24727,EPSS-only,0.0,6308
CVE-2022-25019,EPSS-only,0.0,6309
CVE-2022-25029,EPSS-only,0.0,6310
CVE-2022-26200,EPSS-only,0.0,6311
CVE-2022-26333,EPSS-only,0.0,6312
CVE-2022-26351,EPSS-only,0.0,6313
CVE-2022-26487,EPSS-only,0.0,6314
CVE-2022-26502,EPSS-only,0.0,6315
CVE-2022-26620,EPSS-only,0.0,6316
CVE-2022-0543,KEV-first,1199.351,1
CVE-2022-22947,KEV-first,1198.253,2
CVE-2022-22536,KEV-first,1197.945,3
CVE-2022-1040,KEV-first,1197.796,4
CVE-2022-24086,KEV-first,1197.199,5
CVE-2021-45382,KEV-first,1195.836,6
CVE-2021-35587,KEV-first,1194.284,7
CVE-2022-24112,KEV-first,1194.001,8
CVE-2022-23131,KEV-first,1186.683,9
CVE-2022-26143,KEV-first,1185.212,10
CVE-2022-26258,KEV-first,1178.377,11
CVE-2022-26318,KEV-first,1176.157,12
CVE-2021-4034,KEV-first,1172.921,13
CVE-2022-20699,KEV-first,1172.458,14
CVE-2022-0847,KEV-first,1167.721,15
CVE-2022-23227,KEV-first,1147.431,16
CVE-2022-21971,KEV-first,1131.934,17
CVE-2022-21882,KEV-first,1125.711,18
CVE-2022-23134,KEV-first,1121.657,19
CVE-2022-21999,KEV-first,1119.683,20
CVE-2021-40407,KEV-first,1119.635,21
CVE-2022-26871,KEV-first,1117.633,22
CVE-2022-20708,KEV-first,1114.863,23
CVE-2022-20701,KEV-first,1109.747,24
CVE-2022-22587,KEV-first,1109.638,25
CVE-2022-20703,KEV-first,1109.203,26
CVE-2022-0185,KEV-first,1109.151,27
CVE-2022-20700,KEV-first,1105.655,28
CVE-2022-22620,KEV-first,1104.214,29
CVE-2022-26501,KEV-first,1102.104,30
CVE-2022-23176,KEV-first,1100.692,31
CVE-2021-3560,KEV-first,1100.193,32
CVE-2022-22718,KEV-first,1096.464,33
CVE-2021-4102,KEV-first,1095.836,34
CVE-2022-26500,KEV-first,1093.828,35
CVE-2022-24682,KEV-first,1091.931,36
CVE-2022-0995,KEV-first,1087.518,37
CVE-2022-0492,KEV-first,1083.528,38
CVE-2022-22706,KEV-first,1079.095,39
CVE-2021-39793,KEV-first,1078.738,40
CVE-2022-22948,KEV-first,1078.282,41
CVE-2022-21919,KEV-first,1072.95,42
CVE-2021-22600,KEV-first,1072.079,43
CVE-2022-22265,KEV-first,1050.392,44
CVE-2021-35247,KEV-first,1046.453,45
CVE-2021-44168,KEV-first,1033.873,46
CVE-2022-24637,KEV-first,197.055,47
CVE-2022-21907,KEV-first,190.79,48
CVE-2021-45456,KEV-first,186.887,49
CVE-2022-0824,KEV-first,184.977,50
CVE-2021-24762,KEV-first,184.782,51
CVE-2022-0441,KEV-first,183.334,52
CVE-2021-3781,KEV-first,182.913,53
CVE-2022-0342,KEV-first,182.42000000000002,54
CVE-2022-20705,KEV-first,180.031,55
CVE-2021-25114,KEV-first,179.828,56
CVE-2022-25148,KEV-first,178.93,57
CVE-2022-21661,KEV-first,177.79500000000002,58
CVE-2022-25149,KEV-first,175.95600000000002,59
CVE-2022-20707,KEV-first,175.322,60
CVE-2021-41282,KEV-first,175.113,61
CVE-2022-0306,KEV-first,173.35199999999998,62
CVE-2022-23178,KEV-first,173.159,63
CVE-2022-0169,KEV-first,172.615,64
CVE-2022-0412,KEV-first,171.998,65
CVE-2021-4045,KEV-first,170.37599999999998,66
CVE-2021-34996,KEV-first,170.25799999999998,67
CVE-2022-23944,KEV-first,170.007,68
CVE-2021-4039,KEV-first,169.048,69
CVE-2022-21371,KEV-first,167.649,70
CVE-2022-24288,KEV-first,165.88,71
CVE-2022-23305,KEV-first,164.537,72
CVE-2022-24716,KEV-first,164.378,73
CVE-2022-23221,KEV-first,162.76600000000002,74
CVE-2022-23642,KEV-first,162.31,75
CVE-2021-44142,KEV-first,161.86399999999998,76
CVE-2021-42392,KEV-first,161.211,77
CVE-2022-24223,KEV-first,159.965,78
CVE-2021-45010,KEV-first,158.07999999999998,79
CVE-2021-34995,KEV-first,156.864,80
CVE-2022-25061,KEV-first,156.701,81
CVE-2022-0435,KEV-first,155.994,82
CVE-2022-22274,KEV-first,155.591,83
CVE-2021-45428,KEV-first,154.93099999999998,84
CVE-2022-23881,KEV-first,154.50900000000001,85
CVE-2022-25075,KEV-first,154.248,86
CVE-2021-25003,KEV-first,154.148,87
CVE-2022-0218,KEV-first,153.511,88
CVE-2022-0415,KEV-first,153.237,89
CVE-2022-25487,KEV-first,151.839,90
CVE-2022-23302,KEV-first,151.556,91
CVE-2022-0513,KEV-first,151.45999999999998,92
CVE-2022-26148,KEV-first,151.439,93
CVE-2022-25305,KEV-first,150.905,94
CVE-2022-24734,KEV-first,149.827,95
CVE-2022-24760,KEV-first,149.08100000000002,96
CVE-2022-23943,KEV-first,148.401,97
CVE-2022-0778,KEV-first,148.188,98
CVE-2022-24260,KEV-first,147.992,99
CVE-2021-44521,KEV-first,146.006,100
CVE-2022-0679,KEV-first,145.82999999999998,101
CVE-2021-24862,KEV-first,145.293,102
CVE-2021-25080,KEV-first,145.2,103
CVE-2022-22719,KEV-first,144.803,104
CVE-2022-21662,KEV-first,144.529,105
CVE-2022-0332,KEV-first,142.918,106
CVE-2022-24313,KEV-first,142.559,107
CVE-2022-23307,KEV-first,142.411,108
CVE-2022-26960,KEV-first,141.993,109
CVE-2021-44827,KEV-first,141.95600000000002,110
CVE-2022-21279,KEV-first,141.95100000000002,111
CVE-2022-0479,KEV-first,141.80700000000002,112
CVE-2022-23940,KEV-first,141.235,113
CVE-2021-46065,KEV-first,139.737,114
CVE-2022-21280,KEV-first,139.548,115
CVE-2022-25060,KEV-first,138.15,116
CVE-2022-0888,KEV-first,137.393,117
CVE-2022-22916,KEV-first,136.651,118
CVE-2022-20615,KEV-first,135.84199999999998,119
CVE-2021-43711,KEV-first,135.835,120
CVE-2021-44703,KEV-first,135.304,121
CVE-2022-0739,KEV-first,135.171,122
CVE-2022-0482,KEV-first,134.746,123
CVE-2022-25064,KEV-first,134.473,124
CVE-2022-25236,KEV-first,133.867,125
CVE-2022-0848,KEV-first,133.436,126
CVE-2022-22909,KEV-first,133.434,127
CVE-2021-4191,KEV-first,133.004,128
CVE-2021-46381,KEV-first,132.984,129
CVE-2022-22721,KEV-first,132.861,130
CVE-2021-43118,KEV-first,132.845,131
CVE-2022-0349,KEV-first,132.359,132
CVE-2021-46314,KEV-first,131.287,133
CVE-2022-1179,KEV-first,130.9,134
CVE-2022-25077,KEV-first,130.552,135
CVE-2022-24124,KEV-first,130.29500000000002,136
CVE-2022-0651,KEV-first,130.212,137
CVE-2022-0819,KEV-first,129.01,138
CVE-2022-26265,KEV-first,128.367,139
CVE-2022-25359,KEV-first,128.29500000000002,140
CVE-2022-23277,KEV-first,128.02800000000002,141
CVE-2018-25032,KEV-first,126.733,142
CVE-2022-22720,KEV-first,126.189,143
CVE-2022-23833,KEV-first,124.24600000000001,144
CVE-2022-26213,KEV-first,123.58,145
CVE-2022-0364,KEV-first,123.552,146
CVE-2022-0557,KEV-first,123.193,147
CVE-2022-25084,KEV-first,122.845,148
CVE-2022-25766,KEV-first,122.303,149
CVE-2022-27226,KEV-first,121.702,150
CVE-2022-22930,KEV-first,121.694,151
CVE-2022-23253,KEV-first,121.376,152
CVE-2021-44567,KEV-first,121.084,153
CVE-2022-0832,KEV-first,120.62,154
CVE-2022-26272,KEV-first,120.471,155
CVE-2022-23389,KEV-first,119.951,156
CVE-2021-46704,KEV-first,119.901,157
CVE-2021-31932,KEV-first,119.639,158
CVE-2022-0666,KEV-first,119.259,159
CVE-2021-26599,KEV-first,118.968,160
CVE-2021-45967,KEV-first,118.8,161
CVE-2022-27228,KEV-first,118.776,162
CVE-2022-21993,KEV-first,118.618,163
CVE-2022-24934,KEV-first,118.47,164
CVE-2021-22802,KEV-first,118.16499999999999,165
CVE-2021-23174,KEV-first,117.853,166
CVE-2022-26187,KEV-first,117.57900000000001,167
CVE-2021-44708,KEV-first,117.318,168
CVE-2021-45420,KEV-first,116.957,169
CVE-2021-24867,KEV-first,116.878,170
CVE-2022-24144,KEV-first,116.506,171
CVE-2022-25089,KEV-first,116.377,172
CVE-2021-43942,KEV-first,116.364,173
CVE-2022-0289,KEV-first,116.196,174
CVE-2021-44757,KEV-first,115.195,175
CVE-2021-43297,KEV-first,114.969,176
CVE-2022-21647,KEV-first,114.67099999999999,177
CVE-2022-1058,KEV-first,114.17699999999999,178
CVE-2021-35380,KEV-first,113.95400000000001,179
CVE-2021-46393,KEV-first,113.916,180
CVE-2022-25082,KEV-first,113.673,181
CVE-2022-23285,KEV-first,113.628,182
CVE-2022-24237,KEV-first,113.339,183
CVE-2022-0735,KEV-first,113.227,184
CVE-2022-0747,KEV-first,112.882,185
CVE-2022-26245,KEV-first,112.844,186
CVE-2022-0434,KEV-first,112.783,187
CVE-2022-23329,KEV-first,112.41,188
CVE-2021-22823,KEV-first,112.388,189
CVE-2022-22832,KEV-first,112.058,190
CVE-2022-24995,KEV-first,111.596,191
CVE-2022-22951,KEV-first,111.319,192
CVE-2022-25094,KEV-first,111.261,193
CVE-2022-0591,KEV-first,111.249,194
CVE-2022-25072,KEV-first,111.034,195
CVE-2022-25073,KEV-first,111.034,196
CVE-2022-25074,KEV-first,111.034,197
CVE-2022-23357,KEV-first,110.877,198
CVE-2021-46009,KEV-first,110.531,199
CVE-2022-22806,KEV-first,110.256,200
CVE-2022-24954,KEV-first,109.926,201
CVE-2022-22805,KEV-first,109.664,202
CVE-2022-25450,KEV-first,109.55,203
CVE-2022-22831,KEV-first,109.441,204
CVE-2022-25347,KEV-first,109.386,205
CVE-2022-0760,KEV-first,108.825,206
CVE-2022-25414,KEV-first,108.439,207
CVE-2022-26965,KEV-first,108.257,208
CVE-2021-43779,KEV-first,108.132,209
CVE-2022-0784,KEV-first,108.07900000000001,210
CVE-2021-44709,KEV-first,107.951,211
CVE-2022-24218,KEV-first,107.95,212
CVE-2022-23375,KEV-first,107.872,213
CVE-2022-26887,KEV-first,107.731,214
CVE-2021-33912,KEV-first,107.643,215
CVE-2021-33913,KEV-first,107.643,216
CVE-2021-42561,KEV-first,107.572,217
CVE-2022-26013,KEV-first,107.136,218
CVE-2022-25434,KEV-first,107.135,219
CVE-2022-0811,KEV-first,107.04599999999999,220
CVE-2022-25445,KEV-first,107.007,221
CVE-2021-46378,KEV-first,106.863,222
CVE-2022-21990,KEV-first,106.842,223
CVE-2022-0846,KEV-first,106.785,224
CVE-2022-0658,KEV-first,106.631,225
CVE-2022-0787,KEV-first,106.631,226
CVE-2022-25322,KEV-first,106.346,227
CVE-2022-24263,KEV-first,106.244,228
CVE-2021-35003,KEV-first,105.743,229
CVE-2021-35004,KEV-first,105.743,230
CVE-2022-23898,KEV-first,105.734,231
CVE-2021-27472,KEV-first,105.657,232
CVE-2022-1178,KEV-first,105.613,233
CVE-2022-20706,KEV-first,105.566,234
CVE-2022-24292,KEV-first,105.549,235
CVE-2022-24293,KEV-first,105.549,236
CVE-2021-43510,KEV-first,105.515,237
CVE-2022-1181,KEV-first,105.472,238
CVE-2022-24049,KEV-first,105.212,239
CVE-2022-25488,KEV-first,105.148,240
CVE-2021-25076,KEV-first,105.12,241
CVE-2021-44735,KEV-first,105.025,242
CVE-2022-25125,KEV-first,104.981,243
CVE-2022-20711,KEV-first,104.915,244
CVE-2022-22005,KEV-first,104.825,245
CVE-2022-23366,KEV-first,104.708,246
CVE-2021-25032,KEV-first,104.691,247
CVE-2022-20702,KEV-first,104.598,248
CVE-2022-0572,KEV-first,104.583,249
CVE-2021-46315,KEV-first,104.573,250
CVE-2021-46319,KEV-first,104.573,251
CVE-2022-24295,KEV-first,104.571,252
CVE-2021-44734,KEV-first,104.42699999999999,253
CVE-2022-24977,KEV-first,104.354,254
CVE-2022-21849,KEV-first,104.242,255
CVE-2021-43650,KEV-first,104.158,256
CVE-2021-27476,KEV-first,104.111,257
CVE-2021-45029,KEV-first,104.029,258
CVE-2022-20749,KEV-first,104.008,259
CVE-2021-45966,KEV-first,103.993,260
CVE-2021-39675,KEV-first,103.927,261
CVE-2021-27466,KEV-first,103.886,262
CVE-2021-27462,KEV-first,103.828,263
CVE-2021-27470,KEV-first,103.828,264
CVE-2022-20709,KEV-first,103.80199999999999,265
CVE-2022-24796,KEV-first,103.741,266
CVE-2022-26210,KEV-first,103.693,267
CVE-2022-21196,KEV-first,103.663,268
CVE-2021-26600,KEV-first,103.63,269
CVE-2022-21824,KEV-first,103.514,270
CVE-2021-27468,KEV-first,103.493,271
CVE-2021-27464,KEV-first,103.481,272
CVE-2022-24193,KEV-first,103.467,273
CVE-2022-27005,KEV-first,103.455,274
CVE-2021-34993,KEV-first,103.424,275
CVE-2021-3773,KEV-first,103.279,276
CVE-2022-25330,KEV-first,103.198,277
CVE-2021-27460,KEV-first,103.195,278
CVE-2022-21141,KEV-first,103.16,279
CVE-2021-46067,KEV-first,103.14,280
CVE-2020-10640,KEV-first,103.107,281
CVE-2022-27002,KEV-first,103.07,282
CVE-2022-20712,KEV-first,103.031,283
CVE-2022-25235,KEV-first,102.955,284
CVE-2022-25438,KEV-first,102.947,285
CVE-2022-25441,KEV-first,102.947,286
CVE-2022-22822,KEV-first,102.829,287
CVE-2022-25315,KEV-first,102.821,288
CVE-2021-3762,KEV-first,102.815,289
CVE-2021-41816,KEV-first,102.766,290
CVE-2022-22995,KEV-first,102.758,291
CVE-2022-23218,KEV-first,102.729,292
CVE-2022-26263,KEV-first,102.72200000000001,293
CVE-2021-46227,KEV-first,102.713,294
CVE-2022-24126,KEV-first,102.694,295
CVE-2021-46362,KEV-first,102.663,296
CVE-2021-21960,KEV-first,102.639,297
CVE-2021-21961,KEV-first,102.639,298
CVE-2021-44881,KEV-first,102.635,299
CVE-2022-22733,KEV-first,102.594,300
CVE-2021-44906,KEV-first,102.581,301
CVE-2021-43832,KEV-first,102.57,302
CVE-2022-23852,KEV-first,102.563,303
CVE-2022-20650,KEV-first,102.55,304
CVE-2021-44882,KEV-first,102.511,305
CVE-2022-20710,KEV-first,102.429,306
CVE-2021-46454,KEV-first,102.403,307
CVE-2022-23648,KEV-first,102.392,308
CVE-2021-45733,KEV-first,102.391,309
CVE-2021-45738,KEV-first,102.391,310
CVE-2021-46229,KEV-first,102.375,311
CVE-2022-21390,KEV-first,102.37,312
CVE-2022-20704,KEV-first,102.297,313
CVE-2022-23812,KEV-first,102.26,314
CVE-2020-17383,KEV-first,102.252,315
CVE-2022-23219,KEV-first,102.211,316
CVE-2022-25247,KEV-first,102.144,317
CVE-2022-21306,KEV-first,102.141,318
CVE-2021-44087,KEV-first,102.116,319
CVE-2020-15591,KEV-first,102.05799999999999,320
CVE-2021-30351,KEV-first,102.018,321
CVE-2021-45468,KEV-first,101.991,322
CVE-2021-44663,KEV-first,101.99,323
CVE-2021-44880,KEV-first,101.969,324
CVE-2022-26186,KEV-first,101.947,325
CVE-2021-45411,KEV-first,101.865,326
CVE-2022-21389,KEV-first,101.86,327
CVE-2021-34805,KEV-first,101.82300000000001,328
CVE-2022-21275,KEV-first,101.813,329
CVE-2022-22845,KEV-first,101.811,330
CVE-2020-26728,KEV-first,101.767,331
CVE-2021-46230,KEV-first,101.746,332
CVE-2021-46231,KEV-first,101.746,333
CVE-2021-46232,KEV-first,101.746,334
CVE-2021-46233,KEV-first,101.746,335
CVE-2021-46452,KEV-first,101.746,336
CVE-2021-46453,KEV-first,101.746,337
CVE-2021-46036,KEV-first,101.743,338
CVE-2021-45998,KEV-first,101.715,339
CVE-2021-46226,KEV-first,101.715,340
CVE-2021-46228,KEV-first,101.715,341
CVE-2021-46455,KEV-first,101.715,342
CVE-2021-46456,KEV-first,101.715,343
CVE-2021-46457,KEV-first,101.715,344
CVE-2021-33962,KEV-first,101.708,345
CVE-2022-24442,KEV-first,101.683,346
CVE-2021-40408,KEV-first,101.657,347
CVE-2021-40409,KEV-first,101.657,348
CVE-2021-27474,KEV-first,101.612,349
CVE-2022-24665,KEV-first,101.6,350
CVE-2022-26496,KEV-first,101.592,351
CVE-2021-46560,KEV-first,101.586,352
CVE-2022-0547,KEV-first,101.574,353
CVE-2021-29393,KEV-first,101.573,354
CVE-2022-21675,KEV-first,101.544,355
CVE-2021-42911,KEV-first,101.524,356
CVE-2021-43484,KEV-first,101.524,357
CVE-2021-23165,KEV-first,101.512,358
CVE-2022-24311,KEV-first,101.505,359
CVE-2021-44967,KEV-first,101.502,360
CVE-2021-45414,KEV-first,101.499,361
CVE-2022-0730,KEV-first,101.499,362
CVE-2021-45887,KEV-first,101.471,363
CVE-2021-46013,KEV-first,101.469,364
CVE-2022-24312,KEV-first,101.463,365
CVE-2021-3657,KEV-first,101.459,366
CVE-2022-22817,KEV-first,101.427,367
CVE-2022-26188,KEV-first,101.424,368
CVE-2022-26189,KEV-first,101.424,369
CVE-2022-26997,KEV-first,101.42,370
CVE-2022-26998,KEV-first,101.42,371
CVE-2022-26999,KEV-first,101.42,372
CVE-2022-27000,KEV-first,101.42,373
CVE-2022-27001,KEV-first,101.42,374
CVE-2022-21215,KEV-first,101.412,375
CVE-2022-22823,KEV-first,101.404,376
CVE-2022-22824,KEV-first,101.404,377
CVE-2021-44127,KEV-first,101.371,378
CVE-2022-24693,KEV-first,101.344,379
CVE-2021-44738,KEV-first,101.312,380
CVE-2021-40722,KEV-first,101.273,381
CVE-2022-25390,KEV-first,101.266,382
CVE-2022-25809,KEV-first,101.26,383
CVE-2021-46428,KEV-first,101.226,384
CVE-2022-21643,KEV-first,101.197,385
CVE-2022-25076,KEV-first,101.189,386
CVE-2022-25078,KEV-first,101.189,387
CVE-2022-25079,KEV-first,101.189,388
CVE-2022-25080,KEV-first,101.189,389
CVE-2020-25197,KEV-first,101.172,390
CVE-2021-45835,KEV-first,101.169,391
CVE-2021-43722,KEV-first,101.162,392
CVE-2021-45040,KEV-first,101.155,393
CVE-2022-24783,KEV-first,101.147,394
CVE-2022-25081,KEV-first,101.128,395
CVE-2022-25083,KEV-first,101.128,396
CVE-2021-46433,KEV-first,101.126,397
CVE-2021-46461,KEV-first,101.121,398
CVE-2021-46386,KEV-first,101.111,399
CVE-2022-25498,KEV-first,101.081,400
CVE-2021-33963,KEV-first,101.071,401
CVE-2021-45742,KEV-first,101.069,402
CVE-2021-39383,KEV-first,101.067,403
CVE-2022-23303,KEV-first,101.054,404
CVE-2021-46250,KEV-first,101.052,405
CVE-2022-24663,KEV-first,101.047,406
CVE-2021-45003,KEV-first,101.01,407
CVE-2022-26520,KEV-first,100.999,408
CVE-2022-25134,KEV-first,100.992,409
CVE-2021-44088,KEV-first,100.972,410
CVE-2022-25411,KEV-first,100.972,411
CVE-2022-0839,KEV-first,100.967,412
CVE-2022-24165,KEV-first,100.956,413
CVE-2022-24167,KEV-first,100.956,414
CVE-2022-24168,KEV-first,100.956,415
CVE-2022-24170,KEV-first,100.956,416
CVE-2022-24171,KEV-first,100.956,417
CVE-2022-26994,KEV-first,100.956,418
CVE-2022-25135,KEV-first,100.934,419
CVE-2022-25132,KEV-first,100.909,420
CVE-2022-25133,KEV-first,100.909,421
CVE-2022-26992,KEV-first,100.908,422
CVE-2022-27003,KEV-first,100.903,423
CVE-2022-27004,KEV-first,100.903,424
CVE-2021-31522,KEV-first,100.902,425
CVE-2022-23128,KEV-first,100.884,426
CVE-2021-23555,KEV-first,100.876,427
CVE-2022-26990,KEV-first,100.873,428
CVE-2021-43928,KEV-first,100.865,429
CVE-2022-26995,KEV-first,100.851,430
CVE-2022-26996,KEV-first,100.851,431
CVE-2022-27811,KEV-first,100.849,432
CVE-2022-27083,KEV-first,100.844,433
CVE-2022-26495,KEV-first,100.835,434
CVE-2020-12775,KEV-first,100.801,435
CVE-2022-0265,KEV-first,100.792,436
CVE-2021-46361,KEV-first,100.783,437
CVE-2021-44664,KEV-first,100.782,438
CVE-2021-44247,KEV-first,100.779,439
CVE-2022-26208,KEV-first,100.779,440
CVE-2022-26211,KEV-first,100.779,441
CVE-2022-26212,KEV-first,100.779,442
CVE-2022-26214,KEV-first,100.779,443
CVE-2021-45334,KEV-first,100.761,444
CVE-2021-46394,KEV-first,100.738,445
CVE-2022-24148,KEV-first,100.724,446
CVE-2022-24150,KEV-first,100.724,447
CVE-2022-27082,KEV-first,100.702,448
CVE-2022-26991,KEV-first,100.69200000000001,449
CVE-2022-26993,KEV-first,100.69200000000001,450
CVE-2022-24553,KEV-first,100.69,451
CVE-2022-25329,KEV-first,100.688,452
CVE-2021-38697,KEV-first,100.686,453
CVE-2022-24720,KEV-first,100.686,454
CVE-2022-24651,KEV-first,100.653,455
CVE-2022-24652,KEV-first,100.653,456
CVE-2022-24664,KEV-first,100.65,457
CVE-2022-26289,KEV-first,100.628,458
CVE-2022-26290,KEV-first,100.628,459
CVE-2022-26536,KEV-first,100.628,460
CVE-2022-27076,KEV-first,100.628,461
CVE-2022-27077,KEV-first,100.628,462
CVE-2022-27078,KEV-first,100.628,463
CVE-2022-27079,KEV-first,100.628,464
CVE-2022-27080,KEV-first,100.628,465
CVE-2022-27081,KEV-first,100.628,466
CVE-2022-25420,KEV-first,100.599,467
CVE-2022-24984,KEV-first,100.596,468
CVE-2021-40247,KEV-first,100.592,469
CVE-2021-46007,KEV-first,100.591,470
CVE-2021-45951,KEV-first,100.59,471
CVE-2021-45952,KEV-first,100.59,472
CVE-2021-45953,KEV-first,100.59,473
CVE-2021-45954,KEV-first,100.59,474
CVE-2021-45956,KEV-first,100.59,475
CVE-2022-24305,KEV-first,100.588,476
CVE-2022-23884,KEV-first,100.585,477
CVE-2021-44622,KEV-first,100.576,478
CVE-2021-44626,KEV-first,100.576,479
CVE-2021-44627,KEV-first,100.576,480
CVE-2021-44628,KEV-first,100.576,481
CVE-2021-44629,KEV-first,100.576,482
CVE-2021-44630,KEV-first,100.576,483
CVE-2021-44631,KEV-first,100.576,484
CVE-2021-44632,KEV-first,100.576,485
CVE-2022-22929,KEV-first,100.576,486
CVE-2021-42952,KEV-first,100.571,487
CVE-2022-22912,KEV-first,100.553,488
CVE-2021-40908,KEV-first,100.534,489
CVE-2021-43479,KEV-first,100.519,490
CVE-2021-45955,KEV-first,100.519,491
CVE-2022-26645,KEV-first,100.519,492
CVE-2022-0841,KEV-first,100.513,493
CVE-2021-45401,KEV-first,100.502,494
CVE-2022-22928,KEV-first,100.5,495
CVE-2021-43299,KEV-first,100.493,496
CVE-2022-24677,KEV-first,100.493,497
CVE-2021-43736,KEV-first,100.483,498
CVE-2022-25757,KEV-first,100.481,499
CVE-2022-22055,KEV-first,100.467,500
CVE-2021-41193,KEV-first,100.466,501
CVE-2021-25981,KEV-first,100.464,502
CVE-2021-45957,KEV-first,100.447,503
CVE-2021-23158,KEV-first,100.436,504
CVE-2022-22687,KEV-first,100.432,505
CVE-2020-24770,KEV-first,100.429,506
CVE-2022-26174,KEV-first,100.422,507
CVE-2022-24306,KEV-first,100.38,508
CVE-2022-23992,KEV-first,100.376,509
CVE-2022-22532,KEV-first,100.372,510
CVE-2021-43300,KEV-first,100.356,511
CVE-2021-43301,KEV-first,100.356,512
CVE-2021-43303,KEV-first,100.356,513
CVE-2020-36062,KEV-first,100.349,514
CVE-2021-45834,KEV-first,100.305,515
CVE-2022-22814,KEV-first,100.301,516
CVE-2022-23337,KEV-first,100.288,517
CVE-2022-22056,KEV-first,100.259,518
CVE-2021-43298,KEV-first,100.256,519
CVE-2021-42637,KEV-first,100.25,520
CVE-2022-24768,KEV-first,100.25,521
CVE-2022-24310,KEV-first,100.227,522
CVE-2022-0691,KEV-first,100.22,523
CVE-2021-46384,KEV-first,100.218,524
CVE-2022-26206,KEV-first,100.218,525
CVE-2022-26207,KEV-first,100.218,526
CVE-2022-26209,KEV-first,100.218,527
CVE-2021-44736,KEV-first,100.215,528
CVE-2022-21391,KEV-first,100.208,529
CVE-2022-23126,KEV-first,100.208,530
CVE-2022-23878,KEV-first,100.2,531
CVE-2021-31326,KEV-first,100.199,532
CVE-2022-25130,KEV-first,100.198,533
CVE-2022-25131,KEV-first,100.198,534
CVE-2022-25136,KEV-first,100.198,535
CVE-2022-25137,KEV-first,100.198,536
CVE-2022-26293,KEV-first,100.198,537
CVE-2021-35683,KEV-first,100.191,538
CVE-2021-45899,KEV-first,100.187,539
CVE-2022-25495,KEV-first,100.178,540
CVE-2021-44978,KEV-first,100.166,541
CVE-2021-45327,KEV-first,100.139,542
CVE-2021-41609,KEV-first,100.138,543
CVE-2022-21276,KEV-first,100.138,544
CVE-2021-44617,KEV-first,100.122,545
CVE-2021-45807,KEV-first,100.118,546
CVE-2021-35689,KEV-first,100.117,547
CVE-2022-25643,KEV-first,100.108,548
CVE-2022-25096,KEV-first,100.101,549
CVE-2021-44971,KEV-first,100.1,550
CVE-2021-31617,KEV-first,100.089,551
CVE-2022-0748,KEV-first,100.089,552
CVE-2021-42786,KEV-first,100.086,553
CVE-2022-0318,KEV-first,100.086,554
CVE-2021-42940,KEV-first,100.085,555
CVE-2021-23484,KEV-first,100.05,556
CVE-2021-39623,KEV-first,100.041,557
CVE-2021-46427,KEV-first,100.037,558
CVE-2022-26285,KEV-first,100.029,559
CVE-2022-0254,KEV-first,100.028,560
CVE-2022-25263,KEV-first,100.027,561
CVE-2022-25016,KEV-first,100.015,562
CVE-2022-26205,KEV-first,100.014,563
CVE-2022-24259,KEV-first,100.001,564
CVE-2022-22586,KEV-first,100.0,565
CVE-2021-32008,KEV-first,99.996,566
CVE-2021-46089,KEV-first,99.996,567
CVE-2022-23603,KEV-first,99.994,568
CVE-2022-0320,KEV-first,99.989,569
CVE-2022-0767,KEV-first,99.985,570
CVE-2020-24769,KEV-first,99.979,571
CVE-2022-0224,KEV-first,99.979,572
CVE-2022-26284,KEV-first,99.979,573
CVE-2021-44259,KEV-first,99.958,574
CVE-2021-22803,KEV-first,99.943,575
CVE-2021-26706,KEV-first,99.939,576
CVE-2021-36302,KEV-first,99.933,577
CVE-2022-22273,KEV-first,99.933,578
CVE-2021-34235,KEV-first,99.932,579
CVE-2022-25517,KEV-first,99.931,580
CVE-2021-43090,KEV-first,99.926,581
CVE-2021-45990,KEV-first,99.921,582
CVE-2022-23304,KEV-first,99.903,583
CVE-2022-26184,KEV-first,99.901,584
CVE-2022-24047,KEV-first,99.895,585
CVE-2022-1000,KEV-first,99.893,586
CVE-2021-41928,KEV-first,99.881,587
CVE-2022-24136,KEV-first,99.881,588
CVE-2022-26249,KEV-first,99.88,589
CVE-2021-40410,KEV-first,99.876,590
CVE-2022-25251,KEV-first,99.871,591
CVE-2021-45986,KEV-first,99.869,592
CVE-2021-45987,KEV-first,99.869,593
CVE-2021-46703,KEV-first,99.861,594
CVE-2021-43509,KEV-first,99.85,595
CVE-2022-0694,KEV-first,99.849,596
CVE-2021-33945,KEV-first,99.846,597
CVE-2022-26279,KEV-first,99.842,598
CVE-2022-27919,KEV-first,99.841,599
CVE-2021-44249,KEV-first,99.831,600
CVE-2021-44908,KEV-first,99.827,601
CVE-2021-38172,KEV-first,99.826,602
CVE-2022-23315,KEV-first,99.819,603
CVE-2022-25246,KEV-first,99.807,604
CVE-2021-39070,KEV-first,99.805,605
CVE-2022-25578,KEV-first,99.803,606
CVE-2022-26255,KEV-first,99.788,607
CVE-2021-44623,KEV-first,99.782,608
CVE-2021-44625,KEV-first,99.782,609
CVE-2021-23543,KEV-first,99.762,610
CVE-2021-23594,KEV-first,99.762,611
CVE-2022-25417,KEV-first,99.761,612
CVE-2022-25418,KEV-first,99.761,613
CVE-2021-46198,KEV-first,99.751,614
CVE-2022-0895,KEV-first,99.748,615
CVE-2021-46262,KEV-first,99.734,616
CVE-2021-46263,KEV-first,99.734,617
CVE-2021-46264,KEV-first,99.734,618
CVE-2021-46265,KEV-first,99.734,619
CVE-2021-46321,KEV-first,99.734,620
CVE-2021-45364,KEV-first,99.724,621
CVE-2022-23880,KEV-first,99.724,622
CVE-2022-24595,KEV-first,99.723,623
CVE-2022-0664,KEV-first,99.714,624
CVE-2022-23855,KEV-first,99.712,625
CVE-2021-24949,KEV-first,99.704,626
CVE-2022-25521,KEV-first,99.694,627
CVE-2022-25427,KEV-first,99.69200000000001,628
CVE-2022-25428,KEV-first,99.69200000000001,629
CVE-2022-25429,KEV-first,99.69200000000001,630
CVE-2022-25431,KEV-first,99.69200000000001,631
CVE-2022-25433,KEV-first,99.69200000000001,632
CVE-2022-25435,KEV-first,99.69200000000001,633
CVE-2022-25437,KEV-first,99.69200000000001,634
CVE-2022-25439,KEV-first,99.69200000000001,635
CVE-2022-25440,KEV-first,99.69200000000001,636
CVE-2022-25446,KEV-first,99.69200000000001,637
CVE-2022-25447,KEV-first,99.69200000000001,638
CVE-2022-25448,KEV-first,99.69200000000001,639
CVE-2022-25449,KEV-first,99.69200000000001,640
CVE-2022-25451,KEV-first,99.69200000000001,641
CVE-2022-25452,KEV-first,99.69200000000001,642
CVE-2022-25453,KEV-first,99.69200000000001,643
CVE-2022-25454,KEV-first,99.69200000000001,644
CVE-2022-25455,KEV-first,99.69200000000001,645
CVE-2022-25456,KEV-first,99.69200000000001,646
CVE-2022-25457,KEV-first,99.69200000000001,647
CVE-2022-25458,KEV-first,99.69200000000001,648
CVE-2022-25459,KEV-first,99.69200000000001,649
CVE-2022-25460,KEV-first,99.69200000000001,650
CVE-2022-25461,KEV-first,99.69200000000001,651
CVE-2022-26278,KEV-first,99.69200000000001,652
CVE-2022-26198,KEV-first,99.689,653
CVE-2021-43110,KEV-first,99.674,654
CVE-2021-29396,KEV-first,99.67,655
CVE-2022-24715,KEV-first,99.67,656
CVE-2020-25905,KEV-first,99.666,657
CVE-2021-46463,KEV-first,99.663,658
CVE-2022-24300,KEV-first,99.66,659
CVE-2021-45809,KEV-first,99.648,660
CVE-2022-24766,KEV-first,99.646,661
CVE-2022-24961,KEV-first,99.644,662
CVE-2022-25222,KEV-first,99.64,663
CVE-2022-24571,KEV-first,99.638,664
CVE-2022-25003,KEV-first,99.638,665
CVE-2022-25004,KEV-first,99.638,666
CVE-2022-0401,KEV-first,99.623,667
CVE-2022-25139,KEV-first,99.616,668
CVE-2021-20001,KEV-first,99.615,669
CVE-2021-25007,KEV-first,99.608,670
CVE-2021-25070,KEV-first,99.608,671
CVE-2022-25490,KEV-first,99.608,672
CVE-2022-25492,KEV-first,99.608,673
CVE-2021-25992,KEV-first,99.603,674
CVE-2021-46061,KEV-first,99.599,675
CVE-2022-23314,KEV-first,99.595,676
CVE-2021-20325,KEV-first,99.593,677
CVE-2022-23901,KEV-first,99.588,678
CVE-2021-43506,KEV-first,99.575,679
CVE-2022-22295,KEV-first,99.575,680
CVE-2022-23335,KEV-first,99.575,681
CVE-2022-25403,KEV-first,99.575,682
CVE-2021-42854,KEV-first,99.568,683
CVE-2021-36294,KEV-first,99.56,684
CVE-2021-22801,KEV-first,99.557,685
CVE-2022-26283,KEV-first,99.557,686
CVE-2022-27240,KEV-first,99.557,687
CVE-2021-46200,KEV-first,99.556,688
CVE-2021-46201,KEV-first,99.556,689
CVE-2021-46307,KEV-first,99.556,690
CVE-2021-46308,KEV-first,99.556,691
CVE-2021-46309,KEV-first,99.556,692
CVE-2022-24609,KEV-first,99.55,693
CVE-2022-21142,KEV-first,99.547,694
CVE-2022-25394,KEV-first,99.537,695
CVE-2022-22632,KEV-first,99.536,696
CVE-2021-41842,KEV-first,99.534,697
CVE-2022-23340,KEV-first,99.505,698
CVE-2022-26201,KEV-first,99.495,699
CVE-2022-26314,KEV-first,99.488,700
CVE-2021-45876,KEV-first,99.485,701
CVE-2020-4879,KEV-first,99.481,702
CVE-2021-40412,KEV-first,99.477,703
CVE-2021-30636,KEV-first,99.475,704
CVE-2021-36166,KEV-first,99.472,705
CVE-2022-0362,KEV-first,99.467,706
CVE-2021-43142,KEV-first,99.465,707
CVE-2021-43958,KEV-first,99.465,708
CVE-2022-28205,KEV-first,99.462,709
CVE-2022-28206,KEV-first,99.462,710
CVE-2021-45005,KEV-first,99.456,711
CVE-2022-23390,KEV-first,99.454,712
CVE-2020-36064,KEV-first,99.451,713
CVE-2021-45330,KEV-first,99.447,714
CVE-2021-44245,KEV-first,99.444,715
CVE-2022-22641,KEV-first,99.444,716
CVE-2022-25621,KEV-first,99.442,717
CVE-2022-25262,KEV-first,99.44,718
CVE-2022-25299,KEV-first,99.433,719
CVE-2022-24307,KEV-first,99.426,720
CVE-2021-45331,KEV-first,99.423,721
CVE-2021-39363,KEV-first,99.418,722
CVE-2021-44868,KEV-first,99.412,723
CVE-2022-0080,KEV-first,99.41,724
CVE-2021-38278,KEV-first,99.408,725
CVE-2021-41736,KEV-first,99.398,726
CVE-2021-44618,KEV-first,99.395,727
CVE-2022-24752,KEV-first,99.392,728
CVE-2021-4171,KEV-first,99.387,729
CVE-2021-45865,KEV-first,99.384,730
CVE-2021-44610,KEV-first,99.374,731
CVE-2022-22880,KEV-first,99.374,732
CVE-2022-22881,KEV-first,99.374,733
CVE-2022-23379,KEV-first,99.374,734
CVE-2022-25095,KEV-first,99.373,735
CVE-2021-37354,KEV-first,99.363,736
CVE-2021-45740,KEV-first,99.363,737
CVE-2021-40595,KEV-first,99.356,738
CVE-2021-44620,KEV-first,99.35,739
CVE-2021-27797,KEV-first,99.347,740
CVE-2022-22704,KEV-first,99.334,741
CVE-2021-43049,KEV-first,99.326,742
CVE-2022-22922,KEV-first,99.324,743
CVE-2022-28209,KEV-first,99.32,744
CVE-2022-0766,KEV-first,99.315,745
CVE-2022-26260,KEV-first,99.315,746
CVE-2021-45802,KEV-first,99.313,747
CVE-2022-22989,KEV-first,99.31,748
CVE-2022-25045,KEV-first,99.307,749
CVE-2022-24552,KEV-first,99.306,750
CVE-2022-24600,KEV-first,99.305,751
CVE-2021-36152,KEV-first,99.302,752
CVE-2022-22885,KEV-first,99.301,753
CVE-2021-33046,KEV-first,99.296,754
CVE-2021-43420,KEV-first,99.289,755
CVE-2022-23640,KEV-first,99.275,756
CVE-2022-26169,KEV-first,99.275,757
CVE-2022-26170,KEV-first,99.275,758
CVE-2022-26171,KEV-first,99.275,759
CVE-2021-44550,KEV-first,99.269,760
CVE-2022-0559,KEV-first,99.262,761
CVE-2021-24044,KEV-first,99.26,762
CVE-2021-43735,KEV-first,99.259,763
CVE-2021-40596,KEV-first,99.254,764
CVE-2021-40907,KEV-first,99.254,765
CVE-2021-41472,KEV-first,99.254,766
CVE-2021-41659,KEV-first,99.254,767
CVE-2021-41660,KEV-first,99.254,768
CVE-2021-44092,KEV-first,99.254,769
CVE-2021-44244,KEV-first,99.254,770
CVE-2021-46451,KEV-first,99.254,771
CVE-2022-23364,KEV-first,99.254,772
CVE-2021-43086,KEV-first,99.248,773
CVE-2021-45756,KEV-first,99.243,774
CVE-2022-0570,KEV-first,99.243,775
CVE-2021-24042,KEV-first,99.242,776
CVE-2022-25396,KEV-first,99.239,777
CVE-2022-25398,KEV-first,99.239,778
CVE-2022-25399,KEV-first,99.239,779
CVE-2022-27250,KEV-first,99.237,780
CVE-2020-13675,KEV-first,99.236,781
CVE-2022-0982,KEV-first,99.235,782
CVE-2022-26646,KEV-first,99.235,783
CVE-2021-39708,KEV-first,99.23,784
CVE-2021-41471,KEV-first,99.228,785
CVE-2022-23365,KEV-first,99.228,786
CVE-2021-3242,KEV-first,99.227,787
CVE-2022-0139,KEV-first,99.227,788
CVE-2022-23799,KEV-first,99.225,789
CVE-2022-22635,KEV-first,99.224,790
CVE-2021-40010,KEV-first,99.22,791
CVE-2022-25880,KEV-first,99.219,792
CVE-2022-25980,KEV-first,99.219,793
CVE-2022-26059,KEV-first,99.219,794
CVE-2022-26065,KEV-first,99.219,795
CVE-2022-26069,KEV-first,99.219,796
CVE-2022-26338,KEV-first,99.219,797
CVE-2022-26349,KEV-first,99.219,798
CVE-2022-26514,KEV-first,99.219,799
CVE-2022-26666,KEV-first,99.219,800
CVE-2022-26667,KEV-first,99.219,801
CVE-2022-26836,KEV-first,99.219,802
CVE-2022-27175,KEV-first,99.219,803
CVE-2022-0239,KEV-first,99.217,804
CVE-2021-39384,KEV-first,99.214,805
CVE-2020-28102,KEV-first,99.213,806
CVE-2022-21217,KEV-first,99.213,807
CVE-2022-23358,KEV-first,99.213,808
CVE-2022-23902,KEV-first,99.213,809
CVE-2022-24206,KEV-first,99.213,810
CVE-2013-20004,KEV-first,99.211,811
CVE-2016-1239,KEV-first,99.211,812
CVE-2021-46446,KEV-first,99.211,813
CVE-2022-22987,KEV-first,99.211,814
CVE-2022-23848,KEV-first,99.211,815
CVE-2021-27426,KEV-first,99.21,816
CVE-2021-27428,KEV-first,99.21,817
CVE-2022-0086,KEV-first,99.207,818
CVE-2021-45786,KEV-first,99.198,819
CVE-2021-46444,KEV-first,99.195,820
CVE-2021-46445,KEV-first,99.195,821
CVE-2021-46448,KEV-first,99.195,822
CVE-2021-46093,KEV-first,99.186,823
CVE-2022-24704,KEV-first,99.182,824
CVE-2022-24705,KEV-first,99.182,825
CVE-2021-46033,KEV-first,99.176,826
CVE-2022-21241,KEV-first,99.174,827
CVE-2022-22642,KEV-first,99.17,828
CVE-2021-43394,KEV-first,99.169,829
CVE-2022-26273,KEV-first,99.168,830
CVE-2021-45389,KEV-first,99.166,831
CVE-2022-26100,KEV-first,99.164,832
CVE-2021-29215,KEV-first,99.16,833
CVE-2021-46660,KEV-first,99.158,834
CVE-2022-22847,KEV-first,99.155,835
CVE-2022-24602,KEV-first,99.155,836
CVE-2022-24603,KEV-first,99.155,837
CVE-2022-24604,KEV-first,99.155,838
CVE-2022-24605,KEV-first,99.155,839
CVE-2022-24606,KEV-first,99.155,840
CVE-2022-24607,KEV-first,99.155,841
CVE-2022-24568,KEV-first,99.151,842
CVE-2022-22294,KEV-first,99.148,843
CVE-2022-23795,KEV-first,99.147,844
CVE-2022-22770,KEV-first,99.146,845
CVE-2022-24331,KEV-first,99.146,846
CVE-2021-46110,KEV-first,99.141,847
CVE-2021-45877,KEV-first,99.126,848
CVE-2020-14115,KEV-first,99.122,849
CVE-2021-43700,KEV-first,99.112,850
CVE-2021-44090,KEV-first,99.11,851
CVE-2022-23797,KEV-first,99.106,852
CVE-2020-28103,KEV-first,99.096,853
CVE-2021-45435,KEV-first,99.096,854
CVE-2022-23336,KEV-first,99.096,855
CVE-2022-24219,KEV-first,99.096,856
CVE-2022-24220,KEV-first,99.096,857
CVE-2022-24221,KEV-first,99.096,858
CVE-2022-24222,KEV-first,99.096,859
CVE-2021-46204,KEV-first,99.094,860
CVE-2021-44530,KEV-first,99.091,861
CVE-2022-22810,KEV-first,99.091,862
CVE-2021-40050,KEV-first,99.09,863
CVE-2021-22820,KEV-first,99.084,864
CVE-2021-45977,KEV-first,99.083,865
CVE-2022-23882,KEV-first,99.08,866
CVE-2022-23899,KEV-first,99.08,867
CVE-2022-25494,KEV-first,99.08,868
CVE-2022-25505,KEV-first,99.08,869
CVE-2022-26301,KEV-first,99.08,870
CVE-2022-22813,KEV-first,99.071,871
CVE-2021-45898,KEV-first,99.069,872
CVE-2021-43636,KEV-first,99.068,873
CVE-2022-24988,KEV-first,99.068,874
CVE-2022-25337,KEV-first,99.059,875
CVE-2021-39979,KEV-first,99.054,876
CVE-2022-24074,KEV-first,99.052,877
CVE-2022-24955,KEV-first,99.052,878
CVE-2022-0923,KEV-first,99.045,879
CVE-2021-26622,KEV-first,99.034,880
CVE-2022-25404,KEV-first,99.029,881
CVE-2022-25405,KEV-first,99.029,882
CVE-2022-25406,KEV-first,99.029,883
CVE-2022-24340,KEV-first,99.027,884
CVE-2022-23730,KEV-first,99.024,885
CVE-2022-23402,KEV-first,98.997,886
CVE-2022-0845,KEV-first,98.98,887
CVE-2021-46024,KEV-first,98.968,888
CVE-2022-21194,KEV-first,98.968,889
CVE-2022-23363,KEV-first,98.968,890
CVE-2022-26313,KEV-first,98.968,891
CVE-2022-0339,KEV-first,98.962,892
CVE-2021-43084,KEV-first,98.956,893
CVE-2021-46377,KEV-first,98.956,894
CVE-2022-26268,KEV-first,98.956,895
CVE-2022-0631,KEV-first,98.922,896
CVE-2021-44701,KEV-first,98.906,897
CVE-2020-4877,KEV-first,98.898,898
CVE-2021-22434,KEV-first,98.898,899
CVE-2021-22429,KEV-first,98.894,900
CVE-2021-22432,KEV-first,98.894,901
CVE-2021-37120,KEV-first,98.888,902
CVE-2021-37128,KEV-first,98.874,903
CVE-2021-22426,KEV-first,98.873,904
CVE-2021-22433,KEV-first,98.873,905
CVE-2021-39994,KEV-first,98.862,906
CVE-2021-22430,KEV-first,98.854,907
CVE-2021-39996,KEV-first,98.843,908
CVE-2021-39997,KEV-first,98.796,909
CVE-2021-22431,KEV-first,98.763,910
CVE-2021-39993,KEV-first,98.756,911
CVE-2021-39990,KEV-first,98.752,912
CVE-2021-22480,KEV-first,98.741,913
CVE-2021-37121,KEV-first,98.741,914
CVE-2021-40046,KEV-first,98.741,915
CVE-2021-29656,KEV-first,98.68,916
CVE-2021-1049,KEV-first,98.666,917
CVE-2021-40855,KEV-first,98.66,918
CVE-2021-39616,KEV-first,98.583,919
CVE-2021-39658,KEV-first,98.573,920
CVE-2021-29655,KEV-first,98.537,921
CVE-2021-39710,KEV-first,98.518,922
CVE-2021-39720,KEV-first,98.518,923
CVE-2021-39723,KEV-first,98.518,924
CVE-2021-39737,KEV-first,98.518,925
CVE-2022-20624,KEV-first,98.404,926
CVE-2021-20323,KEV-first,98.24600000000001,927
CVE-2021-40909,KEV-first,98.181,928
CVE-2021-24814,KEV-first,98.085,929
CVE-2022-0290,KEV-first,98.038,930
CVE-2021-4201,KEV-first,97.994,931
CVE-2022-25069,KEV-first,97.961,932
CVE-2022-20623,KEV-first,97.859,933
CVE-2020-25176,KEV-first,97.421,934
CVE-2022-20658,KEV-first,97.393,935
CVE-2022-22114,KEV-first,97.296,936
CVE-2022-23119,KEV-first,97.25,937
CVE-2022-23046,KEV-first,97.243,938
CVE-2021-41987,KEV-first,97.229,939
CVE-2021-46360,KEV-first,97.18299999999999,940
CVE-2022-25395,KEV-first,97.037,941
CVE-2021-44673,KEV-first,96.963,942
CVE-2022-0097,KEV-first,96.894,943
CVE-2022-0715,KEV-first,96.849,944
CVE-2022-24463,KEV-first,96.79,945
CVE-2021-25010,KEV-first,96.612,946
CVE-2021-37208,KEV-first,96.535,947
CVE-2022-23614,KEV-first,96.209,948
CVE-2022-0742,KEV-first,96.038,949
CVE-2019-16864,KEV-first,95.714,950
CVE-2021-32849,KEV-first,95.65,951
CVE-2022-21723,KEV-first,95.478,952
CVE-2021-42787,KEV-first,95.328,953
CVE-2022-24711,KEV-first,95.173,954
CVE-2021-46164,KEV-first,95.136,955
CVE-2022-21881,KEV-first,95.019,956
CVE-2022-23626,KEV-first,94.874,957
CVE-2022-21817,KEV-first,94.749,958
CVE-2021-40525,KEV-first,94.706,959
CVE-2021-46398,KEV-first,94.663,960
CVE-2021-45341,KEV-first,94.617,961
CVE-2021-45062,KEV-first,94.497,962
CVE-2021-30317,KEV-first,94.389,963
CVE-2022-26131,KEV-first,94.321,964
CVE-2022-24315,KEV-first,94.255,965
CVE-2022-26629,KEV-first,94.222,966
CVE-2022-23806,KEV-first,94.099,967
CVE-2021-21965,KEV-first,94.021,968
CVE-2022-24303,KEV-first,93.879,969
CVE-2022-25312,KEV-first,93.858,970
CVE-2021-43052,KEV-first,93.854,971
CVE-2021-34994,KEV-first,93.789,972
CVE-2021-45079,KEV-first,93.784,973
CVE-2021-46063,KEV-first,93.731,974
CVE-2022-23096,KEV-first,93.598,975
CVE-2022-21722,KEV-first,93.405,976
CVE-2022-25260,KEV-first,93.391,977
CVE-2022-23097,KEV-first,93.372,978
CVE-2021-44651,KEV-first,93.263,979
CVE-2022-0860,KEV-first,93.256,980
CVE-2021-25082,KEV-first,93.229,981
CVE-2021-42833,KEV-first,93.211,982
CVE-2022-24790,KEV-first,93.191,983
CVE-2022-0365,KEV-first,93.182,984
CVE-2021-43302,KEV-first,93.179,985
CVE-2022-24314,KEV-first,93.178,986
CVE-2021-3850,KEV-first,93.17,987
CVE-2021-30275,KEV-first,93.154,988
CVE-2021-30276,KEV-first,93.154,989
CVE-2021-30285,KEV-first,93.147,990
CVE-2021-33293,KEV-first,93.099,991
CVE-2022-24387,KEV-first,93.058,992
CVE-2021-42640,KEV-first,93.043,993
CVE-2022-23959,KEV-first,92.973,994
CVE-2022-0686,KEV-first,92.827,995
CVE-2022-24976,KEV-first,92.82,996
CVE-2022-21984,KEV-first,92.797,997
CVE-2021-40420,KEV-first,92.687,998
CVE-2022-0768,KEV-first,92.642,999
CVE-2022-0623,KEV-first,92.637,1000
CVE-2022-25402,KEV-first,92.609,1001
CVE-2021-45897,KEV-first,92.608,1002
CVE-2021-42853,KEV-first,92.568,1003
CVE-2021-42767,KEV-first,92.529,1004
CVE-2022-24724,KEV-first,92.51,1005
CVE-2022-22952,KEV-first,92.507,1006
CVE-2022-26019,KEV-first,92.497,1007
CVE-2021-28506,KEV-first,92.418,1008
CVE-2022-23408,KEV-first,92.417,1009
CVE-2022-26546,KEV-first,92.406,1010
CVE-2022-22544,KEV-first,92.399,1011
CVE-2022-23631,KEV-first,92.332,1012
CVE-2022-25008,KEV-first,92.33,1013
CVE-2022-0671,KEV-first,92.262,1014
CVE-2021-34997,KEV-first,92.248,1015
CVE-2022-0871,KEV-first,92.24,1016
CVE-2021-45960,KEV-first,92.234,1017
CVE-2022-25577,KEV-first,92.215,1018
CVE-2022-23383,KEV-first,92.202,1019
CVE-2022-0525,KEV-first,92.162,1020
CVE-2022-0439,KEV-first,92.156,1021
CVE-2022-24407,KEV-first,92.123,1022
CVE-2021-24043,KEV-first,92.119,1023
CVE-2021-45878,KEV-first,92.111,1024
CVE-2022-25090,KEV-first,92.1,1025
CVE-2022-28223,KEV-first,92.091,1026
CVE-2022-24384,KEV-first,92.09,1027
CVE-2021-45490,KEV-first,92.087,1028
CVE-2022-24046,KEV-first,92.085,1029
CVE-2022-1106,KEV-first,92.047,1030
CVE-2022-21644,KEV-first,92.037,1031
CVE-2022-21669,KEV-first,92.032,1032
CVE-2022-22374,KEV-first,92.001,1033
CVE-2022-25010,KEV-first,92.001,1034
CVE-2022-25098,KEV-first,91.987,1035
CVE-2022-26320,KEV-first,91.967,1036
CVE-2022-24123,KEV-first,91.945,1037
CVE-2022-0717,KEV-first,91.921,1038
CVE-2021-28500,KEV-first,91.868,1039
CVE-2021-4070,KEV-first,91.858,1040
CVE-2021-22805,KEV-first,91.85,1041
CVE-2021-28501,KEV-first,91.844,1042
CVE-2021-22394,KEV-first,91.843,1043
CVE-2021-46743,KEV-first,91.789,1044
CVE-2022-21686,KEV-first,91.786,1045
CVE-2021-37116,KEV-first,91.741,1046
CVE-2021-22448,KEV-first,91.739,1047
CVE-2021-40053,KEV-first,91.706,1048
CVE-2022-23610,KEV-first,91.697,1049
CVE-2021-40904,KEV-first,91.69200000000001,1050
CVE-2021-44981,KEV-first,91.665,1051
CVE-2021-39982,KEV-first,91.637,1052
CVE-2022-0711,KEV-first,91.563,1053
CVE-2021-39635,KEV-first,91.5,1054
CVE-2022-22834,KEV-first,91.49,1055
CVE-2021-43799,KEV-first,91.386,1056
CVE-2021-41018,KEV-first,91.32300000000001,1057
CVE-2021-46076,KEV-first,91.306,1058
CVE-2022-25241,KEV-first,91.271,1059
CVE-2022-24342,KEV-first,91.252,1060
CVE-2022-27946,KEV-first,91.247,1061
CVE-2022-21969,KEV-first,91.117,1062
CVE-2022-21840,KEV-first,91.101,1063
CVE-2021-46113,KEV-first,91.097,1064
CVE-2021-34865,KEV-first,91.075,1065
CVE-2022-26846,KEV-first,91.063,1066
CVE-2022-21846,KEV-first,91.06,1067
CVE-2021-24962,KEV-first,91.041,1068
CVE-2022-22115,KEV-first,91.034,1069
CVE-2021-25036,KEV-first,91.033,1070
CVE-2021-40905,KEV-first,91.027,1071
CVE-2021-25052,KEV-first,90.985,1072
CVE-2022-27945,KEV-first,90.945,1073
CVE-2022-21901,KEV-first,90.928,1074
CVE-2022-21855,KEV-first,90.927,1075
CVE-2021-33964,KEV-first,90.871,1076
CVE-2021-33965,KEV-first,90.871,1077
CVE-2022-27947,KEV-first,90.865,1078
CVE-2022-22723,KEV-first,90.822,1079
CVE-2022-22826,KEV-first,90.801,1080
CVE-2022-22827,KEV-first,90.801,1081
CVE-2022-22725,KEV-first,90.789,1082
CVE-2022-21850,KEV-first,90.783,1083
CVE-2022-21851,KEV-first,90.783,1084
CVE-2022-21920,KEV-first,90.771,1085
CVE-2022-21922,KEV-first,90.771,1086
CVE-2020-27467,KEV-first,90.737,1087
CVE-2022-25018,KEV-first,90.708,1088
CVE-2022-24971,KEV-first,90.7,1089
CVE-2021-45821,KEV-first,90.675,1090
CVE-2022-24125,KEV-first,90.675,1091
CVE-2021-41001,KEV-first,90.668,1092
CVE-2022-22715,KEV-first,90.636,1093
CVE-2022-22825,KEV-first,90.636,1094
CVE-2022-24254,KEV-first,90.6,1095
CVE-2021-41000,KEV-first,90.596,1096
CVE-2022-26504,KEV-first,90.57,1097
CVE-2022-24508,KEV-first,90.547,1098
CVE-2022-24357,KEV-first,90.543,1099
CVE-2022-24358,KEV-first,90.543,1100
CVE-2022-24359,KEV-first,90.543,1101
CVE-2022-24360,KEV-first,90.543,1102
CVE-2022-24361,KEV-first,90.543,1103
CVE-2022-24362,KEV-first,90.543,1104
CVE-2022-24363,KEV-first,90.543,1105
CVE-2022-24364,KEV-first,90.543,1106
CVE-2022-24365,KEV-first,90.543,1107
CVE-2022-24366,KEV-first,90.543,1108
CVE-2022-24367,KEV-first,90.543,1109
CVE-2022-24369,KEV-first,90.543,1110
CVE-2020-28679,KEV-first,90.532,1111
CVE-2022-21857,KEV-first,90.496,1112
CVE-2022-22771,KEV-first,90.451,1113
CVE-2021-44123,KEV-first,90.396,1114
CVE-2022-24356,KEV-first,90.341,1115
CVE-2022-24252,KEV-first,90.333,1116
CVE-2022-24985,KEV-first,90.32,1117
CVE-2021-39280,KEV-first,90.313,1118
CVE-2021-46097,KEV-first,90.297,1119
CVE-2022-23294,KEV-first,90.296,1120
CVE-2022-24289,KEV-first,90.282,1121
CVE-2022-20617,KEV-first,90.277,1122
CVE-2021-45068,KEV-first,90.264,1123
CVE-2021-24959,KEV-first,90.249,1124
CVE-2020-18326,KEV-first,90.243,1125
CVE-2021-41599,KEV-first,90.223,1126
CVE-2021-21408,KEV-first,90.22,1127
CVE-2022-22394,KEV-first,90.211,1128
CVE-2022-27223,KEV-first,90.151,1129
CVE-2021-42560,KEV-first,90.148,1130
CVE-2022-23274,KEV-first,90.145,1131
CVE-2022-25292,KEV-first,90.109,1132
CVE-2022-25293,KEV-first,90.109,1133
CVE-2022-23616,KEV-first,90.097,1134
CVE-2021-32650,KEV-first,90.087,1135
CVE-2020-25721,KEV-first,90.064,1136
CVE-2022-24355,KEV-first,90.058,1137
CVE-2022-0355,KEV-first,90.024,1138
CVE-2021-44892,KEV-first,90.021,1139
CVE-2021-39031,KEV-first,90.017,1140
CVE-2021-45008,KEV-first,89.959,1141
CVE-2021-42559,KEV-first,89.957,1142
CVE-2022-1049,KEV-first,89.953,1143
CVE-2021-20046,KEV-first,89.939,1144
CVE-2021-20048,KEV-first,89.939,1145
CVE-2022-24299,KEV-first,89.932,1146
CVE-2022-23330,KEV-first,89.926,1147
CVE-2021-3738,KEV-first,89.918,1148
CVE-2022-24644,KEV-first,89.896,1149
CVE-2021-44648,KEV-first,89.891,1150
CVE-2021-22748,KEV-first,89.855,1151
CVE-2022-22994,KEV-first,89.853,1152
CVE-2022-24262,KEV-first,89.825,1153
CVE-2021-34257,KEV-first,89.822,1154
CVE-2021-45268,KEV-first,89.821,1155
CVE-2022-0204,KEV-first,89.80799999999999,1156
CVE-2022-25291,KEV-first,89.804,1157
CVE-2022-22150,KEV-first,89.795,1158
CVE-2022-24354,KEV-first,89.788,1159
CVE-2021-43999,KEV-first,89.784,1160
CVE-2021-43970,KEV-first,89.777,1161
CVE-2021-45406,KEV-first,89.775,1162
CVE-2021-38965,KEV-first,89.761,1163
CVE-2021-43971,KEV-first,89.744,1164
CVE-2021-43973,KEV-first,89.707,1165
CVE-2021-43304,KEV-first,89.672,1166
CVE-2021-43305,KEV-first,89.672,1167
CVE-2022-0258,KEV-first,89.658,1168
CVE-2021-43075,KEV-first,89.623,1169
CVE-2022-0729,KEV-first,89.622,1170
CVE-2021-44710,KEV-first,89.613,1171
CVE-2020-25722,KEV-first,89.606,1172
CVE-2022-23118,KEV-first,89.603,1173
CVE-2022-25181,KEV-first,89.601,1174
CVE-2022-25182,KEV-first,89.601,1175
CVE-2022-22688,KEV-first,89.598,1176
CVE-2020-25718,KEV-first,89.595,1177
CVE-2022-26183,KEV-first,89.594,1178
CVE-2021-45394,KEV-first,89.581,1179
CVE-2021-42950,KEV-first,89.571,1180
CVE-2021-42951,KEV-first,89.571,1181
CVE-2022-25183,KEV-first,89.571,1182
CVE-2021-25030,KEV-first,89.562,1183
CVE-2022-22590,KEV-first,89.555,1184
CVE-2021-25994,KEV-first,89.549,1185
CVE-2021-45064,KEV-first,89.54599999999999,1186
CVE-2022-0478,KEV-first,89.535,1187
CVE-2021-34978,KEV-first,89.52,1188
CVE-2021-24919,KEV-first,89.517,1189
CVE-2022-0411,KEV-first,89.517,1190
CVE-2021-45222,KEV-first,89.506,1191
CVE-2022-25267,KEV-first,89.502,1192
CVE-2022-0100,KEV-first,89.5,1193
CVE-2022-0115,KEV-first,89.496,1194
CVE-2022-24676,KEV-first,89.492,1195
CVE-2021-25069,KEV-first,89.487,1196
CVE-2022-1030,KEV-first,89.487,1197
CVE-2021-4080,KEV-first,89.474,1198
CVE-2022-0687,KEV-first,89.462,1199
CVE-2022-24713,KEV-first,89.46000000000001,1200
CVE-2022-25173,KEV-first,89.444,1201
CVE-2022-25174,KEV-first,89.443,1202
CVE-2021-44737,KEV-first,89.435,1203
CVE-2022-0101,KEV-first,89.413,1204
CVE-2022-0896,KEV-first,89.41,1205
CVE-2022-23346,KEV-first,89.404,1206
CVE-2022-25175,KEV-first,89.404,1207
CVE-2022-23652,KEV-first,89.397,1208
CVE-2021-43073,KEV-first,89.386,1209
CVE-2022-24255,KEV-first,89.376,1210
CVE-2021-34979,KEV-first,89.374,1211
CVE-2021-34980,KEV-first,89.372,1212
CVE-2022-0096,KEV-first,89.361,1213
CVE-2021-45806,KEV-first,89.355,1214
CVE-2021-24786,KEV-first,89.348,1215
CVE-2021-4133,KEV-first,89.347,1216
CVE-2022-22941,KEV-first,89.346,1217
CVE-2022-0104,KEV-first,89.344,1218
CVE-2022-24251,KEV-first,89.34,1219
CVE-2021-43269,KEV-first,89.339,1220
CVE-2021-46114,KEV-first,89.339,1221
CVE-2021-32649,KEV-first,89.336,1222
CVE-2022-24450,KEV-first,89.33,1223
CVE-2021-24952,KEV-first,89.318,1224
CVE-2021-25054,KEV-first,89.318,1225
CVE-2022-0410,KEV-first,89.318,1226
CVE-2022-22735,KEV-first,89.318,1227
CVE-2022-25360,KEV-first,89.314,1228
CVE-2022-0102,KEV-first,89.312,1229
CVE-2021-45808,KEV-first,89.305,1230
CVE-2022-0106,KEV-first,89.305,1231
CVE-2022-24253,KEV-first,89.304,1232
CVE-2022-24770,KEV-first,89.298,1233
CVE-2022-0190,KEV-first,89.292,1234
CVE-2022-26266,KEV-first,89.292,1235
CVE-2022-0105,KEV-first,89.29,1236
CVE-2022-23873,KEV-first,89.281,1237
CVE-2022-22689,KEV-first,89.28,1238
CVE-2021-46010,KEV-first,89.243,1239
CVE-2021-22824,KEV-first,89.241,1240
CVE-2022-22727,KEV-first,89.235,1241
CVE-2022-0386,KEV-first,89.229,1242
CVE-2021-24864,KEV-first,89.221,1243
CVE-2022-0103,KEV-first,89.208,1244
CVE-2021-31589,KEV-first,89.207,1245
CVE-2021-4154,KEV-first,89.206,1246
CVE-2021-22826,KEV-first,89.201,1247
CVE-2021-22827,KEV-first,89.201,1248
CVE-2022-25023,KEV-first,89.195,1249
CVE-2022-0099,KEV-first,89.184,1250
CVE-2021-45803,KEV-first,89.179,1251
CVE-2022-23331,KEV-first,89.175,1252
CVE-2022-23559,KEV-first,89.173,1253
CVE-2022-0981,KEV-first,89.168,1254
CVE-2021-46242,KEV-first,89.164,1255
CVE-2022-24947,KEV-first,89.16,1256
CVE-2021-33828,KEV-first,89.156,1257
CVE-2021-41598,KEV-first,89.152,1258
CVE-2022-1064,KEV-first,89.152,1259
CVE-2021-26726,KEV-first,89.148,1260
CVE-2021-34977,KEV-first,89.146,1261
CVE-2022-23604,KEV-first,89.129,1262
CVE-2022-23858,KEV-first,89.121,1263
CVE-2022-25211,KEV-first,89.11,1264
CVE-2022-25209,KEV-first,89.107,1265
CVE-2022-25208,KEV-first,89.097,1266
CVE-2021-40662,KEV-first,89.096,1267
CVE-2021-43852,KEV-first,89.094,1268
CVE-2021-44302,KEV-first,89.089,1269
CVE-2022-21808,KEV-first,89.059,1270
CVE-2022-25510,KEV-first,89.051,1271
CVE-2021-4101,KEV-first,89.042,1272
CVE-2022-22985,KEV-first,89.042,1273
CVE-2021-41597,KEV-first,89.033,1274
CVE-2022-22113,KEV-first,89.024,1275
CVE-2022-0484,KEV-first,88.997,1276
CVE-2022-22111,KEV-first,88.996,1277
CVE-2022-0366,KEV-first,88.99,1278
CVE-2022-22509,KEV-first,88.99,1279
CVE-2021-27475,KEV-first,88.989,1280
CVE-2022-23380,KEV-first,88.97,1281
CVE-2021-45791,KEV-first,88.969,1282
CVE-2022-22854,KEV-first,88.947,1283
CVE-2022-22729,KEV-first,88.945,1284
CVE-2022-0107,KEV-first,88.941,1285
CVE-2022-0983,KEV-first,88.934,1286
CVE-2022-0098,KEV-first,88.933,1287
CVE-2021-36625,KEV-first,88.928,1288
CVE-2022-23566,KEV-first,88.924,1289
CVE-2021-46008,KEV-first,88.918,1290
CVE-2021-45033,KEV-first,88.906,1291
CVE-2022-23644,KEV-first,88.905,1292
CVE-2022-27245,KEV-first,88.895,1293
CVE-2022-23587,KEV-first,88.888,1294
CVE-2022-24551,KEV-first,88.886,1295
CVE-2022-0270,KEV-first,88.88,1296
CVE-2022-0311,KEV-first,88.877,1297
CVE-2022-22934,KEV-first,88.875,1298
CVE-2021-40416,KEV-first,88.867,1299
CVE-2022-23347,KEV-first,88.844,1300
CVE-2021-3967,KEV-first,88.838,1301
CVE-2022-23560,KEV-first,88.837,1302
CVE-2022-23574,KEV-first,88.837,1303
CVE-2022-25216,KEV-first,88.83500000000001,1304
CVE-2022-22936,KEV-first,88.827,1305
CVE-2022-0215,KEV-first,88.82,1306
CVE-2022-23888,KEV-first,88.82,1307
CVE-2021-37197,KEV-first,88.816,1308
CVE-2021-43077,KEV-first,88.81,1309
CVE-2022-0197,KEV-first,88.81,1310
CVE-2022-0310,KEV-first,88.809,1311
CVE-2021-44704,KEV-first,88.801,1312
CVE-2022-23013,KEV-first,88.797,1313
CVE-2022-25199,KEV-first,88.787,1314
CVE-2022-25206,KEV-first,88.787,1315
CVE-2021-25051,KEV-first,88.773,1316
CVE-2021-29845,KEV-first,88.766,1317
CVE-2021-46366,KEV-first,88.758,1318
CVE-2021-4099,KEV-first,88.75,1319
CVE-2021-4100,KEV-first,88.75,1320
CVE-2022-0293,KEV-first,88.75,1321
CVE-2022-0295,KEV-first,88.75,1322
CVE-2022-0296,KEV-first,88.75,1323
CVE-2022-0297,KEV-first,88.75,1324
CVE-2022-0298,KEV-first,88.75,1325
CVE-2022-0300,KEV-first,88.75,1326
CVE-2022-0304,KEV-first,88.75,1327
CVE-2022-0307,KEV-first,88.75,1328
CVE-2022-0308,KEV-first,88.75,1329
CVE-2021-4029,KEV-first,88.748,1330
CVE-2022-22986,KEV-first,88.737,1331
CVE-2022-0196,KEV-first,88.736,1332
CVE-2022-24235,KEV-first,88.722,1333
CVE-2022-25207,KEV-first,88.717,1334
CVE-2022-28136,KEV-first,88.717,1335
CVE-2022-28150,KEV-first,88.717,1336
CVE-2022-24386,KEV-first,88.708,1337
CVE-2022-24709,KEV-first,88.692,1338
CVE-2021-33115,KEV-first,88.691,1339
CVE-2022-0323,KEV-first,88.691,1340
CVE-2022-25212,KEV-first,88.684,1341
CVE-2021-25073,KEV-first,88.683,1342
CVE-2021-40360,KEV-first,88.682,1343
CVE-2021-41552,KEV-first,88.68,1344
CVE-2020-24772,KEV-first,88.677,1345
CVE-2022-22808,KEV-first,88.677,1346
CVE-2021-25053,KEV-first,88.67,1347
CVE-2015-3298,KEV-first,88.662,1348
CVE-2021-3656,KEV-first,88.658,1349
CVE-2022-25192,KEV-first,88.655,1350
CVE-2022-0180,KEV-first,88.654,1351
CVE-2022-23349,KEV-first,88.652,1352
CVE-2022-0134,KEV-first,88.645,1353
CVE-2021-24763,KEV-first,88.644,1354
CVE-2021-39066,KEV-first,88.643,1355
CVE-2021-24696,KEV-first,88.63,1356
CVE-2021-24803,KEV-first,88.628,1357
CVE-2022-0499,KEV-first,88.628,1358
CVE-2021-24704,KEV-first,88.618,1359
CVE-2021-24879,KEV-first,88.612,1360
CVE-2022-0770,KEV-first,88.612,1361
CVE-2021-43353,KEV-first,88.608,1362
CVE-2022-0335,KEV-first,88.607,1363
CVE-2022-27204,KEV-first,88.578,1364
CVE-2021-45326,KEV-first,88.577,1365
CVE-2022-27432,KEV-first,88.576,1366
CVE-2022-21392,KEV-first,88.557,1367
CVE-2021-45886,KEV-first,88.555,1368
CVE-2022-25200,KEV-first,88.553,1369
CVE-2022-25523,KEV-first,88.553,1370
CVE-2021-4164,KEV-first,88.545,1371
CVE-2021-22954,KEV-first,88.543,1372
CVE-2022-23384,KEV-first,88.543,1373
CVE-2022-23561,KEV-first,88.54,1374
CVE-2021-34086,KEV-first,88.529,1375
CVE-2021-46147,KEV-first,88.528,1376
CVE-2022-0302,KEV-first,88.527,1377
CVE-2022-25194,KEV-first,88.527,1378
CVE-2022-25198,KEV-first,88.527,1379
CVE-2022-25205,KEV-first,88.527,1380
CVE-2021-44122,KEV-first,88.491,1381
CVE-2021-39022,KEV-first,88.49,1382
CVE-2021-43738,KEV-first,88.477,1383
CVE-2020-10632,KEV-first,88.473,1384
CVE-2021-22724,KEV-first,88.468,1385
CVE-2021-22725,KEV-first,88.468,1386
CVE-2022-21173,KEV-first,88.447,1387
CVE-2022-25915,KEV-first,88.447,1388
CVE-2021-39298,KEV-first,88.445,1389
CVE-2021-39297,KEV-first,88.441,1390
CVE-2021-39301,KEV-first,88.441,1391
CVE-2021-44312,KEV-first,88.429,1392
CVE-2021-34868,KEV-first,88.423,1393
CVE-2021-39299,KEV-first,88.423,1394
CVE-2021-39300,KEV-first,88.423,1395
CVE-2021-4093,KEV-first,88.419,1396
CVE-2021-34869,KEV-first,88.418,1397
CVE-2022-25268,KEV-first,88.417,1398
CVE-2021-0162,KEV-first,88.414,1399
CVE-2021-0163,KEV-first,88.414,1400
CVE-2020-9057,KEV-first,88.413,1401
CVE-2022-25242,KEV-first,88.385,1402
CVE-2021-39044,KEV-first,88.384,1403
CVE-2021-40000,KEV-first,88.384,1404
CVE-2021-40002,KEV-first,88.384,1405
CVE-2022-22346,KEV-first,88.384,1406
CVE-2022-1050,KEV-first,88.38,1407
CVE-2021-22783,KEV-first,88.37,1408
CVE-2021-40388,KEV-first,88.365,1409
CVE-2021-40389,KEV-first,88.365,1410
CVE-2021-40396,KEV-first,88.365,1411
CVE-2021-37198,KEV-first,88.361,1412
CVE-2020-7534,KEV-first,88.358,1413
CVE-2021-40044,KEV-first,88.325,1414
CVE-2022-24750,KEV-first,88.276,1415
CVE-2021-23843,KEV-first,88.241,1416
CVE-2021-39772,KEV-first,88.205,1417
CVE-2022-23594,KEV-first,88.144,1418
CVE-2022-24129,KEV-first,88.139,1419
CVE-2021-39946,KEV-first,88.042,1420
CVE-2021-44711,KEV-first,87.979,1421
CVE-2022-25486,KEV-first,87.966,1422
CVE-2022-25354,KEV-first,87.931,1423
CVE-2021-46354,KEV-first,87.888,1424
CVE-2021-3654,KEV-first,87.792,1425
CVE-2022-21690,KEV-first,87.789,1426
CVE-2022-0244,KEV-first,87.659,1427
CVE-2021-23664,KEV-first,87.389,1428
CVE-2021-44793,KEV-first,87.367,1429
CVE-2021-40401,KEV-first,87.324,1430
CVE-2022-22772,KEV-first,87.321,1431
CVE-2021-1573,KEV-first,87.307,1432
CVE-2021-34704,KEV-first,87.307,1433
CVE-2021-45392,KEV-first,87.294,1434
CVE-2022-21137,KEV-first,87.271,1435
CVE-2022-25546,KEV-first,87.269,1436
CVE-2022-22351,KEV-first,87.193,1437
CVE-2021-42631,KEV-first,87.17,1438
CVE-2022-22690,KEV-first,87.138,1439
CVE-2022-24754,KEV-first,87.097,1440
CVE-2022-21176,KEV-first,87.053,1441
CVE-2022-0281,KEV-first,87.01,1442
CVE-2022-24610,KEV-first,86.96,1443
CVE-2022-0550,KEV-first,86.904,1444
CVE-2022-0551,KEV-first,86.904,1445
CVE-2021-22821,KEV-first,86.823,1446
CVE-2022-21893,KEV-first,86.793,1447
CVE-2021-44706,KEV-first,86.656,1448
CVE-2021-45060,KEV-first,86.618,1449
CVE-2021-23138,KEV-first,86.595,1450
CVE-2021-3737,KEV-first,86.586,1451
CVE-2022-22833,KEV-first,86.576,1452
CVE-2021-42635,KEV-first,86.569,1453
CVE-2021-42638,KEV-first,86.531,1454
CVE-2022-1055,KEV-first,86.5,1455
CVE-2022-23425,KEV-first,86.409,1456
CVE-2021-44707,KEV-first,86.366,1457
CVE-2021-4088,KEV-first,86.254,1458
CVE-2022-22639,KEV-first,86.191,1459
CVE-2021-44082,KEV-first,86.037,1460
CVE-2022-21837,KEV-first,86.023,1461
CVE-2022-25485,KEV-first,85.92699999999999,1462
CVE-2021-45061,KEV-first,85.869,1463
CVE-2021-43053,KEV-first,85.817,1464
CVE-2021-40167,KEV-first,85.734,1465
CVE-2021-43734,KEV-first,85.728,1466
CVE-2022-23299,KEV-first,85.618,1467
CVE-2021-23157,KEV-first,85.613,1468
CVE-2022-23935,KEV-first,85.575,1469
CVE-2021-44705,KEV-first,85.409,1470
CVE-2021-45968,KEV-first,85.385,1471
CVE-2021-43579,KEV-first,85.349,1472
CVE-2018-25031,KEV-first,85.326,1473
CVE-2020-14523,KEV-first,85.254,1474
CVE-2021-44593,KEV-first,85.24,1475
CVE-2022-23608,KEV-first,85.055,1476
CVE-2021-21708,KEV-first,85.002,1477
CVE-2021-22284,KEV-first,84.831,1478
CVE-2021-46143,KEV-first,84.79,1479
CVE-2022-25219,KEV-first,84.77,1480
CVE-2022-0162,KEV-first,84.67,1481
CVE-2022-21187,KEV-first,84.624,1482
CVE-2021-35068,KEV-first,84.532,1483
CVE-2022-23597,KEV-first,84.48,1484
CVE-2022-24433,KEV-first,84.444,1485
CVE-2022-23120,KEV-first,84.378,1486
CVE-2021-0066,KEV-first,84.321,1487
CVE-2022-25602,KEV-first,84.313,1488
CVE-2020-14521,KEV-first,84.274,1489
CVE-2021-27430,KEV-first,84.249,1490
CVE-2021-43050,KEV-first,84.248,1491
CVE-2021-26601,KEV-first,84.236,1492
CVE-2021-35077,KEV-first,84.196,1493
CVE-2021-35074,KEV-first,84.188,1494
CVE-2021-35075,KEV-first,84.188,1495
CVE-2021-30274,KEV-first,84.154,1496
CVE-2021-30282,KEV-first,84.154,1497
CVE-2021-30335,KEV-first,84.154,1498
CVE-2021-30336,KEV-first,84.154,1499
CVE-2021-30337,KEV-first,84.154,1500
CVE-2022-23428,KEV-first,84.152,1501
CVE-2021-30262,KEV-first,84.146,1502
CVE-2021-30318,KEV-first,84.146,1503
CVE-2022-23609,KEV-first,84.039,1504
CVE-2021-21968,KEV-first,83.952,1505
CVE-2022-21668,KEV-first,83.897,1506
CVE-2022-24469,KEV-first,83.789,1507
CVE-2022-25547,KEV-first,83.767,1508
CVE-2020-4875,KEV-first,83.726,1509
CVE-2020-4876,KEV-first,83.726,1510
CVE-2013-20003,KEV-first,83.572,1511
CVE-2022-23272,KEV-first,83.55,1512
CVE-2022-27666,KEV-first,83.524,1513
CVE-2021-44458,KEV-first,83.431,1514
CVE-2022-22551,KEV-first,83.388,1515
CVE-2021-43860,KEV-first,83.346,1516
CVE-2022-0391,KEV-first,83.325,1517
CVE-2021-44905,KEV-first,83.31,1518
CVE-2021-23470,KEV-first,83.266,1519
CVE-2022-21796,KEV-first,83.112,1520
CVE-2022-21991,KEV-first,83.075,1521
CVE-2021-41766,KEV-first,83.033,1522
CVE-2022-24755,KEV-first,83.027,1523
CVE-2021-35254,KEV-first,83.014,1524
CVE-2021-21962,KEV-first,83.01,1525
CVE-2021-44683,KEV-first,82.972,1526
CVE-2022-21974,KEV-first,82.969,1527
CVE-2021-43859,KEV-first,82.934,1528
CVE-2021-29454,KEV-first,82.927,1529
CVE-2022-1071,KEV-first,82.92,1530
CVE-2022-23203,KEV-first,82.911,1531
CVE-2021-23214,KEV-first,82.901,1532
CVE-2022-23107,KEV-first,82.886,1533
CVE-2022-21648,KEV-first,82.817,1534
CVE-2021-3835,KEV-first,82.743,1535
CVE-2021-26621,KEV-first,82.737,1536
CVE-2021-22045,KEV-first,82.681,1537
CVE-2022-21699,KEV-first,82.657,1538
CVE-2021-43664,KEV-first,82.652,1539
CVE-2020-25717,KEV-first,82.625,1540
CVE-2022-23924,KEV-first,82.615,1541
CVE-2022-0130,KEV-first,82.613,1542
CVE-2021-43765,KEV-first,82.593,1543
CVE-2021-44176,KEV-first,82.593,1544
CVE-2021-44177,KEV-first,82.593,1545
CVE-2021-44759,KEV-first,82.576,1546
CVE-2021-42387,KEV-first,82.573,1547
CVE-2021-42388,KEV-first,82.573,1548
CVE-2022-23256,KEV-first,82.558,1549
CVE-2020-21554,KEV-first,82.525,1550
CVE-2022-24092,KEV-first,82.498,1551
CVE-2021-3861,KEV-first,82.479,1552
CVE-2022-23187,KEV-first,82.471,1553
CVE-2022-23930,KEV-first,82.467,1554
CVE-2022-23188,KEV-first,82.443,1555
CVE-2021-4120,KEV-first,82.437,1556
CVE-2022-23925,KEV-first,82.437,1557
CVE-2022-23926,KEV-first,82.437,1558
CVE-2022-23927,KEV-first,82.437,1559
CVE-2022-23928,KEV-first,82.437,1560
CVE-2022-23929,KEV-first,82.437,1561
CVE-2022-23931,KEV-first,82.437,1562
CVE-2022-23932,KEV-first,82.437,1563
CVE-2022-23933,KEV-first,82.437,1564
CVE-2022-23934,KEV-first,82.437,1565
CVE-2021-34867,KEV-first,82.429,1566
CVE-2022-23835,KEV-first,82.428,1567
CVE-2021-46107,KEV-first,82.408,1568
CVE-2022-23611,KEV-first,82.401,1569
CVE-2021-44260,KEV-first,82.382,1570
CVE-2021-44531,KEV-first,82.373,1571
CVE-2016-3735,KEV-first,82.363,1572
CVE-2021-42060,KEV-first,82.353,1573
CVE-2021-43323,KEV-first,82.351,1574
CVE-2021-33627,KEV-first,82.328,1575
CVE-2021-42554,KEV-first,82.327,1576
CVE-2022-22000,KEV-first,82.327,1577
CVE-2021-45970,KEV-first,82.326,1578
CVE-2020-8107,KEV-first,82.324,1579
CVE-2022-0114,KEV-first,82.306,1580
CVE-2021-41838,KEV-first,82.303,1581
CVE-2021-41840,KEV-first,82.303,1582
CVE-2021-41841,KEV-first,82.303,1583
CVE-2022-24069,KEV-first,82.301,1584
CVE-2021-42113,KEV-first,82.297,1585
CVE-2021-38682,KEV-first,82.296,1586
CVE-2021-38689,KEV-first,82.296,1587
CVE-2021-38690,KEV-first,82.296,1588
CVE-2021-38691,KEV-first,82.296,1589
CVE-2021-38692,KEV-first,82.296,1590
CVE-2022-0829,KEV-first,82.295,1591
CVE-2021-43615,KEV-first,82.292,1592
CVE-2022-24415,KEV-first,82.292,1593
CVE-2022-24416,KEV-first,82.292,1594
CVE-2022-24419,KEV-first,82.292,1595
CVE-2022-24420,KEV-first,82.292,1596
CVE-2022-24421,KEV-first,82.292,1597
CVE-2021-41837,KEV-first,82.281,1598
CVE-2022-24031,KEV-first,82.281,1599
CVE-2021-45969,KEV-first,82.279,1600
CVE-2021-45971,KEV-first,82.279,1601
CVE-2022-21646,KEV-first,82.278,1602
CVE-2021-41839,KEV-first,82.275,1603
CVE-2021-26617,KEV-first,82.269,1604
CVE-2022-23623,KEV-first,82.244,1605
CVE-2022-23624,KEV-first,82.244,1606
CVE-2022-23639,KEV-first,82.239,1607
CVE-2022-22554,KEV-first,82.2,1608
CVE-2022-21994,KEV-first,82.196,1609
CVE-2021-42562,KEV-first,82.19,1610
CVE-2022-24791,KEV-first,82.179,1611
CVE-2021-36171,KEV-first,82.154,1612
CVE-2022-24721,KEV-first,82.146,1613
CVE-2021-36348,KEV-first,82.132,1614
CVE-2021-42753,KEV-first,82.13,1615
CVE-2022-21728,KEV-first,82.125,1616
CVE-2022-23634,KEV-first,82.107,1617
CVE-2022-21250,KEV-first,82.105,1618
CVE-2022-24091,KEV-first,82.102,1619
CVE-2022-21660,KEV-first,82.097,1620
CVE-2022-24722,KEV-first,82.092,1621
CVE-2021-46255,KEV-first,82.091,1622
CVE-2022-21255,KEV-first,82.091,1623
CVE-2022-22553,KEV-first,82.079,1624
CVE-2022-24738,KEV-first,82.068,1625
CVE-2022-25412,KEV-first,82.059,1626
CVE-2022-24647,KEV-first,82.047,1627
CVE-2021-46037,KEV-first,82.033,1628
CVE-2022-21273,KEV-first,82.028,1629
CVE-2022-21274,KEV-first,82.028,1630
CVE-2021-46387,KEV-first,82.02799999999999,1631
CVE-2022-21987,KEV-first,82.018,1632
CVE-2022-25364,KEV-first,82.017,1633
CVE-2022-28140,KEV-first,82.012,1634
CVE-2022-28154,KEV-first,82.012,1635
CVE-2022-25218,KEV-first,81.993,1636
CVE-2022-27607,KEV-first,81.985,1637
CVE-2021-41002,KEV-first,81.981,1638
CVE-2021-42728,KEV-first,81.972,1639
CVE-2022-21671,KEV-first,81.972,1640
CVE-2022-1191,KEV-first,81.955,1641
CVE-2021-43145,KEV-first,81.952,1642
CVE-2022-24094,KEV-first,81.949,1643
CVE-2022-24095,KEV-first,81.949,1644
CVE-2022-24096,KEV-first,81.949,1645
CVE-2022-25838,KEV-first,81.946,1646
CVE-2022-0759,KEV-first,81.942,1647
CVE-2022-21177,KEV-first,81.936,1648
CVE-2022-22530,KEV-first,81.935,1649
CVE-2021-39293,KEV-first,81.934,1650
CVE-2022-0660,KEV-first,81.923,1651
CVE-2021-44564,KEV-first,81.916,1652
CVE-2021-36777,KEV-first,81.91,1653
CVE-2021-21969,KEV-first,81.89,1654
CVE-2021-21970,KEV-first,81.89,1655
CVE-2022-25568,KEV-first,81.885,1656
CVE-2022-24507,KEV-first,81.867,1657
CVE-2022-23592,KEV-first,81.858,1658
CVE-2022-22531,KEV-first,81.849,1659
CVE-2022-25471,KEV-first,81.844,1660
CVE-2021-21959,KEV-first,81.843,1661
CVE-2021-26613,KEV-first,81.831,1662
CVE-2021-45460,KEV-first,81.828,1663
CVE-2022-21726,KEV-first,81.818,1664
CVE-2022-21730,KEV-first,81.815,1665
CVE-2022-22145,KEV-first,81.804,1666
CVE-2022-22151,KEV-first,81.804,1667
CVE-2022-28155,KEV-first,81.8,1668
CVE-2021-34858,KEV-first,81.756,1669
CVE-2021-41112,KEV-first,81.749,1670
CVE-2022-23654,KEV-first,81.723,1671
CVE-2022-24264,KEV-first,81.711,1672
CVE-2022-24265,KEV-first,81.711,1673
CVE-2022-24335,KEV-first,81.695,1674
CVE-2021-33113,KEV-first,81.687,1675
CVE-2021-43816,KEV-first,81.682,1676
CVE-2022-21917,KEV-first,81.631,1677
CVE-2018-25029,KEV-first,81.616,1678
CVE-2022-26521,KEV-first,81.615,1679
CVE-2021-4157,KEV-first,81.584,1680
CVE-2022-23601,KEV-first,81.566,1681
CVE-2022-0229,KEV-first,81.552,1682
CVE-2021-24823,KEV-first,81.55,1683
CVE-2021-43764,KEV-first,81.545,1684
CVE-2022-24759,KEV-first,81.499,1685
CVE-2021-37134,KEV-first,81.493,1686
CVE-2022-22811,KEV-first,81.406,1687
CVE-2022-26149,KEV-first,81.314,1688
CVE-2020-9058,KEV-first,81.3,1689
CVE-2021-44463,KEV-first,81.263,1690
CVE-2022-22121,KEV-first,81.21,1691
CVE-2022-0121,KEV-first,81.195,1692
CVE-2022-21989,KEV-first,81.193,1693
CVE-2021-32025,KEV-first,81.176,1694
CVE-2022-24707,KEV-first,81.159,1695
CVE-2021-43761,KEV-first,81.071,1696
CVE-2021-44132,KEV-first,81.05,1697
CVE-2021-3589,KEV-first,81.047,1698
CVE-2022-21996,KEV-first,81.046,1699
CVE-2022-24915,KEV-first,81.013,1700
CVE-2022-23308,KEV-first,81.01,1701
CVE-2022-21698,KEV-first,80.994,1702
CVE-2022-23200,KEV-first,80.993,1703
CVE-2022-24461,KEV-first,80.968,1704
CVE-2022-24509,KEV-first,80.968,1705
CVE-2022-24510,KEV-first,80.968,1706
CVE-2022-0166,KEV-first,80.945,1707
CVE-2022-21988,KEV-first,80.944,1708
CVE-2022-0918,KEV-first,80.914,1709
CVE-2022-24058,KEV-first,80.913,1710
CVE-2022-24128,KEV-first,80.906,1711
CVE-2021-40158,KEV-first,80.885,1712
CVE-2022-22769,KEV-first,80.866,1713
CVE-2021-20322,KEV-first,80.846,1714
CVE-2021-22825,KEV-first,80.774,1715
CVE-2021-24905,KEV-first,80.77,1716
CVE-2021-44537,KEV-first,80.749,1717
CVE-2022-24266,KEV-first,80.707,1718
CVE-2021-44158,KEV-first,80.677,1719
CVE-2022-0944,KEV-first,80.669,1720
CVE-2022-21878,KEV-first,80.661,1721
CVE-2022-21705,KEV-first,80.65,1722
CVE-2021-44139,KEV-first,80.643,1723
CVE-2022-25636,KEV-first,80.633,1724
CVE-2022-21841,KEV-first,80.603,1725
CVE-2022-24501,KEV-first,80.592,1726
CVE-2022-22004,KEV-first,80.571,1727
CVE-2021-44652,KEV-first,80.565,1728
CVE-2022-21888,KEV-first,80.544,1729
CVE-2021-24936,KEV-first,80.541,1730
CVE-2022-0269,KEV-first,80.531,1731
CVE-2022-27198,KEV-first,80.511,1732
CVE-2022-21992,KEV-first,80.496,1733
CVE-2021-44743,KEV-first,80.458,1734
CVE-2021-45917,KEV-first,80.451,1735
CVE-2021-4030,KEV-first,80.439,1736
CVE-2021-45055,KEV-first,80.426,1737
CVE-2022-24097,KEV-first,80.422,1738
CVE-2022-23282,KEV-first,80.412,1739
CVE-2022-21898,KEV-first,80.409,1740
CVE-2022-26259,KEV-first,80.382,1741
CVE-2021-46575,KEV-first,80.37,1742
CVE-2022-22003,KEV-first,80.351,1743
CVE-2022-21874,KEV-first,80.343,1744
CVE-2022-23186,KEV-first,80.321,1745
CVE-2022-22992,KEV-first,80.309,1746
CVE-2021-40159,KEV-first,80.296,1747
CVE-2021-46656,KEV-first,80.293,1748
CVE-2022-22006,KEV-first,80.285,1749
CVE-2022-22007,KEV-first,80.285,1750
CVE-2022-23301,KEV-first,80.285,1751
CVE-2022-24452,KEV-first,80.285,1752
CVE-2022-24453,KEV-first,80.285,1753
CVE-2022-24456,KEV-first,80.285,1754
CVE-2021-45056,KEV-first,80.276,1755
CVE-2022-22709,KEV-first,80.276,1756
CVE-2022-24451,KEV-first,80.276,1757
CVE-2022-24457,KEV-first,80.276,1758
CVE-2022-21842,KEV-first,80.271,1759
CVE-2022-21844,KEV-first,80.258,1760
CVE-2022-21926,KEV-first,80.258,1761
CVE-2022-21927,KEV-first,80.258,1762
CVE-2022-23295,KEV-first,80.258,1763
CVE-2022-23300,KEV-first,80.258,1764
CVE-2022-23837,KEV-first,80.258,1765
CVE-2021-3965,KEV-first,80.235,1766
CVE-2022-22765,KEV-first,80.231,1767
CVE-2021-45053,KEV-first,80.192,1768
CVE-2021-45057,KEV-first,80.192,1769
CVE-2021-45058,KEV-first,80.192,1770
CVE-2021-42719,KEV-first,80.165,1771
CVE-2021-42533,KEV-first,80.128,1772
CVE-2022-22990,KEV-first,80.124,1773
CVE-2021-34893,KEV-first,80.123,1774
CVE-2021-34896,KEV-first,80.123,1775
CVE-2021-34900,KEV-first,80.123,1776
CVE-2021-34905,KEV-first,80.123,1777
CVE-2021-34907,KEV-first,80.123,1778
CVE-2021-34908,KEV-first,80.123,1779
CVE-2021-34874,KEV-first,80.113,1780
CVE-2021-34897,KEV-first,80.113,1781
CVE-2021-34903,KEV-first,80.113,1782
CVE-2021-34904,KEV-first,80.113,1783
CVE-2021-34906,KEV-first,80.113,1784
CVE-2021-34914,KEV-first,80.113,1785
CVE-2021-34917,KEV-first,80.113,1786
CVE-2021-46570,KEV-first,80.113,1787
CVE-2021-46582,KEV-first,80.113,1788
CVE-2021-46583,KEV-first,80.113,1789
CVE-2021-46603,KEV-first,80.113,1790
CVE-2021-46604,KEV-first,80.113,1791
CVE-2021-46605,KEV-first,80.113,1792
CVE-2021-34894,KEV-first,80.103,1793
CVE-2021-34895,KEV-first,80.103,1794
CVE-2021-34911,KEV-first,80.103,1795
CVE-2021-46584,KEV-first,80.093,1796
CVE-2021-46586,KEV-first,80.093,1797
CVE-2021-46587,KEV-first,80.093,1798
CVE-2021-46592,KEV-first,80.093,1799
CVE-2022-21821,KEV-first,80.089,1800
CVE-2021-46639,KEV-first,80.087,1801
CVE-2021-46640,KEV-first,80.087,1802
CVE-2021-46641,KEV-first,80.087,1803
CVE-2021-46644,KEV-first,80.087,1804
CVE-2021-46645,KEV-first,80.087,1805
CVE-2021-46646,KEV-first,80.087,1806
CVE-2021-46647,KEV-first,80.087,1807
CVE-2021-46648,KEV-first,80.087,1808
CVE-2021-46652,KEV-first,80.087,1809
CVE-2021-46653,KEV-first,80.087,1810
CVE-2021-46638,KEV-first,80.068,1811
CVE-2021-42720,KEV-first,80.053,1812
CVE-2021-34891,KEV-first,80.05,1813
CVE-2021-34885,KEV-first,80.041,1814
CVE-2021-34892,KEV-first,80.041,1815
CVE-2021-34898,KEV-first,80.041,1816
CVE-2021-34899,KEV-first,80.041,1817
CVE-2021-34909,KEV-first,80.041,1818
CVE-2021-34912,KEV-first,80.041,1819
CVE-2021-34913,KEV-first,80.041,1820
CVE-2021-34940,KEV-first,80.041,1821
CVE-2021-34941,KEV-first,80.041,1822
CVE-2021-34942,KEV-first,80.041,1823
CVE-2021-34945,KEV-first,80.041,1824
CVE-2021-34946,KEV-first,80.041,1825
CVE-2021-46562,KEV-first,80.041,1826
CVE-2021-46566,KEV-first,80.041,1827
CVE-2021-46567,KEV-first,80.041,1828
CVE-2021-46568,KEV-first,80.041,1829
CVE-2021-46569,KEV-first,80.041,1830
CVE-2021-46571,KEV-first,80.041,1831
CVE-2021-46572,KEV-first,80.041,1832
CVE-2021-46573,KEV-first,80.041,1833
CVE-2021-46574,KEV-first,80.041,1834
CVE-2021-46576,KEV-first,80.041,1835
CVE-2021-46577,KEV-first,80.041,1836
CVE-2021-46578,KEV-first,80.041,1837
CVE-2021-46579,KEV-first,80.041,1838
CVE-2021-46580,KEV-first,80.041,1839
CVE-2021-46581,KEV-first,80.041,1840
CVE-2021-46585,KEV-first,80.041,1841
CVE-2021-46588,KEV-first,80.041,1842
CVE-2021-46590,KEV-first,80.041,1843
CVE-2021-46591,KEV-first,80.041,1844
CVE-2021-46597,KEV-first,80.041,1845
CVE-2021-46601,KEV-first,80.041,1846
CVE-2022-27227,KEV-first,80.026,1847
CVE-2021-46563,KEV-first,80.016,1848
CVE-2021-46564,KEV-first,80.016,1849
CVE-2021-46565,KEV-first,80.016,1850
CVE-2021-34872,KEV-first,80.015,1851
CVE-2021-40779,KEV-first,80.007,1852
CVE-2021-40780,KEV-first,80.007,1853
CVE-2021-34871,KEV-first,80.005,1854
CVE-2021-34879,KEV-first,80.005,1855
CVE-2021-34915,KEV-first,80.005,1856
CVE-2021-34918,KEV-first,80.005,1857
CVE-2021-34919,KEV-first,80.005,1858
CVE-2021-46606,KEV-first,80.005,1859
CVE-2021-46609,KEV-first,80.005,1860
CVE-2021-46613,KEV-first,80.005,1861
CVE-2021-46614,KEV-first,80.005,1862
CVE-2021-46617,KEV-first,80.005,1863
CVE-2021-46622,KEV-first,80.005,1864
CVE-2021-46626,KEV-first,80.005,1865
CVE-2021-46627,KEV-first,80.005,1866
CVE-2021-46631,KEV-first,80.005,1867
CVE-2021-46633,KEV-first,80.005,1868
CVE-2021-46598,KEV-first,79.999,1869
CVE-2021-34873,KEV-first,79.996,1870
CVE-2021-34875,KEV-first,79.987,1871
CVE-2021-34880,KEV-first,79.987,1872
CVE-2021-46612,KEV-first,79.987,1873
CVE-2021-46619,KEV-first,79.987,1874
CVE-2021-46635,KEV-first,79.981,1875
CVE-2021-46636,KEV-first,79.981,1876
CVE-2021-46643,KEV-first,79.981,1877
CVE-2021-45444,KEV-first,79.98,1878
CVE-2022-21995,KEV-first,79.965,1879
CVE-2022-21209,KEV-first,79.952,1880
CVE-2022-23985,KEV-first,79.952,1881
CVE-2021-34876,KEV-first,79.945,1882
CVE-2021-34878,KEV-first,79.945,1883
CVE-2021-34877,KEV-first,79.937,1884
CVE-2021-34920,KEV-first,79.937,1885
CVE-2021-34921,KEV-first,79.937,1886
CVE-2021-34922,KEV-first,79.937,1887
CVE-2021-34923,KEV-first,79.937,1888
CVE-2021-34924,KEV-first,79.937,1889
CVE-2021-34925,KEV-first,79.937,1890
CVE-2021-34926,KEV-first,79.937,1891
CVE-2021-34927,KEV-first,79.937,1892
CVE-2021-34928,KEV-first,79.937,1893
CVE-2021-34929,KEV-first,79.937,1894
CVE-2021-34930,KEV-first,79.937,1895
CVE-2021-34931,KEV-first,79.937,1896
CVE-2021-34932,KEV-first,79.937,1897
CVE-2021-34933,KEV-first,79.937,1898
CVE-2021-34935,KEV-first,79.937,1899
CVE-2021-34936,KEV-first,79.937,1900
CVE-2021-34937,KEV-first,79.937,1901
CVE-2021-34938,KEV-first,79.937,1902
CVE-2021-34939,KEV-first,79.937,1903
CVE-2021-46621,KEV-first,79.937,1904
CVE-2021-46625,KEV-first,79.937,1905
CVE-2021-45342,KEV-first,79.934,1906
CVE-2021-45845,KEV-first,79.925,1907
CVE-2022-23222,KEV-first,79.915,1908
CVE-2021-46634,KEV-first,79.913,1909
CVE-2021-46655,KEV-first,79.913,1910
CVE-2021-34934,KEV-first,79.897,1911
CVE-2021-46363,KEV-first,79.874,1912
CVE-2020-36518,KEV-first,79.86,1913
CVE-2021-27471,KEV-first,79.856,1914
CVE-2022-24056,KEV-first,79.848,1915
CVE-2022-24057,KEV-first,79.848,1916
CVE-2022-24059,KEV-first,79.848,1917
CVE-2022-24062,KEV-first,79.848,1918
CVE-2022-24064,KEV-first,79.848,1919
CVE-2021-40735,KEV-first,79.815,1920
CVE-2021-40736,KEV-first,79.815,1921
CVE-2022-24063,KEV-first,79.81,1922
CVE-2022-22579,KEV-first,79.803,1923
CVE-2021-44000,KEV-first,79.798,1924
CVE-2022-0629,KEV-first,79.791,1925
CVE-2021-46154,KEV-first,79.774,1926
CVE-2021-46155,KEV-first,79.774,1927
CVE-2021-46158,KEV-first,79.774,1928
CVE-2021-42724,KEV-first,79.773,1929
CVE-2021-42729,KEV-first,79.773,1930
CVE-2021-42730,KEV-first,79.773,1931
CVE-2021-40738,KEV-first,79.75,1932
CVE-2021-40739,KEV-first,79.75,1933
CVE-2021-40740,KEV-first,79.75,1934
CVE-2022-25481,KEV-first,79.748,1935
CVE-2022-0128,KEV-first,79.739,1936
CVE-2022-23946,KEV-first,79.736,1937
CVE-2022-24291,KEV-first,79.709,1938
CVE-2022-0685,KEV-first,79.708,1939
CVE-2021-42527,KEV-first,79.706,1940
CVE-2021-44016,KEV-first,79.7,1941
CVE-2021-40792,KEV-first,79.699,1942
CVE-2022-24348,KEV-first,79.693,1943
CVE-2022-25314,KEV-first,79.693,1944
CVE-2021-44018,KEV-first,79.691,1945
CVE-2021-40734,KEV-first,79.69,1946
CVE-2021-40777,KEV-first,79.69,1947
CVE-2022-0261,KEV-first,79.687,1948
CVE-2021-46365,KEV-first,79.668,1949
CVE-2021-40793,KEV-first,79.659,1950
CVE-2021-40794,KEV-first,79.659,1951
CVE-2021-40763,KEV-first,79.65,1952
CVE-2021-40764,KEV-first,79.65,1953
CVE-2021-40765,KEV-first,79.65,1954
CVE-2021-40786,KEV-first,79.65,1955
CVE-2021-40787,KEV-first,79.65,1956
CVE-2022-23803,KEV-first,79.643,1957
CVE-2022-23804,KEV-first,79.643,1958
CVE-2022-25115,KEV-first,79.615,1959
CVE-2022-22584,KEV-first,79.611,1960
CVE-2021-42526,KEV-first,79.608,1961
CVE-2022-0554,KEV-first,79.607,1962
CVE-2021-46152,KEV-first,79.596,1963
CVE-2021-46364,KEV-first,79.573,1964
CVE-2021-46151,KEV-first,79.567,1965
CVE-2022-0361,KEV-first,79.566,1966
CVE-2021-46153,KEV-first,79.564,1967
CVE-2022-0417,KEV-first,79.541,1968
CVE-2021-3575,KEV-first,79.536,1969
CVE-2021-45979,KEV-first,79.531,1970
CVE-2022-24232,KEV-first,79.526,1971
CVE-2021-45980,KEV-first,79.524,1972
CVE-2022-0368,KEV-first,79.521,1973
CVE-2021-45793,KEV-first,79.519,1974
CVE-2022-26271,KEV-first,79.515,1975
CVE-2022-0392,KEV-first,79.514,1976
CVE-2022-21124,KEV-first,79.512,1977
CVE-2022-21820,KEV-first,79.508,1978
CVE-2022-0408,KEV-first,79.505,1979
CVE-2021-45978,KEV-first,79.5,1980
CVE-2022-22835,KEV-first,79.5,1981
CVE-2021-23206,KEV-first,79.481,1982
CVE-2022-22593,KEV-first,79.48,1983
CVE-2022-20001,KEV-first,79.472,1984
CVE-2022-26981,KEV-first,79.463,1985
CVE-2022-1154,KEV-first,79.462,1986
CVE-2022-23947,KEV-first,79.46,1987
CVE-2021-46699,KEV-first,79.454,1988
CVE-2022-22819,KEV-first,79.403,1989
CVE-2022-0413,KEV-first,79.395,1990
CVE-2022-0443,KEV-first,79.395,1991
CVE-2022-21883,KEV-first,79.395,1992
CVE-2021-23180,KEV-first,79.354,1993
CVE-2021-30771,KEV-first,79.347,1994
CVE-2022-0359,KEV-first,79.339,1995
CVE-2022-22991,KEV-first,79.333,1996
CVE-2022-22614,KEV-first,79.332,1997
CVE-2022-22615,KEV-first,79.332,1998
CVE-2021-40574,KEV-first,79.324,1999
CVE-2022-22597,KEV-first,79.319,2000
CVE-2021-46157,KEV-first,79.311,2001
CVE-2021-40568,KEV-first,79.31,2002
CVE-2022-23223,KEV-first,79.306,2003
CVE-2021-46371,KEV-first,79.305,2004
CVE-2021-46156,KEV-first,79.293,2005
CVE-2021-46159,KEV-first,79.293,2006
CVE-2021-46160,KEV-first,79.293,2007
CVE-2021-46161,KEV-first,79.293,2008
CVE-2021-46162,KEV-first,79.293,2009
CVE-2022-22666,KEV-first,79.292,2010
CVE-2022-0236,KEV-first,79.284,2011
CVE-2022-1160,KEV-first,79.267,2012
CVE-2021-46104,KEV-first,79.231,2013
CVE-2022-21895,KEV-first,79.227,2014
CVE-2022-25099,KEV-first,79.224,2015
CVE-2022-25101,KEV-first,79.224,2016
CVE-2022-22613,KEV-first,79.216,2017
CVE-2021-26259,KEV-first,79.215,2018
CVE-2022-22634,KEV-first,79.207,2019
CVE-2022-27243,KEV-first,79.207,2020
CVE-2021-22796,KEV-first,79.197,2021
CVE-2022-22633,KEV-first,79.194,2022
CVE-2021-40570,KEV-first,79.189,2023
CVE-2021-40571,KEV-first,79.189,2024
CVE-2022-24577,KEV-first,79.189,2025
CVE-2022-22665,KEV-first,79.184,2026
CVE-2022-0676,KEV-first,79.178,2027
CVE-2022-25581,KEV-first,79.176,2028
CVE-2022-0546,KEV-first,79.174,2029
CVE-2022-1011,KEV-first,79.169,2030
CVE-2022-22640,KEV-first,79.167,2031
CVE-2022-0545,KEV-first,79.164,2032
CVE-2022-21848,KEV-first,79.163,2033
CVE-2022-0407,KEV-first,79.161,2034
CVE-2022-22661,KEV-first,79.153,2035
CVE-2021-44988,KEV-first,79.148,2036
CVE-2021-36414,KEV-first,79.144,2037
CVE-2021-46064,KEV-first,79.131,2038
CVE-2022-22591,KEV-first,79.128,2039
CVE-2021-36417,KEV-first,79.127,2040
CVE-2022-23095,KEV-first,79.127,2041
CVE-2022-24655,KEV-first,79.124,2042
CVE-2022-24931,KEV-first,79.122,2043
CVE-2022-27942,KEV-first,79.122,2044
CVE-2022-27940,KEV-first,79.117,2045
CVE-2022-27941,KEV-first,79.117,2046
CVE-2022-0263,KEV-first,79.115,2047
CVE-2021-45844,KEV-first,79.102,2048
CVE-2021-21958,KEV-first,79.1,2049
CVE-2021-23191,KEV-first,79.1,2050
CVE-2022-0520,KEV-first,79.097,2051
CVE-2022-0523,KEV-first,79.097,2052
CVE-2022-22657,KEV-first,79.096,2053
CVE-2022-22664,KEV-first,79.096,2054
CVE-2022-22611,KEV-first,79.088,2055
CVE-2022-26126,KEV-first,79.085,2056
CVE-2022-23266,KEV-first,79.079,2057
CVE-2022-25230,KEV-first,79.077,2058
CVE-2022-25325,KEV-first,79.077,2059
CVE-2022-22667,KEV-first,79.071,2060
CVE-2022-21897,KEV-first,79.059,2061
CVE-2021-41016,KEV-first,79.055,2062
CVE-2022-25265,KEV-first,79.054,2063
CVE-2022-22636,KEV-first,79.04,2064
CVE-2021-3578,KEV-first,79.037,2065
CVE-2022-21916,KEV-first,79.031,2066
CVE-2022-22606,KEV-first,79.031,2067
CVE-2022-21219,KEV-first,79.025,2068
CVE-2022-25234,KEV-first,79.025,2069
CVE-2022-26127,KEV-first,79.014,2070
CVE-2022-26129,KEV-first,79.014,2071
CVE-2022-24122,KEV-first,79.01,2072
CVE-2022-26125,KEV-first,79.007,2073
CVE-2020-26007,KEV-first,79.006,2074
CVE-2020-26008,KEV-first,79.006,2075
CVE-2022-1031,KEV-first,78.993,2076
CVE-2022-23990,KEV-first,78.992,2077
CVE-2022-22578,KEV-first,78.983,2078
CVE-2022-26128,KEV-first,78.981,2079
CVE-2022-24578,KEV-first,78.973,2080
CVE-2022-25170,KEV-first,78.973,2081
CVE-2021-34866,KEV-first,78.972,2082
CVE-2022-22601,KEV-first,78.972,2083
CVE-2022-22602,KEV-first,78.972,2084
CVE-2022-22603,KEV-first,78.972,2085
CVE-2022-22604,KEV-first,78.972,2086
CVE-2022-26967,KEV-first,78.963,2087
CVE-2021-26252,KEV-first,78.959,2088
CVE-2021-44716,KEV-first,78.958,2089
CVE-2021-46332,KEV-first,78.953,2090
CVE-2021-44731,KEV-first,78.944,2091
CVE-2022-0409,KEV-first,78.942,2092
CVE-2022-27191,KEV-first,78.931,2093
CVE-2022-1033,KEV-first,78.925,2094
CVE-2022-24455,KEV-first,78.925,2095
CVE-2022-21908,KEV-first,78.908,2096
CVE-2022-24575,KEV-first,78.902,2097
CVE-2022-0538,KEV-first,78.901,2098
CVE-2021-36409,KEV-first,78.897,2099
CVE-2021-44331,KEV-first,78.897,2100
CVE-2022-23853,KEV-first,78.894,2101
CVE-2021-26616,KEV-first,78.884,2102
CVE-2022-21880,KEV-first,78.883,2103
CVE-2022-26181,KEV-first,78.882,2104
CVE-2022-22607,KEV-first,78.881,2105
CVE-2022-22608,KEV-first,78.881,2106
CVE-2022-25044,KEV-first,78.877,2107
CVE-2021-40397,KEV-first,78.872,2108
CVE-2021-28278,KEV-first,78.871,2109
CVE-2021-46326,KEV-first,78.871,2110
CVE-2021-28277,KEV-first,78.867,2111
CVE-2022-23850,KEV-first,78.867,2112
CVE-2020-6917,KEV-first,78.865,2113
CVE-2020-6918,KEV-first,78.865,2114
CVE-2020-6919,KEV-first,78.865,2115
CVE-2020-6921,KEV-first,78.865,2116
CVE-2020-6922,KEV-first,78.865,2117
CVE-2021-22808,KEV-first,78.855,2118
CVE-2021-36412,KEV-first,78.851,2119
CVE-2022-25365,KEV-first,78.845,2120
CVE-2021-46482,KEV-first,78.84,2121
CVE-2021-46483,KEV-first,78.84,2122
CVE-2021-26948,KEV-first,78.839,2123
CVE-2021-46334,KEV-first,78.831,2124
CVE-2022-22605,KEV-first,78.83,2125
CVE-2022-25969,KEV-first,78.825,2126
CVE-2022-26081,KEV-first,78.825,2127
CVE-2022-22895,KEV-first,78.817,2128
CVE-2021-22807,KEV-first,78.814,2129
CVE-2022-24661,KEV-first,78.814,2130
CVE-2022-22612,KEV-first,78.801,2131
CVE-2021-45735,KEV-first,78.798,2132
CVE-2021-44852,KEV-first,78.786,2133
CVE-2021-46525,KEV-first,78.777,2134
CVE-2021-46328,KEV-first,78.771,2135
CVE-2022-23945,KEV-first,78.771,2136
CVE-2021-4199,KEV-first,78.77,2137
CVE-2022-22993,KEV-first,78.758,2138
CVE-2022-25949,KEV-first,78.753,2139
CVE-2021-46325,KEV-first,78.748,2140
CVE-2022-22308,KEV-first,78.748,2141
CVE-2022-22894,KEV-first,78.748,2142
CVE-2021-39692,KEV-first,78.746,2143
CVE-2022-22888,KEV-first,78.742,2144
CVE-2022-22893,KEV-first,78.742,2145
CVE-2021-46324,KEV-first,78.739,2146
CVE-2021-46509,KEV-first,78.739,2147
CVE-2021-46513,KEV-first,78.739,2148
CVE-2021-46524,KEV-first,78.739,2149
CVE-2021-46526,KEV-first,78.739,2150
CVE-2021-46527,KEV-first,78.739,2151
CVE-2022-21986,KEV-first,78.739,2152
CVE-2021-23497,KEV-first,78.734,2153
CVE-2021-44334,KEV-first,78.73,2154
CVE-2021-44335,KEV-first,78.73,2155
CVE-2021-44339,KEV-first,78.73,2156
CVE-2021-44340,KEV-first,78.73,2157
CVE-2021-44342,KEV-first,78.73,2158
CVE-2021-44343,KEV-first,78.73,2159
CVE-2021-46518,KEV-first,78.73,2160
CVE-2021-46519,KEV-first,78.73,2161
CVE-2021-46520,KEV-first,78.73,2162
CVE-2021-46521,KEV-first,78.73,2163
CVE-2021-46522,KEV-first,78.73,2164
CVE-2021-46523,KEV-first,78.73,2165
CVE-2022-25465,KEV-first,78.73,2166
CVE-2022-25943,KEV-first,78.716,2167
CVE-2022-23868,KEV-first,78.715,2168
CVE-2021-44462,KEV-first,78.713,2169
CVE-2022-21836,KEV-first,78.704,2170
CVE-2022-0943,KEV-first,78.698,2171
CVE-2022-21852,KEV-first,78.692,2172
CVE-2022-21858,KEV-first,78.692,2173
CVE-2022-26503,KEV-first,78.69,2174
CVE-2022-24048,KEV-first,78.689,2175
CVE-2022-24052,KEV-first,78.689,2176
CVE-2022-26337,KEV-first,78.682,2177
CVE-2022-21682,KEV-first,78.679,2178
CVE-2022-21912,KEV-first,78.678,2179
CVE-2022-21835,KEV-first,78.669,2180
CVE-2022-21884,KEV-first,78.669,2181
CVE-2022-21885,KEV-first,78.669,2182
CVE-2022-21914,KEV-first,78.669,2183
CVE-2022-23293,KEV-first,78.667,2184
CVE-2022-23296,KEV-first,78.666,2185
CVE-2022-21902,KEV-first,78.663,2186
CVE-2021-39706,KEV-first,78.657,2187
CVE-2022-24051,KEV-first,78.657,2188
CVE-2022-25372,KEV-first,78.647,2189
CVE-2022-24050,KEV-first,78.644,2190
CVE-2021-45231,KEV-first,78.643,2191
CVE-2022-22001,KEV-first,78.642,2192
CVE-2022-23291,KEV-first,78.642,2193
CVE-2022-24459,KEV-first,78.641,2194
CVE-2022-21833,KEV-first,78.638,2195
CVE-2022-26511,KEV-first,78.634,2196
CVE-2022-23731,KEV-first,78.627,2197
CVE-2022-23290,KEV-first,78.625,2198
CVE-2022-24454,KEV-first,78.625,2199
CVE-2021-42722,KEV-first,78.618,2200
CVE-2022-0351,KEV-first,78.609,2201
CVE-2021-45975,KEV-first,78.604,2202
CVE-2021-27654,KEV-first,78.603,2203
CVE-2021-37852,KEV-first,78.599,2204
CVE-2022-21910,KEV-first,78.599,2205
CVE-2022-27772,KEV-first,78.597,2206
CVE-2021-20612,KEV-first,78.595,2207
CVE-2021-20613,KEV-first,78.595,2208
CVE-2022-21981,KEV-first,78.571,2209
CVE-2021-30360,KEV-first,78.57,2210
CVE-2022-25366,KEV-first,78.556,2211
CVE-2021-41442,KEV-first,78.552,2212
CVE-2022-24464,KEV-first,78.551,2213
CVE-2022-23276,KEV-first,78.543,2214
CVE-2021-4197,KEV-first,78.536,2215
CVE-2021-20319,KEV-first,78.523,2216
CVE-2022-23220,KEV-first,78.521,2217
CVE-2022-24396,KEV-first,78.516,2218
CVE-2022-27815,KEV-first,78.514,2219
CVE-2022-21716,KEV-first,78.51,2220
CVE-2022-25062,KEV-first,78.503,2221
CVE-2022-21904,KEV-first,78.5,2222
CVE-2021-45082,KEV-first,78.495,2223
CVE-2021-45417,KEV-first,78.493,2224
CVE-2022-23613,KEV-first,78.485,2225
CVE-2022-24679,KEV-first,78.477,2226
CVE-2022-24680,KEV-first,78.477,2227
CVE-2021-46165,KEV-first,78.469,2228
CVE-2021-44901,KEV-first,78.467,2229
CVE-2021-45440,KEV-first,78.464,2230
CVE-2021-39685,KEV-first,78.461,2231
CVE-2022-0301,KEV-first,78.454,2232
CVE-2022-25150,KEV-first,78.453,2233
CVE-2021-42714,KEV-first,78.447,2234
CVE-2020-25184,KEV-first,78.437,2235
CVE-2022-24346,KEV-first,78.437,2236
CVE-2022-26490,KEV-first,78.432,2237
CVE-2021-41848,KEV-first,78.431,2238
CVE-2021-44968,KEV-first,78.431,2239
CVE-2021-45926,KEV-first,78.431,2240
CVE-2021-45927,KEV-first,78.431,2241
CVE-2021-44899,KEV-first,78.425,2242
CVE-2021-43619,KEV-first,78.42,2243
CVE-2022-24671,KEV-first,78.42,2244
CVE-2022-24958,KEV-first,78.413,2245
CVE-2021-46368,KEV-first,78.409,2246
CVE-2021-44049,KEV-first,78.404,2247
CVE-2021-27971,KEV-first,78.403,2248
CVE-2021-40376,KEV-first,78.4,2249
CVE-2021-39701,KEV-first,78.398,2250
CVE-2021-41850,KEV-first,78.395,2251
CVE-2021-40043,KEV-first,78.39,2252
CVE-2022-24345,KEV-first,78.386,2253
CVE-2022-28128,KEV-first,78.386,2254
CVE-2022-23410,KEV-first,78.383,2255
CVE-2021-39787,KEV-first,78.38,2256
CVE-2022-0330,KEV-first,78.379,2257
CVE-2022-22618,KEV-first,78.379,2258
CVE-2019-25058,KEV-first,78.378,2259
CVE-2022-25348,KEV-first,78.378,2260
CVE-2022-0998,KEV-first,78.37,2261
CVE-2021-34998,KEV-first,78.369,2262
CVE-2022-21843,KEV-first,78.365,2263
CVE-2022-0500,KEV-first,78.355,2264
CVE-2021-3760,KEV-first,78.354,2265
CVE-2022-22945,KEV-first,78.354,2266
CVE-2021-3715,KEV-first,78.353,2267
CVE-2021-44730,KEV-first,78.351,2268
CVE-2022-27050,KEV-first,78.35,2269
CVE-2022-22596,KEV-first,78.347,2270
CVE-2022-23602,KEV-first,78.343,2271
CVE-2022-26526,KEV-first,78.343,2272
CVE-2022-0646,KEV-first,78.342,2273
CVE-2022-23033,KEV-first,78.34,2274
CVE-2022-0516,KEV-first,78.335,2275
CVE-2021-0091,KEV-first,78.334,2276
CVE-2021-39702,KEV-first,78.334,2277
CVE-2022-27052,KEV-first,78.332,2278
CVE-2022-25255,KEV-first,78.331,2279
CVE-2021-43940,KEV-first,78.33,2280
CVE-2021-39764,KEV-first,78.329,2281
CVE-2021-39771,KEV-first,78.329,2282
CVE-2022-25217,KEV-first,78.329,2283
CVE-2020-14111,KEV-first,78.323,2284
CVE-2022-22631,KEV-first,78.322,2285
CVE-2021-1036,KEV-first,78.32,2286
CVE-2021-39780,KEV-first,78.319,2287
CVE-2021-39790,KEV-first,78.316,2288
CVE-2022-22528,KEV-first,78.316,2289
CVE-2021-42810,KEV-first,78.315,2290
CVE-2022-22996,KEV-first,78.312,2291
CVE-2022-22669,KEV-first,78.309,2292
CVE-2022-22617,KEV-first,78.308,2293
CVE-2021-0164,KEV-first,78.302,2294
CVE-2021-34403,KEV-first,78.302,2295
CVE-2021-42712,KEV-first,78.302,2296
CVE-2021-42713,KEV-first,78.302,2297
CVE-2021-44903,KEV-first,78.302,2298
CVE-2021-0099,KEV-first,78.301,2299
CVE-2021-0116,KEV-first,78.301,2300
CVE-2021-0117,KEV-first,78.301,2301
CVE-2021-0156,KEV-first,78.301,2302
CVE-2021-34401,KEV-first,78.3,2303
CVE-2021-22042,KEV-first,78.296,2304
CVE-2021-45912,KEV-first,78.296,2305
CVE-2022-21944,KEV-first,78.287,2306
CVE-2021-38990,KEV-first,78.286,2307
CVE-2022-22301,KEV-first,78.286,2308
CVE-2022-25623,KEV-first,78.281,2309
CVE-2021-38991,KEV-first,78.271,2310
CVE-2022-25294,KEV-first,78.271,2311
CVE-2021-45441,KEV-first,78.265,2312
CVE-2021-44828,KEV-first,78.263,2313
CVE-2021-44900,KEV-first,78.258,2314
CVE-2021-44454,KEV-first,78.256,2315
CVE-2022-21174,KEV-first,78.256,2316
CVE-2022-24921,KEV-first,78.255,2317
CVE-2020-12891,KEV-first,78.254,2318
CVE-2021-4106,KEV-first,78.253,2319
CVE-2022-24986,KEV-first,78.253,2320
CVE-2022-25031,KEV-first,78.251,2321
CVE-2022-0908,KEV-first,78.25,2322
CVE-2022-24618,KEV-first,78.25,2323
CVE-2022-24696,KEV-first,78.249,2324
CVE-2020-14110,KEV-first,78.247,2325
CVE-2021-39698,KEV-first,78.247,2326
CVE-2021-36289,KEV-first,78.242,2327
CVE-2021-23152,KEV-first,78.241,2328
CVE-2021-33101,KEV-first,78.241,2329
CVE-2021-33137,KEV-first,78.241,2330
CVE-2021-36339,KEV-first,78.238,2331
CVE-2022-21220,KEV-first,78.238,2332
CVE-2021-29219,KEV-first,78.23,2333
CVE-2021-39714,KEV-first,78.229,2334
CVE-2022-0015,KEV-first,78.229,2335
CVE-2021-41388,KEV-first,78.228,2336
CVE-2022-23727,KEV-first,78.226,2337
CVE-2022-24285,KEV-first,78.225,2338
CVE-2022-24286,KEV-first,78.225,2339
CVE-2021-42855,KEV-first,78.223,2340
CVE-2022-21203,KEV-first,78.223,2341
CVE-2022-21204,KEV-first,78.223,2342
CVE-2022-21825,KEV-first,78.223,2343
CVE-2021-41817,KEV-first,78.222,2344
CVE-2022-23401,KEV-first,78.219,2345
CVE-2022-22148,KEV-first,78.218,2346
CVE-2022-20054,KEV-first,78.217,2347
CVE-2022-26839,KEV-first,78.217,2348
CVE-2021-33129,KEV-first,78.21,2349
CVE-2022-24408,KEV-first,78.21,2350
CVE-2022-24113,KEV-first,78.209,2351
CVE-2021-44385,KEV-first,78.207,2352
CVE-2021-44386,KEV-first,78.207,2353
CVE-2021-44387,KEV-first,78.207,2354
CVE-2021-44388,KEV-first,78.207,2355
CVE-2021-44389,KEV-first,78.207,2356
CVE-2021-44390,KEV-first,78.207,2357
CVE-2021-44391,KEV-first,78.207,2358
CVE-2021-44392,KEV-first,78.207,2359
CVE-2021-44393,KEV-first,78.207,2360
CVE-2021-44395,KEV-first,78.207,2361
CVE-2021-44396,KEV-first,78.207,2362
CVE-2021-44397,KEV-first,78.207,2363
CVE-2021-44398,KEV-first,78.207,2364
CVE-2021-44399,KEV-first,78.207,2365
CVE-2021-44400,KEV-first,78.207,2366
CVE-2021-44401,KEV-first,78.207,2367
CVE-2021-44402,KEV-first,78.207,2368
CVE-2021-44403,KEV-first,78.207,2369
CVE-2021-44404,KEV-first,78.207,2370
CVE-2021-44405,KEV-first,78.207,2371
CVE-2021-44406,KEV-first,78.207,2372
CVE-2021-44407,KEV-first,78.207,2373
CVE-2021-44408,KEV-first,78.207,2374
CVE-2021-44409,KEV-first,78.207,2375
CVE-2021-44410,KEV-first,78.207,2376
CVE-2021-44411,KEV-first,78.207,2377
CVE-2021-44412,KEV-first,78.207,2378
CVE-2021-44413,KEV-first,78.207,2379
CVE-2021-44414,KEV-first,78.207,2380
CVE-2021-44415,KEV-first,78.207,2381
CVE-2021-44416,KEV-first,78.207,2382
CVE-2021-44417,KEV-first,78.207,2383
CVE-2021-44418,KEV-first,78.207,2384
CVE-2021-44419,KEV-first,78.207,2385
CVE-2022-22141,KEV-first,78.206,2386
CVE-2021-39749,KEV-first,78.205,2387
CVE-2021-39704,KEV-first,78.201,2388
CVE-2021-22817,KEV-first,78.2,2389
CVE-2021-44204,KEV-first,78.197,2390
CVE-2022-0483,KEV-first,78.197,2391
CVE-2021-3551,KEV-first,78.186,2392
CVE-2021-35069,KEV-first,78.181,2393
CVE-2021-37109,KEV-first,78.174,2394
CVE-2020-14481,KEV-first,78.163,2395
CVE-2021-39626,KEV-first,78.162,2396
CVE-2021-39992,KEV-first,78.162,2397
CVE-2021-40363,KEV-first,78.16,2398
CVE-2022-24115,KEV-first,78.16,2399
CVE-2021-30289,KEV-first,78.157,2400
CVE-2021-30303,KEV-first,78.157,2401
CVE-2021-30308,KEV-first,78.157,2402
CVE-2021-30311,KEV-first,78.157,2403
CVE-2021-33658,KEV-first,78.157,2404
CVE-2021-39634,KEV-first,78.157,2405
CVE-2021-30319,KEV-first,78.155,2406
CVE-2021-30268,KEV-first,78.154,2407
CVE-2021-30322,KEV-first,78.154,2408
CVE-2021-30323,KEV-first,78.154,2409
CVE-2021-39663,KEV-first,78.15,2410
CVE-2021-30267,KEV-first,78.148,2411
CVE-2021-39674,KEV-first,78.148,2412
CVE-2021-0959,KEV-first,78.146,2413
CVE-2022-20025,KEV-first,78.146,2414
CVE-2022-20026,KEV-first,78.146,2415
CVE-2022-20027,KEV-first,78.146,2416
CVE-2022-20028,KEV-first,78.146,2417
CVE-2022-20044,KEV-first,78.146,2418
CVE-2022-20045,KEV-first,78.146,2419
CVE-2021-30309,KEV-first,78.145,2420
CVE-2021-44358,KEV-first,78.145,2421
CVE-2021-44359,KEV-first,78.145,2422
CVE-2021-44360,KEV-first,78.145,2423
CVE-2021-44361,KEV-first,78.145,2424
CVE-2021-44362,KEV-first,78.145,2425
CVE-2021-44363,KEV-first,78.145,2426
CVE-2021-44364,KEV-first,78.145,2427
CVE-2021-44365,KEV-first,78.145,2428
CVE-2021-44367,KEV-first,78.145,2429
CVE-2021-44368,KEV-first,78.145,2430
CVE-2021-44369,KEV-first,78.145,2431
CVE-2021-44370,KEV-first,78.145,2432
CVE-2021-44371,KEV-first,78.145,2433
CVE-2021-44372,KEV-first,78.145,2434
CVE-2021-44373,KEV-first,78.145,2435
CVE-2021-44374,KEV-first,78.145,2436
CVE-2021-44376,KEV-first,78.145,2437
CVE-2021-44377,KEV-first,78.145,2438
CVE-2021-44378,KEV-first,78.145,2439
CVE-2021-44379,KEV-first,78.145,2440
CVE-2021-44380,KEV-first,78.145,2441
CVE-2021-44381,KEV-first,78.145,2442
CVE-2021-44382,KEV-first,78.145,2443
CVE-2021-44383,KEV-first,78.145,2444
CVE-2021-44384,KEV-first,78.145,2445
CVE-2021-0957,KEV-first,78.135,2446
CVE-2021-30279,KEV-first,78.135,2447
CVE-2021-39678,KEV-first,78.135,2448
CVE-2021-39695,KEV-first,78.134,2449
CVE-2022-20041,KEV-first,78.134,2450
CVE-2022-20043,KEV-first,78.134,2451
CVE-2021-39619,KEV-first,78.133,2452
CVE-2021-39672,KEV-first,78.133,2453
CVE-2021-39709,KEV-first,78.133,2454
CVE-2021-39668,KEV-first,78.132,2455
CVE-2021-39693,KEV-first,78.132,2456
CVE-2022-20040,KEV-first,78.129,2457
CVE-2021-39621,KEV-first,78.128,2458
CVE-2021-39627,KEV-first,78.128,2459
CVE-2021-39684,KEV-first,78.128,2460
CVE-2021-39694,KEV-first,78.128,2461
CVE-2021-39697,KEV-first,78.128,2462
CVE-2021-39703,KEV-first,78.126,2463
CVE-2021-39707,KEV-first,78.126,2464
CVE-2021-39622,KEV-first,78.124,2465
CVE-2021-39630,KEV-first,78.124,2466
CVE-2021-39676,KEV-first,78.123,2467
CVE-2022-20047,KEV-first,78.123,2468
CVE-2022-20048,KEV-first,78.123,2469
CVE-2021-1035,KEV-first,78.122,2470
CVE-2021-39618,KEV-first,78.122,2471
CVE-2021-39632,KEV-first,78.122,2472
CVE-2021-39682,KEV-first,78.122,2473
CVE-2021-39768,KEV-first,78.12,2474
CVE-2022-20053,KEV-first,78.12,2475
CVE-2021-39620,KEV-first,78.119,2476
CVE-2022-20031,KEV-first,78.118,2477
CVE-2021-39681,KEV-first,78.115,2478
CVE-2021-39752,KEV-first,78.114,2479
CVE-2021-39781,KEV-first,78.114,2480
CVE-2021-39662,KEV-first,78.113,2481
CVE-2021-39732,KEV-first,78.113,2482
CVE-2021-39741,KEV-first,78.113,2483
CVE-2021-39746,KEV-first,78.113,2484
CVE-2021-39759,KEV-first,78.113,2485
CVE-2021-39763,KEV-first,78.113,2486
CVE-2021-39767,KEV-first,78.113,2487
CVE-2022-20012,KEV-first,78.112,2488
CVE-2022-23729,KEV-first,78.112,2489
CVE-2021-39776,KEV-first,78.111,2490
CVE-2022-20024,KEV-first,78.111,2491
CVE-2021-1000,KEV-first,78.105,2492
CVE-2021-1033,KEV-first,78.105,2493
CVE-2022-20002,KEV-first,78.105,2494
CVE-2021-39734,KEV-first,78.104,2495
CVE-2021-39743,KEV-first,78.104,2496
CVE-2021-39750,KEV-first,78.104,2497
CVE-2021-39758,KEV-first,78.104,2498
CVE-2021-39782,KEV-first,78.104,2499
CVE-2021-39783,KEV-first,78.104,2500
CVE-2021-39784,KEV-first,78.104,2501
CVE-2021-39789,KEV-first,78.104,2502
CVE-2022-25331,KEV-first,78.098,2503
CVE-2021-39669,KEV-first,78.095,2504
CVE-2022-20698,KEV-first,78.061,2505
CVE-2021-32586,KEV-first,78.055,2506
CVE-2022-21911,KEV-first,78.052,2507
CVE-2022-21889,KEV-first,78.03,2508
CVE-2022-21890,KEV-first,78.03,2509
CVE-2021-31854,KEV-first,78.012,2510
CVE-2022-21965,KEV-first,77.965,2511
CVE-2021-43045,KEV-first,77.96,2512
CVE-2022-21382,KEV-first,77.933,2513
CVE-2021-41819,KEV-first,77.931,2514
CVE-2020-36517,KEV-first,77.897,2515
CVE-2022-24730,KEV-first,77.895,2516
CVE-2021-34797,KEV-first,77.894,2517
CVE-2022-0228,KEV-first,77.887,2518
CVE-2021-40110,KEV-first,77.86,2519
CVE-2022-26779,KEV-first,77.85,2520
CVE-2022-23772,KEV-first,77.83,2521
CVE-2022-0427,KEV-first,77.828,2522
CVE-2022-21680,KEV-first,77.828,2523
CVE-2022-23263,KEV-first,77.79,2524
CVE-2021-45031,KEV-first,77.78,2525
CVE-2022-22152,KEV-first,77.78,2526
CVE-2021-3610,KEV-first,77.762,2527
CVE-2022-21676,KEV-first,77.76,2528
CVE-2022-21664,KEV-first,77.752,2529
CVE-2022-21681,KEV-first,77.743,2530
CVE-2022-26353,KEV-first,77.743,2531
CVE-2022-23913,KEV-first,77.74,2532
CVE-2022-24778,KEV-first,77.718,2533
CVE-2022-22988,KEV-first,77.714,2534
CVE-2022-24983,KEV-first,77.707,2535
CVE-2022-23773,KEV-first,77.698,2536
CVE-2022-24975,KEV-first,77.645,2537
CVE-2021-27738,KEV-first,77.557,2538
CVE-2022-23094,KEV-first,77.523,2539
CVE-2021-23460,KEV-first,77.521,2540
CVE-2022-0732,KEV-first,77.508,2541
CVE-2022-21891,KEV-first,77.506,2542
CVE-2022-22547,KEV-first,77.5,2543
CVE-2022-23098,KEV-first,77.485,2544
CVE-2022-24775,KEV-first,77.48,2545
CVE-2022-25249,KEV-first,77.473,2546
CVE-2022-0725,KEV-first,77.451,2547
CVE-2020-12965,KEV-first,77.42,2548
CVE-2021-46669,KEV-first,77.403,2549
CVE-2021-45115,KEV-first,77.397,2550
CVE-2022-24764,KEV-first,77.396,2551
CVE-2021-45457,KEV-first,77.383,2552
CVE-2021-23702,KEV-first,77.378,2553
CVE-2020-23315,KEV-first,77.373,2554
CVE-2022-22722,KEV-first,77.371,2555
CVE-2022-24678,KEV-first,77.335,2556
CVE-2022-24753,KEV-first,77.334,2557
CVE-2021-22050,KEV-first,77.316,2558
CVE-2021-45034,KEV-first,77.307,2559
CVE-2022-22262,KEV-first,77.257,2560
CVE-2022-25401,KEV-first,77.255,2561
CVE-2019-12266,KEV-first,77.248,2562
CVE-2016-20013,KEV-first,77.234,2563
CVE-2021-44262,KEV-first,77.19,2564
CVE-2021-37204,KEV-first,77.181,2565
CVE-2022-23377,KEV-first,77.173,2566
CVE-2022-21346,KEV-first,77.169,2567
CVE-2020-29050,KEV-first,77.166,2568
CVE-2022-24718,KEV-first,77.13,2569
CVE-2021-23507,KEV-first,77.125,2570
CVE-2021-43666,KEV-first,77.125,2571
CVE-2022-22264,KEV-first,77.122,2572
CVE-2022-24763,KEV-first,77.121,2573
CVE-2021-45458,KEV-first,77.08,2574
CVE-2022-23793,KEV-first,77.078,2575
CVE-2022-22828,KEV-first,77.073,2576
CVE-2022-21932,KEV-first,77.071,2577
CVE-2022-25352,KEV-first,77.061,2578
CVE-2021-37185,KEV-first,77.06,2579
CVE-2020-24771,KEV-first,77.046,2580
CVE-2021-42641,KEV-first,77.043,2581
CVE-2021-23597,KEV-first,77.03,2582
CVE-2021-4091,KEV-first,77.014,2583
CVE-2022-21193,KEV-first,77.001,2584
CVE-2022-22336,KEV-first,76.999,2585
CVE-2021-44040,KEV-first,76.991,2586
CVE-2022-25598,KEV-first,76.981,2587
CVE-2021-23631,KEV-first,76.978,2588
CVE-2022-23206,KEV-first,76.978,2589
CVE-2022-0565,KEV-first,76.976,2590
CVE-2021-41608,KEV-first,76.973,2591
CVE-2022-26662,KEV-first,76.973,2592
CVE-2022-25634,KEV-first,76.96,2593
CVE-2021-23192,KEV-first,76.953,2594
CVE-2021-38787,KEV-first,76.947,2595
CVE-2022-24756,KEV-first,76.936,2596
CVE-2022-21649,KEV-first,76.932,2597
CVE-2021-45856,KEV-first,76.931,2598
CVE-2022-23612,KEV-first,76.931,2599
CVE-2022-27882,KEV-first,76.907,2600
CVE-2022-27881,KEV-first,76.898,2601
CVE-2022-25297,KEV-first,76.896,2602
CVE-2022-23968,KEV-first,76.895,2603
CVE-2021-44124,KEV-first,76.887,2604
CVE-2022-22651,KEV-first,76.881,2605
CVE-2021-43863,KEV-first,76.874,2606
CVE-2021-46102,KEV-first,76.872,2607
CVE-2021-45116,KEV-first,76.855,2608
CVE-2021-38296,KEV-first,76.845,2609
CVE-2022-20653,KEV-first,76.833,2610
CVE-2022-21650,KEV-first,76.831,2611
CVE-2021-45391,KEV-first,76.826,2612
CVE-2021-38783,KEV-first,76.82,2613
CVE-2021-38785,KEV-first,76.82,2614
CVE-2021-24948,KEV-first,76.815,2615
CVE-2022-21236,KEV-first,76.812,2616
CVE-2022-23558,KEV-first,76.811,2617
CVE-2021-29395,KEV-first,76.801,2618
CVE-2021-44650,KEV-first,76.794,2619
CVE-2021-44032,KEV-first,76.792,2620
CVE-2022-21740,KEV-first,76.788,2621
CVE-2021-38784,KEV-first,76.783,2622
CVE-2021-38786,KEV-first,76.78,2623
CVE-2022-24761,KEV-first,76.78,2624
CVE-2021-44351,KEV-first,76.775,2625
CVE-2021-20299,KEV-first,76.767,2626
CVE-2022-24789,KEV-first,76.764,2627
CVE-2022-22533,KEV-first,76.755,2628
CVE-2022-23573,KEV-first,76.755,2629
CVE-2022-21736,KEV-first,76.746,2630
CVE-2021-38266,KEV-first,76.742,2631
CVE-2022-24226,KEV-first,76.736,2632
CVE-2021-23567,KEV-first,76.733,2633
CVE-2022-21292,KEV-first,76.731,2634
CVE-2022-23584,KEV-first,76.725,2635
CVE-2022-24646,KEV-first,76.721,2636
CVE-2020-19858,KEV-first,76.711,2637
CVE-2021-46379,KEV-first,76.701,2638
CVE-2021-40411,KEV-first,76.695,2639
CVE-2022-21266,KEV-first,76.694,2640
CVE-2020-25178,KEV-first,76.691,2641
CVE-2022-23986,KEV-first,76.69,2642
CVE-2021-38696,KEV-first,76.678,2643
CVE-2021-38788,KEV-first,76.677,2644
CVE-2021-46462,KEV-first,76.677,2645
CVE-2022-25298,KEV-first,76.677,2646
CVE-2021-22569,KEV-first,76.669,2647
CVE-2021-43848,KEV-first,76.667,2648
CVE-2022-23635,KEV-first,76.664,2649
CVE-2022-21727,KEV-first,76.659,2650
CVE-2022-25250,KEV-first,76.655,2651
CVE-2022-22585,KEV-first,76.654,2652
CVE-2022-23320,KEV-first,76.644,2653
CVE-2021-37205,KEV-first,76.64,2654
CVE-2022-23596,KEV-first,76.632,2655
CVE-2021-45848,KEV-first,76.624,2656
CVE-2022-21667,KEV-first,76.623,2657
CVE-2022-23437,KEV-first,76.615,2658
CVE-2021-44977,KEV-first,76.607,2659
CVE-2022-23352,KEV-first,76.607,2660
CVE-2022-24726,KEV-first,76.591,2661
CVE-2022-0214,KEV-first,76.589,2662
CVE-2022-21300,KEV-first,76.583,2663
CVE-2022-23562,KEV-first,76.578,2664
CVE-2022-0736,KEV-first,76.575,2665
CVE-2017-0371,KEV-first,76.568,2666
CVE-2022-25252,KEV-first,76.568,2667
CVE-2022-0524,KEV-first,76.567,2668
CVE-2021-4076,KEV-first,76.564,2669
CVE-2021-46383,KEV-first,76.563,2670
CVE-2022-23345,KEV-first,76.554,2671
CVE-2021-24893,KEV-first,76.553,2672
CVE-2022-24916,KEV-first,76.55,2673
CVE-2022-24685,KEV-first,76.548,2674
CVE-2022-24683,KEV-first,76.539,2675
CVE-2021-40406,KEV-first,76.534,2676
CVE-2021-46385,KEV-first,76.524,2677
CVE-2021-25087,KEV-first,76.516,2678
CVE-2021-45746,KEV-first,76.51,2679
CVE-2022-25491,KEV-first,76.498,2680
CVE-2020-19861,KEV-first,76.493,2681
CVE-2021-24906,KEV-first,76.489,2682
CVE-2022-23647,KEV-first,76.479,2683
CVE-2021-45734,KEV-first,76.465,2684
CVE-2021-38694,KEV-first,76.464,2685
CVE-2021-3842,KEV-first,76.461,2686
CVE-2021-45851,KEV-first,76.454,2687
CVE-2022-26267,KEV-first,76.454,2688
CVE-2022-0853,KEV-first,76.452,2689
CVE-2021-45761,KEV-first,76.436,2690
CVE-2022-0654,KEV-first,76.423,2691
CVE-2022-0913,KEV-first,76.423,2692
CVE-2022-24798,KEV-first,76.422,2693
CVE-2019-9564,KEV-first,76.419,2694
CVE-2021-43091,KEV-first,76.412,2695
CVE-2022-21819,KEV-first,76.409,2696
CVE-2021-46101,KEV-first,76.403,2697
CVE-2022-22914,KEV-first,76.401,2698
CVE-2022-21712,KEV-first,76.381,2699
CVE-2021-42642,KEV-first,76.375,2700
CVE-2022-21689,KEV-first,76.374,2701
CVE-2022-23327,KEV-first,76.373,2702
CVE-2022-23328,KEV-first,76.373,2703
CVE-2021-46458,KEV-first,76.37,2704
CVE-2021-46459,KEV-first,76.37,2705
CVE-2022-22543,KEV-first,76.361,2706
CVE-2021-41040,KEV-first,76.358,2707
CVE-2022-24666,KEV-first,76.354,2708
CVE-2022-25640,KEV-first,76.352,2709
CVE-2021-26620,KEV-first,76.35,2710
CVE-2022-0635,KEV-first,76.348,2711
CVE-2022-0667,KEV-first,76.348,2712
CVE-2022-22609,KEV-first,76.344,2713
CVE-2021-40423,KEV-first,76.339,2714
CVE-2022-23228,KEV-first,76.324,2715
CVE-2022-23630,KEV-first,76.32,2716
CVE-2021-44586,KEV-first,76.308,2717
CVE-2022-0618,KEV-first,76.299,2718
CVE-2021-43957,KEV-first,76.295,2719
CVE-2021-22804,KEV-first,76.294,2720
CVE-2021-38789,KEV-first,76.287,2721
CVE-2022-21251,KEV-first,76.287,2722
CVE-2022-23117,KEV-first,76.285,2723
CVE-2021-32545,KEV-first,76.28,2724
CVE-2021-40635,KEV-first,76.28,2725
CVE-2021-40636,KEV-first,76.28,2726
CVE-2022-25335,KEV-first,76.28,2727
CVE-2022-25271,KEV-first,76.277,2728
CVE-2021-45421,KEV-first,76.275,2729
CVE-2022-24316,KEV-first,76.273,2730
CVE-2022-24121,KEV-first,76.261,2731
CVE-2022-24757,KEV-first,76.256,2732
CVE-2020-22845,KEV-first,76.25,2733
CVE-2022-1176,KEV-first,76.25,2734
CVE-2022-22643,KEV-first,76.25,2735
CVE-2021-33498,KEV-first,76.245,2736
CVE-2021-33499,KEV-first,76.245,2737
CVE-2021-35969,KEV-first,76.245,2738
CVE-2021-42555,KEV-first,76.245,2739
CVE-2022-0777,KEV-first,76.241,2740
CVE-2021-24839,KEV-first,76.24,2741
CVE-2021-46408,KEV-first,76.238,2742
CVE-2022-25548,KEV-first,76.238,2743
CVE-2022-25549,KEV-first,76.238,2744
CVE-2022-25550,KEV-first,76.238,2745
CVE-2022-25551,KEV-first,76.238,2746
CVE-2022-25552,KEV-first,76.238,2747
CVE-2022-25553,KEV-first,76.238,2748
CVE-2022-25554,KEV-first,76.238,2749
CVE-2022-25555,KEV-first,76.238,2750
CVE-2022-25556,KEV-first,76.238,2751
CVE-2022-25557,KEV-first,76.238,2752
CVE-2022-25558,KEV-first,76.238,2753
CVE-2022-25560,KEV-first,76.238,2754
CVE-2022-25561,KEV-first,76.238,2755
CVE-2022-25566,KEV-first,76.238,2756
CVE-2020-22844,KEV-first,76.233,2757
CVE-2021-40419,KEV-first,76.232,2758
CVE-2021-3845,KEV-first,76.227,2759
CVE-2022-1036,KEV-first,76.226,2760
CVE-2022-23633,KEV-first,76.226,2761
CVE-2021-46320,KEV-first,76.217,2762
CVE-2021-43109,KEV-first,76.214,2763
CVE-2022-23387,KEV-first,76.214,2764
CVE-2022-25393,KEV-first,76.214,2765
CVE-2021-38772,KEV-first,76.213,2766
CVE-2022-0133,KEV-first,76.213,2767
CVE-2021-38918,KEV-first,76.21,2768
CVE-2021-46149,KEV-first,76.21,2769
CVE-2022-24317,KEV-first,76.206,2770
CVE-2022-24980,KEV-first,76.201,2771
CVE-2021-42219,KEV-first,76.197,2772
CVE-2021-46359,KEV-first,76.197,2773
CVE-2022-26300,KEV-first,76.197,2774
CVE-2021-24831,KEV-first,76.196,2775
CVE-2021-25093,KEV-first,76.196,2776
CVE-2022-23435,KEV-first,76.192,2777
CVE-2022-22540,KEV-first,76.185,2778
CVE-2021-46247,KEV-first,76.178,2779
CVE-2021-46389,KEV-first,76.177,2780
CVE-2022-24777,KEV-first,76.177,2781
CVE-2021-44246,KEV-first,76.175,2782
CVE-2021-45736,KEV-first,76.175,2783
CVE-2021-45737,KEV-first,76.175,2784
CVE-2021-45739,KEV-first,76.175,2785
CVE-2021-45741,KEV-first,76.175,2786
CVE-2021-45996,KEV-first,76.175,2787
CVE-2021-46082,KEV-first,76.175,2788
CVE-2022-24142,KEV-first,76.175,2789
CVE-2022-24143,KEV-first,76.175,2790
CVE-2022-24145,KEV-first,76.175,2791
CVE-2022-24146,KEV-first,76.175,2792
CVE-2022-24147,KEV-first,76.175,2793
CVE-2022-24149,KEV-first,76.175,2794
CVE-2022-24151,KEV-first,76.175,2795
CVE-2022-24152,KEV-first,76.175,2796
CVE-2022-24153,KEV-first,76.175,2797
CVE-2022-24154,KEV-first,76.175,2798
CVE-2022-24155,KEV-first,76.175,2799
CVE-2022-24156,KEV-first,76.175,2800
CVE-2022-24157,KEV-first,76.175,2801
CVE-2022-24158,KEV-first,76.175,2802
CVE-2022-24159,KEV-first,76.175,2803
CVE-2022-24160,KEV-first,76.175,2804
CVE-2022-24161,KEV-first,76.175,2805
CVE-2022-24162,KEV-first,76.175,2806
CVE-2022-24163,KEV-first,76.175,2807
CVE-2022-24164,KEV-first,76.175,2808
CVE-2022-24166,KEV-first,76.175,2809
CVE-2022-24169,KEV-first,76.175,2810
CVE-2022-24172,KEV-first,76.175,2811
CVE-2022-26243,KEV-first,76.175,2812
CVE-2021-39034,KEV-first,76.174,2813
CVE-2021-45347,KEV-first,76.166,2814
CVE-2021-38576,KEV-first,76.165,2815
CVE-2022-24601,KEV-first,76.164,2816
CVE-2022-21143,KEV-first,76.163,2817
CVE-2021-46170,KEV-first,76.159,2818
CVE-2021-3814,KEV-first,76.158,2819
CVE-2021-3567,KEV-first,76.157,2820
CVE-2022-26311,KEV-first,76.155,2821
CVE-2022-22653,KEV-first,76.147,2822
CVE-2022-27192,KEV-first,76.147,2823
CVE-2022-21655,KEV-first,76.145,2824
CVE-2021-44345,KEV-first,76.137,2825
CVE-2022-22159,KEV-first,76.137,2826
CVE-2022-25104,KEV-first,76.135,2827
CVE-2022-0153,KEV-first,76.128,2828
CVE-2021-28276,KEV-first,76.127,2829
CVE-2022-22110,KEV-first,76.122,2830
CVE-2022-24667,KEV-first,76.119,2831
CVE-2022-24668,KEV-first,76.119,2832
CVE-2021-43947,KEV-first,76.117,2833
CVE-2020-13670,KEV-first,76.106,2834
CVE-2021-41807,KEV-first,76.106,2835
CVE-2022-25512,KEV-first,76.099,2836
CVE-2022-24758,KEV-first,76.097,2837
CVE-2021-44477,KEV-first,76.095,2838
CVE-2021-32476,KEV-first,76.089,2839
CVE-2022-21801,KEV-first,76.088,2840
CVE-2022-21205,KEV-first,76.087,2841
CVE-2021-45757,KEV-first,76.082,2842
CVE-2021-45989,KEV-first,76.082,2843
CVE-2022-23317,KEV-first,76.076,2844
CVE-2022-24132,KEV-first,76.071,2845
CVE-2021-23236,KEV-first,76.07,2846
CVE-2021-41652,KEV-first,76.07,2847
CVE-2022-21822,KEV-first,76.06700000000001,2848
CVE-2021-38960,KEV-first,76.063,2849
CVE-2022-24502,KEV-first,76.06299999999999,2850
CVE-2021-43824,KEV-first,76.062,2851
CVE-2021-43826,KEV-first,76.062,2852
CVE-2021-45769,KEV-first,76.062,2853
CVE-2021-45773,KEV-first,76.062,2854
CVE-2007-20001,KEV-first,76.059,2855
CVE-2021-22286,KEV-first,76.059,2856
CVE-2021-22288,KEV-first,76.059,2857
CVE-2021-45794,KEV-first,76.059,2858
CVE-2021-32996,KEV-first,76.057,2859
CVE-2022-0437,KEV-first,76.054,2860
CVE-2020-13677,KEV-first,76.053,2861
CVE-2021-45988,KEV-first,76.053,2862
CVE-2021-45991,KEV-first,76.053,2863
CVE-2021-45992,KEV-first,76.053,2864
CVE-2021-45993,KEV-first,76.053,2865
CVE-2021-45994,KEV-first,76.053,2866
CVE-2021-45995,KEV-first,76.053,2867
CVE-2021-45997,KEV-first,76.053,2868
CVE-2021-22043,KEV-first,76.052,2869
CVE-2021-39480,KEV-first,76.05,2870
CVE-2021-44081,KEV-first,76.048,2871
CVE-2021-39364,KEV-first,76.047,2872
CVE-2021-4021,KEV-first,76.046,2873
CVE-2021-46020,KEV-first,76.046,2874
CVE-2022-25508,KEV-first,76.044,2875
CVE-2020-23026,KEV-first,76.04,2876
CVE-2021-45325,KEV-first,76.04,2877
CVE-2021-22285,KEV-first,76.038,2878
CVE-2021-22787,KEV-first,76.037,2879
CVE-2021-22788,KEV-first,76.037,2880
CVE-2022-25514,KEV-first,76.037,2881
CVE-2022-26534,KEV-first,76.037,2882
CVE-2021-3618,KEV-first,76.036,2883
CVE-2021-38935,KEV-first,76.033,2884
CVE-2022-24772,KEV-first,76.031,2885
CVE-2021-44581,KEV-first,76.029,2886
CVE-2021-22818,KEV-first,76.005,2887
CVE-2021-22800,KEV-first,76.004,2888
CVE-2021-44866,KEV-first,76.002,2889
CVE-2022-24321,KEV-first,75.999,2890
CVE-2022-0138,KEV-first,75.986,2891
CVE-2021-37517,KEV-first,75.985,2892
CVE-2021-42020,KEV-first,75.985,2893
CVE-2022-23020,KEV-first,75.976,2894
CVE-2022-22161,KEV-first,75.972,2895
CVE-2022-22510,KEV-first,75.972,2896
CVE-2021-23246,KEV-first,75.971,2897
CVE-2021-45445,KEV-first,75.97,2898
CVE-2021-38957,KEV-first,75.969,2899
CVE-2021-41769,KEV-first,75.968,2900
CVE-2022-21828,KEV-first,75.965,2901
CVE-2021-32732,KEV-first,75.964,2902
CVE-2022-25264,KEV-first,75.964,2903
CVE-2022-25374,KEV-first,75.964,2904
CVE-2022-0240,KEV-first,75.963,2905
CVE-2021-22785,KEV-first,75.962,2906
CVE-2022-0315,KEV-first,75.959,2907
CVE-2022-1061,KEV-first,75.959,2908
CVE-2021-42577,KEV-first,75.958,2909
CVE-2021-40014,KEV-first,75.957,2910
CVE-2021-43663,KEV-first,75.957,2911
CVE-2020-14107,KEV-first,75.956,2912
CVE-2021-22806,KEV-first,75.954,2913
CVE-2021-25636,KEV-first,75.954,2914
CVE-2022-25389,KEV-first,75.954,2915
CVE-2022-25571,KEV-first,75.954,2916
CVE-2022-23010,KEV-first,75.952,2917
CVE-2021-22816,KEV-first,75.947,2918
CVE-2022-22178,KEV-first,75.945,2919
CVE-2022-22354,KEV-first,75.941,2920
CVE-2021-45348,KEV-first,75.93,2921
CVE-2022-22153,KEV-first,75.93,2922
CVE-2022-22170,KEV-first,75.93,2923
CVE-2022-22171,KEV-first,75.93,2924
CVE-2022-22174,KEV-first,75.93,2925
CVE-2022-22180,KEV-first,75.93,2926
CVE-2022-22724,KEV-first,75.93,2927
CVE-2022-23011,KEV-first,75.93,2928
CVE-2022-23233,KEV-first,75.93,2929
CVE-2022-23989,KEV-first,75.93,2930
CVE-2022-25462,KEV-first,75.928,2931
CVE-2021-46088,KEV-first,75.927,2932
CVE-2022-22288,KEV-first,75.92,2933
CVE-2022-23012,KEV-first,75.92,2934
CVE-2022-23016,KEV-first,75.92,2935
CVE-2022-23017,KEV-first,75.92,2936
CVE-2022-23018,KEV-first,75.92,2937
CVE-2022-23019,KEV-first,75.92,2938
CVE-2022-23021,KEV-first,75.92,2939
CVE-2022-23022,KEV-first,75.92,2940
CVE-2022-0481,KEV-first,75.918,2941
CVE-2022-0132,KEV-first,75.914,2942
CVE-2022-24327,KEV-first,75.913,2943
CVE-2022-21134,KEV-first,75.907,2944
CVE-2021-22798,KEV-first,75.904,2945
CVE-2022-23024,KEV-first,75.904,2946
CVE-2022-23025,KEV-first,75.904,2947
CVE-2021-40032,KEV-first,75.895,2948
CVE-2021-44878,KEV-first,75.895,2949
CVE-2022-27658,KEV-first,75.887,2950
CVE-2021-29632,KEV-first,75.855,2951
CVE-2021-37194,KEV-first,75.847,2952
CVE-2022-22846,KEV-first,75.844,2953
CVE-2021-40027,KEV-first,75.843,2954
CVE-2021-37126,KEV-first,75.828,2955
CVE-2022-23116,KEV-first,75.828,2956
CVE-2021-40064,KEV-first,75.827,2957
CVE-2021-29397,KEV-first,75.813,2958
CVE-2021-3852,KEV-first,75.808,2959
CVE-2021-45810,KEV-first,75.808,2960
CVE-2020-5956,KEV-first,75.806,2961
CVE-2019-25057,KEV-first,75.798,2962
CVE-2022-27333,KEV-first,75.796,2963
CVE-2021-46086,KEV-first,75.795,2964
CVE-2021-40029,KEV-first,75.791,2965
CVE-2021-40035,KEV-first,75.791,2966
CVE-2022-23591,KEV-first,75.789,2967
CVE-2022-21688,KEV-first,75.787,2968
CVE-2022-23915,KEV-first,75.787,2969
CVE-2021-40011,KEV-first,75.779,2970
CVE-2021-40049,KEV-first,75.771,2971
CVE-2021-40048,KEV-first,75.77,2972
CVE-2021-40052,KEV-first,75.77,2973
CVE-2022-24341,KEV-first,75.764,2974
CVE-2021-39726,KEV-first,75.755,2975
CVE-2021-39762,KEV-first,75.755,2976
CVE-2021-40051,KEV-first,75.75,2977
CVE-2021-40057,KEV-first,75.748,2978
CVE-2021-40058,KEV-first,75.748,2979
CVE-2021-40060,KEV-first,75.748,2980
CVE-2021-40148,KEV-first,75.74,2981
CVE-2022-24794,KEV-first,75.738,2982
CVE-2021-40056,KEV-first,75.736,2983
CVE-2021-40062,KEV-first,75.736,2984
CVE-2021-40063,KEV-first,75.729,2985
CVE-2022-24771,KEV-first,75.728,2986
CVE-2022-0749,KEV-first,75.722,2987
CVE-2022-23632,KEV-first,75.714,2988
CVE-2021-39973,KEV-first,75.697,2989
CVE-2021-39998,KEV-first,75.697,2990
CVE-2021-22319,KEV-first,75.694,2991
CVE-2021-39970,KEV-first,75.693,2992
CVE-2021-40022,KEV-first,75.686,2993
CVE-2021-40846,KEV-first,75.685,2994
CVE-2022-22175,KEV-first,75.685,2995
CVE-2021-22395,KEV-first,75.679,2996
CVE-2021-37110,KEV-first,75.679,2997
CVE-2021-37113,KEV-first,75.679,2998
CVE-2021-37133,KEV-first,75.679,2999
CVE-2021-39966,KEV-first,75.679,3000
CVE-2021-39969,KEV-first,75.679,3001
CVE-2021-39974,KEV-first,75.679,3002
CVE-2021-3698,KEV-first,75.676,3003
CVE-2021-22489,KEV-first,75.675,3004
CVE-2021-37027,KEV-first,75.675,3005
CVE-2021-37111,KEV-first,75.675,3006
CVE-2021-37117,KEV-first,75.675,3007
CVE-2021-37119,KEV-first,75.675,3008
CVE-2021-37125,KEV-first,75.672,3009
CVE-2021-39971,KEV-first,75.672,3010
CVE-2021-39972,KEV-first,75.672,3011
CVE-2021-40005,KEV-first,75.672,3012
CVE-2021-40018,KEV-first,75.672,3013
CVE-2021-40020,KEV-first,75.672,3014
CVE-2021-40021,KEV-first,75.672,3015
CVE-2021-40025,KEV-first,75.672,3016
CVE-2022-28142,KEV-first,75.668,3017
CVE-2021-27422,KEV-first,75.667,3018
CVE-2021-38921,KEV-first,75.665,3019
CVE-2021-37098,KEV-first,75.655,3020
CVE-2021-39968,KEV-first,75.655,3021
CVE-2021-39975,KEV-first,75.655,3022
CVE-2021-39977,KEV-first,75.655,3023
CVE-2021-39983,KEV-first,75.655,3024
CVE-2021-39984,KEV-first,75.655,3025
CVE-2021-39985,KEV-first,75.655,3026
CVE-2021-39987,KEV-first,75.655,3027
CVE-2021-39988,KEV-first,75.655,3028
CVE-2021-39989,KEV-first,75.655,3029
CVE-2021-39978,KEV-first,75.653,3030
CVE-2021-39967,KEV-first,75.643,3031
CVE-2021-40004,KEV-first,75.637,3032
CVE-2022-23015,KEV-first,75.629,3033
CVE-2021-40026,KEV-first,75.627,3034
CVE-2021-40061,KEV-first,75.627,3035
CVE-2021-42016,KEV-first,75.627,3036
CVE-2021-40054,KEV-first,75.621,3037
CVE-2022-26660,KEV-first,75.617,3038
CVE-2022-21798,KEV-first,75.612,3039
CVE-2021-40047,KEV-first,75.61,3040
CVE-2022-26505,KEV-first,75.603,3041
CVE-2021-40038,KEV-first,75.602,3042
CVE-2021-40039,KEV-first,75.602,3043
CVE-2021-3422,KEV-first,75.601,3044
CVE-2021-40031,KEV-first,75.596,3045
CVE-2022-22173,KEV-first,75.588,3046
CVE-2021-41441,KEV-first,75.585,3047
CVE-2021-27757,KEV-first,75.582,3048
CVE-2021-30273,KEV-first,75.568,3049
CVE-2021-30287,KEV-first,75.568,3050
CVE-2021-30293,KEV-first,75.568,3051
CVE-2021-30300,KEV-first,75.568,3052
CVE-2021-30301,KEV-first,75.568,3053
CVE-2021-30307,KEV-first,75.568,3054
CVE-2021-30326,KEV-first,75.568,3055
CVE-2021-30330,KEV-first,75.568,3056
CVE-2021-30353,KEV-first,75.568,3057
CVE-2021-27756,KEV-first,75.566,3058
CVE-2021-40028,KEV-first,75.562,3059
CVE-2021-3748,KEV-first,75.522,3060
CVE-2022-25214,KEV-first,75.495,3061
CVE-2022-24281,KEV-first,75.489,3062
CVE-2022-0154,KEV-first,75.478,3063
CVE-2021-4031,KEV-first,75.475,3064
CVE-2021-46559,KEV-first,75.436,3065
CVE-2021-39677,KEV-first,75.392,3066
CVE-2021-39716,KEV-first,75.392,3067
CVE-2022-24318,KEV-first,75.391,3068
CVE-2022-0280,KEV-first,75.337,3069
CVE-2021-33625,KEV-first,75.315,3070
CVE-2021-46079,KEV-first,75.309,3071
CVE-2022-24030,KEV-first,75.304,3072
CVE-2020-5953,KEV-first,75.284,3073
CVE-2021-43522,KEV-first,75.264,3074
CVE-2021-36342,KEV-first,75.251,3075
CVE-2021-36343,KEV-first,75.241,3076
CVE-2022-23921,KEV-first,75.209,3077
CVE-2021-44864,KEV-first,75.187,3078
CVE-2021-32998,KEV-first,75.183,3079
CVE-2022-23284,KEV-first,75.166,3080
CVE-2021-44255,KEV-first,75.138,3081
CVE-2021-23682,KEV-first,75.117,3082
CVE-2022-0247,KEV-first,75.082,3083
CVE-2022-21654,KEV-first,75.078,3084
CVE-2021-38578,KEV-first,75.011,3085
CVE-2022-23622,KEV-first,75.008,3086
CVE-2022-1155,KEV-first,74.992,3087
CVE-2021-32840,KEV-first,74.973,3088
CVE-2022-25225,KEV-first,74.967,3089
CVE-2021-23518,KEV-first,74.943,3090
CVE-2022-22807,KEV-first,74.938,3091
CVE-2022-23265,KEV-first,74.83,3092
CVE-2021-36295,KEV-first,74.812,3093
CVE-2021-36296,KEV-first,74.812,3094
CVE-2021-46117,KEV-first,74.753,3095
CVE-2021-28503,KEV-first,74.735,3096
CVE-2022-21957,KEV-first,74.718,3097
CVE-2021-21964,KEV-first,74.711,3098
CVE-2022-21656,KEV-first,74.672,3099
CVE-2021-4098,KEV-first,74.645,3100
CVE-2021-23558,KEV-first,74.627,3101
CVE-2021-46075,KEV-first,74.616,3102
CVE-2021-42171,KEV-first,74.523,3103
CVE-2021-23568,KEV-first,74.45,3104
CVE-2022-24467,KEV-first,74.416,3105
CVE-2022-24468,KEV-first,74.416,3106
CVE-2022-24470,KEV-first,74.416,3107
CVE-2022-24471,KEV-first,74.416,3108
CVE-2022-24517,KEV-first,74.416,3109
CVE-2022-24520,KEV-first,74.416,3110
CVE-2021-43097,KEV-first,74.386,3111
CVE-2022-21658,KEV-first,74.376,3112
CVE-2022-22163,KEV-first,74.368,3113
CVE-2022-22176,KEV-first,74.368,3114
CVE-2021-46118,KEV-first,74.324,3115
CVE-2021-43944,KEV-first,74.311,3116
CVE-2022-23286,KEV-first,74.304,3117
CVE-2022-0129,KEV-first,74.28,3118
CVE-2022-23906,KEV-first,74.229,3119
CVE-2021-36347,KEV-first,74.208,3120
CVE-2022-0016,KEV-first,74.207,3121
CVE-2021-46116,KEV-first,74.151,3122
CVE-2020-28885,KEV-first,74.147,3123
CVE-2021-29220,KEV-first,74.109,3124
CVE-2021-33827,KEV-first,74.089,3125
CVE-2021-44779,KEV-first,74.074,3126
CVE-2022-23048,KEV-first,74.074,3127
CVE-2020-28884,KEV-first,74.028,3128
CVE-2021-43355,KEV-first,73.978,3129
CVE-2022-1084,KEV-first,73.96,3130
CVE-2022-1082,KEV-first,73.949,3131
CVE-2022-1083,KEV-first,73.949,3132
CVE-2021-23233,KEV-first,73.945,3133
CVE-2021-43062,KEV-first,73.936,3134
CVE-2022-24739,KEV-first,73.912,3135
CVE-2021-23196,KEV-first,73.909,3136
CVE-2021-44226,KEV-first,73.903,3137
CVE-2021-44238,KEV-first,73.887,3138
CVE-2021-24926,KEV-first,73.857,3139
CVE-2021-33523,KEV-first,73.847,3140
CVE-2022-1073,KEV-first,73.806,3141
CVE-2022-1078,KEV-first,73.801,3142
CVE-2021-24216,KEV-first,73.713,3143
CVE-2020-25719,KEV-first,73.687,3144
CVE-2022-1080,KEV-first,73.684,3145
CVE-2021-43100,KEV-first,73.632,3146
CVE-2021-43101,KEV-first,73.632,3147
CVE-2021-43102,KEV-first,73.632,3148
CVE-2021-43103,KEV-first,73.632,3149
CVE-2021-42791,KEV-first,73.626,3150
CVE-2022-1032,KEV-first,73.604,3151
CVE-2022-23650,KEV-first,73.556,3152
CVE-2022-25311,KEV-first,73.526,3153
CVE-2021-24865,KEV-first,73.502,3154
CVE-2021-25045,KEV-first,73.502,3155
CVE-2022-0420,KEV-first,73.484,3156
CVE-2022-1034,KEV-first,73.481,3157
CVE-2022-0383,KEV-first,73.467,3158
CVE-2022-23911,KEV-first,73.467,3159
CVE-2022-23043,KEV-first,73.459,3160
CVE-2022-0440,KEV-first,73.442,3161
CVE-2021-4134,KEV-first,73.44,3162
CVE-2022-27948,KEV-first,73.433,3163
CVE-2022-24282,KEV-first,73.43,3164
CVE-2022-0242,KEV-first,73.413,3165
CVE-2022-25306,KEV-first,73.378,3166
CVE-2022-25307,KEV-first,73.378,3167
CVE-2021-25064,KEV-first,73.327,3168
CVE-2021-24858,KEV-first,73.316,3169
CVE-2022-0255,KEV-first,73.31,3170
CVE-2021-41835,KEV-first,73.305,3171
CVE-2021-44261,KEV-first,73.305,3172
CVE-2021-24777,KEV-first,73.301,3173
CVE-2021-25068,KEV-first,73.301,3174
CVE-2021-33581,KEV-first,73.284,3175
CVE-2021-24778,KEV-first,73.275,3176
CVE-2021-4208,KEV-first,73.275,3177
CVE-2022-0267,KEV-first,73.275,3178
CVE-2022-26639,KEV-first,73.253,3179
CVE-2022-26640,KEV-first,73.253,3180
CVE-2022-26641,KEV-first,73.253,3181
CVE-2022-26642,KEV-first,73.253,3182
CVE-2022-22162,KEV-first,73.243,3183
CVE-2021-43098,KEV-first,73.242,3184
CVE-2021-44205,KEV-first,73.239,3185
CVE-2021-44206,KEV-first,73.239,3186
CVE-2022-21706,KEV-first,73.206,3187
CVE-2022-23273,KEV-first,73.2,3188
CVE-2022-21666,KEV-first,73.193,3189
CVE-2020-11263,KEV-first,73.172,3190
CVE-2022-21395,KEV-first,73.168,3191
CVE-2021-28962,KEV-first,73.161,3192
CVE-2021-30269,KEV-first,73.151,3193
CVE-2021-30270,KEV-first,73.151,3194
CVE-2021-30271,KEV-first,73.151,3195
CVE-2021-30272,KEV-first,73.151,3196
CVE-2021-33208,KEV-first,73.151,3197
CVE-2021-39625,KEV-first,73.13,3198
CVE-2021-25023,KEV-first,73.112,3199
CVE-2021-46115,KEV-first,73.112,3200
CVE-2022-23009,KEV-first,73.112,3201
CVE-2021-42194,KEV-first,73.071,3202
CVE-2022-21724,KEV-first,73.01,3203
CVE-2021-45913,KEV-first,73.008,3204
CVE-2021-41550,KEV-first,72.962,3205
CVE-2020-8242,KEV-first,72.934,3206
CVE-2021-32474,KEV-first,72.926,3207
CVE-2021-44451,KEV-first,72.863,3208
CVE-2021-46561,KEV-first,72.836,3209
CVE-2022-0889,KEV-first,72.779,3210
CVE-2021-4156,KEV-first,72.754,3211
CVE-2021-3752,KEV-first,72.736,3212
CVE-2021-44665,KEV-first,72.685,3213
CVE-2022-22167,KEV-first,72.67,3214
CVE-2022-22157,KEV-first,72.66,3215
CVE-2022-25760,KEV-first,72.639,3216
CVE-2022-0834,KEV-first,72.54,3217
CVE-2022-24774,KEV-first,72.451,3218
CVE-2022-0393,KEV-first,72.393,3219
CVE-2021-46701,KEV-first,72.366,3220
CVE-2022-21351,KEV-first,72.27,3221
CVE-2022-24743,KEV-first,72.252,3222
CVE-2022-23202,KEV-first,72.249,3223
CVE-2022-21278,KEV-first,72.197,3224
CVE-2022-0580,KEV-first,72.19,3225
CVE-2022-22625,KEV-first,72.127,3226
CVE-2022-22626,KEV-first,72.127,3227
CVE-2022-0588,KEV-first,72.071,3228
CVE-2022-22627,KEV-first,72.014,3229
CVE-2022-0991,KEV-first,72.012,3230
CVE-2022-24460,KEV-first,72.01,3231
CVE-2022-0518,KEV-first,72.005,3232
CVE-2021-26618,KEV-first,71.997,3233
CVE-2022-0630,KEV-first,71.992,3234
CVE-2022-0713,KEV-first,71.975,3235
CVE-2021-45972,KEV-first,71.96,3236
CVE-2022-0521,KEV-first,71.958,3237
CVE-2022-0522,KEV-first,71.958,3238
CVE-2022-0519,KEV-first,71.954,3239
CVE-2022-24781,KEV-first,71.94,3240
CVE-2021-26619,KEV-first,71.902,3241
CVE-2022-21711,KEV-first,71.875,3242
CVE-2022-0905,KEV-first,71.847,3243
CVE-2021-40413,KEV-first,71.82,3244
CVE-2021-34087,KEV-first,71.814,3245
CVE-2021-40414,KEV-first,71.807,3246
CVE-2022-21997,KEV-first,71.795,3247
CVE-2022-23318,KEV-first,71.79,3248
CVE-2021-46062,KEV-first,71.767,3249
CVE-2021-43054,KEV-first,71.746,3250
CVE-2022-0198,KEV-first,71.739,3251
CVE-2022-23805,KEV-first,71.737,3252
CVE-2021-3743,KEV-first,71.72,3253
CVE-2022-20619,KEV-first,71.655,3254
CVE-2021-3739,KEV-first,71.616,3255
CVE-2022-24073,KEV-first,71.578,3256
CVE-2021-25095,KEV-first,71.537,3257
CVE-2022-0988,KEV-first,71.518,3258
CVE-2022-27816,KEV-first,71.5,3259
CVE-2021-25108,KEV-first,71.451,3260
CVE-2022-26659,KEV-first,71.432,3261
CVE-2022-0144,KEV-first,71.427,3262
CVE-2021-44024,KEV-first,71.4,3263
CVE-2021-45442,KEV-first,71.4,3264
CVE-2022-26488,KEV-first,71.365,3265
CVE-2021-25220,KEV-first,71.357,3266
CVE-2021-4090,KEV-first,71.339,3267
CVE-2020-14478,KEV-first,71.336,3268
CVE-2021-45083,KEV-first,71.311,3269
CVE-2021-31833,KEV-first,71.251,3270
CVE-2021-34404,KEV-first,71.212,3271
CVE-2021-3456,KEV-first,71.202,3272
CVE-2021-1894,KEV-first,71.155,3273
CVE-2021-30278,KEV-first,71.145,3274
CVE-2022-22292,KEV-first,71.131,3275
CVE-2021-30283,KEV-first,71.129,3276
CVE-2022-23563,KEV-first,71.11,3277
CVE-2022-21887,KEV-first,71.094,3278
CVE-2022-21903,KEV-first,70.808,3279
CVE-2022-21860,KEV-first,70.772,3280
CVE-2022-21864,KEV-first,70.772,3281
CVE-2022-21865,KEV-first,70.772,3282
CVE-2022-22717,KEV-first,70.714,3283
CVE-2022-23181,KEV-first,70.692,3284
CVE-2022-21967,KEV-first,70.681,3285
CVE-2022-21871,KEV-first,70.68,3286
CVE-2022-21870,KEV-first,70.678,3287
CVE-2022-21872,KEV-first,70.678,3288
CVE-2022-21873,KEV-first,70.678,3289
CVE-2022-21875,KEV-first,70.678,3290
CVE-2022-21863,KEV-first,70.673,3291
CVE-2022-21867,KEV-first,70.673,3292
CVE-2022-21861,KEV-first,70.66,3293
CVE-2022-21869,KEV-first,70.66,3294
CVE-2022-21868,KEV-first,70.656,3295
CVE-2022-21834,KEV-first,70.638,3296
CVE-2022-21859,KEV-first,70.634,3297
CVE-2022-21862,KEV-first,70.634,3298
CVE-2022-21896,KEV-first,70.586,3299
CVE-2022-21866,KEV-first,70.582,3300
CVE-2022-23287,KEV-first,70.577,3301
CVE-2022-23288,KEV-first,70.577,3302
CVE-2022-23298,KEV-first,70.577,3303
CVE-2021-46006,KEV-first,70.503,3304
CVE-2022-24525,KEV-first,70.441,3305
CVE-2021-3609,KEV-first,70.431,3306
CVE-2022-23283,KEV-first,70.386,3307
CVE-2021-3640,KEV-first,70.37,3308
CVE-2022-22836,KEV-first,70.369,3309
CVE-2022-23036,KEV-first,70.365,3310
CVE-2022-23038,KEV-first,70.365,3311
CVE-2022-23039,KEV-first,70.365,3312
CVE-2022-23040,KEV-first,70.365,3313
CVE-2022-23041,KEV-first,70.365,3314
CVE-2021-4202,KEV-first,70.357,3315
CVE-2022-24505,KEV-first,70.357,3316
CVE-2022-23037,KEV-first,70.348,3317
CVE-2021-4083,KEV-first,70.31,3318
CVE-2022-0017,KEV-first,70.276,3319
CVE-2022-23042,KEV-first,70.254,3320
CVE-2022-22766,KEV-first,70.228,3321
CVE-2021-39713,KEV-first,70.21,3322
CVE-2021-22437,KEV-first,70.158,3323
CVE-2021-39686,KEV-first,70.154,3324
CVE-2022-24114,KEV-first,70.154,3325
CVE-2021-39629,KEV-first,70.092,3326
CVE-2021-39679,KEV-first,70.089,3327
CVE-2021-4203,KEV-first,69.747,3328
CVE-2022-0020,KEV-first,69.711,3329
CVE-2022-21663,KEV-first,69.695,3330
CVE-2022-22552,KEV-first,69.689,3331
CVE-2021-3733,KEV-first,69.675,3332
CVE-2021-41236,KEV-first,69.672,3333
CVE-2021-34359,KEV-first,69.623,3334
CVE-2021-23850,KEV-first,69.56,3335
CVE-2021-23851,KEV-first,69.56,3336
CVE-2022-23111,KEV-first,69.54599999999999,3337
CVE-2021-31567,KEV-first,69.391,3338
CVE-2022-22566,KEV-first,69.257,3339
CVE-2022-0921,KEV-first,69.21,3340
CVE-2022-0422,KEV-first,69.12,3341
CVE-2022-21679,KEV-first,69.07,3342
CVE-2022-22795,KEV-first,69.057,3343
CVE-2022-22794,KEV-first,69.033,3344
CVE-2022-22691,KEV-first,69.016,3345
CVE-2022-21687,KEV-first,69.003,3346
CVE-2022-24731,KEV-first,68.96,3347
CVE-2022-23620,KEV-first,68.957,3348
CVE-2022-23808,KEV-first,68.936,3349
CVE-2021-38745,KEV-first,68.851,3350
CVE-2021-43850,KEV-first,68.828,3351
CVE-2022-21651,KEV-first,68.774,3352
CVE-2022-24748,KEV-first,68.759,3353
CVE-2022-23271,KEV-first,68.755,3354
CVE-2022-21892,KEV-first,68.74,3355
CVE-2022-21958,KEV-first,68.74,3356
CVE-2022-21959,KEV-first,68.74,3357
CVE-2022-21960,KEV-first,68.74,3358
CVE-2022-21961,KEV-first,68.74,3359
CVE-2022-21962,KEV-first,68.74,3360
CVE-2022-21350,KEV-first,68.618,3361
CVE-2022-24309,KEV-first,68.6,3362
CVE-2022-21657,KEV-first,68.517,3363
CVE-2021-46390,KEV-first,68.491,3364
CVE-2022-0750,KEV-first,68.404,3365
CVE-2022-25213,KEV-first,68.368,3366
CVE-2021-33150,KEV-first,68.351,3367
CVE-2021-23632,KEV-first,68.35,3368
CVE-2021-43701,KEV-first,68.345,3369
CVE-2021-20872,KEV-first,68.3,3370
CVE-2022-25313,KEV-first,68.295,3371
CVE-2022-22943,KEV-first,68.264,3372
CVE-2022-22154,KEV-first,68.245,3373
CVE-2021-44850,KEV-first,68.186,3374
CVE-2022-23779,KEV-first,68.14,3375
CVE-2022-20055,KEV-first,68.134,3376
CVE-2021-26247,KEV-first,68.124,3377
CVE-2022-20034,KEV-first,68.095,3378
CVE-2021-24947,KEV-first,68.089,3379
CVE-2021-24820,KEV-first,68.047,3380
CVE-2022-22707,KEV-first,67.969,3381
CVE-2022-24515,KEV-first,67.846,3382
CVE-2022-24506,KEV-first,67.826,3383
CVE-2022-24518,KEV-first,67.826,3384
CVE-2022-24519,KEV-first,67.826,3385
CVE-2021-25079,KEV-first,67.82,3386
CVE-2021-36193,KEV-first,67.816,3387
CVE-2021-46166,KEV-first,67.759,3388
CVE-2022-21915,KEV-first,67.738,3389
CVE-2022-0764,KEV-first,67.734,3390
CVE-2022-0856,KEV-first,67.73,3391
CVE-2021-22040,KEV-first,67.725,3392
CVE-2021-22570,KEV-first,67.66,3393
CVE-2022-0595,KEV-first,67.575,3394
CVE-2021-22041,KEV-first,67.574,3395
CVE-2022-22815,KEV-first,67.556,3396
CVE-2022-24729,KEV-first,67.487,3397
CVE-2020-25182,KEV-first,67.446,3398
CVE-2022-0155,KEV-first,67.426,3399
CVE-2021-37209,KEV-first,67.378,3400
CVE-2020-20093,KEV-first,67.35,3401
CVE-2021-42059,KEV-first,67.346,3402
CVE-2022-26652,KEV-first,67.342,3403
CVE-2022-21702,KEV-first,67.34,3404
CVE-2021-0115,KEV-first,67.331,3405
CVE-2022-21363,KEV-first,67.32,3406
CVE-2021-45901,KEV-first,67.316,3407
CVE-2021-0168,KEV-first,67.311,3408
CVE-2022-24522,KEV-first,67.306,3409
CVE-2021-0103,KEV-first,67.299,3410
CVE-2021-0107,KEV-first,67.299,3411
CVE-2021-0111,KEV-first,67.299,3412
CVE-2021-0118,KEV-first,67.299,3413
CVE-2021-0161,KEV-first,67.297,3414
CVE-2021-0166,KEV-first,67.293,3415
CVE-2021-34402,KEV-first,67.286,3416
CVE-2022-0714,KEV-first,67.272,3417
CVE-2022-21933,KEV-first,67.269,3418
CVE-2022-0014,KEV-first,67.25,3419
CVE-2022-0213,KEV-first,67.242,3420
CVE-2021-0167,KEV-first,67.24,3421
CVE-2021-0169,KEV-first,67.24,3422
CVE-2021-29218,KEV-first,67.237,3423
CVE-2021-30324,KEV-first,67.145,3424
CVE-2021-30325,KEV-first,67.145,3425
CVE-2021-30298,KEV-first,67.144,3426
CVE-2022-20050,KEV-first,67.136,3427
CVE-2022-20030,KEV-first,67.133,3428
CVE-2021-40111,KEV-first,67.122,3429
CVE-2021-39683,KEV-first,67.121,3430
CVE-2022-20038,KEV-first,67.119,3431
CVE-2022-20039,KEV-first,67.119,3432
CVE-2022-20049,KEV-first,67.115,3433
CVE-2021-39718,KEV-first,67.113,3434
CVE-2021-39719,KEV-first,67.113,3435
CVE-2021-39729,KEV-first,67.113,3436
CVE-2021-39731,KEV-first,67.113,3437
CVE-2021-39733,KEV-first,67.113,3438
CVE-2021-39736,KEV-first,67.113,3439
CVE-2021-39786,KEV-first,67.113,3440
CVE-2022-20014,KEV-first,67.113,3441
CVE-2021-39721,KEV-first,67.11,3442
CVE-2021-39725,KEV-first,67.11,3443
CVE-2021-39689,KEV-first,67.105,3444
CVE-2021-30313,KEV-first,67.101,3445
CVE-2022-24368,KEV-first,67.095,3446
CVE-2022-20016,KEV-first,67.09,3447
CVE-2022-0266,KEV-first,67.086,3448
CVE-2022-0633,KEV-first,67.066,3449
CVE-2022-22816,KEV-first,66.957,3450
CVE-2021-36774,KEV-first,66.948,3451
CVE-2022-22638,KEV-first,66.935,3452
CVE-2021-41767,KEV-first,66.933,3453
CVE-2022-23863,KEV-first,66.92,3454
CVE-2021-3596,KEV-first,66.894,3455
CVE-2022-24370,KEV-first,66.889,3456
CVE-2022-26280,KEV-first,66.877,3457
CVE-2022-27208,KEV-first,66.835,3458
CVE-2022-28146,KEV-first,66.835,3459
CVE-2022-28148,KEV-first,66.835,3460
CVE-2022-25607,KEV-first,66.827,3461
CVE-2021-44568,KEV-first,66.794,3462
CVE-2022-25179,KEV-first,66.786,3463
CVE-2022-21132,KEV-first,66.783,3464
CVE-2021-45931,KEV-first,66.78,3465
CVE-2022-26252,KEV-first,66.78,3466
CVE-2022-25176,KEV-first,66.742,3467
CVE-2022-25177,KEV-first,66.742,3468
CVE-2022-24599,KEV-first,66.734,3469
CVE-2021-41571,KEV-first,66.726,3470
CVE-2021-45230,KEV-first,66.709,3471
CVE-2021-32436,KEV-first,66.668,3472
CVE-2022-25178,KEV-first,66.668,3473
CVE-2022-21399,KEV-first,66.667,3474
CVE-2022-21401,KEV-first,66.667,3475
CVE-2022-21403,KEV-first,66.667,3476
CVE-2022-24737,KEV-first,66.65,3477
CVE-2021-45223,KEV-first,66.644,3478
CVE-2021-43762,KEV-first,66.631,3479
CVE-2022-22592,KEV-first,66.623,3480
CVE-2022-24196,KEV-first,66.612,3481
CVE-2022-22792,KEV-first,66.592,3482
CVE-2021-23514,KEV-first,66.589,3483
CVE-2022-0613,KEV-first,66.58,3484
CVE-2022-27203,KEV-first,66.58,3485
CVE-2022-28156,KEV-first,66.58,3486
CVE-2022-0996,KEV-first,66.531,3487
CVE-2021-43969,KEV-first,66.508,3488
CVE-2022-0665,KEV-first,66.506,3489
CVE-2022-24197,KEV-first,66.502,3490
CVE-2022-0117,KEV-first,66.481,3491
CVE-2021-43972,KEV-first,66.465,3492
CVE-2022-23183,KEV-first,66.459,3493
CVE-2022-0751,KEV-first,66.448,3494
CVE-2021-3677,KEV-first,66.442,3495
CVE-2022-0593,KEV-first,66.442,3496
CVE-2022-28157,KEV-first,66.432,3497
CVE-2021-45117,KEV-first,66.417,3498
CVE-2022-26661,KEV-first,66.407,3499
CVE-2022-27201,KEV-first,66.399,3500
CVE-2020-20094,KEV-first,66.398,3501
CVE-2020-20096,KEV-first,66.398,3502
CVE-2022-0721,KEV-first,66.397,3503
CVE-2022-23135,KEV-first,66.396,3504
CVE-2022-24684,KEV-first,66.396,3505
CVE-2022-24687,KEV-first,66.387,3506
CVE-2021-45226,KEV-first,66.384,3507
CVE-2022-22791,KEV-first,66.382,3508
CVE-2022-24797,KEV-first,66.378,3509
CVE-2021-42391,KEV-first,66.373,3510
CVE-2022-26159,KEV-first,66.372,3511
CVE-2021-3667,KEV-first,66.366,3512
CVE-2022-24956,KEV-first,66.366,3513
CVE-2021-24692,KEV-first,66.361,3514
CVE-2022-0724,KEV-first,66.348,3515
CVE-2021-39143,KEV-first,66.344,3516
CVE-2022-0109,KEV-first,66.334,3517
CVE-2022-21685,KEV-first,66.331,3518
CVE-2020-20095,KEV-first,66.323,3519
CVE-2021-0060,KEV-first,66.323,3520
CVE-2021-35452,KEV-first,66.321,3521
CVE-2021-0124,KEV-first,66.319,3522
CVE-2021-39056,KEV-first,66.311,3523
CVE-2020-19860,KEV-first,66.31,3524
CVE-2022-25590,KEV-first,66.309,3525
CVE-2022-0090,KEV-first,66.306,3526
CVE-2021-0125,KEV-first,66.301,3527
CVE-2021-25037,KEV-first,66.291,3528
CVE-2022-23102,KEV-first,66.265,3529
CVE-2022-0577,KEV-first,66.263,3530
CVE-2021-42389,KEV-first,66.259,3531
CVE-2021-42390,KEV-first,66.259,3532
CVE-2022-23849,KEV-first,66.252,3533
CVE-2022-21708,KEV-first,66.243,3534
CVE-2021-3772,KEV-first,66.24,3535
CVE-2021-44590,KEV-first,66.24,3536
CVE-2022-23625,KEV-first,66.239,3537
CVE-2021-40404,KEV-first,66.229,3538
CVE-2022-21347,KEV-first,66.222,3539
CVE-2022-21353,KEV-first,66.222,3540
CVE-2022-24982,KEV-first,66.206,3541
CVE-2022-21330,KEV-first,66.193,3542
CVE-2021-44960,KEV-first,66.179,3543
CVE-2021-46148,KEV-first,66.178,3544
CVE-2022-0108,KEV-first,66.169,3545
CVE-2022-23641,KEV-first,66.159,3546
CVE-2022-22679,KEV-first,66.157,3547
CVE-2022-0504,KEV-first,66.151,3548
CVE-2022-23581,KEV-first,66.151,3549
CVE-2021-34342,KEV-first,66.149,3550
CVE-2021-43946,KEV-first,66.148,3551
CVE-2022-0152,KEV-first,66.141,3552
CVE-2022-20060,KEV-first,66.14,3553
CVE-2022-20056,KEV-first,66.135,3554
CVE-2022-20058,KEV-first,66.135,3555
CVE-2022-20059,KEV-first,66.135,3556
CVE-2021-45940,KEV-first,66.132,3557
CVE-2022-0151,KEV-first,66.121,3558
CVE-2022-0277,KEV-first,66.121,3559
CVE-2021-28488,KEV-first,66.118,3560
CVE-2022-23810,KEV-first,66.116,3561
CVE-2021-40644,KEV-first,66.097,3562
CVE-2021-40645,KEV-first,66.097,3563
CVE-2021-45941,KEV-first,66.097,3564
CVE-2022-23567,KEV-first,66.097,3565
CVE-2022-23589,KEV-first,66.097,3566
CVE-2022-28160,KEV-first,66.094,3567
CVE-2022-0881,KEV-first,66.091,3568
CVE-2022-21918,KEV-first,66.089,3569
CVE-2021-3813,KEV-first,66.086,3570
CVE-2022-23607,KEV-first,66.083,3571
CVE-2021-40841,KEV-first,66.079,3572
CVE-2022-21290,KEV-first,66.068,3573
CVE-2022-22538,KEV-first,66.063,3574
CVE-2021-46203,KEV-first,66.058,3575
CVE-2022-0579,KEV-first,66.054,3576
CVE-2021-29899,KEV-first,66.052,3577
CVE-2022-21252,KEV-first,66.049,3578
CVE-2021-25096,KEV-first,66.047,3579
CVE-2021-44674,KEV-first,66.046,3580
CVE-2022-22539,KEV-first,66.041,3581
CVE-2022-27206,KEV-first,66.039,3582
CVE-2022-21380,KEV-first,66.024,3583
CVE-2022-0673,KEV-first,66.021,3584
CVE-2022-0587,KEV-first,66.02,3585
CVE-2021-44591,KEV-first,66.019,3586
CVE-2022-0932,KEV-first,66.018,3587
CVE-2022-22701,KEV-first,66.017,3588
CVE-2021-23771,KEV-first,66.013,3589
CVE-2022-21358,KEV-first,66.013,3590
CVE-2022-22310,KEV-first,66.012,3591
CVE-2022-0731,KEV-first,66.011,3592
CVE-2022-0451,KEV-first,65.998,3593
CVE-2022-0815,KEV-first,65.998,3594
CVE-2022-0528,KEV-first,65.997,3595
CVE-2022-21847,KEV-first,65.997,3596
CVE-2022-23570,KEV-first,65.992,3597
CVE-2022-23572,KEV-first,65.992,3598
CVE-2022-0163,KEV-first,65.988,3599
CVE-2022-24301,KEV-first,65.985,3600
CVE-2022-22316,KEV-first,65.983,3601
CVE-2021-38362,KEV-first,65.982,3602
CVE-2021-46225,KEV-first,65.982,3603
CVE-2022-0959,KEV-first,65.968,3604
CVE-2022-25187,KEV-first,65.966,3605
CVE-2021-46244,KEV-first,65.959,3606
CVE-2022-23109,KEV-first,65.959,3607
CVE-2021-34338,KEV-first,65.957,3608
CVE-2021-34339,KEV-first,65.957,3609
CVE-2022-0514,KEV-first,65.956,3610
CVE-2022-26317,KEV-first,65.956,3611
CVE-2021-46243,KEV-first,65.954,3612
CVE-2022-25244,KEV-first,65.953,3613
CVE-2022-27217,KEV-first,65.949,3614
CVE-2022-23617,KEV-first,65.945,3615
CVE-2022-25515,KEV-first,65.937,3616
CVE-2022-25516,KEV-first,65.937,3617
CVE-2022-23857,KEV-first,65.932,3618
CVE-2022-21345,KEV-first,65.93,3619
CVE-2022-27209,KEV-first,65.923,3620
CVE-2022-27211,KEV-first,65.923,3621
CVE-2022-27216,KEV-first,65.923,3622
CVE-2022-28135,KEV-first,65.923,3623
CVE-2022-28141,KEV-first,65.923,3624
CVE-2021-45340,KEV-first,65.922,3625
CVE-2021-23824,KEV-first,65.921,3626
CVE-2022-0549,KEV-first,65.92,3627
CVE-2022-22659,KEV-first,65.914,3628
CVE-2022-25193,KEV-first,65.912,3629
CVE-2021-27796,KEV-first,65.907,3630
CVE-2022-22542,KEV-first,65.903,3631
CVE-2022-22353,KEV-first,65.899,3632
CVE-2021-34340,KEV-first,65.897,3633
CVE-2021-34341,KEV-first,65.897,3634
CVE-2021-34870,KEV-first,65.895,3635
CVE-2022-23023,KEV-first,65.895,3636
CVE-2022-25363,KEV-first,65.895,3637
CVE-2021-45385,KEV-first,65.893,3638
CVE-2021-24928,KEV-first,65.889,3639
CVE-2021-45950,KEV-first,65.887,3640
CVE-2022-22537,KEV-first,65.885,3641
CVE-2022-22594,KEV-first,65.885,3642
CVE-2022-24075,KEV-first,65.88,3643
CVE-2022-24385,KEV-first,65.877,3644
CVE-2022-25184,KEV-first,65.876,3645
CVE-2022-25506,KEV-first,65.876,3646
CVE-2022-23583,KEV-first,65.872,3647
CVE-2022-23588,KEV-first,65.864,3648
CVE-2022-0113,KEV-first,65.86,3649
CVE-2021-38130,KEV-first,65.857,3650
CVE-2022-23112,KEV-first,65.855,3651
CVE-2021-39051,KEV-first,65.851,3652
CVE-2020-9059,KEV-first,65.846,3653
CVE-2022-21731,KEV-first,65.845,3654
CVE-2021-33068,KEV-first,65.84,3655
CVE-2022-22535,KEV-first,65.834,3656
CVE-2021-42262,KEV-first,65.83,3657
CVE-2021-46700,KEV-first,65.83,3658
CVE-2022-0754,KEV-first,65.824,3659
CVE-2022-28144,KEV-first,65.822,3660
CVE-2022-21741,KEV-first,65.821,3661
CVE-2022-23579,KEV-first,65.821,3662
CVE-2022-23580,KEV-first,65.821,3663
CVE-2022-23014,KEV-first,65.82,3664
CVE-2021-44956,KEV-first,65.819,3665
CVE-2021-44957,KEV-first,65.819,3666
CVE-2022-24328,KEV-first,65.819,3667
CVE-2022-25570,KEV-first,65.819,3668
CVE-2021-27789,KEV-first,65.818,3669
CVE-2021-29394,KEV-first,65.815,3670
CVE-2022-25186,KEV-first,65.809,3671
CVE-2022-25197,KEV-first,65.809,3672
CVE-2022-25210,KEV-first,65.809,3673
CVE-2021-40415,KEV-first,65.807,3674
CVE-2022-24447,KEV-first,65.807,3675
CVE-2020-13676,KEV-first,65.805,3676
CVE-2022-24398,KEV-first,65.802,3677
CVE-2022-23643,KEV-first,65.801,3678
CVE-2022-23568,KEV-first,65.8,3679
CVE-2022-23586,KEV-first,65.8,3680
CVE-2021-45491,KEV-first,65.799,3681
CVE-2021-3658,KEV-first,65.795,3682
CVE-2022-21327,KEV-first,65.795,3683
CVE-2022-21334,KEV-first,65.795,3684
CVE-2022-0111,KEV-first,65.793,3685
CVE-2022-22290,KEV-first,65.791,3686
CVE-2021-41233,KEV-first,65.788,3687
CVE-2021-41594,KEV-first,65.785,3688
CVE-2022-21725,KEV-first,65.783,3689
CVE-2022-21729,KEV-first,65.783,3690
CVE-2022-21734,KEV-first,65.783,3691
CVE-2022-21735,KEV-first,65.783,3692
CVE-2022-21737,KEV-first,65.783,3693
CVE-2022-21738,KEV-first,65.783,3694
CVE-2022-21739,KEV-first,65.783,3695
CVE-2022-23575,KEV-first,65.783,3696
CVE-2022-23576,KEV-first,65.783,3697
CVE-2022-23577,KEV-first,65.783,3698
CVE-2022-23582,KEV-first,65.783,3699
CVE-2021-37196,KEV-first,65.782,3700
CVE-2021-38268,KEV-first,65.777,3701
CVE-2022-22726,KEV-first,65.771,3702
CVE-2022-25518,KEV-first,65.771,3703
CVE-2022-25270,KEV-first,65.769,3704
CVE-2021-3557,KEV-first,65.764,3705
CVE-2022-23557,KEV-first,65.757,3706
CVE-2022-28158,KEV-first,65.751,3707
CVE-2022-0120,KEV-first,65.75,3708
CVE-2021-41543,KEV-first,65.747,3709
CVE-2021-38679,KEV-first,65.743,3710
CVE-2021-43333,KEV-first,65.743,3711
CVE-2022-0291,KEV-first,65.743,3712
CVE-2022-0294,KEV-first,65.743,3713
CVE-2022-25201,KEV-first,65.742,3714
CVE-2021-45900,KEV-first,65.74,3715
CVE-2022-0821,KEV-first,65.74,3716
CVE-2022-23887,KEV-first,65.739,3717
CVE-2022-25511,KEV-first,65.737,3718
CVE-2020-9061,KEV-first,65.733,3719
CVE-2022-27210,KEV-first,65.733,3720
CVE-2021-45007,KEV-first,65.731,3721
CVE-2021-39667,KEV-first,65.726,3722
CVE-2022-24110,KEV-first,65.724,3723
CVE-2022-21672,KEV-first,65.715,3724
CVE-2021-4194,KEV-first,65.707,3725
CVE-2020-10137,KEV-first,65.703,3726
CVE-2020-15388,KEV-first,65.703,3727
CVE-2022-22164,KEV-first,65.702,3728
CVE-2022-25290,KEV-first,65.699,3729
CVE-2022-22311,KEV-first,65.697,3730
CVE-2021-39665,KEV-first,65.693,3731
CVE-2022-21284,KEV-first,65.686,3732
CVE-2022-21285,KEV-first,65.686,3733
CVE-2022-21286,KEV-first,65.686,3734
CVE-2022-21287,KEV-first,65.686,3735
CVE-2022-21288,KEV-first,65.686,3736
CVE-2022-21289,KEV-first,65.686,3737
CVE-2022-21308,KEV-first,65.686,3738
CVE-2022-21320,KEV-first,65.686,3739
CVE-2022-24762,KEV-first,65.684,3740
CVE-2022-24333,KEV-first,65.682,3741
CVE-2022-24337,KEV-first,65.682,3742
CVE-2022-0505,KEV-first,65.679,3743
CVE-2022-23869,KEV-first,65.678,3744
CVE-2021-45106,KEV-first,65.675,3745
CVE-2021-46085,KEV-first,65.671,3746
CVE-2022-0273,KEV-first,65.67,3747
CVE-2021-39080,KEV-first,65.665,3748
CVE-2022-0011,KEV-first,65.663,3749
CVE-2022-21394,KEV-first,65.66,3750
CVE-2022-0292,KEV-first,65.644,3751
CVE-2021-46249,KEV-first,65.643,3752
CVE-2022-25638,KEV-first,65.628,3753
CVE-2022-0305,KEV-first,65.626,3754
CVE-2022-21309,KEV-first,65.621,3755
CVE-2022-21310,KEV-first,65.621,3756
CVE-2022-21322,KEV-first,65.621,3757
CVE-2022-21326,KEV-first,65.621,3758
CVE-2022-21328,KEV-first,65.621,3759
CVE-2022-21329,KEV-first,65.621,3760
CVE-2022-21332,KEV-first,65.621,3761
CVE-2022-21335,KEV-first,65.621,3762
CVE-2022-21336,KEV-first,65.621,3763
CVE-2022-21337,KEV-first,65.621,3764
CVE-2022-0756,KEV-first,65.619,3765
CVE-2021-43941,KEV-first,65.616,3766
CVE-2021-41789,KEV-first,65.609,3767
CVE-2021-24761,KEV-first,65.599,3768
CVE-2021-43929,KEV-first,65.597,3769
CVE-2021-32005,KEV-first,65.592,3770
CVE-2022-22333,KEV-first,65.585,3771
CVE-2022-21356,KEV-first,65.584,3772
CVE-2022-0309,KEV-first,65.582,3773
CVE-2021-44839,KEV-first,65.577,3774
CVE-2022-24960,KEV-first,65.576,3775
CVE-2021-25081,KEV-first,65.575,3776
CVE-2022-25243,KEV-first,65.571,3777
CVE-2022-26951,KEV-first,65.568,3778
CVE-2021-40042,KEV-first,65.562,3779
CVE-2022-24708,KEV-first,65.552,3780
CVE-2022-22156,KEV-first,65.55,3781
CVE-2021-43662,KEV-first,65.547,3782
CVE-2022-24198,KEV-first,65.547,3783
CVE-2022-27225,KEV-first,65.544,3784
CVE-2022-28143,KEV-first,65.544,3785
CVE-2021-24989,KEV-first,65.538,3786
CVE-2020-9060,KEV-first,65.532,3787
CVE-2021-20869,KEV-first,65.532,3788
CVE-2021-24843,KEV-first,65.531,3789
CVE-2021-25072,KEV-first,65.531,3790
CVE-2021-25098,KEV-first,65.531,3791
CVE-2022-0445,KEV-first,65.531,3792
CVE-2022-0681,KEV-first,65.531,3793
CVE-2022-21800,KEV-first,65.521,3794
CVE-2021-20871,KEV-first,65.52,3795
CVE-2022-21307,KEV-first,65.518,3796
CVE-2022-21314,KEV-first,65.518,3797
CVE-2022-21315,KEV-first,65.518,3798
CVE-2021-0165,KEV-first,65.515,3799
CVE-2021-0172,KEV-first,65.515,3800
CVE-2021-0173,KEV-first,65.515,3801
CVE-2021-0174,KEV-first,65.515,3802
CVE-2021-0175,KEV-first,65.515,3803
CVE-2021-0183,KEV-first,65.515,3804
CVE-2022-0231,KEV-first,65.512,3805
CVE-2022-0001,KEV-first,65.508,3806
CVE-2021-33110,KEV-first,65.504,3807
CVE-2021-35036,KEV-first,65.49,3808
CVE-2021-39671,KEV-first,65.49,3809
CVE-2021-31562,KEV-first,65.488,3810
CVE-2022-27964,KEV-first,65.485,3811
CVE-2022-27965,KEV-first,65.485,3812
CVE-2022-27966,KEV-first,65.485,3813
CVE-2021-46252,KEV-first,65.484,3814
CVE-2021-25092,KEV-first,65.48,3815
CVE-2021-24993,KEV-first,65.469,3816
CVE-2022-23564,KEV-first,65.469,3817
CVE-2022-23565,KEV-first,65.469,3818
CVE-2022-23571,KEV-first,65.469,3819
CVE-2022-23569,KEV-first,65.458,3820
CVE-2020-13674,KEV-first,65.456,3821
CVE-2022-22054,KEV-first,65.452,3822
CVE-2022-27963,KEV-first,65.45,3823
CVE-2022-23105,KEV-first,65.449,3824
CVE-2022-0002,KEV-first,65.447,3825
CVE-2019-4291,KEV-first,65.446,3826
CVE-2022-23052,KEV-first,65.445,3827
CVE-2022-25818,KEV-first,65.431,3828
CVE-2021-25013,KEV-first,65.429,3829
CVE-2021-3638,KEV-first,65.429,3830
CVE-2022-0432,KEV-first,65.429,3831
CVE-2021-46027,KEV-first,65.416,3832
CVE-2021-37613,KEV-first,65.411,3833
CVE-2021-43737,KEV-first,65.411,3834
CVE-2022-22168,KEV-first,65.391,3835
CVE-2021-4145,KEV-first,65.39,3836
CVE-2021-3582,KEV-first,65.386,3837
CVE-2021-25097,KEV-first,65.382,3838
CVE-2021-0177,KEV-first,65.379,3839
CVE-2021-0178,KEV-first,65.379,3840
CVE-2021-0179,KEV-first,65.379,3841
CVE-2022-22179,KEV-first,65.372,3842
CVE-2021-20257,KEV-first,65.37,3843
CVE-2022-22155,KEV-first,65.369,3844
CVE-2022-22166,KEV-first,65.369,3845
CVE-2022-22172,KEV-first,65.369,3846
CVE-2022-22938,KEV-first,65.365,3847
CVE-2022-22160,KEV-first,65.362,3848
CVE-2021-36100,KEV-first,65.355,3849
CVE-2021-3930,KEV-first,65.338,3850
CVE-2021-28711,KEV-first,65.332,3851
CVE-2021-28712,KEV-first,65.332,3852
CVE-2021-28713,KEV-first,65.332,3853
CVE-2021-28715,KEV-first,65.332,3854
CVE-2021-28714,KEV-first,65.325,3855
CVE-2021-26341,KEV-first,65.321,3856
CVE-2021-3941,KEV-first,65.303,3857
CVE-2022-26319,KEV-first,65.284,3858
CVE-2022-21703,KEV-first,65.283,3859
CVE-2022-0165,KEV-first,65.28,3860
CVE-2020-10636,KEV-first,65.278,3861
CVE-2021-40059,KEV-first,65.275,3862
CVE-2022-20021,KEV-first,65.267,3863
CVE-2022-20022,KEV-first,65.267,3864
CVE-2022-20023,KEV-first,65.267,3865
CVE-2021-35093,KEV-first,65.248,3866
CVE-2021-4147,KEV-first,65.242,3867
CVE-2021-30348,KEV-first,65.226,3868
CVE-2021-23207,KEV-first,65.218,3869
CVE-2022-0859,KEV-first,65.21,3870
CVE-2021-44528,KEV-first,65.182,3871
CVE-2021-1918,KEV-first,65.142,3872
CVE-2021-23556,KEV-first,65.13,3873
CVE-2022-20057,KEV-first,65.128,3874
CVE-2022-0586,KEV-first,65.003,3875
CVE-2022-0582,KEV-first,64.992,3876
CVE-2022-0233,KEV-first,64.9,3877
CVE-2022-0381,KEV-first,64.865,3878
CVE-2022-0581,KEV-first,64.839,3879
CVE-2022-0583,KEV-first,64.839,3880
CVE-2021-44750,KEV-first,64.742,3881
CVE-2022-21963,KEV-first,64.699,3882
CVE-2021-25115,KEV-first,64.683,3883
CVE-2022-0776,KEV-first,64.679,3884
CVE-2022-22588,KEV-first,64.661,3885
CVE-2021-24982,KEV-first,64.646,3886
CVE-2022-24512,KEV-first,64.608,3887
CVE-2022-21381,KEV-first,64.57,3888
CVE-2021-4074,KEV-first,64.558,3889
CVE-2021-41111,KEV-first,64.555,3890
CVE-2022-0692,KEV-first,64.378,3891
CVE-2022-0201,KEV-first,64.368,3892
CVE-2022-22818,KEV-first,64.328,3893
CVE-2021-3700,KEV-first,64.314,3894
CVE-2022-25323,KEV-first,64.245,3895
CVE-2022-0683,KEV-first,64.243,3896
CVE-2021-45422,KEV-first,64.241,3897
CVE-2021-45819,KEV-first,64.214,3898
CVE-2022-23262,KEV-first,64.204,3899
CVE-2022-0611,KEV-first,64.2,3900
CVE-2022-21693,KEV-first,64.151,3901
CVE-2022-23431,KEV-first,64.117,3902
CVE-2022-23432,KEV-first,64.117,3903
CVE-2022-24747,KEV-first,64.097,3904
CVE-2022-21697,KEV-first,64.096,3905
CVE-2021-39712,KEV-first,64.094,3906
CVE-2021-39735,KEV-first,64.092,3907
CVE-2021-40403,KEV-first,64.084,3908
CVE-2022-20013,KEV-first,64.082,3909
CVE-2022-21316,KEV-first,64.068,3910
CVE-2022-21318,KEV-first,64.068,3911
CVE-2022-23133,KEV-first,64.035,3912
CVE-2022-23628,KEV-first,64.03,3913
CVE-2022-0597,KEV-first,64.019,3914
CVE-2021-44964,KEV-first,63.985,3915
CVE-2022-25296,KEV-first,63.973,3916
CVE-2022-21146,KEV-first,63.907,3917
CVE-2021-38560,KEV-first,63.893,3918
CVE-2021-20729,KEV-first,63.878,3919
CVE-2022-21707,KEV-first,63.822,3920
CVE-2022-0653,KEV-first,63.703,3921
CVE-2021-42551,KEV-first,63.671,3922
CVE-2022-21928,KEV-first,63.656,3923
CVE-2022-0869,KEV-first,63.642,3924
CVE-2021-44464,KEV-first,63.64,3925
CVE-2022-26947,KEV-first,63.634,3926
CVE-2021-23154,KEV-first,63.604,3927
CVE-2021-45229,KEV-first,63.601,3928
CVE-2022-0087,KEV-first,63.601,3929
CVE-2020-36510,KEV-first,63.59,3930
CVE-2022-25106,KEV-first,63.588,3931
CVE-2022-0178,KEV-first,63.587,3932
CVE-2021-42357,KEV-first,63.579,3933
CVE-2021-43725,KEV-first,63.573,3934
CVE-2022-24712,KEV-first,63.565,3935
CVE-2021-3948,KEV-first,63.564,3936
CVE-2021-35500,KEV-first,63.556,3937
CVE-2022-21970,KEV-first,63.543,3938
CVE-2021-45380,KEV-first,63.53,3939
CVE-2021-26598,KEV-first,63.528,3940
CVE-2021-3631,KEV-first,63.493,3941
CVE-2022-0710,KEV-first,63.416,3942
CVE-2022-24732,KEV-first,63.409,3943
CVE-2022-0288,KEV-first,63.389,3944
CVE-2021-44532,KEV-first,63.364,3945
CVE-2021-36338,KEV-first,63.358,3946
CVE-2022-0149,KEV-first,63.337,3947
CVE-2022-0220,KEV-first,63.329,3948
CVE-2021-36737,KEV-first,63.327,3949
CVE-2021-36738,KEV-first,63.327,3950
CVE-2021-36739,KEV-first,63.327,3951
CVE-2021-45416,KEV-first,63.327,3952
CVE-2021-25033,KEV-first,63.303,3953
CVE-2022-0212,KEV-first,63.291,3954
CVE-2021-25078,KEV-first,63.288,3955
CVE-2022-0678,KEV-first,63.273,3956
CVE-2021-25008,KEV-first,63.258,3957
CVE-2022-24227,KEV-first,63.256,3958
CVE-2022-24948,KEV-first,63.251,3959
CVE-2021-24746,KEV-first,63.244,3960
CVE-2022-23988,KEV-first,63.231,3961
CVE-2022-0189,KEV-first,63.228,3962
CVE-2022-23242,KEV-first,63.209,3963
CVE-2021-24838,KEV-first,63.208,3964
CVE-2021-25112,KEV-first,63.187,3965
CVE-2020-18324,KEV-first,63.166,3966
CVE-2021-25074,KEV-first,63.161,3967
CVE-2021-25099,KEV-first,63.145,3968
CVE-2021-25063,KEV-first,63.08,3969
CVE-2022-0208,KEV-first,63.038,3970
CVE-2021-25055,KEV-first,63.01,3971
CVE-2022-22589,KEV-first,63.005,3972
CVE-2021-25028,KEV-first,62.932,3973
CVE-2021-41445,KEV-first,62.815,3974
CVE-2022-0533,KEV-first,62.809,3975
CVE-2021-25016,KEV-first,62.798,3976
CVE-2021-43635,KEV-first,62.776,3977
CVE-2021-4160,KEV-first,62.772,3978
CVE-2022-23409,KEV-first,62.759,3979
CVE-2022-0234,KEV-first,62.752,3980
CVE-2022-0150,KEV-first,62.718,3981
CVE-2022-0248,KEV-first,62.717,3982
CVE-2022-23638,KEV-first,62.682,3983
CVE-2022-0599,KEV-first,62.669,3984
CVE-2021-25085,KEV-first,62.651,3985
CVE-2022-0235,KEV-first,62.646,3986
CVE-2020-18325,KEV-first,62.644,3987
CVE-2021-44217,KEV-first,62.64,3988
CVE-2022-23127,KEV-first,62.614,3989
CVE-2022-24526,KEV-first,62.608,3990
CVE-2021-44829,KEV-first,62.606,3991
CVE-2022-23998,KEV-first,62.586,3992
CVE-2022-0147,KEV-first,62.56,3993
CVE-2022-0891,KEV-first,62.542,3994
CVE-2022-0262,KEV-first,62.54,3995
CVE-2022-0230,KEV-first,62.532,3996
CVE-2022-23993,KEV-first,62.528,3997
CVE-2021-25107,KEV-first,62.523,3998
CVE-2022-21839,KEV-first,62.506,3999
CVE-2022-24725,KEV-first,62.499,4000
CVE-2021-46708,KEV-first,62.495,4001
CVE-2021-24977,KEV-first,62.492,4002
CVE-2022-25642,KEV-first,62.489,4003
CVE-2022-21954,KEV-first,62.487,4004
CVE-2022-0206,KEV-first,62.458,4005
CVE-2021-24940,KEV-first,62.439,4006
CVE-2021-24765,KEV-first,62.405,4007
CVE-2022-24399,KEV-first,62.405,4008
CVE-2022-26101,KEV-first,62.405,4009
CVE-2022-23645,KEV-first,62.404,4010
CVE-2021-24934,KEV-first,62.397,4011
CVE-2022-0385,KEV-first,62.396,4012
CVE-2021-44533,KEV-first,62.358000000000004,4013
CVE-2021-24975,KEV-first,62.334,4014
CVE-2022-0571,KEV-first,62.32,4015
CVE-2021-24973,KEV-first,62.314,4016
CVE-2021-0119,KEV-first,62.299,4017
CVE-2022-0181,KEV-first,62.277,4018
CVE-2022-20659,KEV-first,62.233,4019
CVE-2021-24994,KEV-first,62.232,4020
CVE-2022-25825,KEV-first,62.224,4021
CVE-2021-24964,KEV-first,62.216,4022
CVE-2022-28202,KEV-first,62.208,4023
CVE-2022-25922,KEV-first,62.191,4024
CVE-2022-25256,KEV-first,62.172,4025
CVE-2021-24878,KEV-first,62.165,4026
CVE-2021-43392,KEV-first,62.164,4027
CVE-2022-0429,KEV-first,62.157,4028
CVE-2021-42639,KEV-first,62.151,4029
CVE-2021-43393,KEV-first,62.15,4030
CVE-2021-30314,KEV-first,62.145,4031
CVE-2022-23395,KEV-first,62.14,4032
CVE-2021-32478,KEV-first,62.128,4033
CVE-2021-25022,KEV-first,62.122,4034
CVE-2021-24985,KEV-first,62.109,4035
CVE-2022-24749,KEV-first,62.108,4036
CVE-2022-0690,KEV-first,62.105,4037
CVE-2022-0838,KEV-first,62.094,4038
CVE-2022-26980,KEV-first,62.088,4039
CVE-2021-45224,KEV-first,62.085,4040
CVE-2021-45225,KEV-first,62.085,4041
CVE-2021-44662,KEV-first,62.079,4042
CVE-2022-0929,KEV-first,62.079,4043
CVE-2022-25321,KEV-first,62.066,4044
CVE-2021-43721,KEV-first,62.061,4045
CVE-2021-45822,KEV-first,62.055,4046
CVE-2021-42558,KEV-first,62.052,4047
CVE-2021-46144,KEV-first,62.045,4048
CVE-2022-24981,KEV-first,62.042,4049
CVE-2022-0560,KEV-first,62.036,4050
CVE-2022-23397,KEV-first,62.028,4051
CVE-2020-14502,KEV-first,62.008,4052
CVE-2021-41929,KEV-first,62.008,4053
CVE-2021-41930,KEV-first,62.008,4054
CVE-2021-25017,KEV-first,62.005,4055
CVE-2022-0576,KEV-first,61.998,4056
CVE-2021-40906,KEV-first,61.989,4057
CVE-2022-23598,KEV-first,61.989,4058
CVE-2022-0855,KEV-first,61.988,4059
CVE-2022-24776,KEV-first,61.968,4060
CVE-2022-0752,KEV-first,61.967,4061
CVE-2022-21719,KEV-first,61.96,4062
CVE-2021-24983,KEV-first,61.956,4063
CVE-2022-21805,KEV-first,61.955,4064
CVE-2022-22142,KEV-first,61.955,4065
CVE-2021-45328,KEV-first,61.948,4066
CVE-2022-21257,KEV-first,61.946,4067
CVE-2022-21258,KEV-first,61.946,4068
CVE-2022-21259,KEV-first,61.946,4069
CVE-2022-21260,KEV-first,61.946,4070
CVE-2022-21261,KEV-first,61.946,4071
CVE-2022-21262,KEV-first,61.946,4072
CVE-2022-21361,KEV-first,61.946,4073
CVE-2022-21386,KEV-first,61.946,4074
CVE-2022-24435,KEV-first,61.946,4075
CVE-2021-33040,KEV-first,61.937,4076
CVE-2021-44212,KEV-first,61.933,4077
CVE-2021-44213,KEV-first,61.933,4078
CVE-2021-46426,KEV-first,61.923,4079
CVE-2021-24976,KEV-first,61.917,4080
CVE-2021-44210,KEV-first,61.913,4081
CVE-2021-44584,KEV-first,61.909,4082
CVE-2021-44585,KEV-first,61.907,4083
CVE-2022-24733,KEV-first,61.907,4084
CVE-2022-24131,KEV-first,61.905,4085
CVE-2022-24374,KEV-first,61.905,4086
CVE-2021-44208,KEV-first,61.903,4087
CVE-2021-44209,KEV-first,61.903,4088
CVE-2021-44896,KEV-first,61.893,4089
CVE-2021-4143,KEV-first,61.89,4090
CVE-2022-27920,KEV-first,61.89,4091
CVE-2021-25015,KEV-first,61.887,4092
CVE-2021-25031,KEV-first,61.887,4093
CVE-2021-25035,KEV-first,61.887,4094
CVE-2021-25062,KEV-first,61.887,4095
CVE-2021-25083,KEV-first,61.887,4096
CVE-2022-0951,KEV-first,61.884,4097
CVE-2021-38263,KEV-first,61.881,4098
CVE-2021-43825,KEV-first,61.877,4099
CVE-2021-24648,KEV-first,61.876,4100
CVE-2021-25027,KEV-first,61.876,4101
CVE-2021-25043,KEV-first,61.876,4102
CVE-2021-25077,KEV-first,61.876,4103
CVE-2022-0161,KEV-first,61.876,4104
CVE-2022-0176,KEV-first,61.876,4105
CVE-2022-0193,KEV-first,61.876,4106
CVE-2022-0399,KEV-first,61.876,4107
CVE-2022-0601,KEV-first,61.876,4108
CVE-2022-0501,KEV-first,61.87,4109
CVE-2022-0986,KEV-first,61.868,4110
CVE-2021-37504,KEV-first,61.867,4111
CVE-2020-18327,KEV-first,61.866,4112
CVE-2021-25100,KEV-first,61.866,4113
CVE-2022-0252,KEV-first,61.866,4114
CVE-2022-0380,KEV-first,61.866,4115
CVE-2022-0628,KEV-first,61.866,4116
CVE-2022-0640,KEV-first,61.866,4117
CVE-2022-0680,KEV-first,61.866,4118
CVE-2022-0818,KEV-first,61.866,4119
CVE-2022-23912,KEV-first,61.866,4120
CVE-2022-24717,KEV-first,61.866,4121
CVE-2022-23376,KEV-first,61.858,4122
CVE-2022-0526,KEV-first,61.856,4123
CVE-2022-23367,KEV-first,61.855,4124
CVE-2022-0352,KEV-first,61.853,4125
CVE-2021-42841,KEV-first,61.852,4126
CVE-2022-0527,KEV-first,61.85,4127
CVE-2022-24746,KEV-first,61.844,4128
CVE-2022-0122,KEV-first,61.839,4129
CVE-2022-22534,KEV-first,61.835,4130
CVE-2022-24397,KEV-first,61.835,4131
CVE-2022-0753,KEV-first,61.834,4132
CVE-2021-25006,KEV-first,61.833,4133
CVE-2021-44667,KEV-first,61.831,4134
CVE-2022-21269,KEV-first,61.825,4135
CVE-2022-21272,KEV-first,61.825,4136
CVE-2022-21359,KEV-first,61.825,4137
CVE-2022-21369,KEV-first,61.825,4138
CVE-2021-20303,KEV-first,61.822,4139
CVE-2014-8597,KEV-first,61.811,4140
CVE-2021-24923,KEV-first,61.81,4141
CVE-2021-25024,KEV-first,61.81,4142
CVE-2021-24764,KEV-first,61.8,4143
CVE-2021-24874,KEV-first,61.8,4144
CVE-2021-24909,KEV-first,61.8,4145
CVE-2021-24921,KEV-first,61.8,4146
CVE-2021-24937,KEV-first,61.8,4147
CVE-2021-24953,KEV-first,61.8,4148
CVE-2021-24996,KEV-first,61.8,4149
CVE-2021-25012,KEV-first,61.8,4150
CVE-2021-25019,KEV-first,61.8,4151
CVE-2021-25034,KEV-first,61.8,4152
CVE-2021-25038,KEV-first,61.8,4153
CVE-2021-25039,KEV-first,61.8,4154
CVE-2021-25040,KEV-first,61.8,4155
CVE-2021-25047,KEV-first,61.8,4156
CVE-2021-25071,KEV-first,61.8,4157
CVE-2021-25089,KEV-first,61.8,4158
CVE-2021-25091,KEV-first,61.8,4159
CVE-2021-46163,KEV-first,61.8,4160
CVE-2022-0347,KEV-first,61.8,4161
CVE-2022-0449,KEV-first,61.8,4162
CVE-2022-0503,KEV-first,61.8,4163
CVE-2022-0600,KEV-first,61.8,4164
CVE-2022-0619,KEV-first,61.8,4165
CVE-2022-0620,KEV-first,61.8,4166
CVE-2022-0621,KEV-first,61.8,4167
CVE-2022-0627,KEV-first,61.8,4168
CVE-2022-0641,KEV-first,61.8,4169
CVE-2022-0643,KEV-first,61.8,4170
CVE-2022-0647,KEV-first,61.8,4171
CVE-2022-0648,KEV-first,61.8,4172
CVE-2022-22734,KEV-first,61.8,4173
CVE-2022-25493,KEV-first,61.8,4174
CVE-2022-0321,KEV-first,61.795,4175
CVE-2022-0327,KEV-first,61.795,4176
CVE-2021-41003,KEV-first,61.788,4177
CVE-2021-40637,KEV-first,61.786,4178
CVE-2021-45357,KEV-first,61.786,4179
CVE-2021-41657,KEV-first,61.784,4180
CVE-2021-27473,KEV-first,61.783,4181
CVE-2021-45329,KEV-first,61.777,4182
CVE-2022-24589,KEV-first,61.775,4183
CVE-2022-23916,KEV-first,61.774,4184
CVE-2022-23710,KEV-first,61.771,4185
CVE-2021-44478,KEV-first,61.761,4186
CVE-2022-22146,KEV-first,61.761,4187
CVE-2022-20635,KEV-first,61.759,4188
CVE-2022-20636,KEV-first,61.759,4189
CVE-2022-20637,KEV-first,61.759,4190
CVE-2022-20638,KEV-first,61.759,4191
CVE-2022-20639,KEV-first,61.759,4192
CVE-2022-20640,KEV-first,61.759,4193
CVE-2022-20641,KEV-first,61.759,4194
CVE-2022-20642,KEV-first,61.759,4195
CVE-2022-20643,KEV-first,61.759,4196
CVE-2022-20644,KEV-first,61.759,4197
CVE-2022-20645,KEV-first,61.759,4198
CVE-2022-20646,KEV-first,61.759,4199
CVE-2022-20647,KEV-first,61.759,4200
CVE-2021-24999,KEV-first,61.757,4201
CVE-2021-25000,KEV-first,61.757,4202
CVE-2021-25001,KEV-first,61.757,4203
CVE-2022-25114,KEV-first,61.751,4204
CVE-2021-22810,KEV-first,61.749,4205
CVE-2022-27496,KEV-first,61.748,4206
CVE-2022-0018,KEV-first,61.746,4207
CVE-2021-22811,KEV-first,61.745,4208
CVE-2021-22812,KEV-first,61.745,4209
CVE-2021-22813,KEV-first,61.745,4210
CVE-2021-22814,KEV-first,61.745,4211
CVE-2022-24656,KEV-first,61.741,4212
CVE-2022-0820,KEV-first,61.74,4213
CVE-2021-43956,KEV-first,61.731,4214
CVE-2021-46382,KEV-first,61.73,4215
CVE-2021-38264,KEV-first,61.728,4216
CVE-2021-29217,KEV-first,61.727,4217
CVE-2021-42168,KEV-first,61.725,4218
CVE-2022-23083,KEV-first,61.724,4219
CVE-2022-26156,KEV-first,61.724,4220
CVE-2022-26158,KEV-first,61.724,4221
CVE-2021-30650,KEV-first,61.722,4222
CVE-2022-0868,KEV-first,61.719,4223
CVE-2021-42970,KEV-first,61.716,4224
CVE-2021-45281,KEV-first,61.716,4225
CVE-2022-25013,KEV-first,61.716,4226
CVE-2022-25014,KEV-first,61.716,4227
CVE-2022-26533,KEV-first,61.716,4228
CVE-2022-21354,KEV-first,61.706,4229
CVE-2022-21373,KEV-first,61.706,4230
CVE-2021-33961,KEV-first,61.705,4231
CVE-2021-46109,KEV-first,61.702,4232
CVE-2022-25221,KEV-first,61.702,4233
CVE-2022-22793,KEV-first,61.695,4234
CVE-2022-27193,KEV-first,61.695,4235
CVE-2021-44768,KEV-first,61.689,4236
CVE-2021-43106,KEV-first,61.683,4237
CVE-2020-13668,KEV-first,61.681,4238
CVE-2022-26155,KEV-first,61.678,4239
CVE-2022-24177,KEV-first,61.675,4240
CVE-2022-24608,KEV-first,61.675,4241
CVE-2022-23800,KEV-first,61.674,4242
CVE-2020-13672,KEV-first,61.671,4243
CVE-2022-24564,KEV-first,61.671,4244
CVE-2021-42552,KEV-first,61.667,4245
CVE-2021-46709,KEV-first,61.651,4246
CVE-2020-27428,KEV-first,61.647,4247
CVE-2021-45408,KEV-first,61.647,4248
CVE-2020-13669,KEV-first,61.643,4249
CVE-2022-24135,KEV-first,61.642,4250
CVE-2021-43661,KEV-first,61.641,4251
CVE-2021-43707,KEV-first,61.641,4252
CVE-2022-23907,KEV-first,61.641,4253
CVE-2022-24572,KEV-first,61.641,4254
CVE-2022-25028,KEV-first,61.641,4255
CVE-2022-25575,KEV-first,61.641,4256
CVE-2022-26644,KEV-first,61.641,4257
CVE-2022-22344,KEV-first,61.634,4258
CVE-2020-23986,KEV-first,61.628,4259
CVE-2022-0697,KEV-first,61.628,4260
CVE-2022-25317,KEV-first,61.627,4261
CVE-2021-42244,KEV-first,61.621,4262
CVE-2021-43677,KEV-first,61.621,4263
CVE-2022-22919,KEV-first,61.621,4264
CVE-2022-23391,KEV-first,61.621,4265
CVE-2022-26246,KEV-first,61.621,4266
CVE-2022-24573,KEV-first,61.617,4267
CVE-2021-3853,KEV-first,61.616,4268
CVE-2022-22126,KEV-first,61.615,4269
CVE-2022-23053,KEV-first,61.615,4270
CVE-2022-23054,KEV-first,61.615,4271
CVE-2022-24395,KEV-first,61.61,4272
CVE-2022-24330,KEV-first,61.609,4273
CVE-2022-22812,KEV-first,61.604,4274
CVE-2022-22529,KEV-first,61.602,4275
CVE-2022-27246,KEV-first,61.601,4276
CVE-2021-46034,KEV-first,61.588,4277
CVE-2022-23798,KEV-first,61.587,4278
CVE-2022-23796,KEV-first,61.586,4279
CVE-2022-23801,KEV-first,61.586,4280
CVE-2022-24072,KEV-first,61.579,4281
CVE-2021-38678,KEV-first,61.57,4282
CVE-2021-38126,KEV-first,61.569,4283
CVE-2021-38127,KEV-first,61.569,4284
CVE-2022-24338,KEV-first,61.568,4285
CVE-2022-25259,KEV-first,61.568,4286
CVE-2022-25261,KEV-first,61.568,4287
CVE-2022-25269,KEV-first,61.568,4288
CVE-2021-4198,KEV-first,61.566,4289
CVE-2022-26573,KEV-first,61.566,4290
CVE-2021-29216,KEV-first,61.565,4291
CVE-2022-23184,KEV-first,61.563,4292
CVE-2021-22822,KEV-first,61.562,4293
CVE-2021-23863,KEV-first,61.562,4294
CVE-2021-41541,KEV-first,61.562,4295
CVE-2021-41542,KEV-first,61.562,4296
CVE-2021-46251,KEV-first,61.562,4297
CVE-2022-23312,KEV-first,61.562,4298
CVE-2022-27884,KEV-first,61.555,4299
CVE-2022-27885,KEV-first,61.555,4300
CVE-2022-27886,KEV-first,61.555,4301
CVE-2022-27887,KEV-first,61.555,4302
CVE-2021-3837,KEV-first,61.522,4303
CVE-2021-37195,KEV-first,61.509,4304
CVE-2022-21221,KEV-first,61.496,4305
CVE-2022-23637,KEV-first,61.475,4306
CVE-2021-28377,KEV-first,61.389,4307
CVE-2021-38542,KEV-first,61.347,4308
CVE-2022-21293,KEV-first,61.346000000000004,4309
CVE-2021-3623,KEV-first,61.321,4310
CVE-2022-22652,KEV-first,61.314,4311
CVE-2020-13673,KEV-first,61.259,4312
CVE-2022-0012,KEV-first,61.243,4313
CVE-2022-21813,KEV-first,61.232,4314
CVE-2022-21814,KEV-first,61.232,4315
CVE-2021-36809,KEV-first,61.23,4316
CVE-2021-20290,KEV-first,61.223,4317
CVE-2021-45063,KEV-first,61.223,4318
CVE-2021-31814,KEV-first,61.204,4319
CVE-2021-20315,KEV-first,61.196,4320
CVE-2021-26264,KEV-first,61.187,4321
CVE-2022-21721,KEV-first,61.153,4322
CVE-2022-22789,KEV-first,61.151,4323
CVE-2022-22268,KEV-first,61.112,4324
CVE-2022-23728,KEV-first,61.104,4325
CVE-2022-24302,KEV-first,61.08,4326
CVE-2022-23278,KEV-first,60.892,4327
CVE-2022-23646,KEV-first,60.795,4328
CVE-2016-2124,KEV-first,60.752,4329
CVE-2022-21340,KEV-first,60.748,4330
CVE-2021-23222,KEV-first,60.501,4331
CVE-2021-43589,KEV-first,60.444,4332
CVE-2021-41141,KEV-first,60.367,4333
CVE-2021-3608,KEV-first,60.363,4334
CVE-2021-29785,KEV-first,60.299,4335
CVE-2021-3607,KEV-first,60.299,4336
CVE-2022-21352,KEV-first,60.296,4337
CVE-2021-29838,KEV-first,60.283,4338
CVE-2021-40327,KEV-first,60.194,4339
CVE-2021-43590,KEV-first,60.151,4340
CVE-2022-24409,KEV-first,60.108,4341
CVE-2022-27906,KEV-first,60.08,4342
CVE-2021-42018,KEV-first,60.021,4343
CVE-2022-23130,KEV-first,60.004,4344
CVE-2022-23590,KEV-first,59.973,4345
CVE-2021-42019,KEV-first,59.924,4346
CVE-2021-45081,KEV-first,59.911,4347
CVE-2021-20147,KEV-first,59.9,4348
CVE-2022-21199,KEV-first,59.89,4349
CVE-2022-23593,KEV-first,59.87,4350
CVE-2022-24686,KEV-first,59.863,4351
CVE-2022-22946,KEV-first,59.846000000000004,4352
CVE-2022-0615,KEV-first,59.833,4353
CVE-2022-22169,KEV-first,59.827,4354
CVE-2022-21653,KEV-first,59.793,4355
CVE-2022-26247,KEV-first,59.751,4356
CVE-2021-21971,KEV-first,59.696,4357
CVE-2021-43055,KEV-first,59.676,4358
CVE-2020-36516,KEV-first,59.672,4359
CVE-2021-4043,KEV-first,59.615,4360
CVE-2022-22716,KEV-first,59.604,4361
CVE-2022-24319,KEV-first,59.575,4362
CVE-2022-23255,KEV-first,59.56,4363
CVE-2022-24320,KEV-first,59.544,4364
CVE-2022-24968,KEV-first,59.542,4365
CVE-2021-40055,KEV-first,59.514,4366
CVE-2021-39026,KEV-first,59.51,4367
CVE-2022-24769,KEV-first,59.492,4368
CVE-2021-21963,KEV-first,59.489,4369
CVE-2021-42017,KEV-first,59.472,4370
CVE-2022-0123,KEV-first,59.438,4371
CVE-2021-33846,KEV-first,59.313,4372
CVE-2022-0507,KEV-first,59.235,4373
CVE-2021-36781,KEV-first,59.207,4374
CVE-2022-24928,KEV-first,59.119,4375
CVE-2022-20738,KEV-first,59.105,4376
CVE-2021-3398,KEV-first,58.924,4377
CVE-2022-0968,KEV-first,58.731,4378
CVE-2021-25118,KEV-first,58.632,4379
CVE-2022-26948,KEV-first,58.586,4380
CVE-2021-45067,KEV-first,58.529,4381
CVE-2022-21877,KEV-first,57.894,4382
CVE-2022-0378,KEV-first,57.866,4383
CVE-2021-44713,KEV-first,57.75,4384
CVE-2021-23760,KEV-first,57.678,4385
CVE-2021-33114,KEV-first,57.495,4386
CVE-2021-33139,KEV-first,57.491,4387
CVE-2022-24926,KEV-first,57.489,4388
CVE-2021-33155,KEV-first,57.467,4389
CVE-2021-24968,KEV-first,57.426,4390
CVE-2021-25011,KEV-first,57.426,4391
CVE-2022-0529,KEV-first,57.421,4392
CVE-2022-23192,KEV-first,57.408,4393
CVE-2022-0967,KEV-first,57.262,4394
CVE-2022-22284,KEV-first,57.224,4395
CVE-2022-0954,KEV-first,57.197,4396
CVE-2021-36346,KEV-first,57.181,4397
CVE-2021-44712,KEV-first,57.168,4398
CVE-2021-23842,KEV-first,57.144,4399
CVE-2022-0530,KEV-first,57.108,4400
CVE-2022-23049,KEV-first,57.033,4401
CVE-2022-23193,KEV-first,57.028999999999996,4402
CVE-2022-24462,KEV-first,57.024,4403
CVE-2022-22790,KEV-first,57.023,4404
CVE-2022-24090,KEV-first,57.001,4405
CVE-2022-0675,KEV-first,56.918,4406
CVE-2021-46005,KEV-first,56.915,4407
CVE-2021-46595,KEV-first,56.912,4408
CVE-2022-23190,KEV-first,56.905,4409
CVE-2022-23191,KEV-first,56.905,4410
CVE-2022-23194,KEV-first,56.905,4411
CVE-2022-23195,KEV-first,56.905,4412
CVE-2022-23196,KEV-first,56.905,4413
CVE-2022-23197,KEV-first,56.905,4414
CVE-2022-23204,KEV-first,56.881,4415
CVE-2021-46623,KEV-first,56.815,4416
CVE-2021-46628,KEV-first,56.815,4417
CVE-2022-22712,KEV-first,56.802,4418
CVE-2022-21283,KEV-first,56.782,4419
CVE-2021-45942,KEV-first,56.766,4420
CVE-2022-21341,KEV-first,56.765,4421
CVE-2022-23189,KEV-first,56.741,4422
CVE-2022-23198,KEV-first,56.741,4423
CVE-2022-23199,KEV-first,56.741,4424
CVE-2022-22583,KEV-first,56.72,4425
CVE-2022-0156,KEV-first,56.719,4426
CVE-2021-34984,KEV-first,56.699,4427
CVE-2021-34985,KEV-first,56.699,4428
CVE-2021-46589,KEV-first,56.699,4429
CVE-2021-46593,KEV-first,56.699,4430
CVE-2021-46594,KEV-first,56.699,4431
CVE-2021-46596,KEV-first,56.699,4432
CVE-2022-24130,KEV-first,56.694,4433
CVE-2021-46649,KEV-first,56.678,4434
CVE-2021-46650,KEV-first,56.678,4435
CVE-2021-46651,KEV-first,56.678,4436
CVE-2021-46610,KEV-first,56.653999999999996,4437
CVE-2022-22600,KEV-first,56.653,4438
CVE-2022-25497,KEV-first,56.642,4439
CVE-2021-46611,KEV-first,56.619,4440
CVE-2021-46615,KEV-first,56.612,4441
CVE-2021-46616,KEV-first,56.612,4442
CVE-2021-46618,KEV-first,56.612,4443
CVE-2021-46620,KEV-first,56.612,4444
CVE-2021-46624,KEV-first,56.612,4445
CVE-2021-46629,KEV-first,56.612,4446
CVE-2021-46630,KEV-first,56.612,4447
CVE-2021-46632,KEV-first,56.612,4448
CVE-2022-21301,KEV-first,56.604,4449
CVE-2021-46637,KEV-first,56.592,4450
CVE-2021-46642,KEV-first,56.592,4451
CVE-2021-46654,KEV-first,56.592,4452
CVE-2021-45958,KEV-first,56.55,4453
CVE-2022-24055,KEV-first,56.538,4454
CVE-2022-24060,KEV-first,56.538,4455
CVE-2022-24061,KEV-first,56.538,4456
CVE-2022-26336,KEV-first,56.52,4457
CVE-2022-23960,KEV-first,56.499,4458
CVE-2021-45943,KEV-first,56.491,4459
CVE-2022-21360,KEV-first,56.486,4460
CVE-2022-21365,KEV-first,56.486,4461
CVE-2022-21838,KEV-first,56.483,4462
CVE-2022-0865,KEV-first,56.478,4463
CVE-2022-21299,KEV-first,56.458,4464
CVE-2022-0696,KEV-first,56.452,4465
CVE-2021-44700,KEV-first,56.442,4466
CVE-2022-0319,KEV-first,56.44,4467
CVE-2022-24503,KEV-first,56.437,4468
CVE-2022-21899,KEV-first,56.43,4469
CVE-2022-0870,KEV-first,56.422,4470
CVE-2021-45949,KEV-first,56.401,4471
CVE-2022-0928,KEV-first,56.389,4472
CVE-2021-46145,KEV-first,56.365,4473
CVE-2021-45944,KEV-first,56.36,4474
CVE-2021-45930,KEV-first,56.354,4475
CVE-2022-21294,KEV-first,56.35,4476
CVE-2021-45868,KEV-first,56.339,4477
CVE-2022-22844,KEV-first,56.336,4478
CVE-2021-40750,KEV-first,56.33,4479
CVE-2021-40778,KEV-first,56.33,4480
CVE-2021-40781,KEV-first,56.33,4481
CVE-2022-0909,KEV-first,56.33,4482
CVE-2022-0924,KEV-first,56.33,4483
CVE-2021-32435,KEV-first,56.317,4484
CVE-2022-21349,KEV-first,56.306,4485
CVE-2021-26401,KEV-first,56.293,4486
CVE-2022-21876,KEV-first,56.287,4487
CVE-2022-22002,KEV-first,56.282,4488
CVE-2022-23348,KEV-first,56.273,4489
CVE-2021-40741,KEV-first,56.27,4490
CVE-2022-0907,KEV-first,56.27,4491
CVE-2021-40737,KEV-first,56.258,4492
CVE-2021-40742,KEV-first,56.258,4493
CVE-2022-21367,KEV-first,56.257,4494
CVE-2022-0561,KEV-first,56.25,4495
CVE-2022-0562,KEV-first,56.25,4496
CVE-2021-44879,KEV-first,56.234,4497
CVE-2022-0757,KEV-first,56.231,4498
CVE-2022-21378,KEV-first,56.223,4499
CVE-2022-21366,KEV-first,56.216,4500
CVE-2022-23104,KEV-first,56.211,4501
CVE-2022-23922,KEV-first,56.211,4502
CVE-2021-40782,KEV-first,56.186,4503
CVE-2021-36411,KEV-first,56.155,4504
CVE-2022-0544,KEV-first,56.153,4505
CVE-2021-44269,KEV-first,56.15,4506
CVE-2021-40762,KEV-first,56.148,4507
CVE-2021-40768,KEV-first,56.148,4508
CVE-2021-40785,KEV-first,56.148,4509
CVE-2021-40788,KEV-first,56.148,4510
CVE-2021-40789,KEV-first,56.148,4511
CVE-2021-40796,KEV-first,56.148,4512
CVE-2021-42263,KEV-first,56.148,4513
CVE-2021-42264,KEV-first,56.148,4514
CVE-2021-40767,KEV-first,56.145,4515
CVE-2022-23281,KEV-first,56.133,4516
CVE-2021-46141,KEV-first,56.131,4517
CVE-2022-0173,KEV-first,56.105,4518
CVE-2022-1122,KEV-first,56.104,4519
CVE-2022-24511,KEV-first,56.1,4520
CVE-2021-46142,KEV-first,56.095,4521
CVE-2021-23520,KEV-first,56.094,4522
CVE-2022-1056,KEV-first,56.093,4523
CVE-2022-21277,KEV-first,56.091,4524
CVE-2022-21906,KEV-first,56.091,4525
CVE-2022-0219,KEV-first,56.059,4526
CVE-2022-25375,KEV-first,56.054,4527
CVE-2022-27939,KEV-first,56.044,4528
CVE-2022-21879,KEV-first,56.02,4529
CVE-2021-44994,KEV-first,56.018,4530
CVE-2022-0961,KEV-first,56.006,4531
CVE-2022-0476,KEV-first,56.005,4532
CVE-2021-46019,KEV-first,56.004,4533
CVE-2021-32434,KEV-first,55.981,4534
CVE-2021-4219,KEV-first,55.976,4535
CVE-2021-46022,KEV-first,55.97,4536
CVE-2022-21964,KEV-first,55.969,4537
CVE-2022-0695,KEV-first,55.956,4538
CVE-2021-46021,KEV-first,55.953,4539
CVE-2022-0712,KEV-first,55.951,4540
CVE-2021-45948,KEV-first,55.942,4541
CVE-2022-0534,KEV-first,55.94,4542
CVE-2022-0419,KEV-first,55.935,4543
CVE-2022-23621,KEV-first,55.935,4544
CVE-2021-44962,KEV-first,55.922,4545
CVE-2022-0614,KEV-first,55.914,4546
CVE-2021-20302,KEV-first,55.911,4547
CVE-2022-27943,KEV-first,55.906,4548
CVE-2022-21924,KEV-first,55.905,4549
CVE-2022-21925,KEV-first,55.905,4550
CVE-2021-45343,KEV-first,55.9,4551
CVE-2022-21291,KEV-first,55.896,4552
CVE-2021-45934,KEV-first,55.891,4553
CVE-2021-45939,KEV-first,55.891,4554
CVE-2022-22710,KEV-first,55.891,4555
CVE-2021-20300,KEV-first,55.89,4556
CVE-2021-45932,KEV-first,55.887,4557
CVE-2021-45933,KEV-first,55.887,4558
CVE-2021-45936,KEV-first,55.887,4559
CVE-2021-45937,KEV-first,55.887,4560
CVE-2021-45938,KEV-first,55.887,4561
CVE-2021-45935,KEV-first,55.882,4562
CVE-2021-3933,KEV-first,55.881,4563
CVE-2022-0963,KEV-first,55.877,4564
CVE-2022-21282,KEV-first,55.877,4565
CVE-2021-41043,KEV-first,55.87,4566
CVE-2022-22899,KEV-first,55.87,4567
CVE-2021-40567,KEV-first,55.867,4568
CVE-2022-26291,KEV-first,55.866,4569
CVE-2022-25108,KEV-first,55.865,4570
CVE-2021-40569,KEV-first,55.863,4571
CVE-2021-40572,KEV-first,55.863,4572
CVE-2021-40575,KEV-first,55.863,4573
CVE-2021-40576,KEV-first,55.863,4574
CVE-2021-36410,KEV-first,55.859,4575
CVE-2020-6920,KEV-first,55.856,4576
CVE-2021-40562,KEV-first,55.847,4577
CVE-2021-40563,KEV-first,55.847,4578
CVE-2021-40564,KEV-first,55.847,4579
CVE-2021-40565,KEV-first,55.847,4580
CVE-2022-22820,KEV-first,55.837,4581
CVE-2022-21998,KEV-first,55.836,4582
CVE-2021-36408,KEV-first,55.835,4583
CVE-2021-45429,KEV-first,55.833,4584
CVE-2022-25050,KEV-first,55.833,4585
CVE-2022-22932,KEV-first,55.83,4586
CVE-2021-40566,KEV-first,55.827,4587
CVE-2022-0890,KEV-first,55.827,4588
CVE-2022-21296,KEV-first,55.825,4589
CVE-2022-1035,KEV-first,55.818,4590
CVE-2021-44749,KEV-first,55.817,4591
CVE-2021-34122,KEV-first,55.816,4592
CVE-2022-0632,KEV-first,55.813,4593
CVE-2021-45760,KEV-first,55.81,4594
CVE-2022-0326,KEV-first,55.81,4595
CVE-2022-0970,KEV-first,55.799,4596
CVE-2022-21271,KEV-first,55.789,4597
CVE-2022-21985,KEV-first,55.788,4598
CVE-2022-23252,KEV-first,55.788,4599
CVE-2022-23297,KEV-first,55.788,4600
CVE-2021-46335,KEV-first,55.784,4601
CVE-2022-24613,KEV-first,55.781,4602
CVE-2021-46195,KEV-first,55.779,4603
CVE-2021-45847,KEV-first,55.77,4604
CVE-2022-22890,KEV-first,55.77,4605
CVE-2022-25051,KEV-first,55.77,4606
CVE-2021-44992,KEV-first,55.762,4607
CVE-2021-44993,KEV-first,55.762,4608
CVE-2022-21305,KEV-first,55.755,4609
CVE-2022-24574,KEV-first,55.754,4610
CVE-2021-37529,KEV-first,55.748,4611
CVE-2021-37530,KEV-first,55.748,4612
CVE-2021-40559,KEV-first,55.748,4613
CVE-2021-45863,KEV-first,55.729,4614
CVE-2022-24614,KEV-first,55.728,4615
CVE-2021-45762,KEV-first,55.718,4616
CVE-2021-45763,KEV-first,55.718,4617
CVE-2021-45764,KEV-first,55.718,4618
CVE-2021-45767,KEV-first,55.718,4619
CVE-2021-46327,KEV-first,55.717,4620
CVE-2021-46329,KEV-first,55.717,4621
CVE-2021-46330,KEV-first,55.717,4622
CVE-2021-46331,KEV-first,55.717,4623
CVE-2021-46333,KEV-first,55.717,4624
CVE-2021-46481,KEV-first,55.717,4625
CVE-2021-45386,KEV-first,55.712,4626
CVE-2021-45387,KEV-first,55.712,4627
CVE-2021-44961,KEV-first,55.709,4628
CVE-2021-46234,KEV-first,55.709,4629
CVE-2022-24615,KEV-first,55.709,4630
CVE-2021-46052,KEV-first,55.703,4631
CVE-2021-46053,KEV-first,55.703,4632
CVE-2021-46054,KEV-first,55.703,4633
CVE-2022-0396,KEV-first,55.703,4634
CVE-2021-45830,KEV-first,55.701,4635
CVE-2021-46048,KEV-first,55.7,4636
CVE-2021-46055,KEV-first,55.7,4637
CVE-2021-46236,KEV-first,55.7,4638
CVE-2021-25026,KEV-first,55.699,4639
CVE-2021-40573,KEV-first,55.699,4640
CVE-2021-46474,KEV-first,55.692,4641
CVE-2021-46475,KEV-first,55.692,4642
CVE-2021-46477,KEV-first,55.692,4643
CVE-2021-46478,KEV-first,55.692,4644
CVE-2021-46480,KEV-first,55.692,4645
CVE-2021-45833,KEV-first,55.691,4646
CVE-2022-24576,KEV-first,55.691,4647
CVE-2022-21913,KEV-first,55.688,4648
CVE-2021-46169,KEV-first,55.683,4649
CVE-2021-46050,KEV-first,55.679,4650
CVE-2020-25427,KEV-first,55.677,4651
CVE-2022-22901,KEV-first,55.677,4652
CVE-2021-45829,KEV-first,55.672,4653
CVE-2021-45860,KEV-first,55.671,4654
CVE-2021-45861,KEV-first,55.671,4655
CVE-2021-45864,KEV-first,55.671,4656
CVE-2022-21973,KEV-first,55.671,4657
CVE-2022-23319,KEV-first,55.671,4658
CVE-2021-28507,KEV-first,55.669,4659
CVE-2021-45947,KEV-first,55.667,4660
CVE-2021-45832,KEV-first,55.666,4661
CVE-2021-28275,KEV-first,55.664,4662
CVE-2021-45929,KEV-first,55.664,4663
CVE-2021-45946,KEV-first,55.664,4664
CVE-2021-46496,KEV-first,55.664,4665
CVE-2021-46502,KEV-first,55.664,4666
CVE-2022-0849,KEV-first,55.66,4667
CVE-2021-46322,KEV-first,55.659,4668
CVE-2022-22644,KEV-first,55.659,4669
CVE-2021-46338,KEV-first,55.658,4670
CVE-2022-0762,KEV-first,55.654,4671
CVE-2022-24432,KEV-first,55.654,4672
CVE-2021-22809,KEV-first,55.647,4673
CVE-2021-46171,KEV-first,55.647,4674
CVE-2021-46336,KEV-first,55.644,4675
CVE-2021-46337,KEV-first,55.644,4676
CVE-2021-46346,KEV-first,55.644,4677
CVE-2021-46351,KEV-first,55.644,4678
CVE-2021-46168,KEV-first,55.639,4679
CVE-2021-46546,KEV-first,55.639,4680
CVE-2021-46484,KEV-first,55.638,4681
CVE-2021-46489,KEV-first,55.638,4682
CVE-2021-46494,KEV-first,55.638,4683
CVE-2021-46495,KEV-first,55.638,4684
CVE-2021-46497,KEV-first,55.638,4685
CVE-2021-46498,KEV-first,55.638,4686
CVE-2021-46499,KEV-first,55.638,4687
CVE-2021-46500,KEV-first,55.638,4688
CVE-2021-46501,KEV-first,55.638,4689
CVE-2021-46503,KEV-first,55.638,4690
CVE-2021-46047,KEV-first,55.632,4691
CVE-2021-46487,KEV-first,55.632,4692
CVE-2021-46038,KEV-first,55.625,4693
CVE-2021-46039,KEV-first,55.625,4694
CVE-2021-46040,KEV-first,55.625,4695
CVE-2021-46041,KEV-first,55.625,4696
CVE-2021-46042,KEV-first,55.625,4697
CVE-2021-46043,KEV-first,55.625,4698
CVE-2021-46045,KEV-first,55.625,4699
CVE-2021-46046,KEV-first,55.625,4700
CVE-2021-46049,KEV-first,55.625,4701
CVE-2021-46051,KEV-first,55.625,4702
CVE-2022-22660,KEV-first,55.625,4703
CVE-2021-27416,KEV-first,55.622,4704
CVE-2021-45831,KEV-first,55.622,4705
CVE-2021-46044,KEV-first,55.622,4706
CVE-2021-46237,KEV-first,55.621,4707
CVE-2021-46238,KEV-first,55.621,4708
CVE-2021-46311,KEV-first,55.621,4709
CVE-2021-46323,KEV-first,55.621,4710
CVE-2021-46339,KEV-first,55.621,4711
CVE-2021-46340,KEV-first,55.621,4712
CVE-2021-46342,KEV-first,55.621,4713
CVE-2021-46343,KEV-first,55.621,4714
CVE-2021-46344,KEV-first,55.621,4715
CVE-2021-46345,KEV-first,55.621,4716
CVE-2021-46347,KEV-first,55.621,4717
CVE-2021-46348,KEV-first,55.621,4718
CVE-2021-46349,KEV-first,55.621,4719
CVE-2021-46350,KEV-first,55.621,4720
CVE-2021-46556,KEV-first,55.621,4721
CVE-2021-46239,KEV-first,55.616,4722
CVE-2022-22891,KEV-first,55.616,4723
CVE-2022-22892,KEV-first,55.616,4724
CVE-2008-10001,KEV-first,55.615,4725
CVE-2021-46240,KEV-first,55.614,4726
CVE-2021-46313,KEV-first,55.614,4727
CVE-2021-46508,KEV-first,55.614,4728
CVE-2021-46510,KEV-first,55.614,4729
CVE-2021-46511,KEV-first,55.614,4730
CVE-2021-46512,KEV-first,55.614,4731
CVE-2021-46514,KEV-first,55.614,4732
CVE-2021-46515,KEV-first,55.614,4733
CVE-2021-46516,KEV-first,55.614,4734
CVE-2021-46517,KEV-first,55.614,4735
CVE-2021-46528,KEV-first,55.614,4736
CVE-2021-46529,KEV-first,55.614,4737
CVE-2021-46530,KEV-first,55.614,4738
CVE-2021-46531,KEV-first,55.614,4739
CVE-2021-46532,KEV-first,55.614,4740
CVE-2021-46534,KEV-first,55.614,4741
CVE-2021-46535,KEV-first,55.614,4742
CVE-2021-46537,KEV-first,55.614,4743
CVE-2021-46538,KEV-first,55.614,4744
CVE-2021-46539,KEV-first,55.614,4745
CVE-2021-46540,KEV-first,55.614,4746
CVE-2021-46541,KEV-first,55.614,4747
CVE-2021-46542,KEV-first,55.614,4748
CVE-2021-46543,KEV-first,55.614,4749
CVE-2021-46544,KEV-first,55.614,4750
CVE-2021-46545,KEV-first,55.614,4751
CVE-2021-46547,KEV-first,55.614,4752
CVE-2021-46548,KEV-first,55.614,4753
CVE-2021-46549,KEV-first,55.614,4754
CVE-2021-46550,KEV-first,55.614,4755
CVE-2021-46553,KEV-first,55.614,4756
CVE-2021-46554,KEV-first,55.614,4757
CVE-2022-24249,KEV-first,55.614,4758
CVE-2022-27938,KEV-first,55.614,4759
CVE-2021-45846,KEV-first,55.609,4760
CVE-2021-46485,KEV-first,55.607,4761
CVE-2021-46486,KEV-first,55.607,4762
CVE-2021-46488,KEV-first,55.607,4763
CVE-2021-46490,KEV-first,55.607,4764
CVE-2021-46491,KEV-first,55.607,4765
CVE-2021-46504,KEV-first,55.607,4766
CVE-2021-46505,KEV-first,55.607,4767
CVE-2021-46506,KEV-first,55.607,4768
CVE-2021-46507,KEV-first,55.607,4769
CVE-2022-25484,KEV-first,55.607,4770
CVE-2021-27414,KEV-first,55.573,4771
CVE-2022-0148,KEV-first,55.572,4772
CVE-2021-46492,KEV-first,55.565,4773
CVE-2021-46659,KEV-first,55.551,4774
CVE-2021-44748,KEV-first,55.546,4775
CVE-2021-23521,KEV-first,55.544,4776
CVE-2021-3744,KEV-first,55.533,4777
CVE-2022-0286,KEV-first,55.531,4778
CVE-2021-4115,KEV-first,55.53,4779
CVE-2022-1077,KEV-first,55.51,4780
CVE-2022-0617,KEV-first,55.497,4781
CVE-2022-0854,KEV-first,55.462,4782
CVE-2022-25489,KEV-first,55.459,4783
CVE-2022-0257,KEV-first,55.456,4784
CVE-2022-0285,KEV-first,55.456,4785
CVE-2022-23280,KEV-first,55.439,4786
CVE-2021-45744,KEV-first,55.438,4787
CVE-2021-45745,KEV-first,55.438,4788
CVE-2022-0509,KEV-first,55.438,4789
CVE-2021-36151,KEV-first,55.437,4790
CVE-2021-44421,KEV-first,55.436,4791
CVE-2021-45449,KEV-first,55.428,4792
CVE-2022-24959,KEV-first,55.428,4793
CVE-2022-0563,KEV-first,55.427,4794
CVE-2022-0487,KEV-first,55.424,4795
CVE-2021-46667,KEV-first,55.421,4796
CVE-2022-1052,KEV-first,55.421,4797
CVE-2021-23648,KEV-first,55.418,4798
CVE-2021-44647,KEV-first,55.418,4799
CVE-2021-45402,KEV-first,55.416,4800
CVE-2022-0268,KEV-first,55.416,4801
CVE-2021-34600,KEV-first,55.414,4802
CVE-2022-22648,KEV-first,55.41,4803
CVE-2021-44178,KEV-first,55.408,4804
CVE-2021-46661,KEV-first,55.403,4805
CVE-2021-46663,KEV-first,55.403,4806
CVE-2021-4149,KEV-first,55.4,4807
CVE-2021-46664,KEV-first,55.4,4808
CVE-2021-46665,KEV-first,55.4,4809
CVE-2021-46668,KEV-first,55.4,4810
CVE-2021-45928,KEV-first,55.394,4811
CVE-2021-46702,KEV-first,55.393,4812
CVE-2022-26296,KEV-first,55.392,4813
CVE-2021-3620,KEV-first,55.39,4814
CVE-2021-46657,KEV-first,55.39,4815
CVE-2021-45452,KEV-first,55.388,4816
CVE-2021-4095,KEV-first,55.387,4817
CVE-2021-46658,KEV-first,55.387,4818
CVE-2021-46662,KEV-first,55.387,4819
CVE-2021-46666,KEV-first,55.387,4820
CVE-2022-0382,KEV-first,55.385,4821
CVE-2022-27195,KEV-first,55.383,4822
CVE-2022-27950,KEV-first,55.381,4823
CVE-2021-44216,KEV-first,55.365,4824
CVE-2021-44215,KEV-first,55.354,4825
CVE-2022-21823,KEV-first,55.349,4826
CVE-2022-26966,KEV-first,55.346,4827
CVE-2021-4150,KEV-first,55.336,4828
CVE-2022-23034,KEV-first,55.336,4829
CVE-2021-3732,KEV-first,55.334,4830
CVE-2021-3602,KEV-first,55.327,4831
CVE-2021-0145,KEV-first,55.325,4832
CVE-2022-26878,KEV-first,55.325,4833
CVE-2022-20621,KEV-first,55.319,4834
CVE-2021-33851,KEV-first,55.318,4835
CVE-2021-3947,KEV-first,55.317,4836
CVE-2021-39742,KEV-first,55.317,4837
CVE-2021-46283,KEV-first,55.316,4838
CVE-2022-0188,KEV-first,55.315,4839
CVE-2021-20180,KEV-first,55.314,4840
CVE-2020-12966,KEV-first,55.313,4841
CVE-2021-4148,KEV-first,55.309,4842
CVE-2021-0072,KEV-first,55.307,4843
CVE-2022-25012,KEV-first,55.306,4844
CVE-2022-21704,KEV-first,55.304,4845
CVE-2022-0672,KEV-first,55.303,4846
CVE-2021-3428,KEV-first,55.301,4847
CVE-2021-0127,KEV-first,55.299,4848
CVE-2022-0322,KEV-first,55.299,4849
CVE-2022-0704,KEV-first,55.297,4850
CVE-2022-0433,KEV-first,55.292,4851
CVE-2021-0170,KEV-first,55.289,4852
CVE-2022-0831,KEV-first,55.286,4853
CVE-2021-33061,KEV-first,55.283,4854
CVE-2021-32039,KEV-first,55.28,4855
CVE-2021-43745,KEV-first,55.28,4856
CVE-2022-22908,KEV-first,55.278,4857
CVE-2021-33096,KEV-first,55.277,4858
CVE-2022-23456,KEV-first,55.276,4859
CVE-2020-14480,KEV-first,55.273,4860
CVE-2021-0076,KEV-first,55.264,4861
CVE-2022-21375,KEV-first,55.262,4862
CVE-2021-20320,KEV-first,55.26,4863
CVE-2022-23953,KEV-first,55.256,4864
CVE-2022-23954,KEV-first,55.256,4865
CVE-2022-23955,KEV-first,55.256,4866
CVE-2022-23956,KEV-first,55.256,4867
CVE-2022-23957,KEV-first,55.256,4868
CVE-2022-23958,KEV-first,55.256,4869
CVE-2022-0264,KEV-first,55.255,4870
CVE-2022-21153,KEV-first,55.254,4871
CVE-2022-21157,KEV-first,55.254,4872
CVE-2022-21218,KEV-first,55.254,4873
CVE-2022-21226,KEV-first,55.254,4874
CVE-2022-22650,KEV-first,55.254,4875
CVE-2021-20269,KEV-first,55.252,4876
CVE-2021-39032,KEV-first,55.252,4877
CVE-2021-27753,KEV-first,55.251,4878
CVE-2021-27755,KEV-first,55.251,4879
CVE-2021-41849,KEV-first,55.251,4880
CVE-2022-24643,KEV-first,55.25,4881
CVE-2021-44234,KEV-first,55.241,4882
CVE-2021-0171,KEV-first,55.24,4883
CVE-2021-33105,KEV-first,55.24,4884
CVE-2021-33119,KEV-first,55.24,4885
CVE-2021-33147,KEV-first,55.24,4886
CVE-2021-4023,KEV-first,55.238,4887
CVE-2022-22703,KEV-first,55.236,4888
CVE-2021-38994,KEV-first,55.233,4889
CVE-2021-38995,KEV-first,55.233,4890
CVE-2020-4925,KEV-first,55.229,4891
CVE-2021-34405,KEV-first,55.227,4892
CVE-2022-21133,KEV-first,55.227,4893
CVE-2022-21156,KEV-first,55.227,4894
CVE-2021-38988,KEV-first,55.22,4895
CVE-2021-38989,KEV-first,55.22,4896
CVE-2021-25065,KEV-first,55.217,4897
CVE-2021-38993,KEV-first,55.217,4898
CVE-2021-38996,KEV-first,55.217,4899
CVE-2022-22350,KEV-first,55.217,4900
CVE-2021-33166,KEV-first,55.215,4901
CVE-2022-21815,KEV-first,55.212,4902
CVE-2022-24329,KEV-first,55.212,4903
CVE-2021-22571,KEV-first,55.204,4904
CVE-2022-24728,KEV-first,55.203,4905
CVE-2022-25020,KEV-first,55.194,4906
CVE-2022-21670,KEV-first,55.192,4907
CVE-2022-21816,KEV-first,55.19,4908
CVE-2022-23129,KEV-first,55.186,4909
CVE-2021-31821,KEV-first,55.185,4910
CVE-2021-39633,KEV-first,55.18,4911
CVE-2021-37115,KEV-first,55.179,4912
CVE-2021-39986,KEV-first,55.179,4913
CVE-2021-39991,KEV-first,55.179,4914
CVE-2021-46353,KEV-first,55.17,4915
CVE-2021-40033,KEV-first,55.169,4916
CVE-2022-23234,KEV-first,55.169,4917
CVE-2021-37107,KEV-first,55.168,4918
CVE-2021-40037,KEV-first,55.167,4919
CVE-2021-22478,KEV-first,55.166,4920
CVE-2022-23269,KEV-first,55.164,4921
CVE-2022-22321,KEV-first,55.163,4922
CVE-2021-37103,KEV-first,55.152,4923
CVE-2021-40045,KEV-first,55.152,4924
CVE-2021-22441,KEV-first,55.151,4925
CVE-2021-22479,KEV-first,55.151,4926
CVE-2021-39690,KEV-first,55.135,4927
CVE-2022-25022,KEV-first,55.134,4928
CVE-2021-22572,KEV-first,55.133,4929
CVE-2022-25326,KEV-first,55.131,4930
CVE-2021-39664,KEV-first,55.128,4931
CVE-2021-39765,KEV-first,55.126,4932
CVE-2022-20042,KEV-first,55.122,4933
CVE-2022-20017,KEV-first,55.118,4934
CVE-2022-20036,KEV-first,55.118,4935
CVE-2022-20037,KEV-first,55.118,4936
CVE-2021-39687,KEV-first,55.117,4937
CVE-2022-20019,KEV-first,55.114,4938
CVE-2022-20020,KEV-first,55.114,4939
CVE-2022-20046,KEV-first,55.113,4940
CVE-2021-39740,KEV-first,55.112,4941
CVE-2021-39757,KEV-first,55.112,4942
CVE-2021-39778,KEV-first,55.112,4943
CVE-2022-25327,KEV-first,55.112,4944
CVE-2021-0524,KEV-first,55.111,4945
CVE-2021-39631,KEV-first,55.111,4946
CVE-2021-39666,KEV-first,55.111,4947
CVE-2021-39688,KEV-first,55.111,4948
CVE-2021-39744,KEV-first,55.111,4949
CVE-2021-39745,KEV-first,55.111,4950
CVE-2021-39754,KEV-first,55.111,4951
CVE-2021-39755,KEV-first,55.111,4952
CVE-2021-39756,KEV-first,55.111,4953
CVE-2021-39760,KEV-first,55.111,4954
CVE-2021-39761,KEV-first,55.111,4955
CVE-2021-39766,KEV-first,55.111,4956
CVE-2021-39773,KEV-first,55.111,4957
CVE-2021-39775,KEV-first,55.111,4958
CVE-2021-39777,KEV-first,55.111,4959
CVE-2021-39788,KEV-first,55.111,4960
CVE-2021-39791,KEV-first,55.111,4961
CVE-2021-39624,KEV-first,55.11,4962
CVE-2022-22271,KEV-first,55.11,4963
CVE-2021-39659,KEV-first,55.109,4964
CVE-2021-39747,KEV-first,55.105,4965
CVE-2021-39774,KEV-first,55.105,4966
CVE-2022-20051,KEV-first,55.105,4967
CVE-2022-22291,KEV-first,55.105,4968
CVE-2021-39748,KEV-first,55.104,4969
CVE-2021-39751,KEV-first,55.104,4970
CVE-2021-39753,KEV-first,55.104,4971
CVE-2021-39769,KEV-first,55.104,4972
CVE-2021-39770,KEV-first,55.104,4973
CVE-2021-39779,KEV-first,55.104,4974
CVE-2022-25814,KEV-first,55.1,4975
CVE-2022-25815,KEV-first,55.1,4976
CVE-2021-25067,KEV-first,55.096,4977
CVE-2022-23378,KEV-first,55.096,4978
CVE-2022-0157,KEV-first,55.081,4979
CVE-2020-28919,KEV-first,55.078,4980
CVE-2022-26874,KEV-first,55.051,4981
CVE-2021-42633,KEV-first,55.039,4982
CVE-2021-32036,KEV-first,55.034,4983
CVE-2022-21715,KEV-first,55.002,4984
CVE-2022-24723,KEV-first,54.995,4985
CVE-2022-0182,KEV-first,54.974,4986
CVE-2022-24751,KEV-first,54.955,4987
CVE-2021-33120,KEV-first,54.95,4988
CVE-2022-0719,KEV-first,54.914,4989
CVE-2022-0558,KEV-first,54.903,4990
CVE-2022-0723,KEV-first,54.902,4991
CVE-2022-0962,KEV-first,54.902,4992
CVE-2022-0965,KEV-first,54.902,4993
CVE-2021-3866,KEV-first,54.89,4994
CVE-2021-23495,KEV-first,54.884,4995
CVE-2021-33966,KEV-first,54.88,4996
CVE-2022-24563,KEV-first,54.88,4997
CVE-2021-43841,KEV-first,54.87,4998
CVE-2022-0136,KEV-first,54.862,4999
CVE-2022-0379,KEV-first,54.856,5000
CVE-2022-0960,KEV-first,54.853,5001
CVE-2022-0575,KEV-first,54.847,5002
CVE-2022-0589,KEV-first,54.847,5003
CVE-2022-22852,KEV-first,54.846000000000004,5004
CVE-2022-23108,KEV-first,54.839,5005
CVE-2022-0964,KEV-first,54.838,5006
CVE-2022-21376,KEV-first,54.825,5007
CVE-2022-21377,KEV-first,54.825,5008
CVE-2022-22853,KEV-first,54.824,5009
CVE-2022-27196,KEV-first,54.824,5010
CVE-2022-27197,KEV-first,54.824,5011
CVE-2022-27212,KEV-first,54.824,5012
CVE-2022-27213,KEV-first,54.824,5013
CVE-2022-28133,KEV-first,54.824,5014
CVE-2022-28145,KEV-first,54.824,5015
CVE-2022-28149,KEV-first,54.824,5016
CVE-2022-28159,KEV-first,54.824,5017
CVE-2022-0946,KEV-first,54.819,5018
CVE-2022-0253,KEV-first,54.813,5019
CVE-2021-38695,KEV-first,54.809,5020
CVE-2021-4170,KEV-first,54.809,5021
CVE-2021-46108,KEV-first,54.809,5022
CVE-2022-0945,KEV-first,54.809,5023
CVE-2022-28153,KEV-first,54.807,5024
CVE-2022-0893,KEV-first,54.803,5025
CVE-2022-0911,KEV-first,54.803,5026
CVE-2021-43478,KEV-first,54.799,5027
CVE-2022-0472,KEV-first,54.792,5028
CVE-2021-29398,KEV-first,54.785,5029
CVE-2022-25203,KEV-first,54.783,5030
CVE-2021-24960,KEV-first,54.782,5031
CVE-2021-24961,KEV-first,54.782,5032
CVE-2022-0512,KEV-first,54.782,5033
CVE-2022-0877,KEV-first,54.782,5034
CVE-2021-46355,KEV-first,54.781,5035
CVE-2022-0842,KEV-first,54.773,5036
CVE-2021-44118,KEV-first,54.772,5037
CVE-2021-29872,KEV-first,54.771,5038
CVE-2022-0370,KEV-first,54.766,5039
CVE-2022-0957,KEV-first,54.766,5040
CVE-2022-24710,KEV-first,54.753,5041
CVE-2022-0942,KEV-first,54.752,5042
CVE-2022-24585,KEV-first,54.747,5043
CVE-2022-24586,KEV-first,54.747,5044
CVE-2021-40813,KEV-first,54.745,5045
CVE-2022-22293,KEV-first,54.744,5046
CVE-2022-24587,KEV-first,54.744,5047
CVE-2022-0880,KEV-first,54.743,5048
CVE-2022-0956,KEV-first,54.736,5049
CVE-2021-44565,KEV-first,54.73,5050
CVE-2021-41658,KEV-first,54.728,5051
CVE-2022-0278,KEV-first,54.728,5052
CVE-2022-25196,KEV-first,54.724,5053
CVE-2022-0857,KEV-first,54.722,5054
CVE-2005-10001,KEV-first,54.717,5055
CVE-2021-44566,KEV-first,54.712,5056
CVE-2022-22123,KEV-first,54.708,5057
CVE-2022-22124,KEV-first,54.708,5058
CVE-2022-24588,KEV-first,54.707,5059
CVE-2022-0251,KEV-first,54.705,5060
CVE-2022-24957,KEV-first,54.705,5061
CVE-2021-39038,KEV-first,54.7,5062
CVE-2022-26332,KEV-first,54.693,5063
CVE-2022-21254,KEV-first,54.69,5064
CVE-2022-25015,KEV-first,54.688,5065
CVE-2022-0374,KEV-first,54.687,5066
CVE-2022-0894,KEV-first,54.687,5067
CVE-2022-23615,KEV-first,54.684,5068
CVE-2022-0145,KEV-first,54.681,5069
CVE-2022-0726,KEV-first,54.678,5070
CVE-2022-0727,KEV-first,54.678,5071
CVE-2021-25061,KEV-first,54.675,5072
CVE-2021-45729,KEV-first,54.67,5073
CVE-2022-28134,KEV-first,54.668,5074
CVE-2021-44211,KEV-first,54.665,5075
CVE-2021-4103,KEV-first,54.664,5076
CVE-2022-0260,KEV-first,54.664,5077
CVE-2022-22850,KEV-first,54.659,5078
CVE-2022-25185,KEV-first,54.658,5079
CVE-2022-27202,KEV-first,54.658,5080
CVE-2021-45286,KEV-first,54.656,5081
CVE-2022-0426,KEV-first,54.649,5082
CVE-2021-4172,KEV-first,54.642,5083
CVE-2022-0243,KEV-first,54.642,5084
CVE-2022-0256,KEV-first,54.642,5085
CVE-2022-0938,KEV-first,54.641,5086
CVE-2022-0395,KEV-first,54.64,5087
CVE-2022-0179,KEV-first,54.639,5088
CVE-2021-33852,KEV-first,54.636,5089
CVE-2022-0539,KEV-first,54.635,5090
CVE-2022-0159,KEV-first,54.634,5091
CVE-2022-0387,KEV-first,54.634,5092
CVE-2022-0950,KEV-first,54.634,5093
CVE-2022-22116,KEV-first,54.633,5094
CVE-2022-22117,KEV-first,54.633,5095
CVE-2022-22851,KEV-first,54.632,5096
CVE-2022-24565,KEV-first,54.632,5097
CVE-2022-0506,KEV-first,54.631,5098
CVE-2021-44120,KEV-first,54.628,5099
CVE-2021-45919,KEV-first,54.626,5100
CVE-2022-23871,KEV-first,54.624,5101
CVE-2022-24590,KEV-first,54.624,5102
CVE-2022-0348,KEV-first,54.619,5103
CVE-2022-0510,KEV-first,54.619,5104
CVE-2022-0720,KEV-first,54.619,5105
CVE-2022-0822,KEV-first,54.619,5106
CVE-2022-0941,KEV-first,54.619,5107
CVE-2021-44649,KEV-first,54.617,5108
CVE-2021-46253,KEV-first,54.617,5109
CVE-2021-44091,KEV-first,54.616,5110
CVE-2022-22112,KEV-first,54.616,5111
CVE-2022-0372,KEV-first,54.613,5112
CVE-2021-24694,KEV-first,54.611,5113
CVE-2021-25046,KEV-first,54.611,5114
CVE-2021-33848,KEV-first,54.611,5115
CVE-2021-24965,KEV-first,54.607,5116
CVE-2021-24974,KEV-first,54.607,5117
CVE-2022-0502,KEV-first,54.607,5118
CVE-2022-0612,KEV-first,54.607,5119
CVE-2022-23350,KEV-first,54.607,5120
CVE-2021-24680,KEV-first,54.604,5121
CVE-2021-24821,KEV-first,54.604,5122
CVE-2021-24826,KEV-first,54.604,5123
CVE-2021-24828,KEV-first,54.604,5124
CVE-2021-24880,KEV-first,54.604,5125
CVE-2021-24897,KEV-first,54.604,5126
CVE-2022-0186,KEV-first,54.604,5127
CVE-2022-0205,KEV-first,54.604,5128
CVE-2022-0450,KEV-first,54.604,5129
CVE-2022-25138,KEV-first,54.602,5130
CVE-2021-24933,KEV-first,54.6,5131
CVE-2021-24958,KEV-first,54.6,5132
CVE-2021-24971,KEV-first,54.6,5133
CVE-2021-25057,KEV-first,54.6,5134
CVE-2021-25058,KEV-first,54.6,5135
CVE-2021-25060,KEV-first,54.6,5136
CVE-2021-25106,KEV-first,54.6,5137
CVE-2021-3857,KEV-first,54.6,5138
CVE-2022-0200,KEV-first,54.6,5139
CVE-2022-0397,KEV-first,54.6,5140
CVE-2022-0423,KEV-first,54.6,5141
CVE-2022-25189,KEV-first,54.598,5142
CVE-2022-25191,KEV-first,54.598,5143
CVE-2021-43334,KEV-first,54.593,5144
CVE-2021-43436,KEV-first,54.593,5145
CVE-2021-32475,KEV-first,54.592,5146
CVE-2022-25204,KEV-first,54.591,5147
CVE-2021-45889,KEV-first,54.59,5148
CVE-2021-38265,KEV-first,54.585,5149
CVE-2021-38267,KEV-first,54.585,5150
CVE-2021-38269,KEV-first,54.585,5151
CVE-2021-34073,KEV-first,54.583,5152
CVE-2022-26295,KEV-first,54.583,5153
CVE-2022-23115,KEV-first,54.579,5154
CVE-2021-33853,KEV-first,54.576,5155
CVE-2022-0274,KEV-first,54.573,5156
CVE-2022-23261,KEV-first,54.573,5157
CVE-2022-24566,KEV-first,54.572,5158
CVE-2021-46146,KEV-first,54.571,5159
CVE-2021-44911,KEV-first,54.569,5160
CVE-2021-46372,KEV-first,54.569,5161
CVE-2022-25600,KEV-first,54.568,5162
CVE-2022-26197,KEV-first,54.567,5163
CVE-2021-46557,KEV-first,54.562,5164
CVE-2021-46558,KEV-first,54.562,5165
CVE-2022-22511,KEV-first,54.562,5166
CVE-2022-23903,KEV-first,54.562,5167
CVE-2022-24344,KEV-first,54.562,5168
CVE-2022-24347,KEV-first,54.562,5169
CVE-2022-25582,KEV-first,54.562,5170
CVE-2022-24612,KEV-first,54.558,5171
CVE-2021-43070,KEV-first,54.556,5172
CVE-2022-26950,KEV-first,54.552,5173
CVE-2021-43505,KEV-first,54.551,5174
CVE-2021-43659,KEV-first,54.551,5175
CVE-2021-45866,KEV-first,54.551,5176
CVE-2021-46447,KEV-first,54.55,5177
CVE-2022-0350,KEV-first,54.547,5178
CVE-2022-0394,KEV-first,54.547,5179
CVE-2022-0937,KEV-first,54.547,5180
CVE-2022-0940,KEV-first,54.547,5181
CVE-2022-24582,KEV-first,54.547,5182
CVE-2022-0705,KEV-first,54.545,5183
CVE-2022-24620,KEV-first,54.545,5184
CVE-2022-21302,KEV-first,54.544,5185
CVE-2022-0966,KEV-first,54.541,5186
CVE-2022-0639,KEV-first,54.535,5187
CVE-2022-21158,KEV-first,54.535,5188
CVE-2022-25609,KEV-first,54.535,5189
CVE-2021-3816,KEV-first,54.533,5190
CVE-2022-21364,KEV-first,54.533,5191
CVE-2021-23225,KEV-first,54.532,5192
CVE-2022-22109,KEV-first,54.531,5193
CVE-2022-23008,KEV-first,54.53,5194
CVE-2022-23707,KEV-first,54.527,5195
CVE-2021-24950,KEV-first,54.524,5196
CVE-2021-25018,KEV-first,54.524,5197
CVE-2021-25042,KEV-first,54.524,5198
CVE-2022-21242,KEV-first,54.524,5199
CVE-2022-21246,KEV-first,54.524,5200
CVE-2022-21396,KEV-first,54.524,5201
CVE-2022-21397,KEV-first,54.524,5202
CVE-2022-21398,KEV-first,54.524,5203
CVE-2022-21400,KEV-first,54.524,5204
CVE-2022-23051,KEV-first,54.524,5205
CVE-2020-36056,KEV-first,54.52,5206
CVE-2022-0331,KEV-first,54.506,5207
CVE-2021-46087,KEV-first,54.503,5208
CVE-2021-46025,KEV-first,54.495,5209
CVE-2021-46030,KEV-first,54.495,5210
CVE-2021-39491,KEV-first,54.493,5211
CVE-2022-25410,KEV-first,54.493,5212
CVE-2022-25413,KEV-first,54.493,5213
CVE-2022-26102,KEV-first,54.492,5214
CVE-2022-25507,KEV-first,54.491,5215
CVE-2022-26244,KEV-first,54.491,5216
CVE-2022-22546,KEV-first,54.489,5217
CVE-2022-25408,KEV-first,54.489,5218
CVE-2021-44607,KEV-first,54.487,5219
CVE-2021-44608,KEV-first,54.487,5220
CVE-2021-44912,KEV-first,54.487,5221
CVE-2021-44970,KEV-first,54.487,5222
CVE-2022-25407,KEV-first,54.487,5223
CVE-2022-25409,KEV-first,54.487,5224
CVE-2021-40840,KEV-first,54.483,5225
CVE-2021-39055,KEV-first,54.48,5226
CVE-2021-39079,KEV-first,54.48,5227
CVE-2022-0341,KEV-first,54.471,5228
CVE-2021-38986,KEV-first,54.466,5229
CVE-2022-22944,KEV-first,54.461,5230
CVE-2021-45787,KEV-first,54.459,5231
CVE-2022-26146,KEV-first,54.455,5232
CVE-2022-22804,KEV-first,54.451,5233
CVE-2022-23136,KEV-first,54.451,5234
CVE-2022-24339,KEV-first,54.45,5235
CVE-2021-38895,KEV-first,54.445,5236
CVE-2021-4046,KEV-first,54.441,5237
CVE-2021-46026,KEV-first,54.441,5238
CVE-2021-46083,KEV-first,54.441,5239
CVE-2021-46084,KEV-first,54.441,5240
CVE-2021-44299,KEV-first,54.438,5241
CVE-2022-26555,KEV-first,54.436,5242
CVE-2021-43974,KEV-first,54.416,5243
CVE-2022-27090,KEV-first,54.412,5244
CVE-2022-25599,KEV-first,54.405,5245
CVE-2021-23227,KEV-first,54.4,5246
CVE-2021-44777,KEV-first,54.393,5247
CVE-2021-29134,KEV-first,54.388,5248
CVE-2021-21966,KEV-first,54.384,5249
CVE-2022-0564,KEV-first,54.378,5250
CVE-2022-22120,KEV-first,54.367,5251
CVE-2022-26847,KEV-first,54.363,5252
CVE-2021-46671,KEV-first,54.356,5253
CVE-2021-24446,KEV-first,54.329,5254
CVE-2021-24775,KEV-first,54.327,5255
CVE-2022-25319,KEV-first,54.327,5256
CVE-2022-21818,KEV-first,54.321,5257
CVE-2022-25608,KEV-first,54.305,5258
CVE-2022-0813,KEV-first,54.296,5259
CVE-2022-0430,KEV-first,54.292,5260
CVE-2020-14504,KEV-first,54.266,5261
CVE-2022-24714,KEV-first,54.227,5262
CVE-2022-26315,KEV-first,54.215,5263
CVE-2022-0203,KEV-first,54.213,5264
CVE-2021-25009,KEV-first,54.198,5265
CVE-2022-26276,KEV-first,54.192,5266
CVE-2021-24966,KEV-first,54.188,5267
CVE-2020-25180,KEV-first,54.163,5268
CVE-2022-25355,KEV-first,54.156,5269
CVE-2021-42857,KEV-first,54.15,5270
CVE-2022-21700,KEV-first,54.15,5271
CVE-2022-25215,KEV-first,54.149,5272
CVE-2022-25358,KEV-first,54.149,5273
CVE-2021-35687,KEV-first,54.147,5274
CVE-2022-21387,KEV-first,54.147,5275
CVE-2022-22680,KEV-first,54.143,5276
CVE-2022-20750,KEV-first,54.142,5277
CVE-2021-41239,KEV-first,54.133,5278
CVE-2022-23619,KEV-first,54.128,5279
CVE-2022-23106,KEV-first,54.121,5280
CVE-2021-38910,KEV-first,54.119,5281
CVE-2021-44692,KEV-first,54.117,5282
CVE-2022-22700,KEV-first,54.115,5283
CVE-2022-23889,KEV-first,54.082,5284
CVE-2021-42749,KEV-first,54.07,5285
CVE-2021-44746,KEV-first,54.066,5286
CVE-2021-27420,KEV-first,54.061,5287
CVE-2022-0689,KEV-first,54.049,5288
CVE-2003-5001,KEV-first,54.046,5289
CVE-2021-36199,KEV-first,54.045,5290
CVE-2022-27254,KEV-first,54.039,5291
CVE-2022-0569,KEV-first,54.037,5292
CVE-2022-23937,KEV-first,54.034,5293
CVE-2021-32473,KEV-first,54.033,5294
CVE-2022-24032,KEV-first,54.029,5295
CVE-2021-42748,KEV-first,53.995,5296
CVE-2021-44792,KEV-first,53.993,5297
CVE-2021-44794,KEV-first,53.993,5298
CVE-2022-22296,KEV-first,53.989,5299
CVE-2022-0622,KEV-first,53.988,5300
CVE-2022-0079,KEV-first,53.969,5301
CVE-2022-22177,KEV-first,53.958,5302
CVE-2022-23856,KEV-first,53.955,5303
CVE-2022-21659,KEV-first,53.953,5304
CVE-2022-26949,KEV-first,53.953,5305
CVE-2021-35251,KEV-first,53.949,5306
CVE-2022-25320,KEV-first,53.933,5307
CVE-2022-23774,KEV-first,53.926,5308
CVE-2022-23794,KEV-first,53.924,5309
CVE-2021-44795,KEV-first,53.918,5310
CVE-2022-24773,KEV-first,53.918,5311
CVE-2021-22100,KEV-first,53.915,5312
CVE-2022-23027,KEV-first,53.915,5313
CVE-2021-38956,KEV-first,53.913,5314
CVE-2022-25248,KEV-first,53.906,5315
CVE-2021-23218,KEV-first,53.903999999999996,5316
CVE-2022-0083,KEV-first,53.899,5317
CVE-2021-45310,KEV-first,53.898,5318
CVE-2022-23600,KEV-first,53.896,5319
CVE-2022-0508,KEV-first,53.893,5320
CVE-2020-26208,KEV-first,53.89,5321
CVE-2021-28096,KEV-first,53.889,5322
CVE-2022-23028,KEV-first,53.889,5323
CVE-2022-23030,KEV-first,53.889,5324
CVE-2021-44886,KEV-first,53.881,5325
CVE-2021-27424,KEV-first,53.878,5326
CVE-2021-46434,KEV-first,53.868,5327
CVE-2010-10001,KEV-first,53.862,5328
CVE-2022-24323,KEV-first,53.86,5329
CVE-2020-25193,KEV-first,53.859,5330
CVE-2019-25056,KEV-first,53.858,5331
CVE-2022-24953,KEV-first,53.85,5332
CVE-2021-23195,KEV-first,53.845,5333
CVE-2022-26254,KEV-first,53.839,5334
CVE-2022-24111,KEV-first,53.837,5335
CVE-2022-0903,KEV-first,53.828,5336
CVE-2022-24594,KEV-first,53.817,5337
CVE-2022-24633,KEV-first,53.815,5338
CVE-2021-33843,KEV-first,53.802,5339
CVE-2022-22289,KEV-first,53.778,5340
CVE-2022-22809,KEV-first,53.778,5341
CVE-2020-14112,KEV-first,53.777,5342
CVE-2022-23595,KEV-first,53.774,5343
CVE-2020-15933,KEV-first,53.768,5344
CVE-2021-22815,KEV-first,53.768,5345
CVE-2022-26103,KEV-first,53.767,5346
CVE-2022-0172,KEV-first,53.765,5347
CVE-2021-40001,KEV-first,53.761,5348
CVE-2022-24979,KEV-first,53.758,5349
CVE-2022-23029,KEV-first,53.729,5350
CVE-2022-0448,KEV-first,53.725,5351
CVE-2022-24336,KEV-first,53.723,5352
CVE-2022-25336,KEV-first,53.707,5353
CVE-2022-26104,KEV-first,53.705,5354
CVE-2021-24046,KEV-first,53.698,5355
CVE-2021-38677,KEV-first,53.697,5356
CVE-2022-24334,KEV-first,53.692,5357
CVE-2021-34361,KEV-first,53.689,5358
CVE-2022-23701,KEV-first,53.685,5359
CVE-2021-45852,KEV-first,53.684,5360
CVE-2022-24332,KEV-first,53.656,5361
CVE-2021-40009,KEV-first,53.651,5362
CVE-2021-40003,KEV-first,53.648,5363
CVE-2022-24322,KEV-first,53.644,5364
CVE-2021-27418,KEV-first,53.609,5365
CVE-2021-39025,KEV-first,53.584,5366
CVE-2022-26157,KEV-first,53.561,5367
CVE-2021-37114,KEV-first,53.546,5368
CVE-2021-37118,KEV-first,53.541,5369
CVE-2021-39980,KEV-first,53.541,5370
CVE-2021-39021,KEV-first,53.537,5371
CVE-2021-42000,KEV-first,53.535,5372
CVE-2021-24978,KEV-first,53.527,5373
CVE-2021-37132,KEV-first,53.512,5374
CVE-2021-37112,KEV-first,53.483,5375
CVE-2021-39981,KEV-first,53.469,5376
CVE-2022-25146,KEV-first,53.452,5377
CVE-2022-26778,KEV-first,53.44,5378
CVE-2022-23032,KEV-first,53.404,5379
CVE-2021-1037,KEV-first,53.316,5380
CVE-2022-21946,KEV-first,53.26,5381
CVE-2015-10002,KEV-first,53.204,5382
CVE-2022-25819,KEV-first,53.108,5383
CVE-2022-23429,KEV-first,53.1,5384
CVE-2021-24901,KEV-first,53.063,5385
CVE-2021-24904,KEV-first,53.063,5386
CVE-2022-0210,KEV-first,52.362,5387
CVE-2022-21799,KEV-first,52.353,5388
CVE-2022-23636,KEV-first,51.772,5389
CVE-2022-26484,KEV-first,51.667,5390
CVE-2022-23254,KEV-first,51.567,5391
CVE-2022-1163,KEV-first,51.506,5392
CVE-2021-22566,KEV-first,51.294,5393
CVE-2021-46705,KEV-first,51.24,5394
CVE-2022-21945,KEV-first,51.238,5395
CVE-2022-21256,KEV-first,51.031,5396
CVE-2022-23627,KEV-first,50.992,5397
CVE-2022-21253,KEV-first,50.976,5398
CVE-2022-23047,KEV-first,50.936,5399
CVE-2022-21264,KEV-first,50.856,5400
CVE-2022-21270,KEV-first,50.856,5401
CVE-2022-24742,KEV-first,50.822,5402
CVE-2022-21339,KEV-first,50.806,5403
CVE-2022-21701,KEV-first,50.767,5404
CVE-2021-46073,KEV-first,50.759,5405
CVE-2022-1172,KEV-first,50.752,5406
CVE-2022-21303,KEV-first,50.75,5407
CVE-2022-21304,KEV-first,50.75,5408
CVE-2021-46068,KEV-first,50.736,5409
CVE-2021-46069,KEV-first,50.736,5410
CVE-2021-46071,KEV-first,50.736,5411
CVE-2021-46072,KEV-first,50.736,5412
CVE-2021-32006,KEV-first,50.64,5413
CVE-2022-24740,KEV-first,50.589,5414
CVE-2022-21894,KEV-first,50.567,5415
CVE-2003-5003,KEV-first,50.495,5416
CVE-2021-32009,KEV-first,50.495,5417
CVE-2022-21342,KEV-first,50.398,5418
CVE-2022-21344,KEV-first,50.398,5419
CVE-2022-0493,KEV-first,50.381,5420
CVE-2022-21370,KEV-first,50.379,5421
CVE-2022-21348,KEV-first,50.36,5422
CVE-2022-21362,KEV-first,50.36,5423
CVE-2022-21374,KEV-first,50.341,5424
CVE-2021-24689,KEV-first,50.32,5425
CVE-2022-21297,KEV-first,50.318,5426
CVE-2021-44321,KEV-first,50.315,5427
CVE-2021-41551,KEV-first,50.274,5428
CVE-2022-21379,KEV-first,50.274,5429
CVE-2022-0013,KEV-first,50.22,5430
CVE-2022-25328,KEV-first,50.202,5431
CVE-2021-25004,KEV-first,50.156,5432
CVE-2022-21720,KEV-first,50.134,5433
CVE-2021-44983,KEV-first,50.127,5434
CVE-2021-43099,KEV-first,50.109,5435
CVE-2021-25020,KEV-first,50.021,5436
CVE-2021-25021,KEV-first,50.021,5437
CVE-2022-23316,KEV-first,50.017,5438
CVE-2021-39046,KEV-first,49.926,5439
CVE-2022-0688,KEV-first,49.925,5440
CVE-2021-38971,KEV-first,49.917,5441
CVE-2021-44717,KEV-first,49.857,5442
CVE-2022-23031,KEV-first,49.834,5443
CVE-2022-22545,KEV-first,49.819,5444
CVE-2020-36519,KEV-first,49.815,5445
CVE-2022-22939,KEV-first,49.778,5446
CVE-2022-23232,KEV-first,49.765,5447
CVE-2021-43774,KEV-first,49.685,5448
CVE-2022-0535,KEV-first,49.262,5449
CVE-2021-46078,KEV-first,49.261,5450
CVE-2021-24991,KEV-first,49.188,5451
CVE-2021-46074,KEV-first,49.142,5452
CVE-2021-44114,KEV-first,48.996,5453
CVE-2022-0930,KEV-first,48.909,5454
CVE-2021-46070,KEV-first,48.876,5455
CVE-2022-22868,KEV-first,48.857,5456
CVE-2022-0232,KEV-first,48.856,5457
CVE-2021-20877,KEV-first,48.842,5458
CVE-2022-22125,KEV-first,48.828,5459
CVE-2022-23110,KEV-first,48.819,5460
CVE-2021-4222,KEV-first,48.81,5461
CVE-2022-27207,KEV-first,48.788,5462
CVE-2022-0926,KEV-first,48.785,5463
CVE-2022-0375,KEV-first,48.7,5464
CVE-2022-22780,KEV-first,48.697,5465
CVE-2021-24900,KEV-first,48.686,5466
CVE-2022-0684,KEV-first,48.681,5467
CVE-2021-3862,KEV-first,48.668,5468
CVE-2021-24686,KEV-first,48.654,5469
CVE-2021-24963,KEV-first,48.654,5470
CVE-2021-25049,KEV-first,48.654,5471
CVE-2021-25050,KEV-first,48.654,5472
CVE-2022-26494,KEV-first,48.653,5473
CVE-2021-24920,KEV-first,48.647,5474
CVE-2021-46150,KEV-first,48.647,5475
CVE-2022-0360,KEV-first,48.647,5476
CVE-2022-23655,KEV-first,48.644,5477
CVE-2022-27200,KEV-first,48.632,5478
CVE-2022-23059,KEV-first,48.624,5479
CVE-2022-0674,KEV-first,48.622,5480
CVE-2022-0700,KEV-first,48.622,5481
CVE-2022-0702,KEV-first,48.622,5482
CVE-2022-0703,KEV-first,48.622,5483
CVE-2022-0763,KEV-first,48.622,5484
CVE-2022-0772,KEV-first,48.622,5485
CVE-2022-0906,KEV-first,48.622,5486
CVE-2022-23045,KEV-first,48.621,5487
CVE-2022-23872,KEV-first,48.617,5488
CVE-2021-24423,KEV-first,48.614,5489
CVE-2021-25005,KEV-first,48.605,5490
CVE-2021-42867,KEV-first,48.604,5491
CVE-2021-24707,KEV-first,48.598,5492
CVE-2021-24810,KEV-first,48.598,5493
CVE-2021-24895,KEV-first,48.598,5494
CVE-2021-24898,KEV-first,48.598,5495
CVE-2021-24903,KEV-first,48.598,5496
CVE-2021-24944,KEV-first,48.598,5497
CVE-2021-24995,KEV-first,48.598,5498
CVE-2021-25029,KEV-first,48.598,5499
CVE-2021-25101,KEV-first,48.598,5500
CVE-2021-25105,KEV-first,48.598,5501
CVE-2022-0211,KEV-first,48.598,5502
CVE-2022-0388,KEV-first,48.598,5503
CVE-2022-0389,KEV-first,48.598,5504
CVE-2022-0590,KEV-first,48.598,5505
CVE-2022-0659,KEV-first,48.598,5506
CVE-2022-0701,KEV-first,48.598,5507
CVE-2022-23987,KEV-first,48.598,5508
CVE-2021-43960,KEV-first,48.592,5509
CVE-2022-23321,KEV-first,48.59,5510
CVE-2021-45888,KEV-first,48.585,5511
CVE-2022-0955,KEV-first,48.582,5512
CVE-2021-46080,KEV-first,48.58,5513
CVE-2021-43945,KEV-first,48.575,5514
CVE-2021-36920,KEV-first,48.573,5515
CVE-2022-25202,KEV-first,48.572,5516
CVE-2021-44310,KEV-first,48.57,5517
CVE-2022-25606,KEV-first,48.566,5518
CVE-2022-23979,KEV-first,48.565,5519
CVE-2022-25605,KEV-first,48.563,5520
CVE-2022-25603,KEV-first,48.562,5521
CVE-2021-42866,KEV-first,48.558,5522
CVE-2021-42946,KEV-first,48.558,5523
CVE-2022-25220,KEV-first,48.557,5524
CVE-2021-23150,KEV-first,48.556,5525
CVE-2021-23209,KEV-first,48.556,5526
CVE-2021-42869,KEV-first,48.552,5527
CVE-2021-44760,KEV-first,48.544,5528
CVE-2022-0912,KEV-first,48.536,5529
CVE-2022-24745,KEV-first,48.532,5530
CVE-2022-21402,KEV-first,48.529,5531
CVE-2021-41952,KEV-first,48.514,5532
CVE-2021-42868,KEV-first,48.514,5533
CVE-2022-21281,KEV-first,48.498,5534
CVE-2021-43724,KEV-first,48.494,5535
CVE-2021-44969,KEV-first,48.494,5536
CVE-2021-45792,KEV-first,48.494,5537
CVE-2022-27244,KEV-first,48.481,5538
CVE-2022-26483,KEV-first,48.447,5539
CVE-2022-25464,KEV-first,48.442,5540
CVE-2022-25574,KEV-first,48.432,5541
CVE-2021-43943,KEV-first,48.428,5542
CVE-2022-21263,KEV-first,48.416,5543
CVE-2022-21368,KEV-first,48.148,5544
CVE-2021-26092,KEV-first,48.077,5545
CVE-2021-41180,KEV-first,48.042,5546
CVE-2022-25601,KEV-first,48.018,5547
CVE-2022-21710,KEV-first,48.0,5548
CVE-2021-43925,KEV-first,47.875,5549
CVE-2021-43926,KEV-first,47.875,5550
CVE-2021-43927,KEV-first,47.875,5551
CVE-2021-26256,KEV-first,47.833,5552
CVE-2022-23980,KEV-first,47.803,5553
CVE-2022-23618,KEV-first,47.8,5554
CVE-2022-0283,KEV-first,47.769,5555
CVE-2021-25103,KEV-first,47.752,5556
CVE-2021-37866,KEV-first,47.723,5557
CVE-2021-44715,KEV-first,47.701,5558
CVE-2021-42856,KEV-first,47.604,5559
CVE-2022-0328,KEV-first,47.471,5560
CVE-2022-21975,KEV-first,47.468,5561
CVE-2021-3753,KEV-first,47.364,5562
CVE-2022-0743,KEV-first,47.364,5563
CVE-2022-25368,KEV-first,47.299,5564
CVE-2022-24349,KEV-first,47.222,5565
CVE-2022-23651,KEV-first,47.217,5566
CVE-2021-20321,KEV-first,47.216,5567
CVE-2022-23653,KEV-first,47.21,5568
CVE-2021-34406,KEV-first,47.186,5569
CVE-2022-0019,KEV-first,47.168,5570
CVE-2022-22567,KEV-first,47.138,5571
CVE-2021-40015,KEV-first,47.128,5572
CVE-2022-25258,KEV-first,46.927,5573
CVE-2022-21905,KEV-first,46.731,5574
CVE-2022-21900,KEV-first,46.664,5575
CVE-2021-40837,KEV-first,46.657,5576
CVE-2021-44747,KEV-first,46.634,5577
CVE-2022-22010,KEV-first,46.627,5578
CVE-2021-22567,KEV-first,46.599,5579
CVE-2022-23656,KEV-first,46.584,5580
CVE-2022-21338,KEV-first,46.524,5581
CVE-2022-26269,KEV-first,46.388,5582
CVE-2022-23035,KEV-first,46.352,5583
CVE-2022-20660,KEV-first,46.351,5584
CVE-2022-22622,KEV-first,46.303,5585
CVE-2022-22621,KEV-first,46.302,5586
CVE-2021-20870,KEV-first,46.298,5587
CVE-2022-22647,KEV-first,46.298,5588
CVE-2022-22671,KEV-first,46.283,5589
CVE-2022-20625,KEV-first,46.26,5590
CVE-2021-33107,KEV-first,46.251,5591
CVE-2019-4351,KEV-first,46.244,5592
CVE-2022-0377,KEV-first,46.205,5593
CVE-2021-40006,KEV-first,46.144,5594
CVE-2022-0183,KEV-first,46.107,5595
CVE-2021-20868,KEV-first,45.436,5596
CVE-2022-25576,KEV-first,45.401,5597
CVE-2022-0585,KEV-first,45.391,5598
CVE-2022-21968,KEV-first,45.134,5599
CVE-2021-44702,KEV-first,45.072,5600
CVE-2021-44739,KEV-first,45.072,5601
CVE-2022-23606,KEV-first,45.016,5602
CVE-2022-21673,KEV-first,44.996,5603
CVE-2022-21921,KEV-first,44.9,5604
CVE-2022-20612,KEV-first,44.778999999999996,5605
CVE-2022-22931,KEV-first,44.761,5606
CVE-2021-45346,KEV-first,44.614,5607
CVE-2022-23258,KEV-first,44.576,5608
CVE-2021-4002,KEV-first,44.515,5609
CVE-2022-23113,KEV-first,44.504,5610
CVE-2021-44111,KEV-first,44.475,5611
CVE-2017-20016,KEV-first,44.462,5612
CVE-2021-39942,KEV-first,44.449,5613
CVE-2022-24930,KEV-first,44.429,5614
CVE-2022-0494,KEV-first,44.416,5615
CVE-2022-21245,KEV-first,44.399,5616
CVE-2021-4032,KEV-first,44.393,5617
CVE-2022-0282,KEV-first,44.376,5618
CVE-2022-23605,KEV-first,44.307,5619
CVE-2022-22285,KEV-first,44.276,5620
CVE-2022-22286,KEV-first,44.276,5621
CVE-2021-0176,KEV-first,44.266,5622
CVE-2021-3660,KEV-first,44.261,5623
CVE-2022-24925,KEV-first,44.251,5624
CVE-2021-0092,KEV-first,44.248,5625
CVE-2022-23434,KEV-first,44.237,5626
CVE-2021-0093,KEV-first,44.235,5627
CVE-2021-39892,KEV-first,44.228,5628
CVE-2022-20630,KEV-first,44.226,5629
CVE-2021-43588,KEV-first,44.221000000000004,5630
CVE-2022-25188,KEV-first,44.219,5631
CVE-2021-38955,KEV-first,44.215,5632
CVE-2022-23982,KEV-first,44.209,5633
CVE-2022-22270,KEV-first,44.202,5634
CVE-2022-21713,KEV-first,44.176,5635
CVE-2022-21677,KEV-first,44.174,5636
CVE-2022-26355,KEV-first,44.173,5637
CVE-2022-0116,KEV-first,44.168,5638
CVE-2021-0147,KEV-first,44.166,5639
CVE-2021-39711,KEV-first,44.153,5640
CVE-2021-39715,KEV-first,44.138,5641
CVE-2022-0118,KEV-first,44.137,5642
CVE-2022-20029,KEV-first,44.123,5643
CVE-2022-20033,KEV-first,44.123,5644
CVE-2022-20035,KEV-first,44.123,5645
CVE-2021-20148,KEV-first,44.116,5646
CVE-2022-20015,KEV-first,44.116,5647
CVE-2022-20018,KEV-first,44.116,5648
CVE-2021-39680,KEV-first,44.115,5649
CVE-2022-0112,KEV-first,44.114,5650
CVE-2021-39717,KEV-first,44.113,5651
CVE-2021-39722,KEV-first,44.113,5652
CVE-2021-39724,KEV-first,44.113,5653
CVE-2021-39730,KEV-first,44.113,5654
CVE-2022-20614,KEV-first,44.11,5655
CVE-2022-23426,KEV-first,44.105,5656
CVE-2021-44141,KEV-first,44.088,5657
CVE-2022-0110,KEV-first,44.082,5658
CVE-2020-27958,KEV-first,44.052,5659
CVE-2022-0897,KEV-first,44.049,5660
CVE-2022-0384,KEV-first,44.005,5661
CVE-2022-22349,KEV-first,44.0,5662
CVE-2022-23585,KEV-first,43.992,5663
CVE-2022-0124,KEV-first,43.974,5664
CVE-2022-24782,KEV-first,43.965,5665
CVE-2022-20613,KEV-first,43.957,5666
CVE-2022-25266,KEV-first,43.953,5667
CVE-2022-0125,KEV-first,43.949,5668
CVE-2021-41166,KEV-first,43.948,5669
CVE-2022-20680,KEV-first,43.941,5670
CVE-2022-24446,KEV-first,43.939,5671
CVE-2021-39876,KEV-first,43.935,5672
CVE-2022-0904,KEV-first,43.924,5673
CVE-2022-23708,KEV-first,43.924,5674
CVE-2021-44838,KEV-first,43.92,5675
CVE-2022-0414,KEV-first,43.914,5676
CVE-2022-22300,KEV-first,43.911,5677
CVE-2022-22654,KEV-first,43.9,5678
CVE-2021-25110,KEV-first,43.897,5679
CVE-2021-37865,KEV-first,43.897,5680
CVE-2021-24868,KEV-first,43.891,5681
CVE-2022-0746,KEV-first,43.882,5682
CVE-2022-21244,KEV-first,43.879,5683
CVE-2022-1177,KEV-first,43.878,5684
CVE-2021-43955,KEV-first,43.875,5685
CVE-2021-39943,KEV-first,43.869,5686
CVE-2021-22060,KEV-first,43.855,5687
CVE-2022-20616,KEV-first,43.852,5688
CVE-2022-20618,KEV-first,43.852,5689
CVE-2022-0174,KEV-first,43.851,5690
CVE-2021-41241,KEV-first,43.85,5691
CVE-2022-21695,KEV-first,43.849,5692
CVE-2022-25839,KEV-first,43.849,5693
CVE-2021-43948,KEV-first,43.845,5694
CVE-2021-43950,KEV-first,43.845,5695
CVE-2022-21684,KEV-first,43.831,5696
CVE-2022-0371,KEV-first,43.822,5697
CVE-2022-21733,KEV-first,43.821,5698
CVE-2022-21243,KEV-first,43.813,5699
CVE-2022-0858,KEV-first,43.812,5700
CVE-2022-25041,KEV-first,43.812,5701
CVE-2021-43949,KEV-first,43.809,5702
CVE-2021-43951,KEV-first,43.809,5703
CVE-2021-44837,KEV-first,43.808,5704
CVE-2022-0708,KEV-first,43.804,5705
CVE-2022-21383,KEV-first,43.804,5706
CVE-2022-21393,KEV-first,43.804,5707
CVE-2021-4146,KEV-first,43.8,5708
CVE-2021-24824,KEV-first,43.794,5709
CVE-2021-4180,KEV-first,43.791,5710
CVE-2022-21678,KEV-first,43.788,5711
CVE-2021-24733,KEV-first,43.783,5712
CVE-2022-0238,KEV-first,43.783,5713
CVE-2022-25223,KEV-first,43.783,5714
CVE-2021-32472,KEV-first,43.773,5715
CVE-2022-21692,KEV-first,43.771,5716
CVE-2021-43954,KEV-first,43.766,5717
CVE-2022-21732,KEV-first,43.765,5718
CVE-2022-27205,KEV-first,43.764,5719
CVE-2022-0338,KEV-first,43.758,5720
CVE-2022-24694,KEV-first,43.756,5721
CVE-2022-23599,KEV-first,43.75,5722
CVE-2022-20620,KEV-first,43.748,5723
CVE-2022-27218,KEV-first,43.748,5724
CVE-2022-28147,KEV-first,43.748,5725
CVE-2022-27199,KEV-first,43.743,5726
CVE-2022-27215,KEV-first,43.743,5727
CVE-2022-28137,KEV-first,43.743,5728
CVE-2022-28139,KEV-first,43.743,5729
CVE-2022-28151,KEV-first,43.743,5730
CVE-2022-23026,KEV-first,43.739,5731
CVE-2022-23807,KEV-first,43.738,5732
CVE-2021-32477,KEV-first,43.737,5733
CVE-2022-0334,KEV-first,43.732,5734
CVE-2021-43961,KEV-first,43.727,5735
CVE-2022-21642,KEV-first,43.727,5736
CVE-2022-23578,KEV-first,43.716,5737
CVE-2022-22702,KEV-first,43.713,5738
CVE-2022-21696,KEV-first,43.708,5739
CVE-2020-4989,KEV-first,43.704,5740
CVE-2021-29701,KEV-first,43.704,5741
CVE-2022-1081,KEV-first,43.702,5742
CVE-2021-35686,KEV-first,43.688,5743
CVE-2022-0170,KEV-first,43.684,5744
CVE-2022-27907,KEV-first,43.683,5745
CVE-2022-22107,KEV-first,43.68,5746
CVE-2022-22108,KEV-first,43.68,5747
CVE-2022-25190,KEV-first,43.68,5748
CVE-2022-21691,KEV-first,43.673,5749
CVE-2021-37867,KEV-first,43.672,5750
CVE-2022-0755,KEV-first,43.661,5751
CVE-2022-0442,KEV-first,43.654,5752
CVE-2021-22819,KEV-first,43.651,5753
CVE-2022-24071,KEV-first,43.651,5754
CVE-2021-25084,KEV-first,43.65,5755
CVE-2021-45074,KEV-first,43.633,5756
CVE-2021-42067,KEV-first,43.631,5757
CVE-2022-23981,KEV-first,43.631,5758
CVE-2022-24343,KEV-first,43.631,5759
CVE-2022-1004,KEV-first,43.625,5760
CVE-2021-43105,KEV-first,43.624,5761
CVE-2022-0596,KEV-first,43.62,5762
CVE-2022-23433,KEV-first,43.617,5763
CVE-2022-28138,KEV-first,43.607,5764
CVE-2022-28152,KEV-first,43.607,5765
CVE-2022-25318,KEV-first,43.594,5766
CVE-2021-44836,KEV-first,43.581,5767
CVE-2021-44751,KEV-first,43.575,5768
CVE-2022-1076,KEV-first,43.562,5769
CVE-2022-1079,KEV-first,43.562,5770
CVE-2021-36349,KEV-first,43.554,5771
CVE-2022-23709,KEV-first,43.552,5772
CVE-2022-25195,KEV-first,43.55,5773
CVE-2022-25180,KEV-first,43.528,5774
CVE-2022-0833,KEV-first,43.494,5775
CVE-2022-27214,KEV-first,43.492,5776
CVE-2021-43953,KEV-first,43.476,5777
CVE-2022-21179,KEV-first,43.472,5778
CVE-2021-24913,KEV-first,43.471,5779
CVE-2022-0199,KEV-first,43.471,5780
CVE-2022-0313,KEV-first,43.471,5781
CVE-2021-24825,KEV-first,43.442,5782
CVE-2022-1074,KEV-first,43.441,5783
CVE-2022-0245,KEV-first,43.439,5784
CVE-2022-0616,KEV-first,43.435,5785
CVE-2022-0226,KEV-first,43.434,5786
CVE-2021-24688,KEV-first,43.433,5787
CVE-2022-0345,KEV-first,43.429,5788
CVE-2022-0515,KEV-first,43.429,5789
CVE-2022-23983,KEV-first,43.421,5790
CVE-2021-43952,KEV-first,43.415,5791
CVE-2022-0638,KEV-first,43.363,5792
CVE-2021-46028,KEV-first,43.355,5793
CVE-2022-0164,KEV-first,43.349,5794
CVE-2021-25025,KEV-first,43.347,5795
CVE-2021-24730,KEV-first,43.344,5796
CVE-2020-10635,KEV-first,43.342,5797
CVE-2022-0184,KEV-first,43.342,5798
CVE-2022-21930,KEV-first,43.193,5799
CVE-2022-21931,KEV-first,43.193,5800
CVE-2022-0738,KEV-first,42.864,5801
CVE-2022-0532,KEV-first,42.768,5802
CVE-2021-38674,KEV-first,42.636,5803
CVE-2021-36751,KEV-first,42.486,5804
CVE-2021-40337,KEV-first,42.402,5805
CVE-2022-24927,KEV-first,42.341,5806
CVE-2021-36177,KEV-first,42.301,5807
CVE-2021-40041,KEV-first,42.168,5808
CVE-2022-24932,KEV-first,42.107,5809
CVE-2022-25820,KEV-first,42.104,5810
CVE-2021-44166,KEV-first,41.646,5811
CVE-2022-25611,KEV-first,41.571,5812
CVE-2022-25612,KEV-first,41.571,5813
CVE-2022-25604,KEV-first,41.568,5814
CVE-2021-4001,KEV-first,41.186,5815
CVE-2022-0022,KEV-first,41.127,5816
CVE-2022-25816,KEV-first,41.109,5817
CVE-2022-24929,KEV-first,41.101,5818
CVE-2022-20032,KEV-first,41.1,5819
CVE-2021-39727,KEV-first,41.095,5820
CVE-2021-39792,KEV-first,41.095,5821
CVE-2021-32841,KEV-first,41.079,5822
CVE-2021-32842,KEV-first,40.895,5823
CVE-2022-21248,KEV-first,40.763,5824
CVE-2022-27820,KEV-first,40.681,5825
CVE-2022-24003,KEV-first,40.553,5826
CVE-2022-24002,KEV-first,40.524,5827
CVE-2022-0237,KEV-first,40.484,5828
CVE-2021-23566,KEV-first,40.44,5829
CVE-2022-23995,KEV-first,40.438,5830
CVE-2022-23996,KEV-first,40.438,5831
CVE-2022-23997,KEV-first,40.438,5832
CVE-2022-25824,KEV-first,40.234,5833
CVE-2021-4016,KEV-first,40.22,5834
CVE-2022-24923,KEV-first,40.218,5835
CVE-2022-25817,KEV-first,40.106,5836
CVE-2022-22266,KEV-first,40.102,5837
CVE-2022-22267,KEV-first,40.102,5838
CVE-2022-22269,KEV-first,40.102,5839
CVE-2022-22272,KEV-first,40.102,5840
CVE-2022-0317,KEV-first,40.096,5841
CVE-2022-22263,KEV-first,40.093,5842
CVE-2022-25822,KEV-first,40.088,5843
CVE-2022-21265,KEV-first,39.478,5844
CVE-2022-21298,KEV-first,39.283,5845
CVE-2022-22287,KEV-first,39.243,5846
CVE-2022-23999,KEV-first,39.116,5847
CVE-2022-24000,KEV-first,39.116,5848
CVE-2022-23427,KEV-first,39.1,5849
CVE-2021-44742,KEV-first,38.856,5850
CVE-2021-36368,KEV-first,38.677,5851
CVE-2022-22935,KEV-first,38.624,5852
CVE-2022-0333,KEV-first,38.572,5853
CVE-2022-0473,KEV-first,38.51,5854
CVE-2022-25620,KEV-first,38.444,5855
CVE-2022-21295,KEV-first,38.369,5856
CVE-2022-25619,KEV-first,38.326,5857
CVE-2022-21164,KEV-first,38.321,5858
CVE-2021-3155,KEV-first,38.26,5859
CVE-2022-21694,KEV-first,38.248,5860
CVE-2021-22799,KEV-first,38.237,5861
CVE-2022-24917,KEV-first,38.222,5862
CVE-2022-24919,KEV-first,38.222,5863
CVE-2022-24918,KEV-first,38.161,5864
CVE-2022-23984,KEV-first,38.109,5865
CVE-2022-24001,KEV-first,38.098,5866
CVE-2022-24784,KEV-first,38.034,5867
CVE-2022-21170,KEV-first,37.985,5868
CVE-2022-22779,KEV-first,37.801,5869
CVE-2021-40339,KEV-first,37.725,5870
CVE-2021-40340,KEV-first,37.725,5871
CVE-2021-40338,KEV-first,37.669,5872
CVE-2003-5002,KEV-first,37.413,5873
CVE-2021-44740,KEV-first,36.629,5874
CVE-2021-44741,KEV-first,36.629,5875
CVE-2022-24741,KEV-first,36.606,5876
CVE-2021-25075,KEV-first,36.364,5877
CVE-2022-21683,KEV-first,35.97,5878
CVE-2022-1087,KEV-first,35.935,5879
CVE-2022-0093,KEV-first,35.911,5880
CVE-2022-21652,KEV-first,35.792,5881
CVE-2021-45051,KEV-first,35.742,5882
CVE-2022-0488,KEV-first,35.71,5883
CVE-2022-1086,KEV-first,35.624,5884
CVE-2022-1180,KEV-first,35.601,5885
CVE-2022-1085,KEV-first,35.593,5886
CVE-2021-25014,KEV-first,35.59,5887
CVE-2021-39927,KEV-first,35.573,5888
CVE-2022-24236,KEV-first,35.559,5889
CVE-2021-41809,KEV-first,35.556,5890
CVE-2022-21977,KEV-first,35.527,5891
CVE-2022-1075,KEV-first,35.462,5892
CVE-2022-0861,KEV-first,35.461,5893
CVE-2021-4035,KEV-first,35.447,5894
CVE-2022-0475,KEV-first,35.447,5895
CVE-2021-45916,KEV-first,35.302,5896
CVE-2021-45052,KEV-first,35.25,5897
CVE-2021-45054,KEV-first,35.03,5898
CVE-2022-21718,KEV-first,34.946,5899
CVE-2021-34901,KEV-first,34.812,5900
CVE-2021-34889,KEV-first,34.804,5901
CVE-2021-46602,KEV-first,34.804,5902
CVE-2022-25610,KEV-first,34.72,5903
CVE-2021-46607,KEV-first,34.712,5904
CVE-2022-0158,KEV-first,34.709,5905
CVE-2021-34890,KEV-first,34.652,5906
CVE-2021-34888,KEV-first,34.644,5907
CVE-2021-34943,KEV-first,34.644,5908
CVE-2021-34944,KEV-first,34.644,5909
CVE-2021-46600,KEV-first,34.644,5910
CVE-2021-34883,KEV-first,34.61,5911
CVE-2021-34884,KEV-first,34.61,5912
CVE-2021-34902,KEV-first,34.61,5913
CVE-2021-34910,KEV-first,34.61,5914
CVE-2021-34886,KEV-first,34.603,5915
CVE-2021-34887,KEV-first,34.603,5916
CVE-2021-46599,KEV-first,34.603,5917
CVE-2021-34881,KEV-first,34.528,5918
CVE-2021-34882,KEV-first,34.521,5919
CVE-2021-34916,KEV-first,34.521,5920
CVE-2021-46608,KEV-first,34.521,5921
CVE-2021-45059,KEV-first,34.461,5922
CVE-2021-43752,KEV-first,34.408,5923
CVE-2020-35501,KEV-first,34.241,5924
CVE-2021-40766,KEV-first,34.173,5925
CVE-2021-40769,KEV-first,34.17,5926
CVE-2021-35005,KEV-first,33.891,5927
CVE-2022-23132,KEV-first,33.796,5928
CVE-2022-24465,KEV-first,33.721,5929
CVE-2022-22670,KEV-first,33.694,5930
CVE-2022-1003,KEV-first,33.502,5931
CVE-2022-23994,KEV-first,33.449,5932
CVE-2022-0758,KEV-first,33.427,5933
CVE-2022-24448,KEV-first,33.397,5934
CVE-2021-3981,KEV-first,33.319,5935
CVE-2022-21267,KEV-first,33.316,5936
CVE-2022-21268,KEV-first,33.316,5937
CVE-2022-23114,KEV-first,33.307,5938
CVE-2022-21388,KEV-first,33.305,5939
CVE-2022-22598,KEV-first,33.29,5940
CVE-2018-25030,KEV-first,33.265,5941
CVE-2022-22656,KEV-first,33.258,5942
CVE-2022-0021,KEV-first,33.224,5943
CVE-2021-38129,KEV-first,33.213,5944
CVE-2022-0131,KEV-first,33.203,5945
CVE-2022-0652,KEV-first,33.193,5946
CVE-2022-23649,KEV-first,33.163,5947
CVE-2021-39628,KEV-first,33.117,5948
CVE-2021-39739,KEV-first,33.11,5949
CVE-2022-25821,KEV-first,33.11,5950
CVE-2022-0343,KEV-first,33.091,5951
CVE-2022-26354,KEV-first,32.391,5952
CVE-2022-0249,KEV-first,32.138,5953
CVE-2022-0344,KEV-first,32.091,5954
CVE-2022-0862,KEV-first,31.671,5955
CVE-2021-3716,KEV-first,31.582,5956
CVE-2022-0279,KEV-first,31.494,5957
CVE-2021-25743,KEV-first,30.778,5958
CVE-2022-21313,KEV-first,30.592,5959
CVE-2022-21311,KEV-first,30.553,5960
CVE-2022-21323,KEV-first,30.553,5961
CVE-2022-21312,KEV-first,30.443,5962
CVE-2022-21321,KEV-first,30.443,5963
CVE-2022-21324,KEV-first,30.443,5964
CVE-2022-21325,KEV-first,30.443,5965
CVE-2022-21331,KEV-first,30.443,5966
CVE-2022-21333,KEV-first,30.443,5967
CVE-2022-21355,KEV-first,30.422,5968
CVE-2022-21357,KEV-first,30.422,5969
CVE-2022-21317,KEV-first,30.386,5970
CVE-2022-21319,KEV-first,30.386,5971
CVE-2020-16232,KEV-first,28.737,5972
CVE-2022-21249,KEV-first,28.658,5973
CVE-2017-20012,KEV-first,28.302,5974
CVE-2017-20013,KEV-first,28.291,5975
CVE-2017-20015,KEV-first,28.262,5976
CVE-2017-20014,KEV-first,28.261,5977
CVE-2017-20011,KEV-first,28.227,5978
CVE-2022-22303,KEV-first,28.213,5979
CVE-2022-22283,KEV-first,28.204,5980
CVE-2021-25939,KEV-first,28.129,5981
CVE-2021-28376,KEV-first,28.083,5982
CVE-2021-38894,KEV-first,27.935,5983
CVE-2022-21372,KEV-first,27.878,5984
CVE-2021-25109,KEV-first,27.846,5985
CVE-2022-21247,KEV-first,27.685,5986
CVE-2021-44840,KEV-first,27.641,5987
CVE-2021-46270,KEV-first,27.641,5988
CVE-2021-29846,KEV-first,27.603,5989
CVE-2021-44714,KEV-first,27.474,5990
CVE-2022-0536,KEV-first,27.26,5991
CVE-2022-24719,KEV-first,26.835,5992
CVE-2020-15936,KEV-first,26.651,5993
CVE-2021-37864,KEV-first,26.585,5994
CVE-2021-23173,KEV-first,26.524,5995
CVE-2022-24744,KEV-first,26.485,5996
CVE-2022-21929,KEV-first,26.451,5997
CVE-2021-43566,KEV-first,25.376,5998
CVE-2022-0474,KEV-first,24.642,5999
CVE-2021-41181,KEV-first,24.309,6000
CVE-2022-22599,KEV-first,24.291,6001
CVE-2019-4352,KEV-first,24.253,6002
CVE-2021-27456,KEV-first,24.24,6003
CVE-2022-22348,KEV-first,24.196,6004
CVE-2020-8562,KEV-first,23.082,6005
CVE-2022-24924,KEV-first,22.747,6006
CVE-2022-1002,KEV-first,20.65,6007
CVE-2022-22821,KEV-first,20.3,6008
CVE-2022-27049,KEV-first,20.295,6009
CVE-2021-41808,KEV-first,20.246,6010
CVE-2022-25823,KEV-first,19.207,6011
CVE-2022-25826,KEV-first,19.207,6012
CVE-2022-25827,KEV-first,19.207,6013
CVE-2022-25828,KEV-first,19.207,6014
CVE-2022-25829,KEV-first,19.207,6015
CVE-2022-25830,KEV-first,19.207,6016
CVE-2020-12907,KEV-first,0.0,6017
CVE-2020-12908,KEV-first,0.0,6018
CVE-2020-12918,KEV-first,0.0,6019
CVE-2020-12934,KEV-first,0.0,6020
CVE-2020-12937,KEV-first,0.0,6021
CVE-2020-12938,KEV-first,0.0,6022
CVE-2020-12939,KEV-first,0.0,6023
CVE-2020-12942,KEV-first,0.0,6024
CVE-2020-12943,KEV-first,0.0,6025
CVE-2020-12945,KEV-first,0.0,6026
CVE-2020-12947,KEV-first,0.0,6027
CVE-2020-12948,KEV-first,0.0,6028
CVE-2020-12949,KEV-first,0.0,6029
CVE-2020-12950,KEV-first,0.0,6030
CVE-2020-12952,KEV-first,0.0,6031
CVE-2020-12953,KEV-first,0.0,6032
CVE-2020-12955,KEV-first,0.0,6033
CVE-2020-12956,KEV-first,0.0,6034
CVE-2020-12958,KEV-first,0.0,6035
CVE-2020-13010,KEV-first,0.0,6036
CVE-2020-13011,KEV-first,0.0,6037
CVE-2020-13012,KEV-first,0.0,6038
CVE-2020-13013,KEV-first,0.0,6039
CVE-2020-13014,KEV-first,0.0,6040
CVE-2020-13015,KEV-first,0.0,6041
CVE-2020-13016,KEV-first,0.0,6042
CVE-2020-13017,KEV-first,0.0,6043
CVE-2020-13018,KEV-first,0.0,6044
CVE-2020-13019,KEV-first,0.0,6045
CVE-2020-13020,KEV-first,0.0,6046
CVE-2020-13021,KEV-first,0.0,6047
CVE-2020-13022,KEV-first,0.0,6048
CVE-2020-13023,KEV-first,0.0,6049
CVE-2020-13024,KEV-first,0.0,6050
CVE-2020-13025,KEV-first,0.0,6051
CVE-2020-13026,KEV-first,0.0,6052
CVE-2020-13027,KEV-first,0.0,6053
CVE-2020-13028,KEV-first,0.0,6054
CVE-2020-13029,KEV-first,0.0,6055
CVE-2020-13030,KEV-first,0.0,6056
CVE-2020-13031,KEV-first,0.0,6057
CVE-2020-13032,KEV-first,0.0,6058
CVE-2020-13033,KEV-first,0.0,6059
CVE-2020-13034,KEV-first,0.0,6060
CVE-2020-13035,KEV-first,0.0,6061
CVE-2020-13036,KEV-first,0.0,6062
CVE-2020-13037,KEV-first,0.0,6063
CVE-2020-13038,KEV-first,0.0,6064
CVE-2020-13039,KEV-first,0.0,6065
CVE-2020-13040,KEV-first,0.0,6066
CVE-2020-13041,KEV-first,0.0,6067
CVE-2020-13042,KEV-first,0.0,6068
CVE-2020-13043,KEV-first,0.0,6069
CVE-2020-13044,KEV-first,0.0,6070
CVE-2020-13045,KEV-first,0.0,6071
CVE-2020-13046,KEV-first,0.0,6072
CVE-2020-13047,KEV-first,0.0,6073
CVE-2020-13048,KEV-first,0.0,6074
CVE-2020-13049,KEV-first,0.0,6075
CVE-2020-13050,KEV-first,0.0,6076
CVE-2020-13051,KEV-first,0.0,6077
CVE-2020-13052,KEV-first,0.0,6078
CVE-2020-13053,KEV-first,0.0,6079
CVE-2020-13054,KEV-first,0.0,6080
CVE-2020-13055,KEV-first,0.0,6081
CVE-2020-13056,KEV-first,0.0,6082
CVE-2020-13057,KEV-first,0.0,6083
CVE-2020-13058,KEV-first,0.0,6084
CVE-2020-13059,KEV-first,0.0,6085
CVE-2020-13060,KEV-first,0.0,6086
CVE-2020-13061,KEV-first,0.0,6087
CVE-2020-13062,KEV-first,0.0,6088
CVE-2020-13063,KEV-first,0.0,6089
CVE-2020-13064,KEV-first,0.0,6090
CVE-2020-13065,KEV-first,0.0,6091
CVE-2020-13066,KEV-first,0.0,6092
CVE-2020-13067,KEV-first,0.0,6093
CVE-2020-13068,KEV-first,0.0,6094
CVE-2020-13069,KEV-first,0.0,6095
CVE-2020-13070,KEV-first,0.0,6096
CVE-2020-13071,KEV-first,0.0,6097
CVE-2020-13072,KEV-first,0.0,6098
CVE-2020-13073,KEV-first,0.0,6099
CVE-2020-13074,KEV-first,0.0,6100
CVE-2020-13075,KEV-first,0.0,6101
CVE-2020-13076,KEV-first,0.0,6102
CVE-2020-13077,KEV-first,0.0,6103
CVE-2020-13078,KEV-first,0.0,6104
CVE-2020-13079,KEV-first,0.0,6105
CVE-2020-13080,KEV-first,0.0,6106
CVE-2020-13081,KEV-first,0.0,6107
CVE-2020-13082,KEV-first,0.0,6108
CVE-2020-13083,KEV-first,0.0,6109
CVE-2020-13084,KEV-first,0.0,6110
CVE-2020-13085,KEV-first,0.0,6111
CVE-2020-13086,KEV-first,0.0,6112
CVE-2020-13087,KEV-first,0.0,6113
CVE-2020-13088,KEV-first,0.0,6114
CVE-2020-13089,KEV-first,0.0,6115
CVE-2020-13713,KEV-first,0.0,6116
CVE-2020-13714,KEV-first,0.0,6117
CVE-2020-13715,KEV-first,0.0,6118
CVE-2020-13716,KEV-first,0.0,6119
CVE-2020-13717,KEV-first,0.0,6120
CVE-2020-13718,KEV-first,0.0,6121
CVE-2020-13719,KEV-first,0.0,6122
CVE-2020-13720,KEV-first,0.0,6123
CVE-2020-13721,KEV-first,0.0,6124
CVE-2020-13722,KEV-first,0.0,6125
CVE-2020-13723,KEV-first,0.0,6126
CVE-2020-13724,KEV-first,0.0,6127
CVE-2020-13725,KEV-first,0.0,6128
CVE-2020-13726,KEV-first,0.0,6129
CVE-2020-13727,KEV-first,0.0,6130
CVE-2020-13728,KEV-first,0.0,6131
CVE-2020-13729,KEV-first,0.0,6132
CVE-2020-13730,KEV-first,0.0,6133
CVE-2020-13731,KEV-first,0.0,6134
CVE-2020-13732,KEV-first,0.0,6135
CVE-2020-13733,KEV-first,0.0,6136
CVE-2020-13734,KEV-first,0.0,6137
CVE-2020-13735,KEV-first,0.0,6138
CVE-2020-13736,KEV-first,0.0,6139
CVE-2020-13737,KEV-first,0.0,6140
CVE-2020-13738,KEV-first,0.0,6141
CVE-2020-13739,KEV-first,0.0,6142
CVE-2020-13740,KEV-first,0.0,6143
CVE-2020-13741,KEV-first,0.0,6144
CVE-2020-13742,KEV-first,0.0,6145
CVE-2020-13743,KEV-first,0.0,6146
CVE-2020-13744,KEV-first,0.0,6147
CVE-2020-13745,KEV-first,0.0,6148
CVE-2020-13746,KEV-first,0.0,6149
CVE-2020-13747,KEV-first,0.0,6150
CVE-2020-13748,KEV-first,0.0,6151
CVE-2020-13749,KEV-first,0.0,6152
CVE-2020-13750,KEV-first,0.0,6153
CVE-2020-13751,KEV-first,0.0,6154
CVE-2020-13752,KEV-first,0.0,6155
CVE-2020-36123,KEV-first,0.0,6156
CVE-2021-20002,KEV-first,0.0,6157
CVE-2021-20003,KEV-first,0.0,6158
CVE-2021-20004,KEV-first,0.0,6159
CVE-2021-20005,KEV-first,0.0,6160
CVE-2021-20006,KEV-first,0.0,6161
CVE-2021-20007,KEV-first,0.0,6162
CVE-2021-20008,KEV-first,0.0,6163
CVE-2021-20009,KEV-first,0.0,6164
CVE-2021-20010,KEV-first,0.0,6165
CVE-2021-20011,KEV-first,0.0,6166
CVE-2021-20012,KEV-first,0.0,6167
CVE-2021-20013,KEV-first,0.0,6168
CVE-2021-20014,KEV-first,0.0,6169
CVE-2021-20015,KEV-first,0.0,6170
CVE-2021-22686,KEV-first,0.0,6171
CVE-2021-22687,KEV-first,0.0,6172
CVE-2021-22688,KEV-first,0.0,6173
CVE-2021-22689,KEV-first,0.0,6174
CVE-2021-22690,KEV-first,0.0,6175
CVE-2021-22691,KEV-first,0.0,6176
CVE-2021-22692,KEV-first,0.0,6177
CVE-2021-22693,KEV-first,0.0,6178
CVE-2021-22694,KEV-first,0.0,6179
CVE-2021-22695,KEV-first,0.0,6180
CVE-2021-26041,KEV-first,0.0,6181
CVE-2021-26042,KEV-first,0.0,6182
CVE-2021-26043,KEV-first,0.0,6183
CVE-2021-26044,KEV-first,0.0,6184
CVE-2021-26045,KEV-first,0.0,6185
CVE-2021-26046,KEV-first,0.0,6186
CVE-2021-26047,KEV-first,0.0,6187
CVE-2021-26048,KEV-first,0.0,6188
CVE-2021-26049,KEV-first,0.0,6189
CVE-2021-26050,KEV-first,0.0,6190
CVE-2021-26051,KEV-first,0.0,6191
CVE-2021-26052,KEV-first,0.0,6192
CVE-2021-26053,KEV-first,0.0,6193
CVE-2021-26054,KEV-first,0.0,6194
CVE-2021-26055,KEV-first,0.0,6195
CVE-2021-26056,KEV-first,0.0,6196
CVE-2021-26057,KEV-first,0.0,6197
CVE-2021-26058,KEV-first,0.0,6198
CVE-2021-26059,KEV-first,0.0,6199
CVE-2021-26060,KEV-first,0.0,6200
CVE-2021-26061,KEV-first,0.0,6201
CVE-2021-26062,KEV-first,0.0,6202
CVE-2021-26063,KEV-first,0.0,6203
CVE-2021-26064,KEV-first,0.0,6204
CVE-2021-26065,KEV-first,0.0,6205
CVE-2021-26066,KEV-first,0.0,6206
CVE-2021-27000,KEV-first,0.0,6207
CVE-2021-27008,KEV-first,0.0,6208
CVE-2021-27009,KEV-first,0.0,6209
CVE-2021-27010,KEV-first,0.0,6210
CVE-2021-27011,KEV-first,0.0,6211
CVE-2021-27012,KEV-first,0.0,6212
CVE-2021-27013,KEV-first,0.0,6213
CVE-2021-27014,KEV-first,0.0,6214
CVE-2021-27015,KEV-first,0.0,6215
CVE-2021-27016,KEV-first,0.0,6216
CVE-2021-32501,KEV-first,0.0,6217
CVE-2021-32502,KEV-first,0.0,6218
CVE-2021-32505,KEV-first,0.0,6219
CVE-2021-3534,KEV-first,0.0,6220
CVE-2021-3558,KEV-first,0.0,6221
CVE-2021-3648,KEV-first,0.0,6222
CVE-2021-36734,KEV-first,0.0,6223
CVE-2021-36735,KEV-first,0.0,6224
CVE-2021-36736,KEV-first,0.0,6225
CVE-2021-36810,KEV-first,0.0,6226
CVE-2021-36811,KEV-first,0.0,6227
CVE-2021-36812,KEV-first,0.0,6228
CVE-2021-36813,KEV-first,0.0,6229
CVE-2021-36814,KEV-first,0.0,6230
CVE-2021-36815,KEV-first,0.0,6231
CVE-2021-36816,KEV-first,0.0,6232
CVE-2021-36817,KEV-first,0.0,6233
CVE-2021-36818,KEV-first,0.0,6234
CVE-2021-36819,KEV-first,0.0,6235
CVE-2021-36820,KEV-first,0.0,6236
CVE-2021-37853,KEV-first,0.0,6237
CVE-2021-37854,KEV-first,0.0,6238
CVE-2021-37855,KEV-first,0.0,6239
CVE-2021-37856,KEV-first,0.0,6240
CVE-2021-37857,KEV-first,0.0,6241
CVE-2021-37858,KEV-first,0.0,6242
CVE-2021-38577,KEV-first,0.0,6243
CVE-2021-3867,KEV-first,0.0,6244
CVE-2021-3868,KEV-first,0.0,6245
CVE-2021-3870,KEV-first,0.0,6246
CVE-2021-3871,KEV-first,0.0,6247
CVE-2021-3873,KEV-first,0.0,6248
CVE-2021-3876,KEV-first,0.0,6249
CVE-2021-3877,KEV-first,0.0,6250
CVE-2021-3880,KEV-first,0.0,6251
CVE-2021-3883,KEV-first,0.0,6252
CVE-2021-3884,KEV-first,0.0,6253
CVE-2021-3886,KEV-first,0.0,6254
CVE-2021-3887,KEV-first,0.0,6255
CVE-2021-38892,KEV-first,0.0,6256
CVE-2021-3893,KEV-first,0.0,6257
CVE-2021-3937,KEV-first,0.0,6258
CVE-2021-3940,KEV-first,0.0,6259
CVE-2021-39705,KEV-first,0.0,6260
CVE-2021-40395,KEV-first,0.0,6261
CVE-2021-40696,KEV-first,0.0,6262
CVE-2021-41610,KEV-first,0.0,6263
CVE-2021-42186,KEV-first,0.0,6264
CVE-2021-4220,KEV-first,0.0,6265
CVE-2021-43085,KEV-first,0.0,6266
CVE-2021-44103,KEV-first,0.0,6267
CVE-2021-44121,KEV-first,0.0,6268
CVE-2021-44569,KEV-first,0.0,6269
CVE-2021-44570,KEV-first,0.0,6270
CVE-2021-44571,KEV-first,0.0,6271
CVE-2021-44573,KEV-first,0.0,6272
CVE-2021-44574,KEV-first,0.0,6273
CVE-2021-44575,KEV-first,0.0,6274
CVE-2021-44576,KEV-first,0.0,6275
CVE-2021-44577,KEV-first,0.0,6276
CVE-2021-44597,KEV-first,0.0,6277
CVE-2021-44907,KEV-first,0.0,6278
CVE-2021-45388,KEV-first,0.0,6279
CVE-2021-45774,KEV-first,0.0,6280
CVE-2021-45775,KEV-first,0.0,6281
CVE-2021-45778,KEV-first,0.0,6282
CVE-2021-45779,KEV-first,0.0,6283
CVE-2021-45780,KEV-first,0.0,6284
CVE-2021-45781,KEV-first,0.0,6285
CVE-2021-45782,KEV-first,0.0,6286
CVE-2021-45817,KEV-first,0.0,6287
CVE-2021-45945,KEV-first,0.0,6288
CVE-2021-45959,KEV-first,0.0,6289
CVE-2021-46012,KEV-first,0.0,6290
CVE-2021-46058,KEV-first,0.0,6291
CVE-2021-46059,KEV-first,0.0,6292
CVE-2021-46060,KEV-first,0.0,6293
CVE-2021-46380,KEV-first,0.0,6294
CVE-2021-46388,KEV-first,0.0,6295
CVE-2021-46439,KEV-first,0.0,6296
CVE-2022-0177,KEV-first,0.0,6297
CVE-2022-0227,KEV-first,0.0,6298
CVE-2022-0329,KEV-first,0.0,6299
CVE-2022-0498,KEV-first,0.0,6300
CVE-2022-0655,KEV-first,0.0,6301
CVE-2022-0886,KEV-first,0.0,6302
CVE-2022-1072,KEV-first,0.0,6303
CVE-2022-22122,KEV-first,0.0,6304
CVE-2022-22623,KEV-first,0.0,6305
CVE-2022-23967,KEV-first,0.0,6306
CVE-2022-24445,KEV-first,0.0,6307
CVE-2022-24727,KEV-first,0.0,6308
CVE-2022-25019,KEV-first,0.0,6309
CVE-2022-25029,KEV-first,0.0,6310
CVE-2022-26200,KEV-first,0.0,6311
CVE-2022-26333,KEV-first,0.0,6312
CVE-2022-26351,KEV-first,0.0,6313
CVE-2022-26487,KEV-first,0.0,6314
CVE-2022-26502,KEV-first,0.0,6315
CVE-2022-26620,KEV-first,0.0,6316
CVE-2022-0543,Weighted,0.9980530000000001,1
CVE-2022-22947,Weighted,0.994759,2
CVE-2022-22536,Weighted,0.993835,3
CVE-2022-1040,Weighted,0.9893879999999999,4
CVE-2022-24086,Weighted,0.9875970000000001,5
CVE-2021-45382,Weighted,0.983508,6
CVE-2021-35587,Weighted,0.978852,7
CVE-2022-24112,Weighted,0.978003,8
CVE-2022-26143,Weighted,0.9516359999999999,9
CVE-2022-23131,Weighted,0.9420489999999999,10
CVE-2022-26258,Weighted,0.9311309999999999,11
CVE-2022-26318,Weighted,0.924471,12
CVE-2022-20699,Weighted,0.9173739999999999,13
CVE-2021-4034,Weighted,0.874763,14
CVE-2022-0847,Weighted,0.8591629999999999,15
CVE-2022-23227,Weighted,0.838293,16
CVE-2022-24637,Weighted,0.7871650000000001,17
CVE-2022-21907,Weighted,0.76837,18
CVE-2021-45456,Weighted,0.756661,19
CVE-2022-21971,Weighted,0.7518020000000001,20
CVE-2021-24762,Weighted,0.7503460000000001,21
CVE-2022-26871,Weighted,0.748899,22
CVE-2021-3781,Weighted,0.746739,23
CVE-2022-0441,Weighted,0.746002,24
CVE-2022-20708,Weighted,0.744589,25
CVE-2022-0342,Weighted,0.74326,26
CVE-2022-20705,Weighted,0.740093,27
CVE-2021-25114,Weighted,0.735484,28
CVE-2022-25148,Weighted,0.73279,29
CVE-2022-0824,Weighted,0.730931,30
CVE-2022-20701,Weighted,0.729241,31
CVE-2022-20703,Weighted,0.727609,32
CVE-2022-20707,Weighted,0.725966,33
CVE-2022-22587,Weighted,0.7249140000000001,34
CVE-2022-25149,Weighted,0.7238680000000001,35
CVE-2022-21882,Weighted,0.717133,36
CVE-2022-20700,Weighted,0.7169650000000001,37
CVE-2022-23178,Weighted,0.715477,38
CVE-2022-21999,Weighted,0.715049,39
CVE-2022-0169,Weighted,0.7138450000000001,40
CVE-2022-0412,Weighted,0.711994,41
CVE-2021-4045,Weighted,0.707128,42
CVE-2021-4039,Weighted,0.703144,43
CVE-2021-40407,Weighted,0.7029049999999999,44
CVE-2022-26501,Weighted,0.702312,45
CVE-2021-41282,Weighted,0.701339,46
CVE-2022-0306,Weighted,0.696056,47
CVE-2022-0185,Weighted,0.6954530000000001,48
CVE-2022-21661,Weighted,0.693385,49
CVE-2022-23944,Weighted,0.692021,50
CVE-2022-23305,Weighted,0.6896110000000001,51
CVE-2022-22620,Weighted,0.6886420000000001,52
CVE-2021-34996,Weighted,0.686774,53
CVE-2022-23221,Weighted,0.6842980000000001,54
CVE-2021-42392,Weighted,0.679633,55
CVE-2022-23176,Weighted,0.6780760000000001,56
CVE-2022-24223,Weighted,0.675895,57
CVE-2022-24288,Weighted,0.67364,58
CVE-2022-25061,Weighted,0.6661030000000001,59
CVE-2021-4102,Weighted,0.663508,60
CVE-2022-23642,Weighted,0.66293,61
CVE-2022-22274,Weighted,0.6627730000000001,62
CVE-2021-44142,Weighted,0.6615920000000001,63
CVE-2021-45428,Weighted,0.6607930000000001,64
CVE-2022-23881,Weighted,0.659527,65
CVE-2022-25075,Weighted,0.658744,66
CVE-2021-25003,Weighted,0.658444,67
CVE-2022-26500,Weighted,0.6574840000000001,68
CVE-2021-3560,Weighted,0.656579,69
CVE-2022-21371,Weighted,0.6529469999999999,70
CVE-2022-25487,Weighted,0.651517,71
CVE-2022-0513,Weighted,0.6503800000000001,72
CVE-2022-26148,Weighted,0.650317,73
CVE-2021-45010,Weighted,0.65024,74
CVE-2022-24760,Weighted,0.647243,75
CVE-2021-34995,Weighted,0.6465920000000001,76
CVE-2022-22718,Weighted,0.645392,77
CVE-2022-0435,Weighted,0.643982,78
CVE-2022-24716,Weighted,0.643134,79
CVE-2022-23943,Weighted,0.641203,80
CVE-2022-24260,Weighted,0.6399760000000001,81
CVE-2022-23134,Weighted,0.638971,82
CVE-2022-0415,Weighted,0.635711,83
CVE-2022-0679,Weighted,0.6334900000000001,84
CVE-2022-23302,Weighted,0.630668,85
CVE-2022-0218,Weighted,0.626533,86
CVE-2022-0332,Weighted,0.624754,87
CVE-2022-24313,Weighted,0.623677,88
CVE-2022-0479,Weighted,0.621421,89
CVE-2021-44521,Weighted,0.620018,90
CVE-2022-0995,Weighted,0.618554,91
CVE-2022-25060,Weighted,0.61045,92
CVE-2022-0888,Weighted,0.608179,93
CVE-2022-26960,Weighted,0.6079789999999999,94
CVE-2022-0492,Weighted,0.606584,95
CVE-2022-22916,Weighted,0.6059530000000001,96
CVE-2021-43711,Weighted,0.6035050000000001,97
CVE-2022-23307,Weighted,0.603233,98
CVE-2021-44827,Weighted,0.6018680000000001,99
CVE-2022-0739,Weighted,0.6015130000000001,100
CVE-2022-23940,Weighted,0.599705,101
CVE-2022-25064,Weighted,0.599419,102
CVE-2022-24682,Weighted,0.597793,103
CVE-2022-25236,Weighted,0.597601,104
CVE-2022-25305,Weighted,0.596715,105
CVE-2022-0848,Weighted,0.5963080000000001,106
CVE-2022-0778,Weighted,0.594564,107
CVE-2021-43118,Weighted,0.594535,108
CVE-2022-21662,Weighted,0.5935870000000001,109
CVE-2022-24734,Weighted,0.5934809999999999,110
CVE-2022-22706,Weighted,0.5932850000000001,111
CVE-2022-0349,Weighted,0.5930770000000001,112
CVE-2021-39793,Weighted,0.592214,113
CVE-2021-46314,Weighted,0.5898610000000001,114
CVE-2022-25077,Weighted,0.5876560000000001,115
CVE-2022-0651,Weighted,0.586636,116
CVE-2022-0482,Weighted,0.5862379999999999,117
CVE-2022-22719,Weighted,0.584409,118
CVE-2022-26265,Weighted,0.5811010000000001,119
CVE-2022-22721,Weighted,0.580583,120
CVE-2021-24862,Weighted,0.579879,121
CVE-2022-22909,Weighted,0.5763020000000001,122
CVE-2022-22720,Weighted,0.574567,123
CVE-2022-25359,Weighted,0.566885,124
CVE-2022-26213,Weighted,0.56674,125
CVE-2022-22948,Weighted,0.564846,126
CVE-2022-25084,Weighted,0.564535,127
CVE-2022-0819,Weighted,0.56303,128
CVE-2021-44703,Weighted,0.561912,129
CVE-2022-22930,Weighted,0.5610820000000001,130
CVE-2022-23277,Weighted,0.560084,131
CVE-2021-44567,Weighted,0.5592520000000001,132
CVE-2022-21919,Weighted,0.5588500000000001,133
CVE-2021-25080,Weighted,0.5576,134
CVE-2022-26272,Weighted,0.557413,135
CVE-2022-23389,Weighted,0.555853,136
CVE-2021-46704,Weighted,0.5557030000000001,137
CVE-2021-31932,Weighted,0.5549170000000001,138
CVE-2021-26599,Weighted,0.5529040000000001,139
CVE-2021-45967,Weighted,0.5524,140
CVE-2022-27228,Weighted,0.552328,141
CVE-2022-21279,Weighted,0.551853,142
CVE-2022-24934,Weighted,0.5514100000000001,143
CVE-2021-22802,Weighted,0.5504950000000001,144
CVE-2021-46381,Weighted,0.548952,145
CVE-2022-26187,Weighted,0.548737,146
CVE-2021-22600,Weighted,0.548237,147
CVE-2021-45420,Weighted,0.546871,148
CVE-2021-24867,Weighted,0.5466340000000001,149
CVE-2022-24144,Weighted,0.5455180000000001,150
CVE-2022-25089,Weighted,0.545131,151
CVE-2022-21280,Weighted,0.544644,152
CVE-2022-25766,Weighted,0.5429090000000001,153
CVE-2022-27226,Weighted,0.5411060000000001,154
CVE-2021-43297,Weighted,0.540907,155
CVE-2022-24124,Weighted,0.5408850000000001,156
CVE-2022-0735,Weighted,0.539681,157
CVE-2021-46393,Weighted,0.537748,158
CVE-2022-25082,Weighted,0.537019,159
CVE-2022-0747,Weighted,0.5346460000000001,160
CVE-2022-26245,Weighted,0.534532,161
CVE-2022-0434,Weighted,0.5343490000000001,162
CVE-2022-23329,Weighted,0.5332300000000001,163
CVE-2022-22832,Weighted,0.532174,164
CVE-2022-24995,Weighted,0.530788,165
CVE-2018-25032,Weighted,0.530199,166
CVE-2022-25072,Weighted,0.5291020000000001,167
CVE-2022-25073,Weighted,0.5291020000000001,168
CVE-2022-25074,Weighted,0.5291020000000001,169
CVE-2021-46009,Weighted,0.5275930000000001,170
CVE-2021-44757,Weighted,0.527585,171
CVE-2022-22806,Weighted,0.526768,172
CVE-2022-24954,Weighted,0.5257780000000001,173
CVE-2022-22805,Weighted,0.524992,174
CVE-2022-25450,Weighted,0.5246500000000001,175
CVE-2022-0289,Weighted,0.524588,176
CVE-2022-22831,Weighted,0.5243230000000001,177
CVE-2022-25347,Weighted,0.524158,178
CVE-2022-23833,Weighted,0.522738,179
CVE-2022-0760,Weighted,0.522475,180
CVE-2021-43779,Weighted,0.522396,181
CVE-2022-25414,Weighted,0.521317,182
CVE-2022-0784,Weighted,0.5202370000000001,183
CVE-2022-26887,Weighted,0.519193,184
CVE-2021-22823,Weighted,0.519164,185
CVE-2021-33912,Weighted,0.5189290000000001,186
CVE-2021-33913,Weighted,0.5189290000000001,187
CVE-2022-26013,Weighted,0.5174080000000001,188
CVE-2022-25434,Weighted,0.517405,189
CVE-2022-25445,Weighted,0.5170210000000001,190
CVE-2021-27472,Weighted,0.516971,191
CVE-2022-23285,Weighted,0.516884,192
CVE-2022-20706,Weighted,0.516698,193
CVE-2022-0846,Weighted,0.516355,194
CVE-2022-24237,Weighted,0.5160170000000001,195
CVE-2022-22951,Weighted,0.515957,196
CVE-2022-0658,Weighted,0.515893,197
CVE-2022-0787,Weighted,0.515893,198
CVE-2022-0591,Weighted,0.515747,199
CVE-2022-20615,Weighted,0.515526,200
CVE-2021-46065,Weighted,0.515211,201
CVE-2022-25322,Weighted,0.515038,202
CVE-2022-20711,Weighted,0.514745,203
CVE-2022-24263,Weighted,0.5147320000000001,204
CVE-2022-23357,Weighted,0.514631,205
CVE-2022-20702,Weighted,0.513794,206
CVE-2022-0557,Weighted,0.513579,207
CVE-2021-35003,Weighted,0.513229,208
CVE-2021-35004,Weighted,0.513229,209
CVE-2022-23898,Weighted,0.513202,210
CVE-2022-24292,Weighted,0.5126470000000001,211
CVE-2022-24293,Weighted,0.5126470000000001,212
CVE-2021-43510,Weighted,0.512545,213
CVE-2021-27476,Weighted,0.512333,214
CVE-2022-20749,Weighted,0.512024,215
CVE-2021-27466,Weighted,0.511658,216
CVE-2022-24049,Weighted,0.5116360000000001,217
CVE-2021-27462,Weighted,0.511484,218
CVE-2021-27470,Weighted,0.511484,219
CVE-2022-25488,Weighted,0.511444,220
CVE-2022-20709,Weighted,0.511406,221
CVE-2022-24796,Weighted,0.511223,222
CVE-2021-44735,Weighted,0.5110750000000001,223
CVE-2022-21196,Weighted,0.510989,224
CVE-2022-25125,Weighted,0.510943,225
CVE-2021-27468,Weighted,0.510479,226
CVE-2021-27464,Weighted,0.510443,227
CVE-2022-23366,Weighted,0.510124,228
CVE-2021-25032,Weighted,0.510073,229
CVE-2022-25094,Weighted,0.5097830000000001,230
CVE-2021-46315,Weighted,0.509719,231
CVE-2021-46319,Weighted,0.509719,232
CVE-2021-27460,Weighted,0.509585,233
CVE-2022-21141,Weighted,0.50948,234
CVE-2020-10640,Weighted,0.509321,235
CVE-2021-44734,Weighted,0.5092810000000001,236
CVE-2022-20712,Weighted,0.509093,237
CVE-2022-24977,Weighted,0.509062,238
CVE-2022-21849,Weighted,0.508726,239
CVE-2021-43650,Weighted,0.5084740000000001,240
CVE-2022-22995,Weighted,0.508274,241
CVE-2021-45029,Weighted,0.5080870000000001,242
CVE-2021-45966,Weighted,0.5079790000000001,243
CVE-2021-44708,Weighted,0.507954,244
CVE-2021-21960,Weighted,0.507917,245
CVE-2021-21961,Weighted,0.507917,246
CVE-2021-39675,Weighted,0.507781,247
CVE-2022-0666,Weighted,0.5077769999999999,248
CVE-2021-43832,Weighted,0.50771,249
CVE-2022-20710,Weighted,0.507287,250
CVE-2022-21390,Weighted,0.50711,251
CVE-2022-26210,Weighted,0.5070790000000001,252
CVE-2022-20704,Weighted,0.506891,253
CVE-2021-26600,Weighted,0.5068900000000001,254
CVE-2022-24193,Weighted,0.5064010000000001,255
CVE-2022-27005,Weighted,0.5063650000000001,256
CVE-2021-34993,Weighted,0.506272,257
CVE-2022-21993,Weighted,0.505854,258
CVE-2022-24218,Weighted,0.5058499999999999,259
CVE-2021-3773,Weighted,0.5058370000000001,260
CVE-2022-25330,Weighted,0.5055940000000001,261
CVE-2022-21389,Weighted,0.50558,262
CVE-2022-21275,Weighted,0.505439,263
CVE-2021-46067,Weighted,0.5054200000000001,264
CVE-2022-27002,Weighted,0.50521,265
CVE-2021-4191,Weighted,0.505012,266
CVE-2022-25235,Weighted,0.504865,267
CVE-2022-25438,Weighted,0.5048410000000001,268
CVE-2022-25441,Weighted,0.5048410000000001,269
CVE-2021-27474,Weighted,0.504836,270
CVE-2022-22822,Weighted,0.504487,271
CVE-2022-25315,Weighted,0.504463,272
CVE-2021-3762,Weighted,0.504445,273
CVE-2021-41816,Weighted,0.504298,274
CVE-2022-21215,Weighted,0.504236,275
CVE-2022-23218,Weighted,0.504187,276
CVE-2021-46227,Weighted,0.504139,277
CVE-2022-24126,Weighted,0.504082,278
CVE-2021-46362,Weighted,0.503989,279
CVE-2021-44881,Weighted,0.503905,280
CVE-2021-44906,Weighted,0.503743,281
CVE-2022-23852,Weighted,0.503689,282
CVE-2022-21643,Weighted,0.503591,283
CVE-2021-44882,Weighted,0.503533,284
CVE-2022-24783,Weighted,0.503441,285
CVE-2021-46433,Weighted,0.503378,286
CVE-2021-46454,Weighted,0.503209,287
CVE-2021-45733,Weighted,0.5031730000000001,288
CVE-2021-45738,Weighted,0.5031730000000001,289
CVE-2021-46250,Weighted,0.503156,290
CVE-2021-46229,Weighted,0.503125,291
CVE-2022-24665,Weighted,0.5028,292
CVE-2022-23812,Weighted,0.50278,293
CVE-2020-17383,Weighted,0.5027560000000001,294
CVE-2022-23219,Weighted,0.502633,295
CVE-2022-21675,Weighted,0.502632,296
CVE-2022-25247,Weighted,0.502432,297
CVE-2022-21306,Weighted,0.5024230000000001,298
CVE-2021-44087,Weighted,0.502348,299
CVE-2020-15591,Weighted,0.502174,300
CVE-2021-30351,Weighted,0.502054,301
CVE-2021-45468,Weighted,0.501973,302
CVE-2021-44663,Weighted,0.50197,303
CVE-2021-44880,Weighted,0.5019070000000001,304
CVE-2022-26186,Weighted,0.5018410000000001,305
CVE-2021-45411,Weighted,0.501595,306
CVE-2022-22845,Weighted,0.501433,307
CVE-2020-26728,Weighted,0.501301,308
CVE-2021-46230,Weighted,0.5012380000000001,309
CVE-2021-46231,Weighted,0.5012380000000001,310
CVE-2021-46232,Weighted,0.5012380000000001,311
CVE-2021-46233,Weighted,0.5012380000000001,312
CVE-2021-46452,Weighted,0.5012380000000001,313
CVE-2021-46453,Weighted,0.5012380000000001,314
CVE-2021-46036,Weighted,0.501229,315
CVE-2021-45998,Weighted,0.5011450000000001,316
CVE-2021-46226,Weighted,0.5011450000000001,317
CVE-2021-46228,Weighted,0.5011450000000001,318
CVE-2021-46455,Weighted,0.5011450000000001,319
CVE-2021-46456,Weighted,0.5011450000000001,320
CVE-2021-46457,Weighted,0.5011450000000001,321
CVE-2022-24663,Weighted,0.501141,322
CVE-2021-33962,Weighted,0.501124,323
CVE-2022-24442,Weighted,0.5010490000000001,324
CVE-2021-40408,Weighted,0.500971,325
CVE-2021-40409,Weighted,0.500971,326
CVE-2022-26496,Weighted,0.500776,327
CVE-2021-46560,Weighted,0.500758,328
CVE-2022-0547,Weighted,0.500722,329
CVE-2021-29393,Weighted,0.500719,330
CVE-2022-1179,Weighted,0.5007,331
CVE-2021-43928,Weighted,0.500595,332
CVE-2021-42911,Weighted,0.500572,333
CVE-2021-43484,Weighted,0.500572,334
CVE-2021-23165,Weighted,0.5005360000000001,335
CVE-2022-24311,Weighted,0.500515,336
CVE-2021-45414,Weighted,0.5004970000000001,337
CVE-2022-0730,Weighted,0.5004970000000001,338
CVE-2021-45887,Weighted,0.500413,339
CVE-2021-46013,Weighted,0.500407,340
CVE-2022-24312,Weighted,0.5003890000000001,341
CVE-2021-3657,Weighted,0.5003770000000001,342
CVE-2022-22817,Weighted,0.5002810000000001,343
CVE-2022-26188,Weighted,0.500272,344
CVE-2022-26189,Weighted,0.500272,345
CVE-2022-26997,Weighted,0.50026,346
CVE-2022-26998,Weighted,0.50026,347
CVE-2022-26999,Weighted,0.50026,348
CVE-2022-27000,Weighted,0.50026,349
CVE-2022-27001,Weighted,0.50026,350
CVE-2022-22823,Weighted,0.5002120000000001,351
CVE-2022-22824,Weighted,0.5002120000000001,352
CVE-2021-44127,Weighted,0.500113,353
CVE-2022-24693,Weighted,0.500032,354
CVE-2022-24664,Weighted,0.49995,355
CVE-2021-44738,Weighted,0.49993600000000005,356
CVE-2021-40722,Weighted,0.49981900000000007,357
CVE-2022-25390,Weighted,0.499798,358
CVE-2022-25809,Weighted,0.49978000000000006,359
CVE-2021-42952,Weighted,0.499713,360
CVE-2021-46428,Weighted,0.49967800000000007,361
CVE-2022-23375,Weighted,0.49961600000000006,362
CVE-2022-25076,Weighted,0.49956700000000004,363
CVE-2022-25078,Weighted,0.49956700000000004,364
CVE-2022-25079,Weighted,0.49956700000000004,365
CVE-2022-25080,Weighted,0.49956700000000004,366
CVE-2020-25197,Weighted,0.49951600000000007,367
CVE-2021-45835,Weighted,0.49950700000000003,368
CVE-2021-43722,Weighted,0.49948600000000004,369
CVE-2021-45040,Weighted,0.49946500000000005,370
CVE-2022-25081,Weighted,0.49938400000000005,371
CVE-2022-25083,Weighted,0.49938400000000005,372
CVE-2021-46461,Weighted,0.49936300000000006,373
CVE-2021-46386,Weighted,0.499333,374
CVE-2022-25498,Weighted,0.49924300000000005,375
CVE-2021-33963,Weighted,0.4992130000000001,376
CVE-2021-45742,Weighted,0.49920700000000007,377
CVE-2021-39383,Weighted,0.49920100000000006,378
CVE-2022-23303,Weighted,0.49916200000000005,379
CVE-2021-45003,Weighted,0.49903000000000003,380
CVE-2022-26520,Weighted,0.498997,381
CVE-2022-25134,Weighted,0.49897600000000003,382
CVE-2021-44088,Weighted,0.498916,383
CVE-2022-25411,Weighted,0.498916,384
CVE-2022-0839,Weighted,0.49890100000000004,385
CVE-2022-24165,Weighted,0.49886800000000003,386
CVE-2022-24167,Weighted,0.49886800000000003,387
CVE-2022-24168,Weighted,0.49886800000000003,388
CVE-2022-24170,Weighted,0.49886800000000003,389
CVE-2022-24171,Weighted,0.49886800000000003,390
CVE-2022-26994,Weighted,0.49886800000000003,391
CVE-2022-25135,Weighted,0.498802,392
CVE-2022-24768,Weighted,0.49874999999999997,393
CVE-2022-25132,Weighted,0.49872700000000003,394
CVE-2022-25133,Weighted,0.49872700000000003,395
CVE-2022-26992,Weighted,0.49872400000000006,396
CVE-2021-42561,Weighted,0.49871600000000005,397
CVE-2022-27003,Weighted,0.49870900000000007,398
CVE-2022-27004,Weighted,0.49870900000000007,399
CVE-2021-31522,Weighted,0.49870600000000004,400
CVE-2022-23128,Weighted,0.49865200000000004,401
CVE-2021-23555,Weighted,0.49862800000000007,402
CVE-2022-21391,Weighted,0.498624,403
CVE-2022-26990,Weighted,0.49861900000000003,404
CVE-2021-35683,Weighted,0.498573,405
CVE-2022-26995,Weighted,0.498553,406
CVE-2022-26996,Weighted,0.498553,407
CVE-2022-27811,Weighted,0.4985470000000001,408
CVE-2022-27083,Weighted,0.49853200000000003,409
CVE-2022-26495,Weighted,0.49850500000000003,410
CVE-2022-21276,Weighted,0.49841399999999997,411
CVE-2020-12775,Weighted,0.49840300000000004,412
CVE-2022-0265,Weighted,0.49837600000000004,413
CVE-2021-46361,Weighted,0.49834900000000004,414
CVE-2021-44247,Weighted,0.49833700000000003,415
CVE-2022-26208,Weighted,0.49833700000000003,416
CVE-2022-26211,Weighted,0.49833700000000003,417
CVE-2022-26212,Weighted,0.49833700000000003,418
CVE-2022-26214,Weighted,0.49833700000000003,419
CVE-2021-45334,Weighted,0.49828300000000003,420
CVE-2021-42940,Weighted,0.498255,421
CVE-2021-46394,Weighted,0.49821400000000005,422
CVE-2022-24148,Weighted,0.49817200000000006,423
CVE-2022-24150,Weighted,0.49817200000000006,424
CVE-2022-27082,Weighted,0.49810600000000005,425
CVE-2022-26991,Weighted,0.4980760000000001,426
CVE-2022-26993,Weighted,0.4980760000000001,427
CVE-2022-24553,Weighted,0.49807000000000007,428
CVE-2022-25329,Weighted,0.49806400000000006,429
CVE-2021-38697,Weighted,0.49805800000000006,430
CVE-2022-24720,Weighted,0.49805800000000006,431
CVE-2022-21647,Weighted,0.498013,432
CVE-2021-32008,Weighted,0.497988,433
CVE-2022-23603,Weighted,0.497982,434
CVE-2022-24651,Weighted,0.49795900000000004,435
CVE-2022-24652,Weighted,0.49795900000000004,436
CVE-2022-0767,Weighted,0.497955,437
CVE-2022-26289,Weighted,0.49788400000000005,438
CVE-2022-26290,Weighted,0.49788400000000005,439
CVE-2022-26536,Weighted,0.49788400000000005,440
CVE-2022-27076,Weighted,0.49788400000000005,441
CVE-2022-27077,Weighted,0.49788400000000005,442
CVE-2022-27078,Weighted,0.49788400000000005,443
CVE-2022-27079,Weighted,0.49788400000000005,444
CVE-2022-27080,Weighted,0.49788400000000005,445
CVE-2022-27081,Weighted,0.49788400000000005,446
CVE-2021-36302,Weighted,0.497799,447
CVE-2022-25420,Weighted,0.49779700000000005,448
CVE-2022-24984,Weighted,0.49778800000000006,449
CVE-2021-40247,Weighted,0.49777600000000005,450
CVE-2021-46007,Weighted,0.497773,451
CVE-2021-45951,Weighted,0.49777000000000005,452
CVE-2021-45952,Weighted,0.49777000000000005,453
CVE-2021-45953,Weighted,0.49777000000000005,454
CVE-2021-45954,Weighted,0.49777000000000005,455
CVE-2021-45956,Weighted,0.49777000000000005,456
CVE-2022-24305,Weighted,0.49776400000000004,457
CVE-2022-23884,Weighted,0.49775500000000006,458
CVE-2021-44622,Weighted,0.49772800000000006,459
CVE-2021-44626,Weighted,0.49772800000000006,460
CVE-2021-44627,Weighted,0.49772800000000006,461
CVE-2021-44628,Weighted,0.49772800000000006,462
CVE-2021-44629,Weighted,0.49772800000000006,463
CVE-2021-44630,Weighted,0.49772800000000006,464
CVE-2021-44631,Weighted,0.49772800000000006,465
CVE-2021-44632,Weighted,0.49772800000000006,466
CVE-2022-22929,Weighted,0.49772800000000006,467
CVE-2022-22912,Weighted,0.4976590000000001,468
CVE-2021-40908,Weighted,0.49760200000000004,469
CVE-2021-43479,Weighted,0.497557,470
CVE-2021-45955,Weighted,0.497557,471
CVE-2022-26645,Weighted,0.497557,472
CVE-2022-0841,Weighted,0.49753900000000006,473
CVE-2021-45401,Weighted,0.49750600000000006,474
CVE-2022-22928,Weighted,0.49750000000000005,475
CVE-2021-43299,Weighted,0.49747900000000006,476
CVE-2022-24677,Weighted,0.49747900000000006,477
CVE-2021-43736,Weighted,0.49744900000000003,478
CVE-2022-25757,Weighted,0.497443,479
CVE-2022-22055,Weighted,0.49740100000000004,480
CVE-2021-41193,Weighted,0.49739800000000006,481
CVE-2021-25981,Weighted,0.49739200000000006,482
CVE-2021-45957,Weighted,0.49734100000000003,483
CVE-2021-23158,Weighted,0.49730800000000003,484
CVE-2022-22687,Weighted,0.49729600000000007,485
CVE-2020-24770,Weighted,0.49728700000000003,486
CVE-2022-26174,Weighted,0.49726600000000004,487
CVE-2022-24306,Weighted,0.49714,488
CVE-2022-0811,Weighted,0.4971380000000001,489
CVE-2022-23992,Weighted,0.49712800000000007,490
CVE-2022-22532,Weighted,0.49711600000000006,491
CVE-2021-43300,Weighted,0.49706800000000007,492
CVE-2021-43301,Weighted,0.49706800000000007,493
CVE-2021-43303,Weighted,0.49706800000000007,494
CVE-2020-36062,Weighted,0.49704700000000007,495
CVE-2021-45834,Weighted,0.49691500000000005,496
CVE-2022-22814,Weighted,0.49690300000000004,497
CVE-2022-23337,Weighted,0.49686400000000003,498
CVE-2022-22056,Weighted,0.496777,499
CVE-2021-43298,Weighted,0.49676800000000004,500
CVE-2021-42637,Weighted,0.49675,501
CVE-2022-24310,Weighted,0.49668100000000004,502
CVE-2022-0691,Weighted,0.49666000000000005,503
CVE-2021-46384,Weighted,0.49665400000000004,504
CVE-2022-26206,Weighted,0.49665400000000004,505
CVE-2022-26207,Weighted,0.49665400000000004,506
CVE-2022-26209,Weighted,0.49665400000000004,507
CVE-2021-44736,Weighted,0.49664500000000006,508
CVE-2022-23126,Weighted,0.49662400000000007,509
CVE-2022-23878,Weighted,0.49660000000000004,510
CVE-2021-31326,Weighted,0.49659700000000007,511
CVE-2022-25130,Weighted,0.49659400000000004,512
CVE-2022-25131,Weighted,0.49659400000000004,513
CVE-2022-25136,Weighted,0.49659400000000004,514
CVE-2022-25137,Weighted,0.49659400000000004,515
CVE-2022-26293,Weighted,0.49659400000000004,516
CVE-2021-45899,Weighted,0.49656100000000003,517
CVE-2022-25495,Weighted,0.49653400000000003,518
CVE-2022-21990,Weighted,0.4965260000000001,519
CVE-2021-44978,Weighted,0.49649800000000005,520
CVE-2021-45327,Weighted,0.49641700000000005,521
CVE-2021-41609,Weighted,0.496414,522
CVE-2021-44617,Weighted,0.49636600000000003,523
CVE-2021-45807,Weighted,0.4963540000000001,524
CVE-2021-35689,Weighted,0.49635100000000004,525
CVE-2022-25643,Weighted,0.49632400000000004,526
CVE-2022-25096,Weighted,0.49630300000000005,527
CVE-2021-44971,Weighted,0.4963000000000001,528
CVE-2021-31617,Weighted,0.49626700000000007,529
CVE-2022-0748,Weighted,0.49626700000000007,530
CVE-2021-42786,Weighted,0.49625800000000003,531
CVE-2022-0318,Weighted,0.49625800000000003,532
CVE-2021-23484,Weighted,0.49615000000000004,533
CVE-2021-39623,Weighted,0.49612300000000004,534
CVE-2021-46427,Weighted,0.496111,535
CVE-2022-26285,Weighted,0.49608700000000006,536
CVE-2022-0254,Weighted,0.496084,537
CVE-2022-25263,Weighted,0.49608100000000005,538
CVE-2022-25016,Weighted,0.49604500000000007,539
CVE-2022-26205,Weighted,0.49604200000000004,540
CVE-2022-24259,Weighted,0.496003,541
CVE-2022-22586,Weighted,0.49600000000000005,542
CVE-2021-46089,Weighted,0.49598800000000004,543
CVE-2022-0320,Weighted,0.49596700000000005,544
CVE-2020-24769,Weighted,0.49593700000000007,545
CVE-2022-0224,Weighted,0.49593700000000007,546
CVE-2022-26284,Weighted,0.49593700000000007,547
CVE-2021-44259,Weighted,0.49587400000000004,548
CVE-2021-22803,Weighted,0.495829,549
CVE-2021-26706,Weighted,0.49581700000000006,550
CVE-2022-22273,Weighted,0.49579900000000005,551
CVE-2021-34235,Weighted,0.49579600000000007,552
CVE-2022-25517,Weighted,0.49579300000000004,553
CVE-2021-43090,Weighted,0.49577800000000005,554
CVE-2021-45990,Weighted,0.49576300000000006,555
CVE-2022-23304,Weighted,0.49570900000000007,556
CVE-2022-26184,Weighted,0.49570300000000006,557
CVE-2022-24047,Weighted,0.49568500000000004,558
CVE-2022-1000,Weighted,0.49567900000000004,559
CVE-2021-41928,Weighted,0.49564300000000006,560
CVE-2022-24136,Weighted,0.49564300000000006,561
CVE-2022-26249,Weighted,0.49564,562
CVE-2022-25251,Weighted,0.495613,563
CVE-2021-45986,Weighted,0.495607,564
CVE-2021-45987,Weighted,0.495607,565
CVE-2021-46703,Weighted,0.49558300000000005,566
CVE-2021-43509,Weighted,0.49555000000000005,567
CVE-2022-0694,Weighted,0.49554700000000007,568
CVE-2021-33945,Weighted,0.49553800000000003,569
CVE-2022-26279,Weighted,0.495526,570
CVE-2022-27919,Weighted,0.49552300000000005,571
CVE-2021-44249,Weighted,0.4954930000000001,572
CVE-2021-44908,Weighted,0.49548100000000006,573
CVE-2021-38172,Weighted,0.49547800000000003,574
CVE-2022-23315,Weighted,0.49545700000000004,575
CVE-2022-25246,Weighted,0.49542100000000006,576
CVE-2021-39070,Weighted,0.49541500000000005,577
CVE-2022-25578,Weighted,0.49540900000000004,578
CVE-2022-26255,Weighted,0.495364,579
CVE-2021-44623,Weighted,0.49534600000000006,580
CVE-2021-44625,Weighted,0.49534600000000006,581
CVE-2021-23543,Weighted,0.49528600000000006,582
CVE-2021-23594,Weighted,0.49528600000000006,583
CVE-2022-25417,Weighted,0.49528300000000003,584
CVE-2022-25418,Weighted,0.49528300000000003,585
CVE-2021-46198,Weighted,0.49525300000000005,586
CVE-2022-0895,Weighted,0.4952440000000001,587
CVE-2021-46262,Weighted,0.49520200000000003,588
CVE-2021-46263,Weighted,0.49520200000000003,589
CVE-2021-46264,Weighted,0.49520200000000003,590
CVE-2021-46265,Weighted,0.49520200000000003,591
CVE-2021-46321,Weighted,0.49520200000000003,592
CVE-2021-45364,Weighted,0.49517200000000006,593
CVE-2022-23880,Weighted,0.49517200000000006,594
CVE-2022-24595,Weighted,0.495169,595
CVE-2022-0664,Weighted,0.495142,596
CVE-2022-23855,Weighted,0.495136,597
CVE-2021-24949,Weighted,0.49511200000000005,598
CVE-2022-25521,Weighted,0.495082,599
CVE-2022-25427,Weighted,0.49507600000000007,600
CVE-2022-25428,Weighted,0.49507600000000007,601
CVE-2022-25429,Weighted,0.49507600000000007,602
CVE-2022-25431,Weighted,0.49507600000000007,603
CVE-2022-25433,Weighted,0.49507600000000007,604
CVE-2022-25435,Weighted,0.49507600000000007,605
CVE-2022-25437,Weighted,0.49507600000000007,606
CVE-2022-25439,Weighted,0.49507600000000007,607
CVE-2022-25440,Weighted,0.49507600000000007,608
CVE-2022-25446,Weighted,0.49507600000000007,609
CVE-2022-25447,Weighted,0.49507600000000007,610
CVE-2022-25448,Weighted,0.49507600000000007,611
CVE-2022-25449,Weighted,0.49507600000000007,612
CVE-2022-25451,Weighted,0.49507600000000007,613
CVE-2022-25452,Weighted,0.49507600000000007,614
CVE-2022-25453,Weighted,0.49507600000000007,615
CVE-2022-25454,Weighted,0.49507600000000007,616
CVE-2022-25455,Weighted,0.49507600000000007,617
CVE-2022-25456,Weighted,0.49507600000000007,618
CVE-2022-25457,Weighted,0.49507600000000007,619
CVE-2022-25458,Weighted,0.49507600000000007,620
CVE-2022-25459,Weighted,0.49507600000000007,621
CVE-2022-25460,Weighted,0.49507600000000007,622
CVE-2022-25461,Weighted,0.49507600000000007,623
CVE-2022-26278,Weighted,0.49507600000000007,624
CVE-2022-26198,Weighted,0.49506700000000003,625
CVE-2021-43110,Weighted,0.4950220000000001,626
CVE-2021-29396,Weighted,0.49501000000000006,627
CVE-2020-25905,Weighted,0.49499800000000005,628
CVE-2021-46463,Weighted,0.49498900000000007,629
CVE-2022-24300,Weighted,0.49498000000000003,630
CVE-2021-45809,Weighted,0.49494400000000005,631
CVE-2022-24766,Weighted,0.49493800000000004,632
CVE-2022-24961,Weighted,0.49493200000000004,633
CVE-2022-25222,Weighted,0.49492,634
CVE-2022-24571,Weighted,0.494914,635
CVE-2022-25003,Weighted,0.494914,636
CVE-2022-25004,Weighted,0.494914,637
CVE-2022-0401,Weighted,0.49486900000000006,638
CVE-2022-25139,Weighted,0.49484800000000007,639
CVE-2021-20001,Weighted,0.49484500000000003,640
CVE-2021-25007,Weighted,0.49482400000000004,641
CVE-2021-25070,Weighted,0.49482400000000004,642
CVE-2022-25490,Weighted,0.49482400000000004,643
CVE-2022-25492,Weighted,0.49482400000000004,644
CVE-2021-25992,Weighted,0.49480900000000005,645
CVE-2021-46061,Weighted,0.49479700000000004,646
CVE-2022-23314,Weighted,0.49478500000000003,647
CVE-2021-20325,Weighted,0.494779,648
CVE-2022-23901,Weighted,0.49476400000000004,649
CVE-2021-43506,Weighted,0.494725,650
CVE-2022-22295,Weighted,0.494725,651
CVE-2022-23335,Weighted,0.494725,652
CVE-2022-25403,Weighted,0.494725,653
CVE-2021-42854,Weighted,0.49470400000000003,654
CVE-2021-36294,Weighted,0.49468000000000006,655
CVE-2021-22801,Weighted,0.494671,656
CVE-2022-26283,Weighted,0.494671,657
CVE-2022-27240,Weighted,0.494671,658
CVE-2021-46200,Weighted,0.49466800000000005,659
CVE-2021-46201,Weighted,0.49466800000000005,660
CVE-2021-46307,Weighted,0.49466800000000005,661
CVE-2021-46308,Weighted,0.49466800000000005,662
CVE-2021-46309,Weighted,0.49466800000000005,663
CVE-2022-24609,Weighted,0.49465000000000003,664
CVE-2022-21142,Weighted,0.49464100000000005,665
CVE-2022-25394,Weighted,0.494611,666
CVE-2022-22632,Weighted,0.49460800000000005,667
CVE-2021-41842,Weighted,0.49460200000000004,668
CVE-2022-23340,Weighted,0.49451500000000004,669
CVE-2022-26201,Weighted,0.49448500000000006,670
CVE-2022-26314,Weighted,0.49446400000000007,671
CVE-2021-45876,Weighted,0.49445500000000003,672
CVE-2020-4879,Weighted,0.494443,673
CVE-2021-30636,Weighted,0.49442500000000006,674
CVE-2021-36166,Weighted,0.494416,675
CVE-2022-0362,Weighted,0.49440100000000003,676
CVE-2021-43142,Weighted,0.49439500000000003,677
CVE-2021-43958,Weighted,0.49439500000000003,678
CVE-2022-28205,Weighted,0.49438600000000005,679
CVE-2022-28206,Weighted,0.49438600000000005,680
CVE-2021-45005,Weighted,0.49436800000000003,681
CVE-2022-23390,Weighted,0.494362,682
CVE-2020-36064,Weighted,0.49435300000000004,683
CVE-2021-45330,Weighted,0.49434100000000003,684
CVE-2021-44245,Weighted,0.49433200000000005,685
CVE-2022-22641,Weighted,0.49433200000000005,686
CVE-2022-25621,Weighted,0.49432600000000004,687
CVE-2022-25262,Weighted,0.49432000000000004,688
CVE-2022-25299,Weighted,0.49429900000000004,689
CVE-2022-24307,Weighted,0.49427800000000005,690
CVE-2021-45331,Weighted,0.49426900000000007,691
CVE-2021-39363,Weighted,0.494254,692
CVE-2021-44868,Weighted,0.49423600000000006,693
CVE-2022-0080,Weighted,0.49423000000000006,694
CVE-2021-38278,Weighted,0.49422400000000005,695
CVE-2021-41736,Weighted,0.494194,696
CVE-2021-44618,Weighted,0.49418500000000004,697
CVE-2022-24752,Weighted,0.49417600000000006,698
CVE-2021-4171,Weighted,0.4941610000000001,699
CVE-2021-45865,Weighted,0.49415200000000004,700
CVE-2022-23253,Weighted,0.494128,701
CVE-2021-44610,Weighted,0.49412200000000006,702
CVE-2022-22880,Weighted,0.49412200000000006,703
CVE-2022-22881,Weighted,0.49412200000000006,704
CVE-2022-23379,Weighted,0.49412200000000006,705
CVE-2022-25095,Weighted,0.49411900000000003,706
CVE-2021-37354,Weighted,0.49408900000000006,707
CVE-2021-45740,Weighted,0.49408900000000006,708
CVE-2021-40595,Weighted,0.49406800000000006,709
CVE-2021-44620,Weighted,0.49405000000000004,710
CVE-2021-27797,Weighted,0.49404100000000006,711
CVE-2022-22704,Weighted,0.49400200000000005,712
CVE-2021-43049,Weighted,0.49397800000000003,713
CVE-2022-22922,Weighted,0.493972,714
CVE-2022-28209,Weighted,0.49396000000000007,715
CVE-2022-0766,Weighted,0.493945,716
CVE-2022-26260,Weighted,0.493945,717
CVE-2021-45802,Weighted,0.4939390000000001,718
CVE-2022-22989,Weighted,0.49393000000000004,719
CVE-2022-25045,Weighted,0.49392100000000005,720
CVE-2022-24552,Weighted,0.493918,721
CVE-2022-24600,Weighted,0.49391500000000005,722
CVE-2021-36152,Weighted,0.49390600000000007,723
CVE-2022-22885,Weighted,0.49390300000000004,724
CVE-2021-33046,Weighted,0.49388800000000005,725
CVE-2021-43420,Weighted,0.49386700000000006,726
CVE-2022-23640,Weighted,0.49382500000000007,727
CVE-2022-26169,Weighted,0.49382500000000007,728
CVE-2022-26170,Weighted,0.49382500000000007,729
CVE-2022-26171,Weighted,0.49382500000000007,730
CVE-2021-44550,Weighted,0.49380700000000005,731
CVE-2022-0559,Weighted,0.49378600000000006,732
CVE-2021-24044,Weighted,0.49378000000000005,733
CVE-2021-43735,Weighted,0.493777,734
CVE-2021-40596,Weighted,0.49376200000000003,735
CVE-2021-40907,Weighted,0.49376200000000003,736
CVE-2021-41472,Weighted,0.49376200000000003,737
CVE-2021-41659,Weighted,0.49376200000000003,738
CVE-2021-41660,Weighted,0.49376200000000003,739
CVE-2021-44092,Weighted,0.49376200000000003,740
CVE-2021-44244,Weighted,0.49376200000000003,741
CVE-2021-46451,Weighted,0.49376200000000003,742
CVE-2022-23364,Weighted,0.49376200000000003,743
CVE-2021-43086,Weighted,0.49374400000000007,744
CVE-2021-45756,Weighted,0.49372900000000003,745
CVE-2022-0570,Weighted,0.49372900000000003,746
CVE-2021-24042,Weighted,0.49372600000000005,747
CVE-2022-25396,Weighted,0.4937170000000001,748
CVE-2022-25398,Weighted,0.4937170000000001,749
CVE-2022-25399,Weighted,0.4937170000000001,750
CVE-2022-27250,Weighted,0.49371100000000007,751
CVE-2020-13675,Weighted,0.49370800000000004,752
CVE-2022-0982,Weighted,0.49370500000000006,753
CVE-2022-26646,Weighted,0.49370500000000006,754
CVE-2021-39708,Weighted,0.4936900000000001,755
CVE-2021-41471,Weighted,0.49368400000000007,756
CVE-2022-23365,Weighted,0.49368400000000007,757
CVE-2021-3242,Weighted,0.49368100000000004,758
CVE-2022-0139,Weighted,0.49368100000000004,759
CVE-2022-23799,Weighted,0.49367500000000003,760
CVE-2022-22635,Weighted,0.49367200000000006,761
CVE-2021-40010,Weighted,0.49366000000000004,762
CVE-2022-25880,Weighted,0.49365700000000007,763
CVE-2022-25980,Weighted,0.49365700000000007,764
CVE-2022-26059,Weighted,0.49365700000000007,765
CVE-2022-26065,Weighted,0.49365700000000007,766
CVE-2022-26069,Weighted,0.49365700000000007,767
CVE-2022-26338,Weighted,0.49365700000000007,768
CVE-2022-26349,Weighted,0.49365700000000007,769
CVE-2022-26514,Weighted,0.49365700000000007,770
CVE-2022-26666,Weighted,0.49365700000000007,771
CVE-2022-26667,Weighted,0.49365700000000007,772
CVE-2022-26836,Weighted,0.49365700000000007,773
CVE-2022-27175,Weighted,0.49365700000000007,774
CVE-2022-0239,Weighted,0.49365100000000006,775
CVE-2021-39384,Weighted,0.493642,776
CVE-2020-28102,Weighted,0.49363900000000005,777
CVE-2022-21217,Weighted,0.49363900000000005,778
CVE-2022-23358,Weighted,0.49363900000000005,779
CVE-2022-23902,Weighted,0.49363900000000005,780
CVE-2022-24206,Weighted,0.49363900000000005,781
CVE-2013-20004,Weighted,0.49363300000000004,782
CVE-2016-1239,Weighted,0.49363300000000004,783
CVE-2021-46446,Weighted,0.49363300000000004,784
CVE-2022-22987,Weighted,0.49363300000000004,785
CVE-2022-23848,Weighted,0.49363300000000004,786
CVE-2021-27426,Weighted,0.49363000000000007,787
CVE-2021-27428,Weighted,0.49363000000000007,788
CVE-2022-0086,Weighted,0.49362100000000003,789
CVE-2021-45786,Weighted,0.49359400000000003,790
CVE-2021-46444,Weighted,0.49358500000000005,791
CVE-2021-46445,Weighted,0.49358500000000005,792
CVE-2021-46448,Weighted,0.49358500000000005,793
CVE-2021-46093,Weighted,0.49355800000000005,794
CVE-2022-24704,Weighted,0.49354600000000004,795
CVE-2022-24705,Weighted,0.49354600000000004,796
CVE-2021-46033,Weighted,0.493528,797
CVE-2022-22642,Weighted,0.49351000000000006,798
CVE-2021-43394,Weighted,0.49350700000000003,799
CVE-2022-26273,Weighted,0.49350400000000005,800
CVE-2021-45389,Weighted,0.49349800000000005,801
CVE-2022-26100,Weighted,0.49349200000000004,802
CVE-2021-29215,Weighted,0.49348000000000003,803
CVE-2021-46660,Weighted,0.493474,804
CVE-2022-22847,Weighted,0.49346500000000004,805
CVE-2022-24602,Weighted,0.49346500000000004,806
CVE-2022-24603,Weighted,0.49346500000000004,807
CVE-2022-24604,Weighted,0.49346500000000004,808
CVE-2022-24605,Weighted,0.49346500000000004,809
CVE-2022-24606,Weighted,0.49346500000000004,810
CVE-2022-24607,Weighted,0.49346500000000004,811
CVE-2022-24568,Weighted,0.49345300000000003,812
CVE-2022-22294,Weighted,0.49344400000000005,813
CVE-2022-23795,Weighted,0.493441,814
CVE-2022-22770,Weighted,0.49343800000000004,815
CVE-2022-24331,Weighted,0.49343800000000004,816
CVE-2021-46110,Weighted,0.49342300000000006,817
CVE-2021-45877,Weighted,0.49337800000000004,818
CVE-2020-14115,Weighted,0.493366,819
CVE-2021-43700,Weighted,0.49333600000000005,820
CVE-2021-44090,Weighted,0.49333000000000005,821
CVE-2022-23797,Weighted,0.49331800000000003,822
CVE-2020-28103,Weighted,0.49328800000000006,823
CVE-2021-45435,Weighted,0.49328800000000006,824
CVE-2022-23336,Weighted,0.49328800000000006,825
CVE-2022-24219,Weighted,0.49328800000000006,826
CVE-2022-24220,Weighted,0.49328800000000006,827
CVE-2022-24221,Weighted,0.49328800000000006,828
CVE-2022-24222,Weighted,0.49328800000000006,829
CVE-2021-46204,Weighted,0.49328200000000005,830
CVE-2021-44530,Weighted,0.4932730000000001,831
CVE-2022-22810,Weighted,0.4932730000000001,832
CVE-2021-40050,Weighted,0.49327000000000004,833
CVE-2021-22820,Weighted,0.493252,834
CVE-2021-45977,Weighted,0.49324900000000005,835
CVE-2022-23882,Weighted,0.49324000000000007,836
CVE-2022-23899,Weighted,0.49324000000000007,837
CVE-2022-25494,Weighted,0.49324000000000007,838
CVE-2022-25505,Weighted,0.49324000000000007,839
CVE-2022-26301,Weighted,0.49324000000000007,840
CVE-2022-22813,Weighted,0.49321300000000007,841
CVE-2021-45898,Weighted,0.49320700000000006,842
CVE-2021-43636,Weighted,0.49320400000000003,843
CVE-2022-24988,Weighted,0.49320400000000003,844
CVE-2022-25337,Weighted,0.49317700000000003,845
CVE-2021-39979,Weighted,0.49316200000000004,846
CVE-2022-24074,Weighted,0.49315600000000004,847
CVE-2022-24955,Weighted,0.49315600000000004,848
CVE-2022-0923,Weighted,0.49313500000000005,849
CVE-2022-25404,Weighted,0.49308700000000005,850
CVE-2022-25405,Weighted,0.49308700000000005,851
CVE-2022-25406,Weighted,0.49308700000000005,852
CVE-2022-24340,Weighted,0.49308100000000005,853
CVE-2022-23730,Weighted,0.49307200000000007,854
CVE-2022-23402,Weighted,0.49299100000000007,855
CVE-2022-0845,Weighted,0.49294000000000004,856
CVE-2021-46024,Weighted,0.49290400000000006,857
CVE-2022-21194,Weighted,0.49290400000000006,858
CVE-2022-23363,Weighted,0.49290400000000006,859
CVE-2022-26313,Weighted,0.49290400000000006,860
CVE-2022-0339,Weighted,0.49288600000000005,861
CVE-2021-43084,Weighted,0.49286800000000003,862
CVE-2021-46377,Weighted,0.49286800000000003,863
CVE-2022-26268,Weighted,0.49286800000000003,864
CVE-2022-0631,Weighted,0.49276600000000004,865
CVE-2020-4877,Weighted,0.492694,866
CVE-2021-22434,Weighted,0.492694,867
CVE-2021-22429,Weighted,0.49268200000000006,868
CVE-2021-22432,Weighted,0.49268200000000006,869
CVE-2021-37120,Weighted,0.49266400000000005,870
CVE-2021-37128,Weighted,0.49262200000000006,871
CVE-2021-22426,Weighted,0.49261900000000003,872
CVE-2021-22433,Weighted,0.49261900000000003,873
CVE-2021-39994,Weighted,0.492586,874
CVE-2021-22430,Weighted,0.49256200000000006,875
CVE-2021-39996,Weighted,0.49252900000000005,876
CVE-2021-39997,Weighted,0.49238800000000005,877
CVE-2021-22431,Weighted,0.49228900000000003,878
CVE-2021-39993,Weighted,0.49226800000000004,879
CVE-2021-39990,Weighted,0.492256,880
CVE-2021-22480,Weighted,0.492223,881
CVE-2021-37121,Weighted,0.492223,882
CVE-2021-40046,Weighted,0.492223,883
CVE-2021-29656,Weighted,0.49204000000000003,884
CVE-2021-1049,Weighted,0.49199800000000005,885
CVE-2021-40855,Weighted,0.49198000000000003,886
CVE-2021-35380,Weighted,0.491862,887
CVE-2021-39616,Weighted,0.49174900000000005,888
CVE-2021-39658,Weighted,0.4917190000000001,889
CVE-2021-29655,Weighted,0.491611,890
CVE-2021-39710,Weighted,0.49155400000000005,891
CVE-2021-39720,Weighted,0.49155400000000005,892
CVE-2021-39723,Weighted,0.49155400000000005,893
CVE-2021-39737,Weighted,0.49155400000000005,894
CVE-2021-25076,Weighted,0.4913600000000001,895
CVE-2022-22005,Weighted,0.49047500000000005,896
CVE-2022-24295,Weighted,0.48971300000000006,897
CVE-2022-21241,Weighted,0.48952199999999996,898
CVE-2021-26622,Weighted,0.489102,899
CVE-2021-40909,Weighted,0.486543,900
CVE-2021-24814,Weighted,0.486255,901
CVE-2022-0290,Weighted,0.486114,902
CVE-2021-4201,Weighted,0.48598199999999997,903
CVE-2022-25069,Weighted,0.48588299999999995,904
CVE-2022-20658,Weighted,0.48417899999999997,905
CVE-2022-22114,Weighted,0.483888,906
CVE-2022-20650,Weighted,0.48365,907
CVE-2022-25395,Weighted,0.48311099999999996,908
CVE-2022-0097,Weighted,0.482682,909
CVE-2021-25010,Weighted,0.481836,910
CVE-2021-37208,Weighted,0.481605,911
CVE-2021-44967,Weighted,0.48050600000000004,912
CVE-2021-44709,Weighted,0.47985300000000003,913
CVE-2022-0364,Weighted,0.478656,914
CVE-2021-44664,Weighted,0.47834600000000005,915
CVE-2022-21824,Weighted,0.47454199999999996,916
CVE-2020-25176,Weighted,0.47426299999999993,917
CVE-2021-42787,Weighted,0.473984,918
CVE-2022-24711,Weighted,0.473519,919
CVE-2022-0715,Weighted,0.47254699999999994,920
CVE-2021-43942,Weighted,0.47109199999999996,921
CVE-2021-46378,Weighted,0.47058900000000004,922
CVE-2022-21817,Weighted,0.470247,923
CVE-2022-0742,Weighted,0.470114,924
CVE-2022-0832,Weighted,0.46986000000000006,925
CVE-2022-0572,Weighted,0.469749,926
CVE-2021-30317,Weighted,0.469167,927
CVE-2022-24715,Weighted,0.46901,928
CVE-2022-26131,Weighted,0.468963,929
CVE-2022-26965,Weighted,0.468771,930
CVE-2022-21723,Weighted,0.46843399999999996,931
CVE-2021-21965,Weighted,0.468063,932
CVE-2021-43052,Weighted,0.46756200000000003,933
CVE-2021-46360,Weighted,0.46754900000000005,934
CVE-2022-20624,Weighted,0.46721199999999996,935
CVE-2021-44673,Weighted,0.46688900000000005,936
CVE-2021-40525,Weighted,0.466118,937
CVE-2021-42833,Weighted,0.465633,938
CVE-2022-20623,Weighted,0.465577,939
CVE-2021-30275,Weighted,0.46546200000000004,940
CVE-2021-30276,Weighted,0.46546200000000004,941
CVE-2021-30285,Weighted,0.46544100000000005,942
CVE-2022-26629,Weighted,0.46466599999999997,943
CVE-2022-23614,Weighted,0.46462700000000007,944
CVE-2022-1058,Weighted,0.46453099999999997,945
CVE-2022-23806,Weighted,0.46429699999999996,946
CVE-2022-24303,Weighted,0.46363699999999997,947
CVE-2022-25312,Weighted,0.463574,948
CVE-2021-45079,Weighted,0.463352,949
CVE-2021-46063,Weighted,0.46319299999999997,950
CVE-2019-16864,Weighted,0.46314200000000005,951
CVE-2021-32849,Weighted,0.4629500000000001,952
CVE-2022-23096,Weighted,0.462794,953
CVE-2022-21722,Weighted,0.46221499999999993,954
CVE-2022-25260,Weighted,0.46217299999999994,955
CVE-2022-23097,Weighted,0.46211599999999997,956
CVE-2022-0860,Weighted,0.46176799999999996,957
CVE-2022-24790,Weighted,0.46157299999999996,958
CVE-2022-0365,Weighted,0.46154599999999996,959
CVE-2021-43302,Weighted,0.461537,960
CVE-2021-3850,Weighted,0.46151,961
CVE-2021-46164,Weighted,0.46140800000000004,962
CVE-2021-33293,Weighted,0.46129699999999996,963
CVE-2022-24387,Weighted,0.461174,964
CVE-2021-42640,Weighted,0.46112899999999996,965
CVE-2022-23959,Weighted,0.46091899999999997,966
CVE-2022-0686,Weighted,0.460481,967
CVE-2022-24976,Weighted,0.46046,968
CVE-2021-46398,Weighted,0.45998900000000004,969
CVE-2022-0768,Weighted,0.45992599999999995,970
CVE-2022-0623,Weighted,0.45991099999999996,971
CVE-2021-45341,Weighted,0.45985100000000007,972
CVE-2022-25402,Weighted,0.459827,973
CVE-2021-42853,Weighted,0.45970399999999995,974
CVE-2021-42767,Weighted,0.45958699999999997,975
CVE-2022-22952,Weighted,0.45952099999999996,976
CVE-2021-28506,Weighted,0.45925399999999994,977
CVE-2022-23408,Weighted,0.45925099999999996,978
CVE-2022-26546,Weighted,0.45921799999999996,979
CVE-2022-22544,Weighted,0.45919699999999997,980
CVE-2022-0671,Weighted,0.45878599999999997,981
CVE-2022-0871,Weighted,0.45871999999999996,982
CVE-2022-25577,Weighted,0.45864499999999997,983
CVE-2022-23383,Weighted,0.45860599999999996,984
CVE-2022-0525,Weighted,0.45848599999999995,985
CVE-2021-24043,Weighted,0.45835699999999996,986
CVE-2021-45878,Weighted,0.45833299999999993,987
CVE-2022-28223,Weighted,0.458273,988
CVE-2021-45490,Weighted,0.458261,989
CVE-2022-1106,Weighted,0.45814099999999996,990
CVE-2022-21644,Weighted,0.45811099999999993,991
CVE-2022-21669,Weighted,0.45809599999999995,992
CVE-2022-22374,Weighted,0.45800299999999994,993
CVE-2022-25010,Weighted,0.45800299999999994,994
CVE-2022-25098,Weighted,0.45796099999999995,995
CVE-2022-26320,Weighted,0.45790099999999995,996
CVE-2022-0717,Weighted,0.457763,997
CVE-2021-28500,Weighted,0.45760399999999996,998
CVE-2021-4070,Weighted,0.457574,999
CVE-2021-22805,Weighted,0.45754999999999996,1000
CVE-2021-28501,Weighted,0.45753199999999994,1001
CVE-2021-22394,Weighted,0.45752899999999996,1002
CVE-2021-34994,Weighted,0.4573670000000001,1003
CVE-2021-46743,Weighted,0.45736699999999997,1004
CVE-2021-37116,Weighted,0.45722299999999994,1005
CVE-2021-22448,Weighted,0.457217,1006
CVE-2022-23648,Weighted,0.457176,1007
CVE-2021-40053,Weighted,0.45711799999999997,1008
CVE-2022-23610,Weighted,0.45709099999999997,1009
CVE-2022-23631,Weighted,0.456996,1010
CVE-2021-39982,Weighted,0.45691099999999996,1011
CVE-2021-39635,Weighted,0.45649999999999996,1012
CVE-2022-24123,Weighted,0.455835,1013
CVE-2021-44651,Weighted,0.45578900000000006,1014
CVE-2021-25082,Weighted,0.45568700000000006,1015
CVE-2021-34805,Weighted,0.455469,1016
CVE-2022-21686,Weighted,0.455358,1017
CVE-2022-23626,Weighted,0.45462199999999997,1018
CVE-2022-21984,Weighted,0.45439100000000004,1019
CVE-2021-40420,Weighted,0.45406100000000005,1020
CVE-2021-45897,Weighted,0.45382400000000006,1021
CVE-2021-41987,Weighted,0.45368699999999995,1022
CVE-2022-24724,Weighted,0.45353000000000004,1023
CVE-2022-26019,Weighted,0.45349100000000003,1024
CVE-2022-21969,Weighted,0.453351,1025
CVE-2022-21846,Weighted,0.45318,1026
CVE-2022-22115,Weighted,0.453102,1027
CVE-2022-25008,Weighted,0.45299000000000006,1028
CVE-2022-21901,Weighted,0.452784,1029
CVE-2022-21855,Weighted,0.452781,1030
CVE-2021-34997,Weighted,0.45274400000000004,1031
CVE-2021-44701,Weighted,0.452718,1032
CVE-2021-45960,Weighted,0.45270200000000005,1033
CVE-2022-0439,Weighted,0.45246800000000004,1034
CVE-2022-24407,Weighted,0.4523690000000001,1035
CVE-2022-24384,Weighted,0.45227000000000006,1036
CVE-2022-24046,Weighted,0.4522550000000001,1037
CVE-2022-22265,Weighted,0.451176,1038
CVE-2021-40904,Weighted,0.45107600000000003,1039
CVE-2021-44981,Weighted,0.45099500000000003,1040
CVE-2022-22834,Weighted,0.45047000000000004,1041
CVE-2021-41018,Weighted,0.44996900000000006,1042
CVE-2021-46076,Weighted,0.44991800000000004,1043
CVE-2022-25241,Weighted,0.4498130000000001,1044
CVE-2022-24342,Weighted,0.44975600000000004,1045
CVE-2022-27946,Weighted,0.44974100000000006,1046
CVE-2022-21840,Weighted,0.44930300000000006,1047
CVE-2021-46113,Weighted,0.44929100000000005,1048
CVE-2021-34865,Weighted,0.44922500000000004,1049
CVE-2022-26846,Weighted,0.44918900000000006,1050
CVE-2021-24962,Weighted,0.44912300000000005,1051
CVE-2021-25036,Weighted,0.4490990000000001,1052
CVE-2021-40905,Weighted,0.44908100000000006,1053
CVE-2021-25052,Weighted,0.44895500000000005,1054
CVE-2022-27945,Weighted,0.44883500000000004,1055
CVE-2021-33964,Weighted,0.44861300000000004,1056
CVE-2021-33965,Weighted,0.44861300000000004,1057
CVE-2022-27947,Weighted,0.4485950000000001,1058
CVE-2022-22723,Weighted,0.44846600000000003,1059
CVE-2022-22826,Weighted,0.44840300000000005,1060
CVE-2022-22827,Weighted,0.44840300000000005,1061
CVE-2022-22725,Weighted,0.44836700000000007,1062
CVE-2022-21850,Weighted,0.44834900000000005,1063
CVE-2022-21851,Weighted,0.44834900000000005,1064
CVE-2022-21920,Weighted,0.4483130000000001,1065
CVE-2022-21922,Weighted,0.4483130000000001,1066
CVE-2022-25018,Weighted,0.4481240000000001,1067
CVE-2022-24971,Weighted,0.44810000000000005,1068
CVE-2021-45821,Weighted,0.44802500000000006,1069
CVE-2022-24125,Weighted,0.44802500000000006,1070
CVE-2021-41001,Weighted,0.44800400000000007,1071
CVE-2022-22825,Weighted,0.4479080000000001,1072
CVE-2022-24254,Weighted,0.44780000000000003,1073
CVE-2021-41000,Weighted,0.4477880000000001,1074
CVE-2022-26504,Weighted,0.44771000000000005,1075
CVE-2022-24508,Weighted,0.44764100000000007,1076
CVE-2022-24357,Weighted,0.44762900000000005,1077
CVE-2022-24358,Weighted,0.44762900000000005,1078
CVE-2022-24359,Weighted,0.44762900000000005,1079
CVE-2022-24360,Weighted,0.44762900000000005,1080
CVE-2022-24361,Weighted,0.44762900000000005,1081
CVE-2022-24362,Weighted,0.44762900000000005,1082
CVE-2022-24363,Weighted,0.44762900000000005,1083
CVE-2022-24364,Weighted,0.44762900000000005,1084
CVE-2022-24365,Weighted,0.44762900000000005,1085
CVE-2022-24366,Weighted,0.44762900000000005,1086
CVE-2022-24367,Weighted,0.44762900000000005,1087
CVE-2022-24369,Weighted,0.44762900000000005,1088
CVE-2020-28679,Weighted,0.44759600000000005,1089
CVE-2022-21857,Weighted,0.44748800000000005,1090
CVE-2022-22771,Weighted,0.44735300000000006,1091
CVE-2021-44123,Weighted,0.44718800000000003,1092
CVE-2022-24356,Weighted,0.44702300000000006,1093
CVE-2022-24252,Weighted,0.44699900000000004,1094
CVE-2022-24985,Weighted,0.4469600000000001,1095
CVE-2021-39280,Weighted,0.44693900000000003,1096
CVE-2021-46097,Weighted,0.44689100000000004,1097
CVE-2022-23294,Weighted,0.44688800000000006,1098
CVE-2022-24289,Weighted,0.4468460000000001,1099
CVE-2022-20617,Weighted,0.44683100000000003,1100
CVE-2021-24959,Weighted,0.44674700000000006,1101
CVE-2020-18326,Weighted,0.44672900000000004,1102
CVE-2021-41599,Weighted,0.44666900000000004,1103
CVE-2021-21408,Weighted,0.44666000000000006,1104
CVE-2022-22394,Weighted,0.44663300000000006,1105
CVE-2022-27223,Weighted,0.44645300000000004,1106
CVE-2021-42560,Weighted,0.44644400000000006,1107
CVE-2022-23274,Weighted,0.4464350000000001,1108
CVE-2022-25292,Weighted,0.4463270000000001,1109
CVE-2022-25293,Weighted,0.4463270000000001,1110
CVE-2022-23616,Weighted,0.44629100000000005,1111
CVE-2021-32650,Weighted,0.4462610000000001,1112
CVE-2020-25721,Weighted,0.44619200000000003,1113
CVE-2022-24355,Weighted,0.44617400000000007,1114
CVE-2021-43799,Weighted,0.446158,1115
CVE-2022-0355,Weighted,0.4460720000000001,1116
CVE-2021-44892,Weighted,0.44606300000000004,1117
CVE-2021-39031,Weighted,0.44605100000000003,1118
CVE-2021-45008,Weighted,0.4458770000000001,1119
CVE-2021-42559,Weighted,0.4458710000000001,1120
CVE-2022-1049,Weighted,0.44585900000000006,1121
CVE-2021-20046,Weighted,0.4458170000000001,1122
CVE-2021-20048,Weighted,0.4458170000000001,1123
CVE-2022-24299,Weighted,0.4457960000000001,1124
CVE-2022-23330,Weighted,0.44577800000000006,1125
CVE-2021-3738,Weighted,0.44575400000000004,1126
CVE-2022-24644,Weighted,0.4456880000000001,1127
CVE-2021-44648,Weighted,0.44567300000000004,1128
CVE-2021-22748,Weighted,0.44556500000000004,1129
CVE-2022-22994,Weighted,0.44555900000000004,1130
CVE-2022-24262,Weighted,0.44547500000000007,1131
CVE-2021-34257,Weighted,0.4454660000000001,1132
CVE-2021-45268,Weighted,0.44546300000000005,1133
CVE-2022-0204,Weighted,0.44542400000000004,1134
CVE-2022-25291,Weighted,0.44541200000000003,1135
CVE-2022-22150,Weighted,0.44538500000000003,1136
CVE-2022-24354,Weighted,0.44536400000000004,1137
CVE-2021-43999,Weighted,0.4453520000000001,1138
CVE-2021-43970,Weighted,0.44533100000000003,1139
CVE-2021-45406,Weighted,0.4453250000000001,1140
CVE-2021-38965,Weighted,0.44528300000000004,1141
CVE-2021-43971,Weighted,0.44523200000000007,1142
CVE-2021-43973,Weighted,0.44512100000000004,1143
CVE-2021-43304,Weighted,0.4450160000000001,1144
CVE-2021-43305,Weighted,0.4450160000000001,1145
CVE-2022-0258,Weighted,0.44497400000000004,1146
CVE-2021-43075,Weighted,0.44486900000000007,1147
CVE-2022-0729,Weighted,0.44486600000000004,1148
CVE-2020-25722,Weighted,0.44481800000000005,1149
CVE-2022-23118,Weighted,0.44480900000000007,1150
CVE-2022-25181,Weighted,0.44480300000000006,1151
CVE-2022-25182,Weighted,0.44480300000000006,1152
CVE-2022-22688,Weighted,0.4447940000000001,1153
CVE-2020-25718,Weighted,0.44478500000000004,1154
CVE-2022-26183,Weighted,0.44478200000000007,1155
CVE-2021-45394,Weighted,0.44474300000000005,1156
CVE-2021-42950,Weighted,0.4447130000000001,1157
CVE-2021-42951,Weighted,0.4447130000000001,1158
CVE-2022-25183,Weighted,0.4447130000000001,1159
CVE-2021-25030,Weighted,0.4446860000000001,1160
CVE-2022-22590,Weighted,0.44466500000000003,1161
CVE-2021-25994,Weighted,0.44464700000000007,1162
CVE-2022-0478,Weighted,0.4446050000000001,1163
CVE-2021-34978,Weighted,0.44456000000000007,1164
CVE-2021-24919,Weighted,0.44455100000000003,1165
CVE-2022-0411,Weighted,0.44455100000000003,1166
CVE-2021-45222,Weighted,0.4445180000000001,1167
CVE-2022-25267,Weighted,0.44450600000000007,1168
CVE-2022-0100,Weighted,0.44450000000000006,1169
CVE-2022-0115,Weighted,0.44448800000000005,1170
CVE-2022-24676,Weighted,0.44447600000000004,1171
CVE-2021-25069,Weighted,0.44446100000000005,1172
CVE-2022-1030,Weighted,0.44446100000000005,1173
CVE-2021-4080,Weighted,0.44442200000000004,1174
CVE-2022-0687,Weighted,0.44438600000000006,1175
CVE-2022-25173,Weighted,0.44433200000000006,1176
CVE-2022-25174,Weighted,0.4443290000000001,1177
CVE-2021-44737,Weighted,0.44430500000000006,1178
CVE-2022-0101,Weighted,0.44423900000000005,1179
CVE-2022-0896,Weighted,0.44423000000000007,1180
CVE-2022-23346,Weighted,0.44421200000000005,1181
CVE-2022-25175,Weighted,0.44421200000000005,1182
CVE-2022-23652,Weighted,0.44419100000000006,1183
CVE-2021-43073,Weighted,0.44415800000000005,1184
CVE-2022-24255,Weighted,0.4441280000000001,1185
CVE-2021-34979,Weighted,0.4441220000000001,1186
CVE-2021-34980,Weighted,0.44411600000000007,1187
CVE-2022-0096,Weighted,0.44408300000000006,1188
CVE-2021-45806,Weighted,0.44406500000000004,1189
CVE-2021-4133,Weighted,0.4440410000000001,1190
CVE-2022-22941,Weighted,0.44403800000000004,1191
CVE-2022-0104,Weighted,0.44403200000000004,1192
CVE-2022-24251,Weighted,0.4440200000000001,1193
CVE-2021-43269,Weighted,0.44401700000000005,1194
CVE-2021-46114,Weighted,0.44401700000000005,1195
CVE-2021-32649,Weighted,0.44400800000000007,1196
CVE-2022-24450,Weighted,0.44399000000000005,1197
CVE-2021-24952,Weighted,0.44395400000000007,1198
CVE-2021-25054,Weighted,0.44395400000000007,1199
CVE-2022-0410,Weighted,0.44395400000000007,1200
CVE-2022-22735,Weighted,0.44395400000000007,1201
CVE-2022-25360,Weighted,0.44394200000000006,1202
CVE-2022-0102,Weighted,0.44393600000000005,1203
CVE-2021-45808,Weighted,0.44391500000000006,1204
CVE-2022-0106,Weighted,0.44391500000000006,1205
CVE-2022-24253,Weighted,0.4439120000000001,1206
CVE-2022-24770,Weighted,0.44389400000000007,1207
CVE-2022-0190,Weighted,0.44387600000000005,1208
CVE-2022-26266,Weighted,0.44387600000000005,1209
CVE-2022-0105,Weighted,0.44387000000000004,1210
CVE-2022-23873,Weighted,0.44384300000000004,1211
CVE-2022-22689,Weighted,0.44384000000000007,1212
CVE-2021-46010,Weighted,0.44372900000000004,1213
CVE-2022-22727,Weighted,0.44370500000000007,1214
CVE-2022-0386,Weighted,0.44368700000000005,1215
CVE-2021-24864,Weighted,0.4436630000000001,1216
CVE-2021-40410,Weighted,0.44362799999999997,1217
CVE-2022-0103,Weighted,0.4436240000000001,1218
CVE-2021-4154,Weighted,0.44361800000000007,1219
CVE-2021-22826,Weighted,0.4436030000000001,1220
CVE-2021-22827,Weighted,0.4436030000000001,1221
CVE-2022-25023,Weighted,0.44358500000000006,1222
CVE-2022-0099,Weighted,0.44355200000000006,1223
CVE-2021-45803,Weighted,0.44353700000000007,1224
CVE-2022-23331,Weighted,0.44352500000000006,1225
CVE-2022-23559,Weighted,0.44351900000000005,1226
CVE-2022-0981,Weighted,0.44350400000000006,1227
CVE-2021-46242,Weighted,0.44349200000000005,1228
CVE-2022-24947,Weighted,0.44348000000000004,1229
CVE-2021-33828,Weighted,0.4434680000000001,1230
CVE-2021-41598,Weighted,0.4434560000000001,1231
CVE-2022-1064,Weighted,0.4434560000000001,1232
CVE-2021-26726,Weighted,0.44344400000000006,1233
CVE-2021-34977,Weighted,0.44343800000000005,1234
CVE-2022-23604,Weighted,0.44338700000000003,1235
CVE-2022-23858,Weighted,0.44336300000000006,1236
CVE-2022-25211,Weighted,0.44333000000000006,1237
CVE-2022-25209,Weighted,0.4433210000000001,1238
CVE-2022-25208,Weighted,0.44329100000000005,1239
CVE-2021-40662,Weighted,0.44328800000000007,1240
CVE-2021-43852,Weighted,0.44328200000000006,1241
CVE-2021-44302,Weighted,0.4432670000000001,1242
CVE-2022-21808,Weighted,0.44317700000000004,1243
CVE-2022-25510,Weighted,0.4431530000000001,1244
CVE-2021-4101,Weighted,0.4431260000000001,1245
CVE-2022-22985,Weighted,0.4431260000000001,1246
CVE-2021-41597,Weighted,0.4430990000000001,1247
CVE-2022-22113,Weighted,0.4430720000000001,1248
CVE-2022-0484,Weighted,0.4429910000000001,1249
CVE-2022-22111,Weighted,0.44298800000000005,1250
CVE-2022-0366,Weighted,0.44297000000000003,1251
CVE-2022-22509,Weighted,0.44297000000000003,1252
CVE-2022-23380,Weighted,0.4429100000000001,1253
CVE-2021-45791,Weighted,0.44290700000000005,1254
CVE-2022-22854,Weighted,0.44284100000000004,1255
CVE-2022-22729,Weighted,0.44283500000000003,1256
CVE-2022-0107,Weighted,0.4428230000000001,1257
CVE-2022-0983,Weighted,0.4428020000000001,1258
CVE-2022-0098,Weighted,0.44279900000000005,1259
CVE-2021-36625,Weighted,0.44278400000000007,1260
CVE-2022-23566,Weighted,0.44277200000000005,1261
CVE-2021-46008,Weighted,0.44275400000000004,1262
CVE-2021-45033,Weighted,0.44271800000000006,1263
CVE-2022-23644,Weighted,0.4427150000000001,1264
CVE-2022-27245,Weighted,0.44268500000000005,1265
CVE-2022-23587,Weighted,0.44266400000000006,1266
CVE-2022-24551,Weighted,0.44265800000000005,1267
CVE-2022-0270,Weighted,0.44264000000000003,1268
CVE-2022-0311,Weighted,0.44263100000000005,1269
CVE-2022-22934,Weighted,0.44262500000000005,1270
CVE-2021-40416,Weighted,0.4426010000000001,1271
CVE-2021-3967,Weighted,0.4425140000000001,1272
CVE-2022-23560,Weighted,0.44251100000000004,1273
CVE-2022-23574,Weighted,0.44251100000000004,1274
CVE-2022-22936,Weighted,0.44248100000000007,1275
CVE-2022-0215,Weighted,0.4424600000000001,1276
CVE-2022-23888,Weighted,0.4424600000000001,1277
CVE-2021-37197,Weighted,0.44244800000000006,1278
CVE-2021-40412,Weighted,0.442431,1279
CVE-2021-43077,Weighted,0.44243000000000005,1280
CVE-2022-0197,Weighted,0.44243000000000005,1281
CVE-2022-0310,Weighted,0.44242700000000007,1282
CVE-2022-23013,Weighted,0.44239100000000003,1283
CVE-2022-25199,Weighted,0.44236100000000006,1284
CVE-2022-25206,Weighted,0.44236100000000006,1285
CVE-2021-25051,Weighted,0.4423190000000001,1286
CVE-2021-29845,Weighted,0.4422980000000001,1287
CVE-2021-46366,Weighted,0.44227400000000006,1288
CVE-2021-4099,Weighted,0.44225000000000003,1289
CVE-2021-4100,Weighted,0.44225000000000003,1290
CVE-2022-0293,Weighted,0.44225000000000003,1291
CVE-2022-0295,Weighted,0.44225000000000003,1292
CVE-2022-0296,Weighted,0.44225000000000003,1293
CVE-2022-0297,Weighted,0.44225000000000003,1294
CVE-2022-0298,Weighted,0.44225000000000003,1295
CVE-2022-0300,Weighted,0.44225000000000003,1296
CVE-2022-0304,Weighted,0.44225000000000003,1297
CVE-2022-0307,Weighted,0.44225000000000003,1298
CVE-2022-0308,Weighted,0.44225000000000003,1299
CVE-2021-4029,Weighted,0.4422440000000001,1300
CVE-2022-22986,Weighted,0.4422110000000001,1301
CVE-2022-0196,Weighted,0.44220800000000005,1302
CVE-2022-24235,Weighted,0.44216600000000006,1303
CVE-2022-25207,Weighted,0.44215100000000007,1304
CVE-2022-28136,Weighted,0.44215100000000007,1305
CVE-2022-28150,Weighted,0.44215100000000007,1306
CVE-2022-24386,Weighted,0.4421240000000001,1307
CVE-2022-24709,Weighted,0.4420760000000001,1308
CVE-2021-33115,Weighted,0.44207300000000005,1309
CVE-2022-0323,Weighted,0.44207300000000005,1310
CVE-2022-25212,Weighted,0.44205200000000006,1311
CVE-2021-25073,Weighted,0.4420490000000001,1312
CVE-2021-40360,Weighted,0.44204600000000005,1313
CVE-2021-41552,Weighted,0.44204000000000004,1314
CVE-2020-24772,Weighted,0.44203100000000006,1315
CVE-2022-22808,Weighted,0.44203100000000006,1316
CVE-2021-25053,Weighted,0.44201000000000007,1317
CVE-2015-3298,Weighted,0.44198600000000005,1318
CVE-2021-3656,Weighted,0.44197400000000003,1319
CVE-2022-25192,Weighted,0.44196500000000005,1320
CVE-2022-0180,Weighted,0.4419620000000001,1321
CVE-2022-23349,Weighted,0.44195600000000007,1322
CVE-2022-0134,Weighted,0.4419350000000001,1323
CVE-2021-24763,Weighted,0.44193200000000005,1324
CVE-2021-39066,Weighted,0.44192900000000007,1325
CVE-2021-24696,Weighted,0.44189000000000006,1326
CVE-2021-24803,Weighted,0.44188400000000005,1327
CVE-2022-0499,Weighted,0.44188400000000005,1328
CVE-2021-24704,Weighted,0.4418540000000001,1329
CVE-2021-24879,Weighted,0.44183600000000006,1330
CVE-2022-0770,Weighted,0.44183600000000006,1331
CVE-2021-43353,Weighted,0.44182400000000005,1332
CVE-2022-0335,Weighted,0.4418210000000001,1333
CVE-2022-23119,Weighted,0.44175,1334
CVE-2022-27204,Weighted,0.44173400000000007,1335
CVE-2021-45326,Weighted,0.44173100000000004,1336
CVE-2022-27432,Weighted,0.44172800000000007,1337
CVE-2022-21392,Weighted,0.44167100000000004,1338
CVE-2021-45886,Weighted,0.4416650000000001,1339
CVE-2022-25200,Weighted,0.4416590000000001,1340
CVE-2022-25523,Weighted,0.4416590000000001,1341
CVE-2021-4164,Weighted,0.44163500000000006,1342
CVE-2021-22954,Weighted,0.44162900000000005,1343
CVE-2022-23384,Weighted,0.44162900000000005,1344
CVE-2022-23561,Weighted,0.44162000000000007,1345
CVE-2021-34086,Weighted,0.44158700000000006,1346
CVE-2021-46147,Weighted,0.44158400000000003,1347
CVE-2022-0302,Weighted,0.44158100000000006,1348
CVE-2022-25194,Weighted,0.44158100000000006,1349
CVE-2022-25198,Weighted,0.44158100000000006,1350
CVE-2022-25205,Weighted,0.44158100000000006,1351
CVE-2021-44122,Weighted,0.44147300000000006,1352
CVE-2021-39022,Weighted,0.4414700000000001,1353
CVE-2021-43738,Weighted,0.4414310000000001,1354
CVE-2020-10632,Weighted,0.44141900000000006,1355
CVE-2021-22724,Weighted,0.4414040000000001,1356
CVE-2021-22725,Weighted,0.4414040000000001,1357
CVE-2022-21173,Weighted,0.44134100000000004,1358
CVE-2022-25915,Weighted,0.44134100000000004,1359
CVE-2021-39298,Weighted,0.44133500000000003,1360
CVE-2021-39297,Weighted,0.4413230000000001,1361
CVE-2021-39301,Weighted,0.4413230000000001,1362
CVE-2021-44312,Weighted,0.44128700000000004,1363
CVE-2021-34868,Weighted,0.4412690000000001,1364
CVE-2021-39299,Weighted,0.4412690000000001,1365
CVE-2021-39300,Weighted,0.4412690000000001,1366
CVE-2021-4093,Weighted,0.44125700000000007,1367
CVE-2021-34869,Weighted,0.44125400000000004,1368
CVE-2022-25268,Weighted,0.44125100000000006,1369
CVE-2021-0162,Weighted,0.4412420000000001,1370
CVE-2021-0163,Weighted,0.4412420000000001,1371
CVE-2020-9057,Weighted,0.44123900000000005,1372
CVE-2022-25242,Weighted,0.4411550000000001,1373
CVE-2021-39044,Weighted,0.44115200000000004,1374
CVE-2021-40000,Weighted,0.44115200000000004,1375
CVE-2021-40002,Weighted,0.44115200000000004,1376
CVE-2022-22346,Weighted,0.44115200000000004,1377
CVE-2022-1050,Weighted,0.44114000000000003,1378
CVE-2021-22783,Weighted,0.44111000000000006,1379
CVE-2021-40388,Weighted,0.44109500000000007,1380
CVE-2021-40389,Weighted,0.44109500000000007,1381
CVE-2021-40396,Weighted,0.44109500000000007,1382
CVE-2021-37198,Weighted,0.44108300000000006,1383
CVE-2020-7534,Weighted,0.4410740000000001,1384
CVE-2021-40044,Weighted,0.44097500000000006,1385
CVE-2022-24750,Weighted,0.44082800000000005,1386
CVE-2021-23843,Weighted,0.44072300000000003,1387
CVE-2021-39772,Weighted,0.44061500000000003,1388
CVE-2022-23594,Weighted,0.44043200000000005,1389
CVE-2021-45062,Weighted,0.439491,1390
CVE-2021-27475,Weighted,0.438967,1391
CVE-2022-25090,Weighted,0.43829999999999997,1392
CVE-2021-39946,Weighted,0.43812599999999996,1393
CVE-2022-22733,Weighted,0.437782,1394
CVE-2022-21690,Weighted,0.43736699999999995,1395
CVE-2022-25354,Weighted,0.435793,1396
CVE-2022-23046,Weighted,0.435729,1397
CVE-2022-0244,Weighted,0.434977,1398
CVE-2021-23664,Weighted,0.43416699999999997,1399
CVE-2021-44793,Weighted,0.434101,1400
CVE-2021-40401,Weighted,0.43397199999999997,1401
CVE-2021-1573,Weighted,0.433921,1402
CVE-2021-34704,Weighted,0.433921,1403
CVE-2022-22351,Weighted,0.433579,1404
CVE-2022-22690,Weighted,0.43341399999999997,1405
CVE-2022-21176,Weighted,0.433159,1406
CVE-2022-24610,Weighted,0.43288,1407
CVE-2022-24315,Weighted,0.432765,1408
CVE-2022-0550,Weighted,0.432712,1409
CVE-2022-0551,Weighted,0.432712,1410
CVE-2021-22821,Weighted,0.432469,1411
CVE-2022-22772,Weighted,0.431963,1412
CVE-2022-1055,Weighted,0.4315,1413
CVE-2022-24754,Weighted,0.431291,1414
CVE-2022-23425,Weighted,0.43122699999999997,1415
CVE-2022-26263,Weighted,0.430166,1416
CVE-2022-24314,Weighted,0.42953399999999997,1417
CVE-2022-24129,Weighted,0.428417,1418
CVE-2022-22715,Weighted,0.427908,1419
CVE-2021-43053,Weighted,0.42745099999999997,1420
CVE-2021-45068,Weighted,0.426792,1421
CVE-2021-4088,Weighted,0.42676200000000003,1422
CVE-2021-35247,Weighted,0.42535900000000004,1423
CVE-2022-21881,Weighted,0.42505699999999996,1424
CVE-2021-44710,Weighted,0.424839,1425
CVE-2022-1178,Weighted,0.42483899999999997,1426
CVE-2022-0711,Weighted,0.424689,1427
CVE-2021-45064,Weighted,0.424638,1428
CVE-2022-1181,Weighted,0.424416,1429
CVE-2021-44082,Weighted,0.424111,1430
CVE-2022-21837,Weighted,0.42406900000000003,1431
CVE-2021-42631,Weighted,0.42350999999999994,1432
CVE-2021-22284,Weighted,0.42249300000000006,1433
CVE-2021-44704,Weighted,0.42240300000000003,1434
CVE-2022-25219,Weighted,0.42231,1435
CVE-2020-27467,Weighted,0.422211,1436
CVE-2022-0162,Weighted,0.42201000000000005,1437
CVE-2020-14523,Weighted,0.421762,1438
CVE-2021-42635,Weighted,0.42170699999999994,1439
CVE-2021-35068,Weighted,0.421596,1440
CVE-2021-42638,Weighted,0.421593,1441
CVE-2021-23174,Weighted,0.42155899999999996,1442
CVE-2021-0066,Weighted,0.42096300000000003,1443
CVE-2021-27430,Weighted,0.42074700000000004,1444
CVE-2021-43050,Weighted,0.42074400000000006,1445
CVE-2021-35077,Weighted,0.420588,1446
CVE-2021-35074,Weighted,0.42056400000000005,1447
CVE-2021-35075,Weighted,0.42056400000000005,1448
CVE-2021-30274,Weighted,0.42046200000000006,1449
CVE-2021-30282,Weighted,0.42046200000000006,1450
CVE-2021-30335,Weighted,0.42046200000000006,1451
CVE-2021-30336,Weighted,0.42046200000000006,1452
CVE-2021-30337,Weighted,0.42046200000000006,1453
CVE-2022-23428,Weighted,0.42045600000000005,1454
CVE-2021-30262,Weighted,0.42043800000000003,1455
CVE-2021-30318,Weighted,0.42043800000000003,1456
CVE-2022-21893,Weighted,0.420379,1457
CVE-2022-24463,Weighted,0.42037,1458
CVE-2021-44711,Weighted,0.419937,1459
CVE-2022-25486,Weighted,0.419898,1460
CVE-2022-23597,Weighted,0.41944000000000004,1461
CVE-2021-21708,Weighted,0.419006,1462
CVE-2022-25602,Weighted,0.41893900000000006,1463
CVE-2020-14521,Weighted,0.418822,1464
CVE-2022-24713,Weighted,0.41838,1465
CVE-2022-23609,Weighted,0.418117,1466
CVE-2021-21968,Weighted,0.41785600000000006,1467
CVE-2022-21137,Weighted,0.417813,1468
CVE-2021-22824,Weighted,0.417723,1469
CVE-2021-44593,Weighted,0.41772,1470
CVE-2022-23608,Weighted,0.41716499999999995,1471
CVE-2021-20323,Weighted,0.416738,1472
CVE-2013-20003,Weighted,0.41671600000000003,1473
CVE-2022-23347,Weighted,0.416532,1474
CVE-2022-25216,Weighted,0.416505,1475
CVE-2021-46143,Weighted,0.41636999999999996,1476
CVE-2021-44458,Weighted,0.416293,1477
CVE-2022-22551,Weighted,0.41616400000000003,1478
CVE-2021-44706,Weighted,0.415968,1479
CVE-2022-21187,Weighted,0.41587199999999996,1480
CVE-2021-45060,Weighted,0.415854,1481
CVE-2021-23138,Weighted,0.415785,1482
CVE-2022-24433,Weighted,0.415332,1483
CVE-2020-4875,Weighted,0.415178,1484
CVE-2020-4876,Weighted,0.415178,1485
CVE-2021-44707,Weighted,0.415098,1486
CVE-2021-26601,Weighted,0.41470799999999997,1487
CVE-2022-22639,Weighted,0.414573,1488
CVE-2021-43860,Weighted,0.41403799999999996,1489
CVE-2021-44905,Weighted,0.41392999999999996,1490
CVE-2021-23470,Weighted,0.413798,1491
CVE-2022-25485,Weighted,0.413781,1492
CVE-2021-46354,Weighted,0.413664,1493
CVE-2021-45061,Weighted,0.413607,1494
CVE-2022-24469,Weighted,0.413367,1495
CVE-2022-21796,Weighted,0.413336,1496
CVE-2021-40167,Weighted,0.413202,1497
CVE-2021-35254,Weighted,0.41304199999999996,1498
CVE-2021-44683,Weighted,0.41291599999999995,1499
CVE-2022-23299,Weighted,0.412854,1500
CVE-2021-23157,Weighted,0.412839,1501
CVE-2022-1071,Weighted,0.41275999999999996,1502
CVE-2022-23935,Weighted,0.412725,1503
CVE-2022-23272,Weighted,0.41264999999999996,1504
CVE-2022-21648,Weighted,0.41245099999999996,1505
CVE-2021-3835,Weighted,0.41222899999999996,1506
CVE-2021-44705,Weighted,0.412227,1507
CVE-2021-43579,Weighted,0.412047,1508
CVE-2021-24786,Weighted,0.41204399999999997,1509
CVE-2022-21699,Weighted,0.411971,1510
CVE-2021-45392,Weighted,0.41188199999999997,1511
CVE-2022-23924,Weighted,0.41184499999999996,1512
CVE-2022-25546,Weighted,0.411807,1513
CVE-2022-21668,Weighted,0.41169100000000003,1514
CVE-2021-3861,Weighted,0.411437,1515
CVE-2022-23930,Weighted,0.41140099999999996,1516
CVE-2021-4120,Weighted,0.411311,1517
CVE-2022-23925,Weighted,0.411311,1518
CVE-2022-23926,Weighted,0.411311,1519
CVE-2022-23927,Weighted,0.411311,1520
CVE-2022-23928,Weighted,0.411311,1521
CVE-2022-23929,Weighted,0.411311,1522
CVE-2022-23931,Weighted,0.411311,1523
CVE-2022-23932,Weighted,0.411311,1524
CVE-2022-23933,Weighted,0.411311,1525
CVE-2022-23934,Weighted,0.411311,1526
CVE-2021-34867,Weighted,0.41128699999999996,1527
CVE-2022-21991,Weighted,0.41122499999999995,1528
CVE-2021-41766,Weighted,0.411099,1529
CVE-2022-24755,Weighted,0.411081,1530
CVE-2021-42060,Weighted,0.41105899999999995,1531
CVE-2021-43323,Weighted,0.411053,1532
CVE-2022-0281,Weighted,0.41103,1533
CVE-2021-21962,Weighted,0.41102999999999995,1534
CVE-2021-33627,Weighted,0.41098399999999996,1535
CVE-2021-42554,Weighted,0.410981,1536
CVE-2021-45970,Weighted,0.41097799999999995,1537
CVE-2020-8107,Weighted,0.41097199999999995,1538
CVE-2021-41838,Weighted,0.41090899999999997,1539
CVE-2021-41840,Weighted,0.41090899999999997,1540
CVE-2021-41841,Weighted,0.41090899999999997,1541
CVE-2022-24069,Weighted,0.41090299999999996,1542
CVE-2021-42113,Weighted,0.41089099999999995,1543
CVE-2021-43615,Weighted,0.41087599999999996,1544
CVE-2022-24415,Weighted,0.41087599999999996,1545
CVE-2022-24416,Weighted,0.41087599999999996,1546
CVE-2022-24419,Weighted,0.41087599999999996,1547
CVE-2022-24420,Weighted,0.41087599999999996,1548
CVE-2022-24421,Weighted,0.41087599999999996,1549
CVE-2021-41837,Weighted,0.41084299999999996,1550
CVE-2022-24031,Weighted,0.41084299999999996,1551
CVE-2021-45969,Weighted,0.41083699999999995,1552
CVE-2021-45971,Weighted,0.41083699999999995,1553
CVE-2021-41839,Weighted,0.410825,1554
CVE-2021-29454,Weighted,0.41078099999999995,1555
CVE-2021-23214,Weighted,0.410703,1556
CVE-2022-23107,Weighted,0.41065799999999997,1557
CVE-2022-22554,Weighted,0.41059999999999997,1558
CVE-2021-26621,Weighted,0.410211,1559
CVE-2021-43664,Weighted,0.409956,1560
CVE-2020-25717,Weighted,0.409875,1561
CVE-2022-0130,Weighted,0.40983899999999995,1562
CVE-2021-43765,Weighted,0.40977899999999995,1563
CVE-2021-44176,Weighted,0.40977899999999995,1564
CVE-2021-44177,Weighted,0.40977899999999995,1565
CVE-2021-3737,Weighted,0.409758,1566
CVE-2021-44759,Weighted,0.409728,1567
CVE-2022-22833,Weighted,0.409728,1568
CVE-2021-42387,Weighted,0.40971899999999994,1569
CVE-2021-42388,Weighted,0.40971899999999994,1570
CVE-2022-23256,Weighted,0.409674,1571
CVE-2020-21554,Weighted,0.40957499999999997,1572
CVE-2022-23835,Weighted,0.409284,1573
CVE-2022-23611,Weighted,0.409203,1574
CVE-2022-23120,Weighted,0.409134,1575
CVE-2016-3735,Weighted,0.409089,1576
CVE-2022-0114,Weighted,0.40891799999999995,1577
CVE-2021-38682,Weighted,0.408888,1578
CVE-2021-38689,Weighted,0.408888,1579
CVE-2021-38690,Weighted,0.408888,1580
CVE-2021-38691,Weighted,0.408888,1581
CVE-2021-38692,Weighted,0.408888,1582
CVE-2022-0829,Weighted,0.40888499999999994,1583
CVE-2022-21646,Weighted,0.408834,1584
CVE-2021-26617,Weighted,0.408807,1585
CVE-2022-23623,Weighted,0.408732,1586
CVE-2022-23624,Weighted,0.408732,1587
CVE-2022-23639,Weighted,0.408717,1588
CVE-2021-42562,Weighted,0.40857,1589
CVE-2022-24791,Weighted,0.408537,1590
CVE-2021-36171,Weighted,0.408462,1591
CVE-2022-24721,Weighted,0.40843799999999997,1592
CVE-2021-36348,Weighted,0.408396,1593
CVE-2021-42753,Weighted,0.40839,1594
CVE-2022-21728,Weighted,0.408375,1595
CVE-2022-21250,Weighted,0.408315,1596
CVE-2022-21660,Weighted,0.40829099999999996,1597
CVE-2022-24722,Weighted,0.408276,1598
CVE-2021-46255,Weighted,0.408273,1599
CVE-2022-21255,Weighted,0.408273,1600
CVE-2022-22553,Weighted,0.40823699999999996,1601
CVE-2022-24738,Weighted,0.40820399999999996,1602
CVE-2022-25412,Weighted,0.40817699999999996,1603
CVE-2022-24647,Weighted,0.408141,1604
CVE-2021-46037,Weighted,0.408099,1605
CVE-2022-21273,Weighted,0.40808399999999995,1606
CVE-2022-21274,Weighted,0.40808399999999995,1607
CVE-2022-25364,Weighted,0.408051,1608
CVE-2022-28140,Weighted,0.40803599999999995,1609
CVE-2022-28154,Weighted,0.40803599999999995,1610
CVE-2022-25218,Weighted,0.407979,1611
CVE-2022-27607,Weighted,0.40795499999999996,1612
CVE-2021-41002,Weighted,0.40794299999999994,1613
CVE-2022-21671,Weighted,0.40791599999999995,1614
CVE-2022-1191,Weighted,0.407865,1615
CVE-2021-43145,Weighted,0.407856,1616
CVE-2022-25838,Weighted,0.407838,1617
CVE-2022-0759,Weighted,0.40782599999999997,1618
CVE-2022-21177,Weighted,0.40780799999999995,1619
CVE-2022-22530,Weighted,0.407805,1620
CVE-2021-44564,Weighted,0.40774799999999994,1621
CVE-2021-36777,Weighted,0.40773,1622
CVE-2021-21969,Weighted,0.40767,1623
CVE-2021-21970,Weighted,0.40767,1624
CVE-2022-23592,Weighted,0.407574,1625
CVE-2022-22531,Weighted,0.407547,1626
CVE-2022-25471,Weighted,0.40753199999999995,1627
CVE-2021-21959,Weighted,0.407529,1628
CVE-2021-26613,Weighted,0.407493,1629
CVE-2021-45460,Weighted,0.40748399999999996,1630
CVE-2022-21726,Weighted,0.407454,1631
CVE-2022-21730,Weighted,0.40744499999999995,1632
CVE-2022-22145,Weighted,0.407412,1633
CVE-2022-22151,Weighted,0.407412,1634
CVE-2022-28155,Weighted,0.4074,1635
CVE-2021-41112,Weighted,0.40724699999999997,1636
CVE-2021-43734,Weighted,0.407184,1637
CVE-2022-23654,Weighted,0.40716899999999995,1638
CVE-2022-24335,Weighted,0.407085,1639
CVE-2021-33113,Weighted,0.40706099999999995,1640
CVE-2018-25029,Weighted,0.406848,1641
CVE-2022-23601,Weighted,0.40669799999999995,1642
CVE-2022-0229,Weighted,0.40665599999999996,1643
CVE-2021-24823,Weighted,0.40664999999999996,1644
CVE-2022-27666,Weighted,0.406572,1645
CVE-2022-24759,Weighted,0.406497,1646
CVE-2021-37134,Weighted,0.406479,1647
CVE-2022-23634,Weighted,0.40632100000000004,1648
CVE-2022-22811,Weighted,0.40621799999999997,1649
CVE-2021-45968,Weighted,0.406155,1650
CVE-2022-21987,Weighted,0.406054,1651
CVE-2020-9058,Weighted,0.4059,1652
CVE-2021-44463,Weighted,0.40578899999999996,1653
CVE-2021-32025,Weighted,0.40552799999999994,1654
CVE-2021-43816,Weighted,0.405046,1655
CVE-2022-21974,Weighted,0.404907,1656
CVE-2021-4157,Weighted,0.404752,1657
CVE-2022-23203,Weighted,0.404733,1658
CVE-2021-43764,Weighted,0.404635,1659
CVE-2021-22045,Weighted,0.404043,1660
CVE-2022-22121,Weighted,0.40363000000000004,1661
CVE-2022-0121,Weighted,0.403585,1662
CVE-2022-24092,Weighted,0.403494,1663
CVE-2022-23187,Weighted,0.403413,1664
CVE-2022-23188,Weighted,0.403329,1665
CVE-2021-43761,Weighted,0.40321300000000004,1666
CVE-2021-3589,Weighted,0.403141,1667
CVE-2022-24915,Weighted,0.40303900000000004,1668
CVE-2022-22000,Weighted,0.40298100000000003,1669
CVE-2022-24128,Weighted,0.402718,1670
CVE-2022-22769,Weighted,0.402598,1671
CVE-2022-21994,Weighted,0.402588,1672
CVE-2021-22825,Weighted,0.402322,1673
CVE-2021-24905,Weighted,0.40231,1674
CVE-2022-24091,Weighted,0.402306,1675
CVE-2021-44158,Weighted,0.402031,1676
CVE-2021-42728,Weighted,0.401916,1677
CVE-2022-24094,Weighted,0.401847,1678
CVE-2022-24095,Weighted,0.401847,1679
CVE-2022-24096,Weighted,0.401847,1680
CVE-2021-24936,Weighted,0.401623,1681
CVE-2022-24507,Weighted,0.401601,1682
CVE-2022-0269,Weighted,0.40159300000000003,1683
CVE-2022-27198,Weighted,0.40153300000000003,1684
CVE-2021-45917,Weighted,0.401353,1685
CVE-2021-4030,Weighted,0.40131700000000003,1686
CVE-2022-25547,Weighted,0.401301,1687
CVE-2021-34858,Weighted,0.401268,1688
CVE-2022-21917,Weighted,0.400893,1689
CVE-2022-22765,Weighted,0.400693,1690
CVE-2022-0391,Weighted,0.399975,1691
CVE-2022-21989,Weighted,0.399579,1692
CVE-2021-44132,Weighted,0.39915,1693
CVE-2022-21996,Weighted,0.399138,1694
CVE-2022-23200,Weighted,0.39897900000000003,1695
CVE-2022-24461,Weighted,0.39890400000000004,1696
CVE-2022-24509,Weighted,0.39890400000000004,1697
CVE-2022-24510,Weighted,0.39890400000000004,1698
CVE-2022-0166,Weighted,0.398835,1699
CVE-2022-21988,Weighted,0.398832,1700
CVE-2021-43859,Weighted,0.398802,1701
CVE-2022-24058,Weighted,0.398739,1702
CVE-2021-40158,Weighted,0.39865500000000004,1703
CVE-2021-44537,Weighted,0.398247,1704
CVE-2022-21878,Weighted,0.39798300000000003,1705
CVE-2022-25636,Weighted,0.397899,1706
CVE-2022-21995,Weighted,0.397895,1707
CVE-2022-21841,Weighted,0.397809,1708
CVE-2022-24501,Weighted,0.397776,1709
CVE-2022-22004,Weighted,0.39771300000000004,1710
CVE-2021-44652,Weighted,0.397695,1711
CVE-2022-21888,Weighted,0.397632,1712
CVE-2022-21992,Weighted,0.397488,1713
CVE-2021-44743,Weighted,0.397374,1714
CVE-2021-45055,Weighted,0.397278,1715
CVE-2022-24097,Weighted,0.397266,1716
CVE-2022-23282,Weighted,0.39723600000000003,1717
CVE-2022-21898,Weighted,0.397227,1718
CVE-2021-46107,Weighted,0.397224,1719
CVE-2021-44260,Weighted,0.397146,1720
CVE-2022-26259,Weighted,0.397146,1721
CVE-2021-46575,Weighted,0.39711,1722
CVE-2022-22003,Weighted,0.397053,1723
CVE-2022-21874,Weighted,0.397029,1724
CVE-2022-23186,Weighted,0.396963,1725
CVE-2022-22992,Weighted,0.39692700000000003,1726
CVE-2021-40159,Weighted,0.396888,1727
CVE-2021-46656,Weighted,0.39687900000000004,1728
CVE-2022-22006,Weighted,0.396855,1729
CVE-2022-22007,Weighted,0.396855,1730
CVE-2022-23301,Weighted,0.396855,1731
CVE-2022-24452,Weighted,0.396855,1732
CVE-2022-24453,Weighted,0.396855,1733
CVE-2022-24456,Weighted,0.396855,1734
CVE-2021-45056,Weighted,0.396828,1735
CVE-2022-22709,Weighted,0.396828,1736
CVE-2022-24451,Weighted,0.396828,1737
CVE-2022-24457,Weighted,0.396828,1738
CVE-2022-21842,Weighted,0.396813,1739
CVE-2022-21844,Weighted,0.396774,1740
CVE-2022-21926,Weighted,0.396774,1741
CVE-2022-21927,Weighted,0.396774,1742
CVE-2022-23295,Weighted,0.396774,1743
CVE-2022-23300,Weighted,0.396774,1744
CVE-2021-45053,Weighted,0.39657600000000004,1745
CVE-2021-45057,Weighted,0.39657600000000004,1746
CVE-2021-45058,Weighted,0.39657600000000004,1747
CVE-2021-42719,Weighted,0.396495,1748
CVE-2021-42533,Weighted,0.396384,1749
CVE-2022-22990,Weighted,0.396372,1750
CVE-2021-34893,Weighted,0.396369,1751
CVE-2021-34896,Weighted,0.396369,1752
CVE-2021-34900,Weighted,0.396369,1753
CVE-2021-34905,Weighted,0.396369,1754
CVE-2021-34907,Weighted,0.396369,1755
CVE-2021-34908,Weighted,0.396369,1756
CVE-2021-34874,Weighted,0.396339,1757
CVE-2021-34897,Weighted,0.396339,1758
CVE-2021-34903,Weighted,0.396339,1759
CVE-2021-34904,Weighted,0.396339,1760
CVE-2021-34906,Weighted,0.396339,1761
CVE-2021-34914,Weighted,0.396339,1762
CVE-2021-34917,Weighted,0.396339,1763
CVE-2021-46570,Weighted,0.396339,1764
CVE-2021-46582,Weighted,0.396339,1765
CVE-2021-46583,Weighted,0.396339,1766
CVE-2021-46603,Weighted,0.396339,1767
CVE-2021-46604,Weighted,0.396339,1768
CVE-2021-46605,Weighted,0.396339,1769
CVE-2021-34894,Weighted,0.396309,1770
CVE-2021-34895,Weighted,0.396309,1771
CVE-2021-34911,Weighted,0.396309,1772
CVE-2021-46584,Weighted,0.396279,1773
CVE-2021-46586,Weighted,0.396279,1774
CVE-2021-46587,Weighted,0.396279,1775
CVE-2021-46592,Weighted,0.396279,1776
CVE-2022-21821,Weighted,0.39626700000000004,1777
CVE-2021-46639,Weighted,0.39626100000000003,1778
CVE-2021-46640,Weighted,0.39626100000000003,1779
CVE-2021-46641,Weighted,0.39626100000000003,1780
CVE-2021-46644,Weighted,0.39626100000000003,1781
CVE-2021-46645,Weighted,0.39626100000000003,1782
CVE-2021-46646,Weighted,0.39626100000000003,1783
CVE-2021-46647,Weighted,0.39626100000000003,1784
CVE-2021-46648,Weighted,0.39626100000000003,1785
CVE-2021-46652,Weighted,0.39626100000000003,1786
CVE-2021-46653,Weighted,0.39626100000000003,1787
CVE-2021-46638,Weighted,0.396204,1788
CVE-2021-42720,Weighted,0.39615900000000004,1789
CVE-2021-34891,Weighted,0.39615,1790
CVE-2021-34885,Weighted,0.396123,1791
CVE-2021-34892,Weighted,0.396123,1792
CVE-2021-34898,Weighted,0.396123,1793
CVE-2021-34899,Weighted,0.396123,1794
CVE-2021-34909,Weighted,0.396123,1795
CVE-2021-34912,Weighted,0.396123,1796
CVE-2021-34913,Weighted,0.396123,1797
CVE-2021-34940,Weighted,0.396123,1798
CVE-2021-34941,Weighted,0.396123,1799
CVE-2021-34942,Weighted,0.396123,1800
CVE-2021-34945,Weighted,0.396123,1801
CVE-2021-34946,Weighted,0.396123,1802
CVE-2021-46562,Weighted,0.396123,1803
CVE-2021-46566,Weighted,0.396123,1804
CVE-2021-46567,Weighted,0.396123,1805
CVE-2021-46568,Weighted,0.396123,1806
CVE-2021-46569,Weighted,0.396123,1807
CVE-2021-46571,Weighted,0.396123,1808
CVE-2021-46572,Weighted,0.396123,1809
CVE-2021-46573,Weighted,0.396123,1810
CVE-2021-46574,Weighted,0.396123,1811
CVE-2021-46576,Weighted,0.396123,1812
CVE-2021-46577,Weighted,0.396123,1813
CVE-2021-46578,Weighted,0.396123,1814
CVE-2021-46579,Weighted,0.396123,1815
CVE-2021-46580,Weighted,0.396123,1816
CVE-2021-46581,Weighted,0.396123,1817
CVE-2021-46585,Weighted,0.396123,1818
CVE-2021-46588,Weighted,0.396123,1819
CVE-2021-46590,Weighted,0.396123,1820
CVE-2021-46591,Weighted,0.396123,1821
CVE-2021-46597,Weighted,0.396123,1822
CVE-2021-46601,Weighted,0.396123,1823
CVE-2021-46563,Weighted,0.396048,1824
CVE-2021-46564,Weighted,0.396048,1825
CVE-2021-46565,Weighted,0.396048,1826
CVE-2021-34872,Weighted,0.39604500000000004,1827
CVE-2021-40779,Weighted,0.396021,1828
CVE-2021-40780,Weighted,0.396021,1829
CVE-2021-34871,Weighted,0.396015,1830
CVE-2021-34879,Weighted,0.396015,1831
CVE-2021-34915,Weighted,0.396015,1832
CVE-2021-34918,Weighted,0.396015,1833
CVE-2021-34919,Weighted,0.396015,1834
CVE-2021-46606,Weighted,0.396015,1835
CVE-2021-46609,Weighted,0.396015,1836
CVE-2021-46613,Weighted,0.396015,1837
CVE-2021-46614,Weighted,0.396015,1838
CVE-2021-46617,Weighted,0.396015,1839
CVE-2021-46622,Weighted,0.396015,1840
CVE-2021-46626,Weighted,0.396015,1841
CVE-2021-46627,Weighted,0.396015,1842
CVE-2021-46631,Weighted,0.396015,1843
CVE-2021-46633,Weighted,0.396015,1844
CVE-2021-46598,Weighted,0.395997,1845
CVE-2021-34873,Weighted,0.395988,1846
CVE-2021-34875,Weighted,0.395961,1847
CVE-2021-34880,Weighted,0.395961,1848
CVE-2021-46612,Weighted,0.395961,1849
CVE-2021-46619,Weighted,0.395961,1850
CVE-2021-46635,Weighted,0.395943,1851
CVE-2021-46636,Weighted,0.395943,1852
CVE-2021-46643,Weighted,0.395943,1853
CVE-2021-45444,Weighted,0.39594,1854
CVE-2022-21209,Weighted,0.395856,1855
CVE-2022-23985,Weighted,0.395856,1856
CVE-2021-34876,Weighted,0.395835,1857
CVE-2021-34878,Weighted,0.395835,1858
CVE-2021-34877,Weighted,0.395811,1859
CVE-2021-34920,Weighted,0.395811,1860
CVE-2021-34921,Weighted,0.395811,1861
CVE-2021-34922,Weighted,0.395811,1862
CVE-2021-34923,Weighted,0.395811,1863
CVE-2021-34924,Weighted,0.395811,1864
CVE-2021-34925,Weighted,0.395811,1865
CVE-2021-34926,Weighted,0.395811,1866
CVE-2021-34927,Weighted,0.395811,1867
CVE-2021-34928,Weighted,0.395811,1868
CVE-2021-34929,Weighted,0.395811,1869
CVE-2021-34930,Weighted,0.395811,1870
CVE-2021-34931,Weighted,0.395811,1871
CVE-2021-34932,Weighted,0.395811,1872
CVE-2021-34933,Weighted,0.395811,1873
CVE-2021-34935,Weighted,0.395811,1874
CVE-2021-34936,Weighted,0.395811,1875
CVE-2021-34937,Weighted,0.395811,1876
CVE-2021-34938,Weighted,0.395811,1877
CVE-2021-34939,Weighted,0.395811,1878
CVE-2021-46621,Weighted,0.395811,1879
CVE-2021-46625,Weighted,0.395811,1880
CVE-2021-39293,Weighted,0.395802,1881
CVE-2021-45342,Weighted,0.395802,1882
CVE-2021-45845,Weighted,0.395775,1883
CVE-2022-0660,Weighted,0.395769,1884
CVE-2022-23222,Weighted,0.395745,1885
CVE-2021-46634,Weighted,0.395739,1886
CVE-2021-46655,Weighted,0.395739,1887
CVE-2021-34934,Weighted,0.395691,1888
CVE-2022-25568,Weighted,0.395655,1889
CVE-2021-46363,Weighted,0.39562200000000003,1890
CVE-2022-24056,Weighted,0.395544,1891
CVE-2022-24057,Weighted,0.395544,1892
CVE-2022-24059,Weighted,0.395544,1893
CVE-2022-24062,Weighted,0.395544,1894
CVE-2022-24064,Weighted,0.395544,1895
CVE-2021-40735,Weighted,0.395445,1896
CVE-2021-40736,Weighted,0.395445,1897
CVE-2022-24063,Weighted,0.39543,1898
CVE-2022-22579,Weighted,0.395409,1899
CVE-2021-44000,Weighted,0.395394,1900
CVE-2022-0629,Weighted,0.39537300000000003,1901
CVE-2022-24931,Weighted,0.395366,1902
CVE-2021-46154,Weighted,0.395322,1903
CVE-2021-46155,Weighted,0.395322,1904
CVE-2021-46158,Weighted,0.395322,1905
CVE-2021-42724,Weighted,0.39531900000000003,1906
CVE-2021-42729,Weighted,0.39531900000000003,1907
CVE-2021-42730,Weighted,0.39531900000000003,1908
CVE-2021-40738,Weighted,0.39525,1909
CVE-2021-40739,Weighted,0.39525,1910
CVE-2021-40740,Weighted,0.39525,1911
CVE-2022-0128,Weighted,0.39521700000000004,1912
CVE-2022-23946,Weighted,0.395208,1913
CVE-2022-24264,Weighted,0.395133,1914
CVE-2022-24265,Weighted,0.395133,1915
CVE-2022-0685,Weighted,0.39512400000000003,1916
CVE-2021-44531,Weighted,0.395119,1917
CVE-2021-42527,Weighted,0.395118,1918
CVE-2021-44016,Weighted,0.3951,1919
CVE-2021-40792,Weighted,0.39509700000000003,1920
CVE-2021-44018,Weighted,0.395073,1921
CVE-2021-40734,Weighted,0.39507000000000003,1922
CVE-2021-40777,Weighted,0.39507000000000003,1923
CVE-2022-0261,Weighted,0.395061,1924
CVE-2021-46365,Weighted,0.395004,1925
CVE-2021-40793,Weighted,0.394977,1926
CVE-2021-40794,Weighted,0.394977,1927
CVE-2021-40763,Weighted,0.39495,1928
CVE-2021-40764,Weighted,0.39495,1929
CVE-2021-40765,Weighted,0.39495,1930
CVE-2021-40786,Weighted,0.39495,1931
CVE-2021-40787,Weighted,0.39495,1932
CVE-2022-23803,Weighted,0.39492900000000003,1933
CVE-2022-23804,Weighted,0.39492900000000003,1934
CVE-2022-25115,Weighted,0.394845,1935
CVE-2022-22584,Weighted,0.394833,1936
CVE-2021-42526,Weighted,0.394824,1937
CVE-2022-0554,Weighted,0.39482100000000003,1938
CVE-2021-46152,Weighted,0.39478800000000003,1939
CVE-2021-46364,Weighted,0.394719,1940
CVE-2021-46151,Weighted,0.394701,1941
CVE-2022-0361,Weighted,0.394698,1942
CVE-2021-46153,Weighted,0.394692,1943
CVE-2022-0417,Weighted,0.394623,1944
CVE-2021-3575,Weighted,0.394608,1945
CVE-2021-45979,Weighted,0.394593,1946
CVE-2022-24232,Weighted,0.39457800000000004,1947
CVE-2021-45980,Weighted,0.39457200000000003,1948
CVE-2022-0368,Weighted,0.394563,1949
CVE-2022-0392,Weighted,0.394542,1950
CVE-2022-21124,Weighted,0.394536,1951
CVE-2022-0408,Weighted,0.394515,1952
CVE-2021-45978,Weighted,0.3945,1953
CVE-2021-23206,Weighted,0.394443,1954
CVE-2022-22593,Weighted,0.39444,1955
CVE-2022-20001,Weighted,0.394416,1956
CVE-2022-26981,Weighted,0.394389,1957
CVE-2022-1154,Weighted,0.394386,1958
CVE-2022-23947,Weighted,0.39438,1959
CVE-2021-46699,Weighted,0.394362,1960
CVE-2022-22819,Weighted,0.39420900000000003,1961
CVE-2022-0413,Weighted,0.394185,1962
CVE-2022-0443,Weighted,0.394185,1963
CVE-2021-23180,Weighted,0.394062,1964
CVE-2021-30771,Weighted,0.39404100000000003,1965
CVE-2022-0359,Weighted,0.394017,1966
CVE-2022-22991,Weighted,0.393999,1967
CVE-2022-22614,Weighted,0.393996,1968
CVE-2022-22615,Weighted,0.393996,1969
CVE-2021-40574,Weighted,0.393972,1970
CVE-2022-22597,Weighted,0.393957,1971
CVE-2021-46157,Weighted,0.39393300000000003,1972
CVE-2021-40568,Weighted,0.39393,1973
CVE-2021-46156,Weighted,0.39387900000000003,1974
CVE-2021-46159,Weighted,0.39387900000000003,1975
CVE-2021-46160,Weighted,0.39387900000000003,1976
CVE-2021-46161,Weighted,0.39387900000000003,1977
CVE-2021-46162,Weighted,0.39387900000000003,1978
CVE-2022-22666,Weighted,0.393876,1979
CVE-2022-1160,Weighted,0.393801,1980
CVE-2022-21895,Weighted,0.393681,1981
CVE-2022-25099,Weighted,0.393672,1982
CVE-2022-25101,Weighted,0.393672,1983
CVE-2022-22613,Weighted,0.393648,1984
CVE-2021-26259,Weighted,0.393645,1985
CVE-2022-22634,Weighted,0.393621,1986
CVE-2022-27243,Weighted,0.393621,1987
CVE-2021-22796,Weighted,0.393591,1988
CVE-2022-22633,Weighted,0.393582,1989
CVE-2021-27471,Weighted,0.39356800000000003,1990
CVE-2021-40570,Weighted,0.393567,1991
CVE-2021-40571,Weighted,0.393567,1992
CVE-2022-24577,Weighted,0.393567,1993
CVE-2022-22665,Weighted,0.393552,1994
CVE-2022-0676,Weighted,0.393534,1995
CVE-2022-25581,Weighted,0.393528,1996
CVE-2022-0546,Weighted,0.39352200000000004,1997
CVE-2022-1011,Weighted,0.393507,1998
CVE-2022-22640,Weighted,0.393501,1999
CVE-2022-0545,Weighted,0.393492,2000
CVE-2022-0407,Weighted,0.393483,2001
CVE-2022-22661,Weighted,0.393459,2002
CVE-2021-44988,Weighted,0.393444,2003
CVE-2021-36414,Weighted,0.393432,2004
CVE-2021-46064,Weighted,0.393393,2005
CVE-2022-22591,Weighted,0.393384,2006
CVE-2021-36417,Weighted,0.39338100000000004,2007
CVE-2022-23095,Weighted,0.39338100000000004,2008
CVE-2022-24655,Weighted,0.393372,2009
CVE-2022-27942,Weighted,0.393366,2010
CVE-2022-27940,Weighted,0.393351,2011
CVE-2022-27941,Weighted,0.393351,2012
CVE-2022-0263,Weighted,0.393345,2013
CVE-2021-45844,Weighted,0.393306,2014
CVE-2021-21958,Weighted,0.39330000000000004,2015
CVE-2021-23191,Weighted,0.39330000000000004,2016
CVE-2022-0520,Weighted,0.393291,2017
CVE-2022-0523,Weighted,0.393291,2018
CVE-2022-22657,Weighted,0.393288,2019
CVE-2022-22664,Weighted,0.393288,2020
CVE-2022-22611,Weighted,0.393264,2021
CVE-2022-26126,Weighted,0.393255,2022
CVE-2022-23266,Weighted,0.393237,2023
CVE-2022-25230,Weighted,0.393231,2024
CVE-2022-25325,Weighted,0.393231,2025
CVE-2022-22667,Weighted,0.39321300000000003,2026
CVE-2022-21897,Weighted,0.393177,2027
CVE-2021-41016,Weighted,0.393165,2028
CVE-2022-25265,Weighted,0.393162,2029
CVE-2022-22636,Weighted,0.39312,2030
CVE-2021-3578,Weighted,0.393111,2031
CVE-2022-21916,Weighted,0.393093,2032
CVE-2022-22606,Weighted,0.393093,2033
CVE-2022-24348,Weighted,0.393079,2034
CVE-2022-21219,Weighted,0.393075,2035
CVE-2022-25234,Weighted,0.393075,2036
CVE-2022-26127,Weighted,0.393042,2037
CVE-2022-26129,Weighted,0.393042,2038
CVE-2022-23308,Weighted,0.39303,2039
CVE-2022-24122,Weighted,0.39303,2040
CVE-2022-26125,Weighted,0.393021,2041
CVE-2020-26007,Weighted,0.39301800000000003,2042
CVE-2020-26008,Weighted,0.39301800000000003,2043
CVE-2022-21698,Weighted,0.392982,2044
CVE-2022-1031,Weighted,0.392979,2045
CVE-2022-22578,Weighted,0.392949,2046
CVE-2022-26128,Weighted,0.392943,2047
CVE-2022-24578,Weighted,0.392919,2048
CVE-2022-25170,Weighted,0.392919,2049
CVE-2021-34866,Weighted,0.392916,2050
CVE-2022-22601,Weighted,0.392916,2051
CVE-2022-22602,Weighted,0.392916,2052
CVE-2022-22603,Weighted,0.392916,2053
CVE-2022-22604,Weighted,0.392916,2054
CVE-2022-26967,Weighted,0.392889,2055
CVE-2021-26252,Weighted,0.39287700000000003,2056
CVE-2021-46332,Weighted,0.392859,2057
CVE-2021-44731,Weighted,0.392832,2058
CVE-2022-0409,Weighted,0.392826,2059
CVE-2022-1033,Weighted,0.392775,2060
CVE-2022-24455,Weighted,0.392775,2061
CVE-2022-0918,Weighted,0.392742,2062
CVE-2022-21908,Weighted,0.392724,2063
CVE-2022-24575,Weighted,0.392706,2064
CVE-2021-36409,Weighted,0.392691,2065
CVE-2021-44331,Weighted,0.392691,2066
CVE-2022-23853,Weighted,0.39268200000000003,2067
CVE-2021-26616,Weighted,0.392652,2068
CVE-2022-26181,Weighted,0.392646,2069
CVE-2022-22607,Weighted,0.392643,2070
CVE-2022-22608,Weighted,0.392643,2071
CVE-2022-25044,Weighted,0.392631,2072
CVE-2021-40397,Weighted,0.392616,2073
CVE-2021-28278,Weighted,0.392613,2074
CVE-2021-46326,Weighted,0.392613,2075
CVE-2021-28277,Weighted,0.39260100000000003,2076
CVE-2022-23850,Weighted,0.39260100000000003,2077
CVE-2020-6917,Weighted,0.392595,2078
CVE-2020-6918,Weighted,0.392595,2079
CVE-2020-6919,Weighted,0.392595,2080
CVE-2020-6921,Weighted,0.392595,2081
CVE-2020-6922,Weighted,0.392595,2082
CVE-2021-22808,Weighted,0.392565,2083
CVE-2021-36412,Weighted,0.39255300000000004,2084
CVE-2022-25365,Weighted,0.392535,2085
CVE-2021-46482,Weighted,0.39252000000000004,2086
CVE-2021-46483,Weighted,0.39252000000000004,2087
CVE-2021-26948,Weighted,0.392517,2088
CVE-2021-46334,Weighted,0.39249300000000004,2089
CVE-2022-22605,Weighted,0.39249,2090
CVE-2022-25969,Weighted,0.392475,2091
CVE-2022-26081,Weighted,0.392475,2092
CVE-2022-22895,Weighted,0.392451,2093
CVE-2021-22807,Weighted,0.392442,2094
CVE-2022-24661,Weighted,0.392442,2095
CVE-2022-22612,Weighted,0.392403,2096
CVE-2021-44852,Weighted,0.39235800000000004,2097
CVE-2021-46525,Weighted,0.392331,2098
CVE-2021-46328,Weighted,0.392313,2099
CVE-2021-4199,Weighted,0.39231,2100
CVE-2022-22993,Weighted,0.392274,2101
CVE-2022-25949,Weighted,0.392259,2102
CVE-2021-46325,Weighted,0.39224400000000004,2103
CVE-2022-22308,Weighted,0.39224400000000004,2104
CVE-2022-22894,Weighted,0.39224400000000004,2105
CVE-2021-39692,Weighted,0.39223800000000003,2106
CVE-2022-22888,Weighted,0.392226,2107
CVE-2022-22893,Weighted,0.392226,2108
CVE-2021-46324,Weighted,0.39221700000000004,2109
CVE-2021-46509,Weighted,0.39221700000000004,2110
CVE-2021-46513,Weighted,0.39221700000000004,2111
CVE-2021-46524,Weighted,0.39221700000000004,2112
CVE-2021-46526,Weighted,0.39221700000000004,2113
CVE-2021-46527,Weighted,0.39221700000000004,2114
CVE-2021-44334,Weighted,0.39219000000000004,2115
CVE-2021-44335,Weighted,0.39219000000000004,2116
CVE-2021-44339,Weighted,0.39219000000000004,2117
CVE-2021-44340,Weighted,0.39219000000000004,2118
CVE-2021-44342,Weighted,0.39219000000000004,2119
CVE-2021-44343,Weighted,0.39219000000000004,2120
CVE-2021-46518,Weighted,0.39219000000000004,2121
CVE-2021-46519,Weighted,0.39219000000000004,2122
CVE-2021-46520,Weighted,0.39219000000000004,2123
CVE-2021-46521,Weighted,0.39219000000000004,2124
CVE-2021-46522,Weighted,0.39219000000000004,2125
CVE-2021-46523,Weighted,0.39219000000000004,2126
CVE-2022-25465,Weighted,0.39219000000000004,2127
CVE-2022-25943,Weighted,0.392148,2128
CVE-2022-23868,Weighted,0.392145,2129
CVE-2021-44462,Weighted,0.392139,2130
CVE-2022-24266,Weighted,0.392121,2131
CVE-2022-21836,Weighted,0.392112,2132
CVE-2022-0943,Weighted,0.392094,2133
CVE-2022-21852,Weighted,0.39207600000000004,2134
CVE-2022-21858,Weighted,0.39207600000000004,2135
CVE-2022-26503,Weighted,0.39207000000000003,2136
CVE-2022-24048,Weighted,0.392067,2137
CVE-2022-24052,Weighted,0.392067,2138
CVE-2022-26337,Weighted,0.392046,2139
CVE-2022-21912,Weighted,0.392034,2140
CVE-2022-21835,Weighted,0.392007,2141
CVE-2022-21884,Weighted,0.392007,2142
CVE-2022-21885,Weighted,0.392007,2143
CVE-2022-21914,Weighted,0.392007,2144
CVE-2022-23293,Weighted,0.392001,2145
CVE-2022-23296,Weighted,0.391998,2146
CVE-2022-21902,Weighted,0.39198900000000003,2147
CVE-2021-39706,Weighted,0.391971,2148
CVE-2022-24051,Weighted,0.391971,2149
CVE-2022-25372,Weighted,0.39194100000000004,2150
CVE-2022-24050,Weighted,0.391932,2151
CVE-2021-45231,Weighted,0.391929,2152
CVE-2021-44139,Weighted,0.39192899999999997,2153
CVE-2022-22001,Weighted,0.391926,2154
CVE-2022-23291,Weighted,0.391926,2155
CVE-2022-24459,Weighted,0.391923,2156
CVE-2022-21833,Weighted,0.39191400000000004,2157
CVE-2022-26511,Weighted,0.39190200000000003,2158
CVE-2022-23731,Weighted,0.39188100000000003,2159
CVE-2022-23290,Weighted,0.39187500000000003,2160
CVE-2022-24454,Weighted,0.39187500000000003,2161
CVE-2021-42722,Weighted,0.39185400000000004,2162
CVE-2022-0351,Weighted,0.39182700000000004,2163
CVE-2021-45975,Weighted,0.391812,2164
CVE-2021-27654,Weighted,0.391809,2165
CVE-2021-37852,Weighted,0.391797,2166
CVE-2022-21910,Weighted,0.391797,2167
CVE-2022-27772,Weighted,0.391791,2168
CVE-2022-21981,Weighted,0.39171300000000003,2169
CVE-2021-30360,Weighted,0.39171,2170
CVE-2022-25366,Weighted,0.391668,2171
CVE-2022-23276,Weighted,0.391629,2172
CVE-2021-4197,Weighted,0.391608,2173
CVE-2021-20319,Weighted,0.391569,2174
CVE-2022-23220,Weighted,0.391563,2175
CVE-2022-24396,Weighted,0.391548,2176
CVE-2022-27815,Weighted,0.391542,2177
CVE-2021-45082,Weighted,0.391485,2178
CVE-2021-45417,Weighted,0.391479,2179
CVE-2022-24707,Weighted,0.391477,2180
CVE-2022-23613,Weighted,0.391455,2181
CVE-2022-24679,Weighted,0.39143100000000003,2182
CVE-2022-24680,Weighted,0.39143100000000003,2183
CVE-2021-46165,Weighted,0.391407,2184
CVE-2021-44901,Weighted,0.391401,2185
CVE-2021-45440,Weighted,0.391392,2186
CVE-2021-39685,Weighted,0.39138300000000004,2187
CVE-2022-0301,Weighted,0.391362,2188
CVE-2022-25150,Weighted,0.391359,2189
CVE-2021-42714,Weighted,0.391341,2190
CVE-2020-25184,Weighted,0.391311,2191
CVE-2022-24346,Weighted,0.391311,2192
CVE-2022-26490,Weighted,0.39129600000000003,2193
CVE-2021-41848,Weighted,0.391293,2194
CVE-2021-44968,Weighted,0.391293,2195
CVE-2021-45926,Weighted,0.391293,2196
CVE-2021-45927,Weighted,0.391293,2197
CVE-2021-44899,Weighted,0.39127500000000004,2198
CVE-2021-43619,Weighted,0.39126,2199
CVE-2022-24671,Weighted,0.39126,2200
CVE-2022-24958,Weighted,0.391239,2201
CVE-2021-46368,Weighted,0.391227,2202
CVE-2021-44049,Weighted,0.391212,2203
CVE-2021-27971,Weighted,0.39120900000000003,2204
CVE-2021-40376,Weighted,0.3912,2205
CVE-2021-39701,Weighted,0.391194,2206
CVE-2021-41850,Weighted,0.391185,2207
CVE-2021-40043,Weighted,0.39117,2208
CVE-2022-24345,Weighted,0.391158,2209
CVE-2022-28128,Weighted,0.391158,2210
CVE-2022-23410,Weighted,0.391149,2211
CVE-2021-39787,Weighted,0.39114,2212
CVE-2022-0330,Weighted,0.391137,2213
CVE-2022-22618,Weighted,0.391137,2214
CVE-2019-25058,Weighted,0.39113400000000004,2215
CVE-2022-25348,Weighted,0.39113400000000004,2216
CVE-2022-0998,Weighted,0.39111,2217
CVE-2021-34998,Weighted,0.39110700000000004,2218
CVE-2022-0500,Weighted,0.391065,2219
CVE-2021-3760,Weighted,0.391062,2220
CVE-2022-22945,Weighted,0.391062,2221
CVE-2021-3715,Weighted,0.391059,2222
CVE-2021-44730,Weighted,0.39105300000000004,2223
CVE-2022-27050,Weighted,0.39105,2224
CVE-2022-22596,Weighted,0.391041,2225
CVE-2022-26526,Weighted,0.391029,2226
CVE-2022-0646,Weighted,0.39102600000000004,2227
CVE-2022-23033,Weighted,0.39102000000000003,2228
CVE-2022-0516,Weighted,0.391005,2229
CVE-2021-0091,Weighted,0.391002,2230
CVE-2021-39702,Weighted,0.391002,2231
CVE-2022-27052,Weighted,0.390996,2232
CVE-2022-25255,Weighted,0.39099300000000003,2233
CVE-2021-43940,Weighted,0.39099,2234
CVE-2021-39764,Weighted,0.39098700000000003,2235
CVE-2021-39771,Weighted,0.39098700000000003,2236
CVE-2022-25217,Weighted,0.39098700000000003,2237
CVE-2020-14111,Weighted,0.390969,2238
CVE-2022-22631,Weighted,0.39096600000000004,2239
CVE-2021-1036,Weighted,0.39096000000000003,2240
CVE-2021-39780,Weighted,0.390957,2241
CVE-2021-39790,Weighted,0.390948,2242
CVE-2022-22528,Weighted,0.390948,2243
CVE-2021-42810,Weighted,0.390945,2244
CVE-2022-22996,Weighted,0.390936,2245
CVE-2022-22669,Weighted,0.390927,2246
CVE-2022-22617,Weighted,0.390924,2247
CVE-2021-0164,Weighted,0.39090600000000003,2248
CVE-2021-34403,Weighted,0.39090600000000003,2249
CVE-2021-42712,Weighted,0.39090600000000003,2250
CVE-2021-42713,Weighted,0.39090600000000003,2251
CVE-2021-44903,Weighted,0.39090600000000003,2252
CVE-2021-0099,Weighted,0.390903,2253
CVE-2021-0116,Weighted,0.390903,2254
CVE-2021-0117,Weighted,0.390903,2255
CVE-2021-0156,Weighted,0.390903,2256
CVE-2021-34401,Weighted,0.3909,2257
CVE-2021-22042,Weighted,0.390888,2258
CVE-2021-45912,Weighted,0.390888,2259
CVE-2022-21944,Weighted,0.390861,2260
CVE-2021-38990,Weighted,0.39085800000000004,2261
CVE-2022-22301,Weighted,0.39085800000000004,2262
CVE-2022-25623,Weighted,0.390843,2263
CVE-2021-38991,Weighted,0.390813,2264
CVE-2022-25294,Weighted,0.390813,2265
CVE-2021-45441,Weighted,0.390795,2266
CVE-2021-44828,Weighted,0.390789,2267
CVE-2021-44900,Weighted,0.390774,2268
CVE-2022-23837,Weighted,0.390774,2269
CVE-2021-44454,Weighted,0.390768,2270
CVE-2022-21174,Weighted,0.390768,2271
CVE-2020-12891,Weighted,0.390762,2272
CVE-2021-4106,Weighted,0.390759,2273
CVE-2022-24986,Weighted,0.390759,2274
CVE-2022-25031,Weighted,0.390753,2275
CVE-2022-24618,Weighted,0.39075,2276
CVE-2022-24696,Weighted,0.390747,2277
CVE-2020-14110,Weighted,0.390741,2278
CVE-2021-39698,Weighted,0.390741,2279
CVE-2021-36289,Weighted,0.390726,2280
CVE-2021-23152,Weighted,0.390723,2281
CVE-2021-33101,Weighted,0.390723,2282
CVE-2021-33137,Weighted,0.390723,2283
CVE-2021-36339,Weighted,0.390714,2284
CVE-2022-21220,Weighted,0.390714,2285
CVE-2021-3965,Weighted,0.390705,2286
CVE-2021-29219,Weighted,0.39069000000000004,2287
CVE-2021-39714,Weighted,0.390687,2288
CVE-2022-0015,Weighted,0.390687,2289
CVE-2021-41388,Weighted,0.39068400000000003,2290
CVE-2022-23727,Weighted,0.390678,2291
CVE-2022-24285,Weighted,0.390675,2292
CVE-2022-24286,Weighted,0.390675,2293
CVE-2021-42855,Weighted,0.390669,2294
CVE-2022-21203,Weighted,0.390669,2295
CVE-2022-21204,Weighted,0.390669,2296
CVE-2022-21825,Weighted,0.390669,2297
CVE-2022-23401,Weighted,0.39065700000000003,2298
CVE-2022-22148,Weighted,0.390654,2299
CVE-2022-20054,Weighted,0.390651,2300
CVE-2022-26839,Weighted,0.390651,2301
CVE-2021-33129,Weighted,0.39063000000000003,2302
CVE-2022-24408,Weighted,0.39063000000000003,2303
CVE-2022-24113,Weighted,0.390627,2304
CVE-2022-22141,Weighted,0.390618,2305
CVE-2021-39749,Weighted,0.390615,2306
CVE-2021-39704,Weighted,0.39060300000000003,2307
CVE-2021-22817,Weighted,0.3906,2308
CVE-2021-44204,Weighted,0.390591,2309
CVE-2022-0483,Weighted,0.390591,2310
CVE-2021-3551,Weighted,0.390558,2311
CVE-2021-35069,Weighted,0.39054300000000003,2312
CVE-2021-20322,Weighted,0.390538,2313
CVE-2021-37109,Weighted,0.39052200000000004,2314
CVE-2020-14481,Weighted,0.39048900000000003,2315
CVE-2021-39626,Weighted,0.390486,2316
CVE-2021-39992,Weighted,0.390486,2317
CVE-2021-40363,Weighted,0.39048,2318
CVE-2022-24115,Weighted,0.39048,2319
CVE-2021-30289,Weighted,0.390471,2320
CVE-2021-30303,Weighted,0.390471,2321
CVE-2021-30308,Weighted,0.390471,2322
CVE-2021-30311,Weighted,0.390471,2323
CVE-2021-33658,Weighted,0.390471,2324
CVE-2021-39634,Weighted,0.390471,2325
CVE-2021-30319,Weighted,0.390465,2326
CVE-2021-30268,Weighted,0.39046200000000003,2327
CVE-2021-30322,Weighted,0.39046200000000003,2328
CVE-2021-30323,Weighted,0.39046200000000003,2329
CVE-2021-39663,Weighted,0.39045,2330
CVE-2021-30267,Weighted,0.390444,2331
CVE-2021-39674,Weighted,0.390444,2332
CVE-2021-0959,Weighted,0.390438,2333
CVE-2022-20025,Weighted,0.390438,2334
CVE-2022-20026,Weighted,0.390438,2335
CVE-2022-20027,Weighted,0.390438,2336
CVE-2022-20028,Weighted,0.390438,2337
CVE-2022-20044,Weighted,0.390438,2338
CVE-2022-20045,Weighted,0.390438,2339
CVE-2021-30309,Weighted,0.39043500000000003,2340
CVE-2021-0957,Weighted,0.390405,2341
CVE-2021-30279,Weighted,0.390405,2342
CVE-2021-39678,Weighted,0.390405,2343
CVE-2021-39695,Weighted,0.390402,2344
CVE-2022-20041,Weighted,0.390402,2345
CVE-2022-20043,Weighted,0.390402,2346
CVE-2021-39619,Weighted,0.390399,2347
CVE-2021-39672,Weighted,0.390399,2348
CVE-2021-39709,Weighted,0.390399,2349
CVE-2021-39668,Weighted,0.390396,2350
CVE-2021-39693,Weighted,0.390396,2351
CVE-2022-20040,Weighted,0.39038700000000004,2352
CVE-2021-39621,Weighted,0.390384,2353
CVE-2021-39627,Weighted,0.390384,2354
CVE-2021-39684,Weighted,0.390384,2355
CVE-2021-39694,Weighted,0.390384,2356
CVE-2021-39697,Weighted,0.390384,2357
CVE-2021-39703,Weighted,0.390378,2358
CVE-2021-39707,Weighted,0.390378,2359
CVE-2021-39622,Weighted,0.390372,2360
CVE-2021-39630,Weighted,0.390372,2361
CVE-2021-39676,Weighted,0.390369,2362
CVE-2022-20047,Weighted,0.390369,2363
CVE-2022-20048,Weighted,0.390369,2364
CVE-2021-1035,Weighted,0.390366,2365
CVE-2021-39618,Weighted,0.390366,2366
CVE-2021-39632,Weighted,0.390366,2367
CVE-2021-39682,Weighted,0.390366,2368
CVE-2021-39768,Weighted,0.39036000000000004,2369
CVE-2022-20053,Weighted,0.39036000000000004,2370
CVE-2021-39620,Weighted,0.390357,2371
CVE-2022-20031,Weighted,0.39035400000000003,2372
CVE-2021-39681,Weighted,0.390345,2373
CVE-2021-39752,Weighted,0.390342,2374
CVE-2021-39781,Weighted,0.390342,2375
CVE-2021-39662,Weighted,0.390339,2376
CVE-2021-39732,Weighted,0.390339,2377
CVE-2021-39741,Weighted,0.390339,2378
CVE-2021-39746,Weighted,0.390339,2379
CVE-2021-39759,Weighted,0.390339,2380
CVE-2021-39763,Weighted,0.390339,2381
CVE-2021-39767,Weighted,0.390339,2382
CVE-2022-20012,Weighted,0.390336,2383
CVE-2022-23729,Weighted,0.390336,2384
CVE-2021-39776,Weighted,0.39033300000000004,2385
CVE-2022-20024,Weighted,0.39033300000000004,2386
CVE-2021-1000,Weighted,0.390315,2387
CVE-2021-1033,Weighted,0.390315,2388
CVE-2022-20002,Weighted,0.390315,2389
CVE-2021-39734,Weighted,0.390312,2390
CVE-2021-39743,Weighted,0.390312,2391
CVE-2021-39750,Weighted,0.390312,2392
CVE-2021-39758,Weighted,0.390312,2393
CVE-2021-39782,Weighted,0.390312,2394
CVE-2021-39783,Weighted,0.390312,2395
CVE-2021-39784,Weighted,0.390312,2396
CVE-2021-39789,Weighted,0.390312,2397
CVE-2021-39669,Weighted,0.390285,2398
CVE-2022-27227,Weighted,0.390078,2399
CVE-2022-21682,Weighted,0.390037,2400
CVE-2021-31589,Weighted,0.389621,2401
CVE-2020-36518,Weighted,0.38958,2402
CVE-2022-25481,Weighted,0.389244,2403
CVE-2022-24291,Weighted,0.389127,2404
CVE-2022-25314,Weighted,0.389079,2405
CVE-2022-23602,Weighted,0.389029,2406
CVE-2022-26521,Weighted,0.388845,2407
CVE-2022-0908,Weighted,0.38875,2408
CVE-2021-44385,Weighted,0.388621,2409
CVE-2021-44386,Weighted,0.388621,2410
CVE-2021-44387,Weighted,0.388621,2411
CVE-2021-44388,Weighted,0.388621,2412
CVE-2021-44389,Weighted,0.388621,2413
CVE-2021-44390,Weighted,0.388621,2414
CVE-2021-44391,Weighted,0.388621,2415
CVE-2021-44392,Weighted,0.388621,2416
CVE-2021-44393,Weighted,0.388621,2417
CVE-2021-44395,Weighted,0.388621,2418
CVE-2021-44396,Weighted,0.388621,2419
CVE-2021-44397,Weighted,0.388621,2420
CVE-2021-44398,Weighted,0.388621,2421
CVE-2021-44399,Weighted,0.388621,2422
CVE-2021-44400,Weighted,0.388621,2423
CVE-2021-44401,Weighted,0.388621,2424
CVE-2021-44402,Weighted,0.388621,2425
CVE-2021-44403,Weighted,0.388621,2426
CVE-2021-44404,Weighted,0.388621,2427
CVE-2021-44405,Weighted,0.388621,2428
CVE-2021-44406,Weighted,0.388621,2429
CVE-2021-44407,Weighted,0.388621,2430
CVE-2021-44408,Weighted,0.388621,2431
CVE-2021-44409,Weighted,0.388621,2432
CVE-2021-44410,Weighted,0.388621,2433
CVE-2021-44411,Weighted,0.388621,2434
CVE-2021-44412,Weighted,0.388621,2435
CVE-2021-44413,Weighted,0.388621,2436
CVE-2021-44414,Weighted,0.388621,2437
CVE-2021-44415,Weighted,0.388621,2438
CVE-2021-44416,Weighted,0.388621,2439
CVE-2021-44417,Weighted,0.388621,2440
CVE-2021-44418,Weighted,0.388621,2441
CVE-2021-44419,Weighted,0.388621,2442
CVE-2021-45793,Weighted,0.388557,2443
CVE-2022-26271,Weighted,0.388545,2444
CVE-2021-44358,Weighted,0.38843500000000003,2445
CVE-2021-44359,Weighted,0.38843500000000003,2446
CVE-2021-44360,Weighted,0.38843500000000003,2447
CVE-2021-44361,Weighted,0.38843500000000003,2448
CVE-2021-44362,Weighted,0.38843500000000003,2449
CVE-2021-44363,Weighted,0.38843500000000003,2450
CVE-2021-44364,Weighted,0.38843500000000003,2451
CVE-2021-44365,Weighted,0.38843500000000003,2452
CVE-2021-44367,Weighted,0.38843500000000003,2453
CVE-2021-44368,Weighted,0.38843500000000003,2454
CVE-2021-44369,Weighted,0.38843500000000003,2455
CVE-2021-44370,Weighted,0.38843500000000003,2456
CVE-2021-44371,Weighted,0.38843500000000003,2457
CVE-2021-44372,Weighted,0.38843500000000003,2458
CVE-2021-44373,Weighted,0.38843500000000003,2459
CVE-2021-44374,Weighted,0.38843500000000003,2460
CVE-2021-44376,Weighted,0.38843500000000003,2461
CVE-2021-44377,Weighted,0.38843500000000003,2462
CVE-2021-44378,Weighted,0.38843500000000003,2463
CVE-2021-44379,Weighted,0.38843500000000003,2464
CVE-2021-44380,Weighted,0.38843500000000003,2465
CVE-2021-44381,Weighted,0.38843500000000003,2466
CVE-2021-44382,Weighted,0.38843500000000003,2467
CVE-2021-44383,Weighted,0.38843500000000003,2468
CVE-2021-44384,Weighted,0.38843500000000003,2469
CVE-2022-21883,Weighted,0.388185,2470
CVE-2021-32586,Weighted,0.388165,2471
CVE-2021-31854,Weighted,0.388036,2472
CVE-2022-26149,Weighted,0.387942,2473
CVE-2022-23223,Weighted,0.387918,2474
CVE-2021-46371,Weighted,0.387915,2475
CVE-2022-0236,Weighted,0.387852,2476
CVE-2022-21382,Weighted,0.387799,2477
CVE-2021-46104,Weighted,0.387693,2478
CVE-2022-24730,Weighted,0.387685,2479
CVE-2022-21848,Weighted,0.387489,2480
CVE-2022-0427,Weighted,0.387484,2481
CVE-2022-23263,Weighted,0.38737,2482
CVE-2021-45031,Weighted,0.38734,2483
CVE-2022-22152,Weighted,0.38734,2484
CVE-2022-22988,Weighted,0.387142,2485
CVE-2022-23990,Weighted,0.386976,2486
CVE-2021-44716,Weighted,0.386874,2487
CVE-2022-27191,Weighted,0.386793,2488
CVE-2022-0538,Weighted,0.386703,2489
CVE-2022-21880,Weighted,0.386649,2490
CVE-2021-45735,Weighted,0.386394,2491
CVE-2022-23945,Weighted,0.386313,2492
CVE-2022-21986,Weighted,0.386217,2493
CVE-2021-23497,Weighted,0.386202,2494
CVE-2022-0944,Weighted,0.386007,2495
CVE-2022-24753,Weighted,0.386002,2496
CVE-2022-21705,Weighted,0.38594999999999996,2497
CVE-2021-20612,Weighted,0.385785,2498
CVE-2021-20613,Weighted,0.385785,2499
CVE-2022-22262,Weighted,0.38577100000000003,2500
CVE-2021-41442,Weighted,0.385656,2501
CVE-2022-24464,Weighted,0.385653,2502
CVE-2022-21716,Weighted,0.38553,2503
CVE-2022-25062,Weighted,0.385509,2504
CVE-2022-21904,Weighted,0.3855,2505
CVE-2021-3654,Weighted,0.385376,2506
CVE-2022-22264,Weighted,0.385366,2507
CVE-2022-21843,Weighted,0.385095,2508
CVE-2022-24921,Weighted,0.384765,2509
CVE-2021-41817,Weighted,0.384666,2510
CVE-2022-21891,Weighted,0.384518,2511
CVE-2022-25331,Weighted,0.384294,2512
CVE-2022-20698,Weighted,0.384183,2513
CVE-2022-21911,Weighted,0.384156,2514
CVE-2021-23702,Weighted,0.38413400000000003,2515
CVE-2022-21889,Weighted,0.38409,2516
CVE-2022-21890,Weighted,0.38409,2517
CVE-2022-21965,Weighted,0.383895,2518
CVE-2021-43045,Weighted,0.38388,2519
CVE-2021-41819,Weighted,0.383793,2520
CVE-2019-12266,Weighted,0.38374400000000003,2521
CVE-2020-36517,Weighted,0.383691,2522
CVE-2021-34797,Weighted,0.383682,2523
CVE-2021-40110,Weighted,0.38358,2524
CVE-2022-26779,Weighted,0.38355,2525
CVE-2022-23772,Weighted,0.38349,2526
CVE-2022-21680,Weighted,0.383484,2527
CVE-2022-24718,Weighted,0.38339,2528
CVE-2021-3610,Weighted,0.383286,2529
CVE-2022-21676,Weighted,0.38328,2530
CVE-2022-21681,Weighted,0.383229,2531
CVE-2022-26353,Weighted,0.383229,2532
CVE-2022-23913,Weighted,0.38322,2533
CVE-2022-21932,Weighted,0.383213,2534
CVE-2022-24778,Weighted,0.383154,2535
CVE-2022-24983,Weighted,0.383121,2536
CVE-2022-23773,Weighted,0.383094,2537
CVE-2022-24975,Weighted,0.382935,2538
CVE-2022-0565,Weighted,0.382928,2539
CVE-2022-21649,Weighted,0.382796,2540
CVE-2021-27738,Weighted,0.382671,2541
CVE-2022-23094,Weighted,0.382569,2542
CVE-2021-23460,Weighted,0.382563,2543
CVE-2022-0732,Weighted,0.382524,2544
CVE-2022-22547,Weighted,0.3825,2545
CVE-2022-21650,Weighted,0.382493,2546
CVE-2022-23098,Weighted,0.382455,2547
CVE-2022-24775,Weighted,0.38244,2548
CVE-2022-23558,Weighted,0.382433,2549
CVE-2022-25249,Weighted,0.382419,2550
CVE-2022-21740,Weighted,0.382364,2551
CVE-2022-0725,Weighted,0.382353,2552
CVE-2022-24789,Weighted,0.382292,2553
CVE-2022-23573,Weighted,0.382265,2554
CVE-2020-12965,Weighted,0.38226,2555
CVE-2022-21736,Weighted,0.382238,2556
CVE-2021-46669,Weighted,0.382209,2557
CVE-2021-45115,Weighted,0.382191,2558
CVE-2022-24764,Weighted,0.38218799999999997,2559
CVE-2022-23584,Weighted,0.382175,2560
CVE-2021-45457,Weighted,0.382149,2561
CVE-2020-23315,Weighted,0.382119,2562
CVE-2022-22722,Weighted,0.382113,2563
CVE-2022-24678,Weighted,0.382005,2564
CVE-2022-21727,Weighted,0.381977,2565
CVE-2021-22050,Weighted,0.381948,2566
CVE-2021-45034,Weighted,0.381921,2567
CVE-2022-25401,Weighted,0.381765,2568
CVE-2022-23562,Weighted,0.381734,2569
CVE-2016-20013,Weighted,0.381702,2570
CVE-2021-44262,Weighted,0.38157,2571
CVE-2021-37204,Weighted,0.381543,2572
CVE-2022-23377,Weighted,0.381519,2573
CVE-2022-21346,Weighted,0.381507,2574
CVE-2020-29050,Weighted,0.381498,2575
CVE-2021-23507,Weighted,0.381375,2576
CVE-2021-43666,Weighted,0.381375,2577
CVE-2022-24763,Weighted,0.381363,2578
CVE-2022-21664,Weighted,0.381256,2579
CVE-2021-45458,Weighted,0.38124,2580
CVE-2022-23793,Weighted,0.381234,2581
CVE-2022-21819,Weighted,0.381227,2582
CVE-2022-22828,Weighted,0.381219,2583
CVE-2022-25352,Weighted,0.381183,2584
CVE-2021-37185,Weighted,0.38118,2585
CVE-2020-24771,Weighted,0.381138,2586
CVE-2021-42641,Weighted,0.381129,2587
CVE-2021-23597,Weighted,0.38109,2588
CVE-2021-4091,Weighted,0.381042,2589
CVE-2022-21193,Weighted,0.381003,2590
CVE-2022-22336,Weighted,0.380997,2591
CVE-2021-44040,Weighted,0.380973,2592
CVE-2022-25598,Weighted,0.380943,2593
CVE-2021-23631,Weighted,0.380934,2594
CVE-2022-23206,Weighted,0.380934,2595
CVE-2021-41608,Weighted,0.380919,2596
CVE-2022-26662,Weighted,0.380919,2597
CVE-2022-25634,Weighted,0.38088,2598
CVE-2021-23192,Weighted,0.380859,2599
CVE-2021-38787,Weighted,0.380841,2600
CVE-2022-24756,Weighted,0.380808,2601
CVE-2021-45856,Weighted,0.380793,2602
CVE-2022-23612,Weighted,0.380793,2603
CVE-2022-27882,Weighted,0.380721,2604
CVE-2022-27881,Weighted,0.380694,2605
CVE-2022-25297,Weighted,0.380688,2606
CVE-2022-23968,Weighted,0.380685,2607
CVE-2021-44124,Weighted,0.380661,2608
CVE-2022-22651,Weighted,0.380643,2609
CVE-2021-43863,Weighted,0.380622,2610
CVE-2021-46102,Weighted,0.380616,2611
CVE-2021-45116,Weighted,0.380565,2612
CVE-2021-38296,Weighted,0.380535,2613
CVE-2022-20653,Weighted,0.380499,2614
CVE-2021-45391,Weighted,0.380478,2615
CVE-2021-38783,Weighted,0.38046,2616
CVE-2021-38785,Weighted,0.38046,2617
CVE-2021-24948,Weighted,0.380445,2618
CVE-2022-21236,Weighted,0.380436,2619
CVE-2021-29395,Weighted,0.380403,2620
CVE-2021-44032,Weighted,0.380376,2621
CVE-2021-38784,Weighted,0.380349,2622
CVE-2021-38786,Weighted,0.38034,2623
CVE-2022-24761,Weighted,0.38034,2624
CVE-2021-44351,Weighted,0.380325,2625
CVE-2021-20299,Weighted,0.380301,2626
CVE-2022-22533,Weighted,0.380265,2627
CVE-2021-38266,Weighted,0.380226,2628
CVE-2022-24226,Weighted,0.380208,2629
CVE-2021-23567,Weighted,0.380199,2630
CVE-2022-21292,Weighted,0.380193,2631
CVE-2022-24646,Weighted,0.380163,2632
CVE-2020-19858,Weighted,0.380133,2633
CVE-2022-21266,Weighted,0.380082,2634
CVE-2020-25178,Weighted,0.380073,2635
CVE-2022-23986,Weighted,0.38007,2636
CVE-2021-38696,Weighted,0.380034,2637
CVE-2021-38788,Weighted,0.380031,2638
CVE-2021-46462,Weighted,0.380031,2639
CVE-2022-25298,Weighted,0.380031,2640
CVE-2021-22569,Weighted,0.380007,2641
CVE-2022-23635,Weighted,0.379992,2642
CVE-2022-25250,Weighted,0.379965,2643
CVE-2022-22585,Weighted,0.379962,2644
CVE-2022-23320,Weighted,0.379932,2645
CVE-2021-37205,Weighted,0.37992,2646
CVE-2022-23596,Weighted,0.379896,2647
CVE-2021-45848,Weighted,0.379872,2648
CVE-2022-21667,Weighted,0.379869,2649
CVE-2021-44977,Weighted,0.379821,2650
CVE-2022-23352,Weighted,0.379821,2651
CVE-2022-24726,Weighted,0.379773,2652
CVE-2022-0214,Weighted,0.379767,2653
CVE-2022-21300,Weighted,0.379749,2654
CVE-2022-0736,Weighted,0.379725,2655
CVE-2017-0371,Weighted,0.379704,2656
CVE-2022-25252,Weighted,0.379704,2657
CVE-2022-0524,Weighted,0.379701,2658
CVE-2021-4076,Weighted,0.379692,2659
CVE-2021-46383,Weighted,0.379689,2660
CVE-2022-23345,Weighted,0.379662,2661
CVE-2021-24893,Weighted,0.379659,2662
CVE-2022-24916,Weighted,0.37965,2663
CVE-2022-24685,Weighted,0.379644,2664
CVE-2022-24683,Weighted,0.379617,2665
CVE-2021-40406,Weighted,0.379602,2666
CVE-2021-46385,Weighted,0.379572,2667
CVE-2021-25087,Weighted,0.379548,2668
CVE-2021-45746,Weighted,0.37953,2669
CVE-2022-25491,Weighted,0.379494,2670
CVE-2020-19861,Weighted,0.379479,2671
CVE-2021-24906,Weighted,0.379467,2672
CVE-2022-23647,Weighted,0.379437,2673
CVE-2021-45734,Weighted,0.379395,2674
CVE-2021-38694,Weighted,0.379392,2675
CVE-2021-3842,Weighted,0.379383,2676
CVE-2021-45851,Weighted,0.379362,2677
CVE-2022-26267,Weighted,0.379362,2678
CVE-2022-0853,Weighted,0.379356,2679
CVE-2021-45761,Weighted,0.379308,2680
CVE-2022-0654,Weighted,0.379269,2681
CVE-2022-0913,Weighted,0.379269,2682
CVE-2022-24798,Weighted,0.379266,2683
CVE-2019-9564,Weighted,0.379257,2684
CVE-2021-43091,Weighted,0.379236,2685
CVE-2021-46101,Weighted,0.379209,2686
CVE-2022-22914,Weighted,0.379203,2687
CVE-2022-21712,Weighted,0.379143,2688
CVE-2021-42642,Weighted,0.379125,2689
CVE-2022-21689,Weighted,0.379122,2690
CVE-2022-23327,Weighted,0.379119,2691
CVE-2022-23328,Weighted,0.379119,2692
CVE-2021-46458,Weighted,0.37911,2693
CVE-2021-46459,Weighted,0.37911,2694
CVE-2022-22543,Weighted,0.379083,2695
CVE-2021-41040,Weighted,0.379074,2696
CVE-2022-24666,Weighted,0.379062,2697
CVE-2022-25640,Weighted,0.379056,2698
CVE-2021-26620,Weighted,0.37905,2699
CVE-2022-0635,Weighted,0.379044,2700
CVE-2022-0667,Weighted,0.379044,2701
CVE-2022-22609,Weighted,0.379032,2702
CVE-2021-40423,Weighted,0.379017,2703
CVE-2022-23228,Weighted,0.378972,2704
CVE-2022-23630,Weighted,0.37896,2705
CVE-2021-44586,Weighted,0.378924,2706
CVE-2022-0618,Weighted,0.378897,2707
CVE-2021-43957,Weighted,0.378885,2708
CVE-2021-22804,Weighted,0.378882,2709
CVE-2021-38789,Weighted,0.378861,2710
CVE-2022-21251,Weighted,0.378861,2711
CVE-2022-23117,Weighted,0.378855,2712
CVE-2021-32545,Weighted,0.37884,2713
CVE-2021-40635,Weighted,0.37884,2714
CVE-2021-40636,Weighted,0.37884,2715
CVE-2022-25335,Weighted,0.37884,2716
CVE-2022-25271,Weighted,0.378831,2717
CVE-2021-45421,Weighted,0.378825,2718
CVE-2022-24316,Weighted,0.378819,2719
CVE-2022-24121,Weighted,0.378783,2720
CVE-2022-24757,Weighted,0.378768,2721
CVE-2020-22845,Weighted,0.37875,2722
CVE-2022-1176,Weighted,0.37875,2723
CVE-2022-22643,Weighted,0.37875,2724
CVE-2021-33498,Weighted,0.378735,2725
CVE-2021-33499,Weighted,0.378735,2726
CVE-2021-35969,Weighted,0.378735,2727
CVE-2021-42555,Weighted,0.378735,2728
CVE-2022-0777,Weighted,0.378723,2729
CVE-2021-24839,Weighted,0.37872,2730
CVE-2021-46408,Weighted,0.378714,2731
CVE-2022-25548,Weighted,0.378714,2732
CVE-2022-25549,Weighted,0.378714,2733
CVE-2022-25550,Weighted,0.378714,2734
CVE-2022-25551,Weighted,0.378714,2735
CVE-2022-25552,Weighted,0.378714,2736
CVE-2022-25553,Weighted,0.378714,2737
CVE-2022-25554,Weighted,0.378714,2738
CVE-2022-25555,Weighted,0.378714,2739
CVE-2022-25556,Weighted,0.378714,2740
CVE-2022-25557,Weighted,0.378714,2741
CVE-2022-25558,Weighted,0.378714,2742
CVE-2022-25560,Weighted,0.378714,2743
CVE-2022-25561,Weighted,0.378714,2744
CVE-2022-25566,Weighted,0.378714,2745
CVE-2020-22844,Weighted,0.378699,2746
CVE-2021-40419,Weighted,0.378696,2747
CVE-2021-3845,Weighted,0.378681,2748
CVE-2022-1036,Weighted,0.378678,2749
CVE-2021-46320,Weighted,0.378651,2750
CVE-2021-43109,Weighted,0.378642,2751
CVE-2022-23387,Weighted,0.378642,2752
CVE-2022-25393,Weighted,0.378642,2753
CVE-2021-38772,Weighted,0.378639,2754
CVE-2022-0133,Weighted,0.378639,2755
CVE-2021-38918,Weighted,0.37863,2756
CVE-2021-46149,Weighted,0.37863,2757
CVE-2022-24317,Weighted,0.378618,2758
CVE-2022-24980,Weighted,0.378603,2759
CVE-2021-42219,Weighted,0.378591,2760
CVE-2021-46359,Weighted,0.378591,2761
CVE-2022-26300,Weighted,0.378591,2762
CVE-2021-24831,Weighted,0.378588,2763
CVE-2021-25093,Weighted,0.378588,2764
CVE-2022-23435,Weighted,0.378576,2765
CVE-2022-22540,Weighted,0.378555,2766
CVE-2021-46247,Weighted,0.378534,2767
CVE-2021-46389,Weighted,0.378531,2768
CVE-2022-24777,Weighted,0.378531,2769
CVE-2021-44246,Weighted,0.378525,2770
CVE-2021-45736,Weighted,0.378525,2771
CVE-2021-45737,Weighted,0.378525,2772
CVE-2021-45739,Weighted,0.378525,2773
CVE-2021-45741,Weighted,0.378525,2774
CVE-2021-45996,Weighted,0.378525,2775
CVE-2021-46082,Weighted,0.378525,2776
CVE-2022-24142,Weighted,0.378525,2777
CVE-2022-24143,Weighted,0.378525,2778
CVE-2022-24145,Weighted,0.378525,2779
CVE-2022-24146,Weighted,0.378525,2780
CVE-2022-24147,Weighted,0.378525,2781
CVE-2022-24149,Weighted,0.378525,2782
CVE-2022-24151,Weighted,0.378525,2783
CVE-2022-24152,Weighted,0.378525,2784
CVE-2022-24153,Weighted,0.378525,2785
CVE-2022-24154,Weighted,0.378525,2786
CVE-2022-24155,Weighted,0.378525,2787
CVE-2022-24156,Weighted,0.378525,2788
CVE-2022-24157,Weighted,0.378525,2789
CVE-2022-24158,Weighted,0.378525,2790
CVE-2022-24159,Weighted,0.378525,2791
CVE-2022-24160,Weighted,0.378525,2792
CVE-2022-24161,Weighted,0.378525,2793
CVE-2022-24162,Weighted,0.378525,2794
CVE-2022-24163,Weighted,0.378525,2795
CVE-2022-24164,Weighted,0.378525,2796
CVE-2022-24166,Weighted,0.378525,2797
CVE-2022-24169,Weighted,0.378525,2798
CVE-2022-24172,Weighted,0.378525,2799
CVE-2022-26243,Weighted,0.378525,2800
CVE-2021-39034,Weighted,0.378522,2801
CVE-2021-45347,Weighted,0.378498,2802
CVE-2021-38576,Weighted,0.378495,2803
CVE-2022-24601,Weighted,0.378492,2804
CVE-2022-21143,Weighted,0.378489,2805
CVE-2021-46170,Weighted,0.378477,2806
CVE-2021-3814,Weighted,0.378474,2807
CVE-2021-3567,Weighted,0.378471,2808
CVE-2022-26311,Weighted,0.378465,2809
CVE-2022-22653,Weighted,0.378441,2810
CVE-2022-27192,Weighted,0.378441,2811
CVE-2022-21655,Weighted,0.378435,2812
CVE-2021-44345,Weighted,0.378411,2813
CVE-2022-22159,Weighted,0.378411,2814
CVE-2022-25104,Weighted,0.378405,2815
CVE-2022-0153,Weighted,0.378384,2816
CVE-2021-28276,Weighted,0.378381,2817
CVE-2022-22110,Weighted,0.378366,2818
CVE-2022-24667,Weighted,0.378357,2819
CVE-2022-24668,Weighted,0.378357,2820
CVE-2020-13670,Weighted,0.378318,2821
CVE-2021-41807,Weighted,0.378318,2822
CVE-2022-25512,Weighted,0.378297,2823
CVE-2022-24758,Weighted,0.378291,2824
CVE-2021-44477,Weighted,0.378285,2825
CVE-2021-32476,Weighted,0.378267,2826
CVE-2022-21801,Weighted,0.378264,2827
CVE-2022-21205,Weighted,0.378261,2828
CVE-2021-45757,Weighted,0.378246,2829
CVE-2021-45989,Weighted,0.378246,2830
CVE-2022-23317,Weighted,0.378228,2831
CVE-2022-24132,Weighted,0.378213,2832
CVE-2021-23236,Weighted,0.37821,2833
CVE-2021-41652,Weighted,0.37821,2834
CVE-2022-21822,Weighted,0.378201,2835
CVE-2021-38960,Weighted,0.378189,2836
CVE-2021-43824,Weighted,0.378186,2837
CVE-2021-43826,Weighted,0.378186,2838
CVE-2021-45769,Weighted,0.378186,2839
CVE-2021-45773,Weighted,0.378186,2840
CVE-2007-20001,Weighted,0.378177,2841
CVE-2021-22286,Weighted,0.378177,2842
CVE-2021-22288,Weighted,0.378177,2843
CVE-2021-45794,Weighted,0.378177,2844
CVE-2021-32996,Weighted,0.378171,2845
CVE-2020-13677,Weighted,0.378159,2846
CVE-2021-45988,Weighted,0.378159,2847
CVE-2021-45991,Weighted,0.378159,2848
CVE-2021-45992,Weighted,0.378159,2849
CVE-2021-45993,Weighted,0.378159,2850
CVE-2021-45994,Weighted,0.378159,2851
CVE-2021-45995,Weighted,0.378159,2852
CVE-2021-45997,Weighted,0.378159,2853
CVE-2021-22043,Weighted,0.378156,2854
CVE-2021-39480,Weighted,0.37815,2855
CVE-2021-44081,Weighted,0.378144,2856
CVE-2021-39364,Weighted,0.378141,2857
CVE-2021-4021,Weighted,0.378138,2858
CVE-2021-46020,Weighted,0.378138,2859
CVE-2022-25508,Weighted,0.378132,2860
CVE-2020-23026,Weighted,0.37812,2861
CVE-2021-45325,Weighted,0.37812,2862
CVE-2021-22285,Weighted,0.378114,2863
CVE-2021-22787,Weighted,0.378111,2864
CVE-2021-22788,Weighted,0.378111,2865
CVE-2022-25514,Weighted,0.378111,2866
CVE-2022-26534,Weighted,0.378111,2867
CVE-2021-38935,Weighted,0.378099,2868
CVE-2022-24772,Weighted,0.378093,2869
CVE-2021-44581,Weighted,0.378087,2870
CVE-2021-22818,Weighted,0.378015,2871
CVE-2021-22800,Weighted,0.378012,2872
CVE-2021-44866,Weighted,0.378006,2873
CVE-2021-43848,Weighted,0.378001,2874
CVE-2022-24321,Weighted,0.377997,2875
CVE-2022-0138,Weighted,0.377958,2876
CVE-2021-37517,Weighted,0.377955,2877
CVE-2021-42020,Weighted,0.377955,2878
CVE-2022-23020,Weighted,0.377928,2879
CVE-2022-22161,Weighted,0.377916,2880
CVE-2022-22510,Weighted,0.377916,2881
CVE-2021-23246,Weighted,0.377913,2882
CVE-2021-45445,Weighted,0.37791,2883
CVE-2021-38957,Weighted,0.377907,2884
CVE-2021-41769,Weighted,0.377904,2885
CVE-2021-32732,Weighted,0.377892,2886
CVE-2022-25264,Weighted,0.377892,2887
CVE-2022-25374,Weighted,0.377892,2888
CVE-2022-0240,Weighted,0.377889,2889
CVE-2021-22785,Weighted,0.377886,2890
CVE-2022-0315,Weighted,0.377877,2891
CVE-2022-1061,Weighted,0.377877,2892
CVE-2021-42577,Weighted,0.377874,2893
CVE-2021-40014,Weighted,0.377871,2894
CVE-2021-43663,Weighted,0.377871,2895
CVE-2020-14107,Weighted,0.377868,2896
CVE-2021-22806,Weighted,0.377862,2897
CVE-2021-25636,Weighted,0.377862,2898
CVE-2022-25389,Weighted,0.377862,2899
CVE-2022-25571,Weighted,0.377862,2900
CVE-2022-23010,Weighted,0.377856,2901
CVE-2021-22816,Weighted,0.377841,2902
CVE-2022-22178,Weighted,0.377835,2903
CVE-2022-22354,Weighted,0.377823,2904
CVE-2021-45348,Weighted,0.37779,2905
CVE-2022-22153,Weighted,0.37779,2906
CVE-2022-22170,Weighted,0.37779,2907
CVE-2022-22171,Weighted,0.37779,2908
CVE-2022-22174,Weighted,0.37779,2909
CVE-2022-22180,Weighted,0.37779,2910
CVE-2022-22724,Weighted,0.37779,2911
CVE-2022-23011,Weighted,0.37779,2912
CVE-2022-23233,Weighted,0.37779,2913
CVE-2022-23989,Weighted,0.37779,2914
CVE-2022-25462,Weighted,0.377784,2915
CVE-2022-22288,Weighted,0.37776,2916
CVE-2022-23012,Weighted,0.37776,2917
CVE-2022-23016,Weighted,0.37776,2918
CVE-2022-23017,Weighted,0.37776,2919
CVE-2022-23018,Weighted,0.37776,2920
CVE-2022-23019,Weighted,0.37776,2921
CVE-2022-23021,Weighted,0.37776,2922
CVE-2022-23022,Weighted,0.37776,2923
CVE-2022-0481,Weighted,0.377754,2924
CVE-2022-0132,Weighted,0.377742,2925
CVE-2022-24327,Weighted,0.377739,2926
CVE-2022-21134,Weighted,0.377721,2927
CVE-2021-22798,Weighted,0.377712,2928
CVE-2022-23024,Weighted,0.377712,2929
CVE-2022-23025,Weighted,0.377712,2930
CVE-2021-40032,Weighted,0.377685,2931
CVE-2021-44878,Weighted,0.377685,2932
CVE-2022-27658,Weighted,0.377661,2933
CVE-2022-0228,Weighted,0.37766099999999997,2934
CVE-2021-29632,Weighted,0.377565,2935
CVE-2021-37194,Weighted,0.377541,2936
CVE-2022-22846,Weighted,0.377532,2937
CVE-2021-40027,Weighted,0.377529,2938
CVE-2021-37126,Weighted,0.377484,2939
CVE-2022-23116,Weighted,0.377484,2940
CVE-2021-40064,Weighted,0.377481,2941
CVE-2021-29397,Weighted,0.377439,2942
CVE-2021-3852,Weighted,0.377424,2943
CVE-2021-45810,Weighted,0.377424,2944
CVE-2020-5956,Weighted,0.377418,2945
CVE-2019-25057,Weighted,0.377394,2946
CVE-2022-27333,Weighted,0.377388,2947
CVE-2021-46086,Weighted,0.377385,2948
CVE-2021-40029,Weighted,0.377373,2949
CVE-2021-40035,Weighted,0.377373,2950
CVE-2022-23591,Weighted,0.377367,2951
CVE-2022-21688,Weighted,0.377361,2952
CVE-2021-40011,Weighted,0.377337,2953
CVE-2021-40049,Weighted,0.377313,2954
CVE-2021-40048,Weighted,0.37731,2955
CVE-2021-40052,Weighted,0.37731,2956
CVE-2022-24341,Weighted,0.377292,2957
CVE-2021-39726,Weighted,0.377265,2958
CVE-2021-39762,Weighted,0.377265,2959
CVE-2021-40051,Weighted,0.37725,2960
CVE-2021-40057,Weighted,0.377244,2961
CVE-2021-40058,Weighted,0.377244,2962
CVE-2021-40060,Weighted,0.377244,2963
CVE-2021-40148,Weighted,0.37722,2964
CVE-2022-24794,Weighted,0.377214,2965
CVE-2021-40056,Weighted,0.377208,2966
CVE-2021-40062,Weighted,0.377208,2967
CVE-2021-40063,Weighted,0.377187,2968
CVE-2022-24771,Weighted,0.377184,2969
CVE-2021-39973,Weighted,0.377091,2970
CVE-2021-39998,Weighted,0.377091,2971
CVE-2021-22319,Weighted,0.377082,2972
CVE-2021-39970,Weighted,0.377079,2973
CVE-2021-40022,Weighted,0.377058,2974
CVE-2021-40846,Weighted,0.377055,2975
CVE-2022-22175,Weighted,0.377055,2976
CVE-2021-22395,Weighted,0.377037,2977
CVE-2021-37110,Weighted,0.377037,2978
CVE-2021-37113,Weighted,0.377037,2979
CVE-2021-37133,Weighted,0.377037,2980
CVE-2021-39966,Weighted,0.377037,2981
CVE-2021-39969,Weighted,0.377037,2982
CVE-2021-39974,Weighted,0.377037,2983
CVE-2021-3698,Weighted,0.377028,2984
CVE-2021-22489,Weighted,0.377025,2985
CVE-2021-37027,Weighted,0.377025,2986
CVE-2021-37111,Weighted,0.377025,2987
CVE-2021-37117,Weighted,0.377025,2988
CVE-2021-37119,Weighted,0.377025,2989
CVE-2021-37125,Weighted,0.377016,2990
CVE-2021-39971,Weighted,0.377016,2991
CVE-2021-39972,Weighted,0.377016,2992
CVE-2021-40005,Weighted,0.377016,2993
CVE-2021-40018,Weighted,0.377016,2994
CVE-2021-40020,Weighted,0.377016,2995
CVE-2021-40021,Weighted,0.377016,2996
CVE-2021-40025,Weighted,0.377016,2997
CVE-2022-28142,Weighted,0.377004,2998
CVE-2021-27422,Weighted,0.377001,2999
CVE-2021-38921,Weighted,0.376995,3000
CVE-2021-37098,Weighted,0.376965,3001
CVE-2021-39968,Weighted,0.376965,3002
CVE-2021-39975,Weighted,0.376965,3003
CVE-2021-39977,Weighted,0.376965,3004
CVE-2021-39983,Weighted,0.376965,3005
CVE-2021-39984,Weighted,0.376965,3006
CVE-2021-39985,Weighted,0.376965,3007
CVE-2021-39987,Weighted,0.376965,3008
CVE-2021-39988,Weighted,0.376965,3009
CVE-2021-39989,Weighted,0.376965,3010
CVE-2021-39978,Weighted,0.376959,3011
CVE-2021-39967,Weighted,0.376929,3012
CVE-2021-40004,Weighted,0.376911,3013
CVE-2022-23015,Weighted,0.37688699999999997,3014
CVE-2021-40026,Weighted,0.376881,3015
CVE-2021-40061,Weighted,0.376881,3016
CVE-2021-42016,Weighted,0.376881,3017
CVE-2021-40054,Weighted,0.376863,3018
CVE-2022-26660,Weighted,0.376851,3019
CVE-2022-21798,Weighted,0.376836,3020
CVE-2021-40047,Weighted,0.37683,3021
CVE-2021-40038,Weighted,0.376806,3022
CVE-2021-40039,Weighted,0.376806,3023
CVE-2021-3422,Weighted,0.376803,3024
CVE-2021-40031,Weighted,0.376788,3025
CVE-2022-22173,Weighted,0.376764,3026
CVE-2021-27757,Weighted,0.376746,3027
CVE-2021-30273,Weighted,0.376704,3028
CVE-2021-30287,Weighted,0.376704,3029
CVE-2021-30293,Weighted,0.376704,3030
CVE-2021-30300,Weighted,0.376704,3031
CVE-2021-30301,Weighted,0.376704,3032
CVE-2021-30307,Weighted,0.376704,3033
CVE-2021-30326,Weighted,0.376704,3034
CVE-2021-30330,Weighted,0.376704,3035
CVE-2021-30353,Weighted,0.376704,3036
CVE-2021-27756,Weighted,0.376698,3037
CVE-2021-40028,Weighted,0.376686,3038
CVE-2022-23633,Weighted,0.376678,3039
CVE-2021-3748,Weighted,0.376566,3040
CVE-2022-0154,Weighted,0.376434,3041
CVE-2021-4031,Weighted,0.376425,3042
CVE-2021-46559,Weighted,0.376308,3043
CVE-2021-39677,Weighted,0.376176,3044
CVE-2021-39716,Weighted,0.376176,3045
CVE-2022-24318,Weighted,0.376173,3046
CVE-2021-3618,Weighted,0.376108,3047
CVE-2022-0280,Weighted,0.376011,3048
CVE-2021-33625,Weighted,0.375945,3049
CVE-2022-24030,Weighted,0.375912,3050
CVE-2020-5953,Weighted,0.375852,3051
CVE-2021-43522,Weighted,0.375792,3052
CVE-2021-36342,Weighted,0.375753,3053
CVE-2021-36343,Weighted,0.375723,3054
CVE-2022-23921,Weighted,0.375627,3055
CVE-2022-0247,Weighted,0.375246,3056
CVE-2022-0749,Weighted,0.375166,3057
CVE-2022-23632,Weighted,0.375142,3058
CVE-2022-26505,Weighted,0.374809,3059
CVE-2021-41441,Weighted,0.374755,3060
CVE-2022-25214,Weighted,0.374485,3061
CVE-2021-44650,Weighted,0.374382,3062
CVE-2021-40411,Weighted,0.374085,3063
CVE-2021-32998,Weighted,0.373549,3064
CVE-2022-21654,Weighted,0.373234,3065
CVE-2021-38578,Weighted,0.373033,3066
CVE-2022-23622,Weighted,0.373024,3067
CVE-2022-1155,Weighted,0.372976,3068
CVE-2022-22807,Weighted,0.372814,3069
CVE-2021-43947,Weighted,0.372351,3070
CVE-2021-28503,Weighted,0.372205,3071
CVE-2021-21964,Weighted,0.372133,3072
CVE-2022-21656,Weighted,0.372016,3073
CVE-2021-4098,Weighted,0.371935,3074
CVE-2022-21828,Weighted,0.371895,3075
CVE-2021-46088,Weighted,0.371781,3076
CVE-2022-23915,Weighted,0.371361,3077
CVE-2021-23682,Weighted,0.371351,3078
CVE-2022-22163,Weighted,0.371104,3079
CVE-2022-22176,Weighted,0.371104,3080
CVE-2021-32840,Weighted,0.370919,3081
CVE-2022-0129,Weighted,0.37084,3082
CVE-2021-23518,Weighted,0.37082899999999996,3083
CVE-2022-0016,Weighted,0.370621,3084
CVE-2022-24281,Weighted,0.370467,3085
CVE-2021-46079,Weighted,0.369927,3086
CVE-2021-23558,Weighted,0.369881,3087
CVE-2022-23284,Weighted,0.369498,3088
CVE-2021-44255,Weighted,0.36941399999999996,3089
CVE-2021-23568,Weighted,0.36935,3090
CVE-2022-21658,Weighted,0.369128,3091
CVE-2022-25225,Weighted,0.368901,3092
CVE-2022-22835,Weighted,0.3685,3093
CVE-2022-23265,Weighted,0.36849,3094
CVE-2021-36295,Weighted,0.368436,3095
CVE-2021-36296,Weighted,0.368436,3096
CVE-2021-46117,Weighted,0.368259,3097
CVE-2021-44779,Weighted,0.368222,3098
CVE-2022-21957,Weighted,0.368154,3099
CVE-2021-46387,Weighted,0.36808399999999997,3100
CVE-2021-43355,Weighted,0.367934,3101
CVE-2022-1084,Weighted,0.36788,3102
CVE-2021-46075,Weighted,0.367848,3103
CVE-2022-1082,Weighted,0.367847,3104
CVE-2022-1083,Weighted,0.367847,3105
CVE-2021-23233,Weighted,0.36783499999999997,3106
CVE-2022-24739,Weighted,0.367736,3107
CVE-2021-23196,Weighted,0.36772699999999997,3108
CVE-2021-44226,Weighted,0.367709,3109
CVE-2021-44168,Weighted,0.36761900000000003,3110
CVE-2021-42171,Weighted,0.367569,3111
CVE-2022-1073,Weighted,0.36741799999999997,3112
CVE-2022-1078,Weighted,0.367403,3113
CVE-2022-24467,Weighted,0.36724799999999996,3114
CVE-2022-24468,Weighted,0.36724799999999996,3115
CVE-2022-24470,Weighted,0.36724799999999996,3116
CVE-2022-24471,Weighted,0.36724799999999996,3117
CVE-2022-24517,Weighted,0.36724799999999996,3118
CVE-2022-24520,Weighted,0.36724799999999996,3119
CVE-2021-43097,Weighted,0.367158,3120
CVE-2022-1080,Weighted,0.367052,3121
CVE-2021-46118,Weighted,0.36697199999999996,3122
CVE-2021-43944,Weighted,0.366933,3123
CVE-2021-42791,Weighted,0.366878,3124
CVE-2022-23906,Weighted,0.366687,3125
CVE-2021-36347,Weighted,0.366624,3126
CVE-2022-25311,Weighted,0.366578,3127
CVE-2021-46116,Weighted,0.366453,3128
CVE-2020-28885,Weighted,0.36644099999999996,3129
CVE-2021-29220,Weighted,0.366327,3130
CVE-2021-33827,Weighted,0.366267,3131
CVE-2022-23048,Weighted,0.366222,3132
CVE-2020-28884,Weighted,0.36608399999999996,3133
CVE-2021-41835,Weighted,0.365915,3134
CVE-2022-22162,Weighted,0.36572899999999997,3135
CVE-2021-44205,Weighted,0.365717,3136
CVE-2021-44206,Weighted,0.365717,3137
CVE-2021-44238,Weighted,0.365661,3138
CVE-2021-33523,Weighted,0.365541,3139
CVE-2020-11263,Weighted,0.365516,3140
CVE-2021-30269,Weighted,0.365453,3141
CVE-2021-30270,Weighted,0.365453,3142
CVE-2021-30271,Weighted,0.365453,3143
CVE-2021-30272,Weighted,0.365453,3144
CVE-2021-39625,Weighted,0.36539,3145
CVE-2021-24216,Weighted,0.365139,3146
CVE-2020-25719,Weighted,0.36506099999999997,3147
CVE-2021-43100,Weighted,0.364896,3148
CVE-2021-43101,Weighted,0.364896,3149
CVE-2021-43102,Weighted,0.364896,3150
CVE-2021-43103,Weighted,0.364896,3151
CVE-2022-1032,Weighted,0.36481199999999997,3152
CVE-2022-23650,Weighted,0.364668,3153
CVE-2022-21820,Weighted,0.364524,3154
CVE-2021-24865,Weighted,0.364506,3155
CVE-2021-25045,Weighted,0.364506,3156
CVE-2022-0420,Weighted,0.364452,3157
CVE-2022-1034,Weighted,0.36444299999999996,3158
CVE-2022-0383,Weighted,0.364401,3159
CVE-2022-23911,Weighted,0.364401,3160
CVE-2022-23043,Weighted,0.364377,3161
CVE-2022-0440,Weighted,0.364326,3162
CVE-2021-4134,Weighted,0.36432,3163
CVE-2022-27948,Weighted,0.364299,3164
CVE-2022-24282,Weighted,0.36429,3165
CVE-2022-0242,Weighted,0.364239,3166
CVE-2022-25306,Weighted,0.364134,3167
CVE-2022-25307,Weighted,0.364134,3168
CVE-2021-25064,Weighted,0.363981,3169
CVE-2021-24858,Weighted,0.363948,3170
CVE-2022-0255,Weighted,0.36393,3171
CVE-2021-24777,Weighted,0.363903,3172
CVE-2021-25068,Weighted,0.363903,3173
CVE-2021-33581,Weighted,0.363852,3174
CVE-2021-24778,Weighted,0.363825,3175
CVE-2021-4208,Weighted,0.363825,3176
CVE-2022-0267,Weighted,0.363825,3177
CVE-2022-26639,Weighted,0.363759,3178
CVE-2022-26640,Weighted,0.363759,3179
CVE-2022-26641,Weighted,0.363759,3180
CVE-2022-26642,Weighted,0.363759,3181
CVE-2021-43098,Weighted,0.363726,3182
CVE-2022-21706,Weighted,0.363618,3183
CVE-2022-21666,Weighted,0.363579,3184
CVE-2022-21395,Weighted,0.363504,3185
CVE-2021-28962,Weighted,0.363483,3186
CVE-2021-33208,Weighted,0.36345299999999997,3187
CVE-2021-25023,Weighted,0.363336,3188
CVE-2021-46115,Weighted,0.363336,3189
CVE-2022-23009,Weighted,0.363336,3190
CVE-2021-42194,Weighted,0.363213,3191
CVE-2021-45913,Weighted,0.363024,3192
CVE-2022-23286,Weighted,0.36291199999999996,3193
CVE-2021-41550,Weighted,0.362886,3194
CVE-2020-8242,Weighted,0.362802,3195
CVE-2021-32474,Weighted,0.362778,3196
CVE-2021-46561,Weighted,0.362508,3197
CVE-2022-0889,Weighted,0.36233699999999996,3198
CVE-2022-22167,Weighted,0.36201,3199
CVE-2022-22157,Weighted,0.36197999999999997,3200
CVE-2022-0834,Weighted,0.36162,3201
CVE-2022-23273,Weighted,0.3616,3202
CVE-2021-46701,Weighted,0.361098,3203
CVE-2021-4156,Weighted,0.36026199999999997,3204
CVE-2021-3752,Weighted,0.360208,3205
CVE-2022-25760,Weighted,0.359917,3206
CVE-2022-23437,Weighted,0.359845,3207
CVE-2022-24774,Weighted,0.359353,3208
CVE-2022-0393,Weighted,0.35917899999999997,3209
CVE-2022-21724,Weighted,0.35902999999999996,3210
CVE-2022-21351,Weighted,0.35880999999999996,3211
CVE-2022-24743,Weighted,0.35875599999999996,3212
CVE-2022-21278,Weighted,0.358591,3213
CVE-2022-0580,Weighted,0.35857,3214
CVE-2022-22625,Weighted,0.358381,3215
CVE-2022-22626,Weighted,0.358381,3216
CVE-2022-0588,Weighted,0.358213,3217
CVE-2022-22627,Weighted,0.35804199999999997,3218
CVE-2022-0991,Weighted,0.35803599999999997,3219
CVE-2022-0518,Weighted,0.35801499999999997,3220
CVE-2021-26618,Weighted,0.357991,3221
CVE-2022-0630,Weighted,0.35797599999999996,3222
CVE-2022-0713,Weighted,0.357925,3223
CVE-2021-45972,Weighted,0.35788,3224
CVE-2022-0521,Weighted,0.35787399999999997,3225
CVE-2022-0522,Weighted,0.35787399999999997,3226
CVE-2022-0519,Weighted,0.35786199999999996,3227
CVE-2022-24781,Weighted,0.35781999999999997,3228
CVE-2021-26619,Weighted,0.35770599999999997,3229
CVE-2022-21711,Weighted,0.35762499999999997,3230
CVE-2022-0905,Weighted,0.357541,3231
CVE-2021-40413,Weighted,0.35746,3232
CVE-2021-34087,Weighted,0.357442,3233
CVE-2021-40414,Weighted,0.357421,3234
CVE-2022-21997,Weighted,0.357385,3235
CVE-2022-23318,Weighted,0.35736999999999997,3236
CVE-2021-46062,Weighted,0.357301,3237
CVE-2021-43054,Weighted,0.357238,3238
CVE-2022-0198,Weighted,0.357217,3239
CVE-2022-23805,Weighted,0.357211,3240
CVE-2021-3743,Weighted,0.35716,3241
CVE-2022-20619,Weighted,0.356965,3242
CVE-2021-3739,Weighted,0.356848,3243
CVE-2022-23202,Weighted,0.356747,3244
CVE-2022-24073,Weighted,0.356734,3245
CVE-2021-25095,Weighted,0.35661099999999996,3246
CVE-2022-0988,Weighted,0.356554,3247
CVE-2022-27816,Weighted,0.3565,3248
CVE-2021-25108,Weighted,0.356353,3249
CVE-2022-26659,Weighted,0.356296,3250
CVE-2022-0144,Weighted,0.35628099999999996,3251
CVE-2021-44024,Weighted,0.35619999999999996,3252
CVE-2021-45442,Weighted,0.35619999999999996,3253
CVE-2022-24460,Weighted,0.35602999999999996,3254
CVE-2021-4090,Weighted,0.356017,3255
CVE-2020-14478,Weighted,0.356008,3256
CVE-2021-45083,Weighted,0.355933,3257
CVE-2021-31833,Weighted,0.355753,3258
CVE-2021-34404,Weighted,0.355636,3259
CVE-2021-3456,Weighted,0.355606,3260
CVE-2021-44864,Weighted,0.355561,3261
CVE-2021-1894,Weighted,0.355465,3262
CVE-2021-30278,Weighted,0.355435,3263
CVE-2022-22292,Weighted,0.35539299999999996,3264
CVE-2021-30283,Weighted,0.355387,3265
CVE-2022-23563,Weighted,0.35533,3266
CVE-2022-26488,Weighted,0.354095,3267
CVE-2022-21887,Weighted,0.353282,3268
CVE-2022-21903,Weighted,0.35242399999999996,3269
CVE-2022-21860,Weighted,0.35231599999999996,3270
CVE-2022-21864,Weighted,0.35231599999999996,3271
CVE-2022-21865,Weighted,0.35231599999999996,3272
CVE-2022-22717,Weighted,0.35214199999999996,3273
CVE-2021-46379,Weighted,0.352103,3274
CVE-2022-23181,Weighted,0.352076,3275
CVE-2022-21967,Weighted,0.352043,3276
CVE-2022-21871,Weighted,0.35203999999999996,3277
CVE-2022-21870,Weighted,0.35203399999999996,3278
CVE-2022-21872,Weighted,0.35203399999999996,3279
CVE-2022-21873,Weighted,0.35203399999999996,3280
CVE-2022-21875,Weighted,0.35203399999999996,3281
CVE-2022-21863,Weighted,0.35201899999999997,3282
CVE-2022-21867,Weighted,0.35201899999999997,3283
CVE-2022-21861,Weighted,0.35197999999999996,3284
CVE-2022-21869,Weighted,0.35197999999999996,3285
CVE-2022-21868,Weighted,0.351968,3286
CVE-2022-21834,Weighted,0.351914,3287
CVE-2022-21859,Weighted,0.351902,3288
CVE-2022-21862,Weighted,0.351902,3289
CVE-2022-21896,Weighted,0.35175799999999996,3290
CVE-2022-21866,Weighted,0.351746,3291
CVE-2022-23287,Weighted,0.35173099999999996,3292
CVE-2022-23288,Weighted,0.35173099999999996,3293
CVE-2022-23298,Weighted,0.35173099999999996,3294
CVE-2022-24525,Weighted,0.351323,3295
CVE-2021-3609,Weighted,0.35129299999999997,3296
CVE-2022-23283,Weighted,0.35115799999999997,3297
CVE-2021-3640,Weighted,0.35111,3298
CVE-2022-23036,Weighted,0.351095,3299
CVE-2022-23038,Weighted,0.351095,3300
CVE-2022-23039,Weighted,0.351095,3301
CVE-2022-23040,Weighted,0.351095,3302
CVE-2022-23041,Weighted,0.351095,3303
CVE-2021-4202,Weighted,0.35107099999999997,3304
CVE-2022-24505,Weighted,0.35107099999999997,3305
CVE-2022-23037,Weighted,0.35104399999999997,3306
CVE-2021-4083,Weighted,0.35092999999999996,3307
CVE-2022-0017,Weighted,0.350828,3308
CVE-2022-23042,Weighted,0.35076199999999996,3309
CVE-2022-22766,Weighted,0.350684,3310
CVE-2021-39713,Weighted,0.35063,3311
CVE-2021-22437,Weighted,0.35047399999999995,3312
CVE-2021-39686,Weighted,0.350462,3313
CVE-2022-24114,Weighted,0.350462,3314
CVE-2021-39629,Weighted,0.350276,3315
CVE-2021-39679,Weighted,0.350267,3316
CVE-2022-0437,Weighted,0.350162,3317
CVE-2021-25220,Weighted,0.35007099999999997,3318
CVE-2021-44451,Weighted,0.34858900000000004,3319
CVE-2021-44665,Weighted,0.348055,3320
CVE-2022-22552,Weighted,0.347067,3321
CVE-2021-41236,Weighted,0.34701600000000005,3322
CVE-2021-34359,Weighted,0.34686900000000004,3323
CVE-2022-22566,Weighted,0.34577100000000005,3324
CVE-2021-4203,Weighted,0.34524099999999996,3325
CVE-2022-0020,Weighted,0.34513299999999997,3326
CVE-2021-23850,Weighted,0.34468,3327
CVE-2021-23851,Weighted,0.34468,3328
CVE-2021-31567,Weighted,0.34417299999999995,3329
CVE-2021-43062,Weighted,0.343808,3330
CVE-2021-24926,Weighted,0.34357099999999996,3331
CVE-2022-21679,Weighted,0.34320999999999996,3332
CVE-2022-22795,Weighted,0.34317099999999995,3333
CVE-2022-22794,Weighted,0.343099,3334
CVE-2022-22691,Weighted,0.34304799999999996,3335
CVE-2022-21687,Weighted,0.34300899999999995,3336
CVE-2022-24731,Weighted,0.34287999999999996,3337
CVE-2022-23620,Weighted,0.342871,3338
CVE-2021-38745,Weighted,0.342553,3339
CVE-2021-43850,Weighted,0.34248399999999996,3340
CVE-2022-21651,Weighted,0.34232199999999996,3341
CVE-2022-24748,Weighted,0.34227699999999994,3342
CVE-2022-21892,Weighted,0.34221999999999997,3343
CVE-2022-21958,Weighted,0.34221999999999997,3344
CVE-2022-21959,Weighted,0.34221999999999997,3345
CVE-2022-21960,Weighted,0.34221999999999997,3346
CVE-2022-21961,Weighted,0.34221999999999997,3347
CVE-2022-21962,Weighted,0.34221999999999997,3348
CVE-2018-25031,Weighted,0.341978,3349
CVE-2022-24309,Weighted,0.3418,3350
CVE-2022-0921,Weighted,0.34163000000000004,3351
CVE-2022-21657,Weighted,0.341551,3352
CVE-2021-46006,Weighted,0.341509,3353
CVE-2021-46390,Weighted,0.34147299999999997,3354
CVE-2022-22836,Weighted,0.341107,3355
CVE-2022-25213,Weighted,0.34110399999999996,3356
CVE-2022-21663,Weighted,0.34108499999999997,3357
CVE-2021-33150,Weighted,0.341053,3358
CVE-2021-20872,Weighted,0.3409,3359
CVE-2022-22154,Weighted,0.34073499999999995,3360
CVE-2021-44850,Weighted,0.34055799999999997,3361
CVE-2022-20055,Weighted,0.340402,3362
CVE-2022-20034,Weighted,0.34028499999999995,3363
CVE-2021-3733,Weighted,0.339025,3364
CVE-2022-22943,Weighted,0.33879200000000004,3365
CVE-2021-36193,Weighted,0.337448,3366
CVE-2022-0764,Weighted,0.337202,3367
CVE-2021-22040,Weighted,0.337175,3368
CVE-2021-23632,Weighted,0.33704999999999996,3369
CVE-2021-22041,Weighted,0.336722,3370
CVE-2020-25182,Weighted,0.336338,3371
CVE-2022-23271,Weighted,0.33626500000000004,3372
CVE-2021-37209,Weighted,0.33613400000000004,3373
CVE-2021-42059,Weighted,0.336038,3374
CVE-2021-0115,Weighted,0.33599300000000004,3375
CVE-2021-0168,Weighted,0.33593300000000004,3376
CVE-2021-0103,Weighted,0.335897,3377
CVE-2021-0107,Weighted,0.335897,3378
CVE-2021-0111,Weighted,0.335897,3379
CVE-2021-0118,Weighted,0.335897,3380
CVE-2021-0161,Weighted,0.335891,3381
CVE-2021-0166,Weighted,0.33587900000000004,3382
CVE-2021-34402,Weighted,0.33585800000000005,3383
CVE-2022-21350,Weighted,0.335854,3384
CVE-2022-21933,Weighted,0.335807,3385
CVE-2022-0014,Weighted,0.33575,3386
CVE-2021-0167,Weighted,0.33572,3387
CVE-2021-0169,Weighted,0.33572,3388
CVE-2021-29218,Weighted,0.33571100000000004,3389
CVE-2021-30324,Weighted,0.33543500000000004,3390
CVE-2021-30325,Weighted,0.33543500000000004,3391
CVE-2021-30298,Weighted,0.335432,3392
CVE-2022-20050,Weighted,0.33540800000000004,3393
CVE-2022-20030,Weighted,0.335399,3394
CVE-2021-39683,Weighted,0.335363,3395
CVE-2022-20038,Weighted,0.335357,3396
CVE-2022-20039,Weighted,0.335357,3397
CVE-2022-20049,Weighted,0.335345,3398
CVE-2021-39718,Weighted,0.335339,3399
CVE-2021-39719,Weighted,0.335339,3400
CVE-2021-39729,Weighted,0.335339,3401
CVE-2021-39731,Weighted,0.335339,3402
CVE-2021-39733,Weighted,0.335339,3403
CVE-2021-39736,Weighted,0.335339,3404
CVE-2021-39786,Weighted,0.335339,3405
CVE-2022-20014,Weighted,0.335339,3406
CVE-2021-39721,Weighted,0.33533,3407
CVE-2021-39725,Weighted,0.33533,3408
CVE-2021-39689,Weighted,0.33531500000000003,3409
CVE-2021-30313,Weighted,0.335303,3410
CVE-2022-20016,Weighted,0.33527,3411
CVE-2021-43701,Weighted,0.335035,3412
CVE-2022-25313,Weighted,0.334885,3413
CVE-2021-24947,Weighted,0.33426700000000004,3414
CVE-2021-24820,Weighted,0.334141,3415
CVE-2022-21363,Weighted,0.33396,3416
CVE-2022-0213,Weighted,0.33372599999999997,3417
CVE-2022-24515,Weighted,0.333538,3418
CVE-2022-24506,Weighted,0.333478,3419
CVE-2022-24518,Weighted,0.333478,3420
CVE-2022-24519,Weighted,0.333478,3421
CVE-2021-46166,Weighted,0.333277,3422
CVE-2022-0266,Weighted,0.33325799999999994,3423
CVE-2022-21915,Weighted,0.333214,3424
CVE-2022-0750,Weighted,0.333212,3425
CVE-2022-0856,Weighted,0.33319,3426
CVE-2021-22570,Weighted,0.33298,3427
CVE-2022-22815,Weighted,0.332668,3428
CVE-2022-25607,Weighted,0.33248099999999997,3429
CVE-2022-24729,Weighted,0.332461,3430
CVE-2022-0155,Weighted,0.332278,3431
CVE-2020-20093,Weighted,0.33205,3432
CVE-2022-26652,Weighted,0.332026,3433
CVE-2022-21702,Weighted,0.33202000000000004,3434
CVE-2022-21399,Weighted,0.33200099999999994,3435
CVE-2022-21401,Weighted,0.33200099999999994,3436
CVE-2022-21403,Weighted,0.33200099999999994,3437
CVE-2022-24522,Weighted,0.331918,3438
CVE-2022-22792,Weighted,0.33177599999999996,3439
CVE-2021-40111,Weighted,0.331366,3440
CVE-2022-24368,Weighted,0.331285,3441
CVE-2022-0633,Weighted,0.331198,3442
CVE-2022-22791,Weighted,0.33114599999999994,3443
CVE-2021-39143,Weighted,0.33103199999999994,3444
CVE-2021-0060,Weighted,0.33096899999999996,3445
CVE-2021-0124,Weighted,0.33095699999999995,3446
CVE-2021-0125,Weighted,0.33090299999999995,3447
CVE-2022-22816,Weighted,0.330871,3448
CVE-2021-36774,Weighted,0.330844,3449
CVE-2022-22638,Weighted,0.330805,3450
CVE-2021-41767,Weighted,0.330799,3451
CVE-2022-23863,Weighted,0.33076,3452
CVE-2022-23849,Weighted,0.33075599999999994,3453
CVE-2021-3596,Weighted,0.33068200000000003,3454
CVE-2022-24370,Weighted,0.330667,3455
CVE-2022-26280,Weighted,0.330631,3456
CVE-2022-27208,Weighted,0.330505,3457
CVE-2022-28146,Weighted,0.330505,3458
CVE-2022-28148,Weighted,0.330505,3459
CVE-2022-20060,Weighted,0.33041999999999994,3460
CVE-2022-20056,Weighted,0.33040499999999995,3461
CVE-2022-20058,Weighted,0.33040499999999995,3462
CVE-2022-20059,Weighted,0.33040499999999995,3463
CVE-2021-44568,Weighted,0.330382,3464
CVE-2022-25179,Weighted,0.330358,3465
CVE-2022-21132,Weighted,0.330349,3466
CVE-2021-45931,Weighted,0.33034,3467
CVE-2022-26252,Weighted,0.33034,3468
CVE-2022-25176,Weighted,0.330226,3469
CVE-2022-25177,Weighted,0.330226,3470
CVE-2022-24599,Weighted,0.330202,3471
CVE-2021-41571,Weighted,0.330178,3472
CVE-2021-45230,Weighted,0.330127,3473
CVE-2021-32436,Weighted,0.330004,3474
CVE-2022-25178,Weighted,0.330004,3475
CVE-2022-24737,Weighted,0.32995,3476
CVE-2021-45223,Weighted,0.329932,3477
CVE-2021-43762,Weighted,0.329893,3478
CVE-2022-22592,Weighted,0.329869,3479
CVE-2022-24196,Weighted,0.329836,3480
CVE-2021-23514,Weighted,0.32976700000000003,3481
CVE-2022-0613,Weighted,0.32974000000000003,3482
CVE-2022-27203,Weighted,0.32974000000000003,3483
CVE-2022-28156,Weighted,0.32974000000000003,3484
CVE-2022-0996,Weighted,0.329593,3485
CVE-2021-43969,Weighted,0.329524,3486
CVE-2022-0665,Weighted,0.32951800000000003,3487
CVE-2022-24197,Weighted,0.329506,3488
CVE-2022-0117,Weighted,0.329443,3489
CVE-2021-43972,Weighted,0.329395,3490
CVE-2022-23183,Weighted,0.32937700000000003,3491
CVE-2022-0422,Weighted,0.32936,3492
CVE-2022-0751,Weighted,0.329344,3493
CVE-2021-3677,Weighted,0.329326,3494
CVE-2022-0593,Weighted,0.329326,3495
CVE-2022-28157,Weighted,0.32929600000000003,3496
CVE-2021-45117,Weighted,0.329251,3497
CVE-2022-26661,Weighted,0.329221,3498
CVE-2022-27201,Weighted,0.329197,3499
CVE-2020-20094,Weighted,0.329194,3500
CVE-2020-20096,Weighted,0.329194,3501
CVE-2022-0721,Weighted,0.329191,3502
CVE-2022-23135,Weighted,0.32918800000000004,3503
CVE-2022-24684,Weighted,0.32918800000000004,3504
CVE-2022-24687,Weighted,0.32916100000000004,3505
CVE-2021-45226,Weighted,0.329152,3506
CVE-2022-24797,Weighted,0.32913400000000004,3507
CVE-2021-42391,Weighted,0.329119,3508
CVE-2021-3667,Weighted,0.329098,3509
CVE-2022-24956,Weighted,0.329098,3510
CVE-2021-24692,Weighted,0.329083,3511
CVE-2022-0724,Weighted,0.329044,3512
CVE-2022-0109,Weighted,0.329002,3513
CVE-2022-21685,Weighted,0.32899300000000004,3514
CVE-2020-20095,Weighted,0.328969,3515
CVE-2021-35452,Weighted,0.328963,3516
CVE-2021-39056,Weighted,0.32893300000000003,3517
CVE-2020-19860,Weighted,0.32893,3518
CVE-2022-25590,Weighted,0.328927,3519
CVE-2022-0090,Weighted,0.328918,3520
CVE-2021-25037,Weighted,0.328873,3521
CVE-2022-23808,Weighted,0.328808,3522
CVE-2022-0577,Weighted,0.328789,3523
CVE-2021-42389,Weighted,0.328777,3524
CVE-2021-42390,Weighted,0.328777,3525
CVE-2022-21708,Weighted,0.328729,3526
CVE-2021-3772,Weighted,0.32872,3527
CVE-2021-44590,Weighted,0.32872,3528
CVE-2022-23625,Weighted,0.32871700000000004,3529
CVE-2021-40404,Weighted,0.328687,3530
CVE-2022-21347,Weighted,0.328666,3531
CVE-2022-21353,Weighted,0.328666,3532
CVE-2022-24982,Weighted,0.328618,3533
CVE-2021-44960,Weighted,0.328537,3534
CVE-2021-46148,Weighted,0.328534,3535
CVE-2022-0108,Weighted,0.328507,3536
CVE-2022-23641,Weighted,0.328477,3537
CVE-2022-22679,Weighted,0.328471,3538
CVE-2022-0504,Weighted,0.328453,3539
CVE-2022-23581,Weighted,0.328453,3540
CVE-2021-34342,Weighted,0.328447,3541
CVE-2021-43946,Weighted,0.328444,3542
CVE-2022-0152,Weighted,0.328423,3543
CVE-2021-45940,Weighted,0.328396,3544
CVE-2022-0151,Weighted,0.328363,3545
CVE-2022-0277,Weighted,0.328363,3546
CVE-2021-28488,Weighted,0.32835400000000003,3547
CVE-2022-23810,Weighted,0.32834800000000003,3548
CVE-2021-40644,Weighted,0.328291,3549
CVE-2021-40645,Weighted,0.328291,3550
CVE-2021-45941,Weighted,0.328291,3551
CVE-2022-23567,Weighted,0.328291,3552
CVE-2022-23589,Weighted,0.328291,3553
CVE-2022-28160,Weighted,0.328282,3554
CVE-2022-0881,Weighted,0.32827300000000004,3555
CVE-2022-21918,Weighted,0.32826700000000003,3556
CVE-2021-3813,Weighted,0.328258,3557
CVE-2022-23607,Weighted,0.328249,3558
CVE-2021-40841,Weighted,0.328237,3559
CVE-2022-22538,Weighted,0.328189,3560
CVE-2021-46203,Weighted,0.328174,3561
CVE-2022-0579,Weighted,0.328162,3562
CVE-2021-29899,Weighted,0.328156,3563
CVE-2022-21252,Weighted,0.328147,3564
CVE-2021-25096,Weighted,0.328141,3565
CVE-2021-44674,Weighted,0.328138,3566
CVE-2022-22539,Weighted,0.328123,3567
CVE-2022-27206,Weighted,0.328117,3568
CVE-2022-0673,Weighted,0.328063,3569
CVE-2022-0587,Weighted,0.32806,3570
CVE-2021-44591,Weighted,0.328057,3571
CVE-2022-0932,Weighted,0.328054,3572
CVE-2022-22701,Weighted,0.32805100000000004,3573
CVE-2021-23771,Weighted,0.328039,3574
CVE-2022-21358,Weighted,0.328039,3575
CVE-2022-22310,Weighted,0.328036,3576
CVE-2022-0731,Weighted,0.328033,3577
CVE-2022-0451,Weighted,0.327994,3578
CVE-2022-0815,Weighted,0.327994,3579
CVE-2022-0528,Weighted,0.32799100000000003,3580
CVE-2022-21847,Weighted,0.32799100000000003,3581
CVE-2022-23570,Weighted,0.327976,3582
CVE-2022-23572,Weighted,0.327976,3583
CVE-2022-0163,Weighted,0.32796400000000003,3584
CVE-2022-24301,Weighted,0.327955,3585
CVE-2022-22316,Weighted,0.327949,3586
CVE-2021-38362,Weighted,0.327946,3587
CVE-2021-46225,Weighted,0.327946,3588
CVE-2022-0959,Weighted,0.32790400000000003,3589
CVE-2022-25187,Weighted,0.327898,3590
CVE-2021-46244,Weighted,0.32787700000000003,3591
CVE-2022-23109,Weighted,0.32787700000000003,3592
CVE-2021-34338,Weighted,0.327871,3593
CVE-2021-34339,Weighted,0.327871,3594
CVE-2022-0514,Weighted,0.327868,3595
CVE-2022-26317,Weighted,0.327868,3596
CVE-2021-46243,Weighted,0.327862,3597
CVE-2022-25244,Weighted,0.327859,3598
CVE-2022-27217,Weighted,0.327847,3599
CVE-2022-23617,Weighted,0.327835,3600
CVE-2022-25515,Weighted,0.327811,3601
CVE-2022-25516,Weighted,0.327811,3602
CVE-2022-23857,Weighted,0.32779600000000003,3603
CVE-2022-21345,Weighted,0.32779,3604
CVE-2022-27209,Weighted,0.32776900000000003,3605
CVE-2022-27211,Weighted,0.32776900000000003,3606
CVE-2022-27216,Weighted,0.32776900000000003,3607
CVE-2022-28135,Weighted,0.32776900000000003,3608
CVE-2022-28141,Weighted,0.32776900000000003,3609
CVE-2021-45340,Weighted,0.327766,3610
CVE-2021-23824,Weighted,0.327763,3611
CVE-2022-0549,Weighted,0.32776,3612
CVE-2022-22659,Weighted,0.32774200000000003,3613
CVE-2022-25193,Weighted,0.327736,3614
CVE-2021-27796,Weighted,0.327721,3615
CVE-2022-22542,Weighted,0.32770900000000003,3616
CVE-2022-22353,Weighted,0.327697,3617
CVE-2021-34340,Weighted,0.327691,3618
CVE-2021-34341,Weighted,0.327691,3619
CVE-2021-34870,Weighted,0.327685,3620
CVE-2022-23023,Weighted,0.327685,3621
CVE-2022-25363,Weighted,0.327685,3622
CVE-2021-45385,Weighted,0.327679,3623
CVE-2021-24928,Weighted,0.327667,3624
CVE-2021-45950,Weighted,0.32766100000000004,3625
CVE-2022-22537,Weighted,0.32765500000000003,3626
CVE-2022-22594,Weighted,0.32765500000000003,3627
CVE-2022-24075,Weighted,0.32764,3628
CVE-2022-24385,Weighted,0.327631,3629
CVE-2022-25184,Weighted,0.32762800000000003,3630
CVE-2022-25506,Weighted,0.32762800000000003,3631
CVE-2022-23583,Weighted,0.327616,3632
CVE-2022-23588,Weighted,0.327592,3633
CVE-2022-0113,Weighted,0.32758000000000004,3634
CVE-2021-38130,Weighted,0.327571,3635
CVE-2022-23112,Weighted,0.327565,3636
CVE-2021-39051,Weighted,0.32755300000000004,3637
CVE-2020-9059,Weighted,0.327538,3638
CVE-2022-21731,Weighted,0.327535,3639
CVE-2021-33068,Weighted,0.32752000000000003,3640
CVE-2022-22535,Weighted,0.327502,3641
CVE-2021-42262,Weighted,0.32749,3642
CVE-2021-46700,Weighted,0.32749,3643
CVE-2022-0754,Weighted,0.327472,3644
CVE-2022-28144,Weighted,0.32746600000000003,3645
CVE-2022-21741,Weighted,0.327463,3646
CVE-2022-23579,Weighted,0.327463,3647
CVE-2022-23580,Weighted,0.327463,3648
CVE-2022-23014,Weighted,0.32746000000000003,3649
CVE-2021-44956,Weighted,0.327457,3650
CVE-2021-44957,Weighted,0.327457,3651
CVE-2022-24328,Weighted,0.327457,3652
CVE-2022-25570,Weighted,0.327457,3653
CVE-2021-27789,Weighted,0.327454,3654
CVE-2021-29394,Weighted,0.327445,3655
CVE-2022-25186,Weighted,0.327427,3656
CVE-2022-25197,Weighted,0.327427,3657
CVE-2022-25210,Weighted,0.327427,3658
CVE-2021-40415,Weighted,0.327421,3659
CVE-2022-24447,Weighted,0.327421,3660
CVE-2020-13676,Weighted,0.327415,3661
CVE-2022-24398,Weighted,0.32740600000000003,3662
CVE-2022-23643,Weighted,0.327403,3663
CVE-2022-23568,Weighted,0.3274,3664
CVE-2022-23586,Weighted,0.3274,3665
CVE-2021-45491,Weighted,0.327397,3666
CVE-2021-3658,Weighted,0.32738500000000004,3667
CVE-2022-0111,Weighted,0.32737900000000003,3668
CVE-2022-22290,Weighted,0.327373,3669
CVE-2021-41233,Weighted,0.327364,3670
CVE-2021-41594,Weighted,0.327355,3671
CVE-2022-21725,Weighted,0.327349,3672
CVE-2022-21729,Weighted,0.327349,3673
CVE-2022-21734,Weighted,0.327349,3674
CVE-2022-21735,Weighted,0.327349,3675
CVE-2022-21737,Weighted,0.327349,3676
CVE-2022-21738,Weighted,0.327349,3677
CVE-2022-21739,Weighted,0.327349,3678
CVE-2022-23575,Weighted,0.327349,3679
CVE-2022-23576,Weighted,0.327349,3680
CVE-2022-23577,Weighted,0.327349,3681
CVE-2022-23582,Weighted,0.327349,3682
CVE-2021-37196,Weighted,0.327346,3683
CVE-2021-38268,Weighted,0.32733100000000004,3684
CVE-2022-22726,Weighted,0.327313,3685
CVE-2022-25518,Weighted,0.327313,3686
CVE-2022-25270,Weighted,0.327307,3687
CVE-2021-3557,Weighted,0.327292,3688
CVE-2022-23557,Weighted,0.32727100000000003,3689
CVE-2022-28158,Weighted,0.327253,3690
CVE-2022-0120,Weighted,0.32725,3691
CVE-2021-41543,Weighted,0.327241,3692
CVE-2021-38679,Weighted,0.327229,3693
CVE-2021-43333,Weighted,0.327229,3694
CVE-2022-0291,Weighted,0.327229,3695
CVE-2022-0294,Weighted,0.327229,3696
CVE-2022-25201,Weighted,0.327226,3697
CVE-2021-45900,Weighted,0.32722,3698
CVE-2022-0821,Weighted,0.32722,3699
CVE-2022-23887,Weighted,0.32721700000000004,3700
CVE-2022-25511,Weighted,0.32721100000000003,3701
CVE-2020-9061,Weighted,0.327199,3702
CVE-2022-27210,Weighted,0.327199,3703
CVE-2021-45007,Weighted,0.327193,3704
CVE-2021-39667,Weighted,0.327178,3705
CVE-2022-24110,Weighted,0.327172,3706
CVE-2022-21672,Weighted,0.327145,3707
CVE-2021-4194,Weighted,0.327121,3708
CVE-2020-10137,Weighted,0.327109,3709
CVE-2020-15388,Weighted,0.327109,3710
CVE-2022-22164,Weighted,0.327106,3711
CVE-2022-25290,Weighted,0.327097,3712
CVE-2022-22311,Weighted,0.327091,3713
CVE-2021-39665,Weighted,0.327079,3714
CVE-2022-24762,Weighted,0.327052,3715
CVE-2022-24333,Weighted,0.327046,3716
CVE-2022-24337,Weighted,0.327046,3717
CVE-2022-0505,Weighted,0.327037,3718
CVE-2022-23869,Weighted,0.327034,3719
CVE-2021-45106,Weighted,0.327025,3720
CVE-2021-46085,Weighted,0.327013,3721
CVE-2022-0273,Weighted,0.32701,3722
CVE-2021-39080,Weighted,0.32699500000000004,3723
CVE-2022-0011,Weighted,0.32698900000000003,3724
CVE-2022-21394,Weighted,0.32698,3725
CVE-2022-0292,Weighted,0.326932,3726
CVE-2021-46249,Weighted,0.326929,3727
CVE-2022-25638,Weighted,0.326884,3728
CVE-2022-0305,Weighted,0.326878,3729
CVE-2022-0756,Weighted,0.326857,3730
CVE-2021-43941,Weighted,0.326848,3731
CVE-2021-41789,Weighted,0.32682700000000003,3732
CVE-2021-24761,Weighted,0.326797,3733
CVE-2021-43929,Weighted,0.326791,3734
CVE-2021-32005,Weighted,0.326776,3735
CVE-2022-22333,Weighted,0.326755,3736
CVE-2022-0309,Weighted,0.32674600000000004,3737
CVE-2021-44839,Weighted,0.326731,3738
CVE-2022-24960,Weighted,0.326728,3739
CVE-2021-25081,Weighted,0.326725,3740
CVE-2022-25243,Weighted,0.32671300000000003,3741
CVE-2022-26951,Weighted,0.326704,3742
CVE-2021-40042,Weighted,0.32668600000000003,3743
CVE-2022-24708,Weighted,0.326656,3744
CVE-2022-22156,Weighted,0.32665,3745
CVE-2021-43662,Weighted,0.326641,3746
CVE-2022-24198,Weighted,0.326641,3747
CVE-2022-27225,Weighted,0.32663200000000003,3748
CVE-2022-28143,Weighted,0.32663200000000003,3749
CVE-2021-24989,Weighted,0.326614,3750
CVE-2020-9060,Weighted,0.326596,3751
CVE-2021-20869,Weighted,0.326596,3752
CVE-2021-24843,Weighted,0.326593,3753
CVE-2021-25072,Weighted,0.326593,3754
CVE-2021-25098,Weighted,0.326593,3755
CVE-2022-0445,Weighted,0.326593,3756
CVE-2022-0681,Weighted,0.326593,3757
CVE-2022-21800,Weighted,0.326563,3758
CVE-2021-20871,Weighted,0.32656,3759
CVE-2021-0165,Weighted,0.32654500000000003,3760
CVE-2021-0172,Weighted,0.32654500000000003,3761
CVE-2021-0173,Weighted,0.32654500000000003,3762
CVE-2021-0174,Weighted,0.32654500000000003,3763
CVE-2021-0175,Weighted,0.32654500000000003,3764
CVE-2021-0183,Weighted,0.32654500000000003,3765
CVE-2022-0231,Weighted,0.326536,3766
CVE-2022-0001,Weighted,0.32652400000000004,3767
CVE-2021-33110,Weighted,0.326512,3768
CVE-2021-35036,Weighted,0.32647000000000004,3769
CVE-2021-39671,Weighted,0.32647000000000004,3770
CVE-2021-31562,Weighted,0.32646400000000003,3771
CVE-2022-27964,Weighted,0.326455,3772
CVE-2022-27965,Weighted,0.326455,3773
CVE-2022-27966,Weighted,0.326455,3774
CVE-2021-46252,Weighted,0.326452,3775
CVE-2021-25092,Weighted,0.32644,3776
CVE-2021-24993,Weighted,0.326407,3777
CVE-2022-23564,Weighted,0.326407,3778
CVE-2022-23565,Weighted,0.326407,3779
CVE-2022-23571,Weighted,0.326407,3780
CVE-2022-23569,Weighted,0.326374,3781
CVE-2021-26247,Weighted,0.326372,3782
CVE-2020-13674,Weighted,0.326368,3783
CVE-2022-22054,Weighted,0.32635600000000003,3784
CVE-2022-27963,Weighted,0.32635000000000003,3785
CVE-2022-23105,Weighted,0.326347,3786
CVE-2022-0002,Weighted,0.326341,3787
CVE-2019-4291,Weighted,0.326338,3788
CVE-2022-23052,Weighted,0.326335,3789
CVE-2022-25818,Weighted,0.326293,3790
CVE-2021-25013,Weighted,0.326287,3791
CVE-2021-3638,Weighted,0.326287,3792
CVE-2021-46027,Weighted,0.32624800000000004,3793
CVE-2021-37613,Weighted,0.326233,3794
CVE-2021-43737,Weighted,0.326233,3795
CVE-2022-22168,Weighted,0.326173,3796
CVE-2021-4145,Weighted,0.32617,3797
CVE-2021-3582,Weighted,0.326158,3798
CVE-2021-25097,Weighted,0.326146,3799
CVE-2021-0177,Weighted,0.326137,3800
CVE-2021-0178,Weighted,0.326137,3801
CVE-2021-0179,Weighted,0.326137,3802
CVE-2022-22179,Weighted,0.326116,3803
CVE-2021-20257,Weighted,0.32611,3804
CVE-2022-22155,Weighted,0.32610700000000004,3805
CVE-2022-22166,Weighted,0.32610700000000004,3806
CVE-2022-22172,Weighted,0.32610700000000004,3807
CVE-2022-22938,Weighted,0.326095,3808
CVE-2022-22160,Weighted,0.326086,3809
CVE-2021-3930,Weighted,0.326014,3810
CVE-2021-28711,Weighted,0.325996,3811
CVE-2021-28712,Weighted,0.325996,3812
CVE-2021-28713,Weighted,0.325996,3813
CVE-2021-28715,Weighted,0.325996,3814
CVE-2021-28714,Weighted,0.325975,3815
CVE-2021-26341,Weighted,0.325963,3816
CVE-2021-44261,Weighted,0.325915,3817
CVE-2021-3941,Weighted,0.325909,3818
CVE-2022-26319,Weighted,0.32585200000000003,3819
CVE-2020-10636,Weighted,0.325834,3820
CVE-2021-40059,Weighted,0.32582500000000003,3821
CVE-2022-20021,Weighted,0.325801,3822
CVE-2022-20022,Weighted,0.325801,3823
CVE-2022-20023,Weighted,0.325801,3824
CVE-2021-35093,Weighted,0.32574400000000003,3825
CVE-2021-4147,Weighted,0.325726,3826
CVE-2021-30348,Weighted,0.325678,3827
CVE-2021-23207,Weighted,0.325654,3828
CVE-2022-0859,Weighted,0.32563000000000003,3829
CVE-2021-25079,Weighted,0.32545999999999997,3830
CVE-2021-1918,Weighted,0.325426,3831
CVE-2022-20057,Weighted,0.325384,3832
CVE-2022-21330,Weighted,0.324579,3833
CVE-2022-21290,Weighted,0.324204,3834
CVE-2022-21380,Weighted,0.324072,3835
CVE-2021-36100,Weighted,0.324065,3836
CVE-2021-23556,Weighted,0.32339,3837
CVE-2022-21327,Weighted,0.323385,3838
CVE-2022-21334,Weighted,0.323385,3839
CVE-2022-21284,Weighted,0.323058,3840
CVE-2022-21285,Weighted,0.323058,3841
CVE-2022-21286,Weighted,0.323058,3842
CVE-2022-21287,Weighted,0.323058,3843
CVE-2022-21288,Weighted,0.323058,3844
CVE-2022-21289,Weighted,0.323058,3845
CVE-2022-21308,Weighted,0.323058,3846
CVE-2022-21320,Weighted,0.323058,3847
CVE-2022-21309,Weighted,0.322863,3848
CVE-2022-21310,Weighted,0.322863,3849
CVE-2022-21322,Weighted,0.322863,3850
CVE-2022-21326,Weighted,0.322863,3851
CVE-2022-21328,Weighted,0.322863,3852
CVE-2022-21329,Weighted,0.322863,3853
CVE-2022-21332,Weighted,0.322863,3854
CVE-2022-21335,Weighted,0.322863,3855
CVE-2022-21336,Weighted,0.322863,3856
CVE-2022-21337,Weighted,0.322863,3857
CVE-2022-21356,Weighted,0.322752,3858
CVE-2022-0233,Weighted,0.3227,3859
CVE-2022-21307,Weighted,0.322554,3860
CVE-2022-21314,Weighted,0.322554,3861
CVE-2022-21315,Weighted,0.322554,3862
CVE-2021-44750,Weighted,0.322226,3863
CVE-2022-21963,Weighted,0.322097,3864
CVE-2021-25115,Weighted,0.32204900000000003,3865
CVE-2021-24982,Weighted,0.321938,3866
CVE-2022-22707,Weighted,0.32190700000000005,3867
CVE-2022-21703,Weighted,0.321849,3868
CVE-2022-21381,Weighted,0.32171,3869
CVE-2021-4074,Weighted,0.321674,3870
CVE-2021-41111,Weighted,0.32166500000000003,3871
CVE-2022-0586,Weighted,0.321009,3872
CVE-2022-0582,Weighted,0.320976,3873
CVE-2021-3700,Weighted,0.320942,3874
CVE-2022-23102,Weighted,0.320795,3875
CVE-2021-45819,Weighted,0.320642,3876
CVE-2022-0581,Weighted,0.320517,3877
CVE-2022-0583,Weighted,0.320517,3878
CVE-2022-23431,Weighted,0.320351,3879
CVE-2022-23432,Weighted,0.320351,3880
CVE-2021-39712,Weighted,0.320282,3881
CVE-2021-39735,Weighted,0.320276,3882
CVE-2022-20013,Weighted,0.32024600000000003,3883
CVE-2022-24512,Weighted,0.319824,3884
CVE-2022-23262,Weighted,0.318612,3885
CVE-2022-0611,Weighted,0.3186,3886
CVE-2022-21693,Weighted,0.318453,3887
CVE-2022-24747,Weighted,0.318291,3888
CVE-2022-21697,Weighted,0.318288,3889
CVE-2022-0432,Weighted,0.318287,3890
CVE-2021-40403,Weighted,0.318252,3891
CVE-2022-21316,Weighted,0.318204,3892
CVE-2022-21318,Weighted,0.318204,3893
CVE-2022-23133,Weighted,0.318105,3894
CVE-2022-23628,Weighted,0.31809,3895
CVE-2021-44964,Weighted,0.317955,3896
CVE-2022-25296,Weighted,0.317919,3897
CVE-2022-0165,Weighted,0.31784,3898
CVE-2022-21146,Weighted,0.317721,3899
CVE-2021-44528,Weighted,0.317546,3900
CVE-2022-21707,Weighted,0.317466,3901
CVE-2022-21928,Weighted,0.316968,3902
CVE-2021-44464,Weighted,0.31692,3903
CVE-2022-26947,Weighted,0.316902,3904
CVE-2021-23154,Weighted,0.316812,3905
CVE-2022-0178,Weighted,0.316761,3906
CVE-2022-24712,Weighted,0.316695,3907
CVE-2021-3948,Weighted,0.31669200000000003,3908
CVE-2021-35500,Weighted,0.316668,3909
CVE-2022-0381,Weighted,0.316595,3910
CVE-2021-3631,Weighted,0.316479,3911
CVE-2022-24732,Weighted,0.316227,3912
CVE-2021-36338,Weighted,0.316074,3913
CVE-2022-0776,Weighted,0.316037,3914
CVE-2022-23242,Weighted,0.315627,3915
CVE-2022-0692,Weighted,0.31513399999999997,3916
CVE-2022-0201,Weighted,0.315104,3917
CVE-2022-22818,Weighted,0.314984,3918
CVE-2022-25323,Weighted,0.314735,3919
CVE-2022-0683,Weighted,0.314729,3920
CVE-2021-45422,Weighted,0.314723,3921
CVE-2022-24502,Weighted,0.314189,3922
CVE-2022-0597,Weighted,0.314057,3923
CVE-2021-38560,Weighted,0.313679,3924
CVE-2021-20729,Weighted,0.31363399999999997,3925
CVE-2022-0653,Weighted,0.31310899999999997,3926
CVE-2021-42551,Weighted,0.313013,3927
CVE-2022-0869,Weighted,0.312926,3928
CVE-2021-45229,Weighted,0.312803,3929
CVE-2022-0087,Weighted,0.312803,3930
CVE-2020-36510,Weighted,0.31277,3931
CVE-2021-42357,Weighted,0.312737,3932
CVE-2021-43725,Weighted,0.31271899999999997,3933
CVE-2022-21970,Weighted,0.312629,3934
CVE-2021-45380,Weighted,0.31259,3935
CVE-2022-0710,Weighted,0.31224799999999997,3936
CVE-2022-0288,Weighted,0.312167,3937
CVE-2022-23638,Weighted,0.312046,3938
CVE-2022-0149,Weighted,0.312011,3939
CVE-2022-0220,Weighted,0.311987,3940
CVE-2021-36737,Weighted,0.311981,3941
CVE-2021-36738,Weighted,0.311981,3942
CVE-2021-36739,Weighted,0.311981,3943
CVE-2021-45416,Weighted,0.311981,3944
CVE-2021-25033,Weighted,0.311909,3945
CVE-2022-0212,Weighted,0.311873,3946
CVE-2021-25078,Weighted,0.311864,3947
CVE-2022-0678,Weighted,0.311819,3948
CVE-2022-0714,Weighted,0.31181600000000004,3949
CVE-2021-25008,Weighted,0.311774,3950
CVE-2022-24227,Weighted,0.311768,3951
CVE-2022-23998,Weighted,0.311758,3952
CVE-2022-24948,Weighted,0.311753,3953
CVE-2021-24746,Weighted,0.311732,3954
CVE-2022-23988,Weighted,0.311693,3955
CVE-2022-0189,Weighted,0.311684,3956
CVE-2021-24838,Weighted,0.311624,3957
CVE-2021-25112,Weighted,0.311561,3958
CVE-2020-18324,Weighted,0.311498,3959
CVE-2022-24725,Weighted,0.311497,3960
CVE-2021-25074,Weighted,0.311483,3961
CVE-2021-25099,Weighted,0.311435,3962
CVE-2021-25063,Weighted,0.31124,3963
CVE-2022-23645,Weighted,0.311212,3964
CVE-2022-0208,Weighted,0.311114,3965
CVE-2021-25055,Weighted,0.31103,3966
CVE-2022-22589,Weighted,0.311015,3967
CVE-2021-0119,Weighted,0.310897,3968
CVE-2021-25028,Weighted,0.310796,3969
CVE-2022-0595,Weighted,0.31072500000000003,3970
CVE-2022-25825,Weighted,0.310672,3971
CVE-2021-43392,Weighted,0.310492,3972
CVE-2021-43393,Weighted,0.31045,3973
CVE-2021-41445,Weighted,0.31044499999999997,3974
CVE-2021-30314,Weighted,0.310435,3975
CVE-2022-0533,Weighted,0.310427,3976
CVE-2022-23779,Weighted,0.31042000000000003,3977
CVE-2021-25016,Weighted,0.310394,3978
CVE-2021-43635,Weighted,0.310328,3979
CVE-2022-0234,Weighted,0.310256,3980
CVE-2022-0150,Weighted,0.310154,3981
CVE-2022-0248,Weighted,0.310151,3982
CVE-2022-0599,Weighted,0.310007,3983
CVE-2021-25085,Weighted,0.309953,3984
CVE-2022-0235,Weighted,0.309938,3985
CVE-2020-18325,Weighted,0.309932,3986
CVE-2021-44217,Weighted,0.30992,3987
CVE-2022-23127,Weighted,0.309842,3988
CVE-2022-24526,Weighted,0.309824,3989
CVE-2021-44829,Weighted,0.309818,3990
CVE-2022-0147,Weighted,0.30968,3991
CVE-2022-0891,Weighted,0.309626,3992
CVE-2022-0262,Weighted,0.30962,3993
CVE-2022-0230,Weighted,0.309596,3994
CVE-2022-23993,Weighted,0.30958399999999997,3995
CVE-2021-25107,Weighted,0.309569,3996
CVE-2022-21839,Weighted,0.309518,3997
CVE-2021-46708,Weighted,0.309485,3998
CVE-2021-24977,Weighted,0.309476,3999
CVE-2022-25642,Weighted,0.309467,4000
CVE-2022-21954,Weighted,0.309461,4001
CVE-2022-0206,Weighted,0.309374,4002
CVE-2021-24940,Weighted,0.309317,4003
CVE-2021-24765,Weighted,0.309215,4004
CVE-2022-24399,Weighted,0.309215,4005
CVE-2022-26101,Weighted,0.309215,4006
CVE-2021-24934,Weighted,0.309191,4007
CVE-2022-0385,Weighted,0.309188,4008
CVE-2021-24975,Weighted,0.309002,4009
CVE-2022-0571,Weighted,0.30896,4010
CVE-2021-24973,Weighted,0.308942,4011
CVE-2022-0181,Weighted,0.30883099999999997,4012
CVE-2022-20659,Weighted,0.308699,4013
CVE-2021-24994,Weighted,0.30869599999999997,4014
CVE-2021-24964,Weighted,0.308648,4015
CVE-2022-28202,Weighted,0.308624,4016
CVE-2022-25922,Weighted,0.308573,4017
CVE-2022-25256,Weighted,0.308516,4018
CVE-2021-24878,Weighted,0.308495,4019
CVE-2022-0429,Weighted,0.308471,4020
CVE-2021-42639,Weighted,0.308453,4021
CVE-2022-23395,Weighted,0.30841999999999997,4022
CVE-2021-32478,Weighted,0.308384,4023
CVE-2021-25022,Weighted,0.308366,4024
CVE-2021-24985,Weighted,0.308327,4025
CVE-2022-24749,Weighted,0.308324,4026
CVE-2022-0690,Weighted,0.308315,4027
CVE-2022-0838,Weighted,0.308282,4028
CVE-2022-26980,Weighted,0.308264,4029
CVE-2021-45224,Weighted,0.308255,4030
CVE-2021-45225,Weighted,0.308255,4031
CVE-2021-44662,Weighted,0.308237,4032
CVE-2022-0929,Weighted,0.308237,4033
CVE-2022-25321,Weighted,0.30819799999999997,4034
CVE-2021-43721,Weighted,0.308183,4035
CVE-2021-45822,Weighted,0.30816499999999997,4036
CVE-2021-42558,Weighted,0.308156,4037
CVE-2021-46144,Weighted,0.308135,4038
CVE-2022-24981,Weighted,0.308126,4039
CVE-2022-0560,Weighted,0.308108,4040
CVE-2022-23397,Weighted,0.30808399999999997,4041
CVE-2020-14502,Weighted,0.308024,4042
CVE-2021-41929,Weighted,0.308024,4043
CVE-2021-41930,Weighted,0.308024,4044
CVE-2021-25017,Weighted,0.308015,4045
CVE-2022-0576,Weighted,0.307994,4046
CVE-2021-40906,Weighted,0.307967,4047
CVE-2022-23598,Weighted,0.307967,4048
CVE-2022-0855,Weighted,0.307964,4049
CVE-2021-45901,Weighted,0.307948,4050
CVE-2022-24776,Weighted,0.307904,4051
CVE-2022-0752,Weighted,0.307901,4052
CVE-2022-21719,Weighted,0.30788,4053
CVE-2021-24983,Weighted,0.307868,4054
CVE-2022-21805,Weighted,0.307865,4055
CVE-2022-22142,Weighted,0.307865,4056
CVE-2021-45328,Weighted,0.307844,4057
CVE-2022-21257,Weighted,0.307838,4058
CVE-2022-21258,Weighted,0.307838,4059
CVE-2022-21259,Weighted,0.307838,4060
CVE-2022-21260,Weighted,0.307838,4061
CVE-2022-21261,Weighted,0.307838,4062
CVE-2022-21262,Weighted,0.307838,4063
CVE-2022-21361,Weighted,0.307838,4064
CVE-2022-21386,Weighted,0.307838,4065
CVE-2022-24435,Weighted,0.307838,4066
CVE-2021-33040,Weighted,0.307811,4067
CVE-2021-44212,Weighted,0.307799,4068
CVE-2021-44213,Weighted,0.307799,4069
CVE-2021-46426,Weighted,0.307769,4070
CVE-2021-24976,Weighted,0.307751,4071
CVE-2021-44210,Weighted,0.307739,4072
CVE-2021-44584,Weighted,0.307727,4073
CVE-2021-44585,Weighted,0.30772099999999997,4074
CVE-2022-24733,Weighted,0.30772099999999997,4075
CVE-2022-24131,Weighted,0.307715,4076
CVE-2022-24374,Weighted,0.307715,4077
CVE-2021-44208,Weighted,0.307709,4078
CVE-2021-44209,Weighted,0.307709,4079
CVE-2021-44896,Weighted,0.307679,4080
CVE-2021-4143,Weighted,0.30767,4081
CVE-2022-27920,Weighted,0.30767,4082
CVE-2021-25015,Weighted,0.307661,4083
CVE-2021-25031,Weighted,0.307661,4084
CVE-2021-25035,Weighted,0.307661,4085
CVE-2021-25062,Weighted,0.307661,4086
CVE-2021-25083,Weighted,0.307661,4087
CVE-2022-0951,Weighted,0.307652,4088
CVE-2021-38263,Weighted,0.307643,4089
CVE-2021-43825,Weighted,0.307631,4090
CVE-2021-24648,Weighted,0.307628,4091
CVE-2021-25027,Weighted,0.307628,4092
CVE-2021-25043,Weighted,0.307628,4093
CVE-2021-25077,Weighted,0.307628,4094
CVE-2022-0161,Weighted,0.307628,4095
CVE-2022-0176,Weighted,0.307628,4096
CVE-2022-0193,Weighted,0.307628,4097
CVE-2022-0399,Weighted,0.307628,4098
CVE-2022-0601,Weighted,0.307628,4099
CVE-2022-0501,Weighted,0.30761,4100
CVE-2022-0986,Weighted,0.307604,4101
CVE-2021-37504,Weighted,0.307601,4102
CVE-2020-18327,Weighted,0.307598,4103
CVE-2021-25100,Weighted,0.307598,4104
CVE-2022-0252,Weighted,0.307598,4105
CVE-2022-0380,Weighted,0.307598,4106
CVE-2022-0628,Weighted,0.307598,4107
CVE-2022-0640,Weighted,0.307598,4108
CVE-2022-0680,Weighted,0.307598,4109
CVE-2022-0818,Weighted,0.307598,4110
CVE-2022-23912,Weighted,0.307598,4111
CVE-2022-24717,Weighted,0.307598,4112
CVE-2022-23376,Weighted,0.307574,4113
CVE-2022-0526,Weighted,0.307568,4114
CVE-2022-23367,Weighted,0.307565,4115
CVE-2022-0352,Weighted,0.30755899999999997,4116
CVE-2021-42841,Weighted,0.307556,4117
CVE-2022-0527,Weighted,0.30755,4118
CVE-2022-24746,Weighted,0.30753199999999997,4119
CVE-2022-0122,Weighted,0.307517,4120
CVE-2022-22534,Weighted,0.307505,4121
CVE-2022-24397,Weighted,0.307505,4122
CVE-2022-0753,Weighted,0.307502,4123
CVE-2021-25006,Weighted,0.30749899999999997,4124
CVE-2021-44667,Weighted,0.307493,4125
CVE-2022-21269,Weighted,0.307475,4126
CVE-2022-21272,Weighted,0.307475,4127
CVE-2022-21359,Weighted,0.307475,4128
CVE-2022-21369,Weighted,0.307475,4129
CVE-2021-20303,Weighted,0.307466,4130
CVE-2014-8597,Weighted,0.307433,4131
CVE-2021-24923,Weighted,0.30743,4132
CVE-2021-25024,Weighted,0.30743,4133
CVE-2021-24764,Weighted,0.3074,4134
CVE-2021-24874,Weighted,0.3074,4135
CVE-2021-24909,Weighted,0.3074,4136
CVE-2021-24921,Weighted,0.3074,4137
CVE-2021-24937,Weighted,0.3074,4138
CVE-2021-24953,Weighted,0.3074,4139
CVE-2021-24996,Weighted,0.3074,4140
CVE-2021-25012,Weighted,0.3074,4141
CVE-2021-25019,Weighted,0.3074,4142
CVE-2021-25034,Weighted,0.3074,4143
CVE-2021-25038,Weighted,0.3074,4144
CVE-2021-25039,Weighted,0.3074,4145
CVE-2021-25040,Weighted,0.3074,4146
CVE-2021-25047,Weighted,0.3074,4147
CVE-2021-25071,Weighted,0.3074,4148
CVE-2021-25089,Weighted,0.3074,4149
CVE-2021-25091,Weighted,0.3074,4150
CVE-2021-46163,Weighted,0.3074,4151
CVE-2022-0347,Weighted,0.3074,4152
CVE-2022-0449,Weighted,0.3074,4153
CVE-2022-0503,Weighted,0.3074,4154
CVE-2022-0600,Weighted,0.3074,4155
CVE-2022-0619,Weighted,0.3074,4156
CVE-2022-0620,Weighted,0.3074,4157
CVE-2022-0621,Weighted,0.3074,4158
CVE-2022-0627,Weighted,0.3074,4159
CVE-2022-0641,Weighted,0.3074,4160
CVE-2022-0643,Weighted,0.3074,4161
CVE-2022-0647,Weighted,0.3074,4162
CVE-2022-0648,Weighted,0.3074,4163
CVE-2022-22734,Weighted,0.3074,4164
CVE-2022-25493,Weighted,0.3074,4165
CVE-2022-0321,Weighted,0.307385,4166
CVE-2022-0327,Weighted,0.307385,4167
CVE-2021-41003,Weighted,0.30736399999999997,4168
CVE-2021-40637,Weighted,0.307358,4169
CVE-2021-45357,Weighted,0.307358,4170
CVE-2021-41657,Weighted,0.307352,4171
CVE-2021-27473,Weighted,0.307349,4172
CVE-2021-45329,Weighted,0.307331,4173
CVE-2022-24589,Weighted,0.307325,4174
CVE-2022-23916,Weighted,0.307322,4175
CVE-2022-23710,Weighted,0.307313,4176
CVE-2021-44478,Weighted,0.307283,4177
CVE-2022-22146,Weighted,0.307283,4178
CVE-2022-20635,Weighted,0.30727699999999997,4179
CVE-2022-20636,Weighted,0.30727699999999997,4180
CVE-2022-20637,Weighted,0.30727699999999997,4181
CVE-2022-20638,Weighted,0.30727699999999997,4182
CVE-2022-20639,Weighted,0.30727699999999997,4183
CVE-2022-20640,Weighted,0.30727699999999997,4184
CVE-2022-20641,Weighted,0.30727699999999997,4185
CVE-2022-20642,Weighted,0.30727699999999997,4186
CVE-2022-20643,Weighted,0.30727699999999997,4187
CVE-2022-20644,Weighted,0.30727699999999997,4188
CVE-2022-20645,Weighted,0.30727699999999997,4189
CVE-2022-20646,Weighted,0.30727699999999997,4190
CVE-2022-20647,Weighted,0.30727699999999997,4191
CVE-2021-24999,Weighted,0.307271,4192
CVE-2021-25000,Weighted,0.307271,4193
CVE-2021-25001,Weighted,0.307271,4194
CVE-2022-25114,Weighted,0.307253,4195
CVE-2021-22810,Weighted,0.307247,4196
CVE-2022-27496,Weighted,0.307244,4197
CVE-2022-0018,Weighted,0.307238,4198
CVE-2021-22811,Weighted,0.307235,4199
CVE-2021-22812,Weighted,0.307235,4200
CVE-2021-22813,Weighted,0.307235,4201
CVE-2021-22814,Weighted,0.307235,4202
CVE-2022-24656,Weighted,0.30722299999999997,4203
CVE-2022-0820,Weighted,0.30722,4204
CVE-2021-43956,Weighted,0.307193,4205
CVE-2021-46382,Weighted,0.30719,4206
CVE-2021-38264,Weighted,0.307184,4207
CVE-2021-29217,Weighted,0.307181,4208
CVE-2021-42168,Weighted,0.307175,4209
CVE-2022-23083,Weighted,0.307172,4210
CVE-2022-26156,Weighted,0.307172,4211
CVE-2022-26158,Weighted,0.307172,4212
CVE-2021-30650,Weighted,0.307166,4213
CVE-2022-0868,Weighted,0.307157,4214
CVE-2021-42970,Weighted,0.307148,4215
CVE-2021-45281,Weighted,0.307148,4216
CVE-2022-25013,Weighted,0.307148,4217
CVE-2022-25014,Weighted,0.307148,4218
CVE-2022-26533,Weighted,0.307148,4219
CVE-2022-21354,Weighted,0.307118,4220
CVE-2022-21373,Weighted,0.307118,4221
CVE-2021-33961,Weighted,0.30711499999999997,4222
CVE-2021-46109,Weighted,0.307106,4223
CVE-2022-25221,Weighted,0.307106,4224
CVE-2022-22793,Weighted,0.307085,4225
CVE-2022-27193,Weighted,0.307085,4226
CVE-2021-44768,Weighted,0.307067,4227
CVE-2021-43106,Weighted,0.307049,4228
CVE-2020-13668,Weighted,0.307043,4229
CVE-2022-26155,Weighted,0.307034,4230
CVE-2022-24177,Weighted,0.307025,4231
CVE-2022-24608,Weighted,0.307025,4232
CVE-2022-23800,Weighted,0.307022,4233
CVE-2020-13672,Weighted,0.307013,4234
CVE-2022-24564,Weighted,0.307013,4235
CVE-2021-42552,Weighted,0.30700099999999997,4236
CVE-2021-46709,Weighted,0.306953,4237
CVE-2020-27428,Weighted,0.306941,4238
CVE-2021-45408,Weighted,0.306941,4239
CVE-2020-13669,Weighted,0.306929,4240
CVE-2022-24135,Weighted,0.306926,4241
CVE-2021-43661,Weighted,0.306923,4242
CVE-2021-43707,Weighted,0.306923,4243
CVE-2022-23907,Weighted,0.306923,4244
CVE-2022-24572,Weighted,0.306923,4245
CVE-2022-25028,Weighted,0.306923,4246
CVE-2022-25575,Weighted,0.306923,4247
CVE-2022-26644,Weighted,0.306923,4248
CVE-2022-22344,Weighted,0.306902,4249
CVE-2020-23986,Weighted,0.306884,4250
CVE-2022-0697,Weighted,0.306884,4251
CVE-2022-25317,Weighted,0.306881,4252
CVE-2021-42244,Weighted,0.306863,4253
CVE-2021-43677,Weighted,0.306863,4254
CVE-2022-22919,Weighted,0.306863,4255
CVE-2022-23391,Weighted,0.306863,4256
CVE-2022-26246,Weighted,0.306863,4257
CVE-2022-24573,Weighted,0.306851,4258
CVE-2021-3853,Weighted,0.306848,4259
CVE-2022-22126,Weighted,0.306845,4260
CVE-2022-23053,Weighted,0.306845,4261
CVE-2022-23054,Weighted,0.306845,4262
CVE-2022-24395,Weighted,0.30683,4263
CVE-2022-24330,Weighted,0.306827,4264
CVE-2022-22812,Weighted,0.306812,4265
CVE-2022-22529,Weighted,0.30680599999999997,4266
CVE-2022-27246,Weighted,0.306803,4267
CVE-2021-46034,Weighted,0.306764,4268
CVE-2022-23798,Weighted,0.306761,4269
CVE-2022-23796,Weighted,0.306758,4270
CVE-2022-23801,Weighted,0.306758,4271
CVE-2022-24072,Weighted,0.306737,4272
CVE-2021-38678,Weighted,0.30671,4273
CVE-2021-38126,Weighted,0.306707,4274
CVE-2021-38127,Weighted,0.306707,4275
CVE-2022-24338,Weighted,0.306704,4276
CVE-2022-25259,Weighted,0.306704,4277
CVE-2022-25261,Weighted,0.306704,4278
CVE-2022-25269,Weighted,0.306704,4279
CVE-2021-4198,Weighted,0.30669799999999997,4280
CVE-2022-26573,Weighted,0.30669799999999997,4281
CVE-2021-29216,Weighted,0.306695,4282
CVE-2022-23184,Weighted,0.306689,4283
CVE-2021-22822,Weighted,0.306686,4284
CVE-2021-23863,Weighted,0.306686,4285
CVE-2021-41541,Weighted,0.306686,4286
CVE-2021-41542,Weighted,0.306686,4287
CVE-2021-46251,Weighted,0.306686,4288
CVE-2022-23312,Weighted,0.306686,4289
CVE-2022-27884,Weighted,0.306665,4290
CVE-2022-27885,Weighted,0.306665,4291
CVE-2022-27886,Weighted,0.306665,4292
CVE-2022-27887,Weighted,0.306665,4293
CVE-2021-3837,Weighted,0.306566,4294
CVE-2021-37195,Weighted,0.306527,4295
CVE-2022-23637,Weighted,0.306425,4296
CVE-2021-4160,Weighted,0.30631600000000003,4297
CVE-2021-3623,Weighted,0.305963,4298
CVE-2022-22652,Weighted,0.305942,4299
CVE-2020-13673,Weighted,0.30577699999999997,4300
CVE-2022-0012,Weighted,0.305729,4301
CVE-2022-21813,Weighted,0.30569599999999997,4302
CVE-2022-21814,Weighted,0.30569599999999997,4303
CVE-2021-36809,Weighted,0.30569,4304
CVE-2021-20290,Weighted,0.30566899999999997,4305
CVE-2021-31814,Weighted,0.305612,4306
CVE-2021-20315,Weighted,0.30558799999999997,4307
CVE-2021-26264,Weighted,0.30556099999999997,4308
CVE-2022-22789,Weighted,0.305453,4309
CVE-2022-22268,Weighted,0.305336,4310
CVE-2022-23728,Weighted,0.305312,4311
CVE-2022-26159,Weighted,0.305116,4312
CVE-2022-22588,Weighted,0.303983,4313
CVE-2022-21221,Weighted,0.30248800000000003,4314
CVE-2021-38542,Weighted,0.30204100000000006,4315
CVE-2022-21721,Weighted,0.30145900000000003,4316
CVE-2021-43589,Weighted,0.301332,4317
CVE-2022-24302,Weighted,0.30124000000000006,4318
CVE-2021-3608,Weighted,0.301089,4319
CVE-2021-3607,Weighted,0.30089699999999997,4320
CVE-2022-25106,Weighted,0.30076400000000003,4321
CVE-2022-23278,Weighted,0.30067600000000005,4322
CVE-2021-43590,Weighted,0.30045299999999997,4323
CVE-2022-23646,Weighted,0.300385,4324
CVE-2016-2124,Weighted,0.300256,4325
CVE-2021-23222,Weighted,0.299503,4326
CVE-2021-41141,Weighted,0.29910100000000006,4327
CVE-2021-29785,Weighted,0.298897,4328
CVE-2022-21352,Weighted,0.29888800000000004,4329
CVE-2021-29838,Weighted,0.29884900000000003,4330
CVE-2021-40327,Weighted,0.298582,4331
CVE-2022-24409,Weighted,0.29832400000000003,4332
CVE-2022-27906,Weighted,0.29824000000000006,4333
CVE-2021-42018,Weighted,0.298063,4334
CVE-2022-23130,Weighted,0.29801200000000005,4335
CVE-2022-23590,Weighted,0.29791900000000004,4336
CVE-2021-42019,Weighted,0.29777200000000004,4337
CVE-2021-45081,Weighted,0.297733,4338
CVE-2022-21199,Weighted,0.29767000000000005,4339
CVE-2022-23593,Weighted,0.29761000000000004,4340
CVE-2022-24686,Weighted,0.29758900000000005,4341
CVE-2022-0615,Weighted,0.297499,4342
CVE-2022-22169,Weighted,0.29748100000000005,4343
CVE-2022-21653,Weighted,0.29737900000000006,4344
CVE-2022-26247,Weighted,0.29725300000000004,4345
CVE-2021-21971,Weighted,0.297088,4346
CVE-2021-43055,Weighted,0.297028,4347
CVE-2020-36516,Weighted,0.29701600000000006,4348
CVE-2022-24319,Weighted,0.296725,4349
CVE-2022-23255,Weighted,0.29668000000000005,4350
CVE-2022-24320,Weighted,0.29663200000000006,4351
CVE-2022-24968,Weighted,0.29662600000000006,4352
CVE-2021-26598,Weighted,0.296584,4353
CVE-2021-40055,Weighted,0.29654200000000003,4354
CVE-2021-39026,Weighted,0.29653,4355
CVE-2022-24769,Weighted,0.296476,4356
CVE-2021-21963,Weighted,0.29646700000000004,4357
CVE-2021-42017,Weighted,0.296416,4358
CVE-2022-0123,Weighted,0.296314,4359
CVE-2021-44532,Weighted,0.296092,4360
CVE-2021-33846,Weighted,0.29593900000000006,4361
CVE-2021-36781,Weighted,0.295621,4362
CVE-2022-24928,Weighted,0.29535700000000004,4363
CVE-2022-23111,Weighted,0.29463799999999996,4364
CVE-2022-0507,Weighted,0.293705,4365
CVE-2021-45063,Weighted,0.293669,4366
CVE-2022-20738,Weighted,0.293315,4367
CVE-2021-44533,Weighted,0.293074,4368
CVE-2021-3398,Weighted,0.292772,4369
CVE-2022-26948,Weighted,0.29175799999999996,4370
CVE-2021-28377,Weighted,0.290167,4371
CVE-2022-21293,Weighted,0.290038,4372
CVE-2022-22946,Weighted,0.289538,4373
CVE-2021-4043,Weighted,0.288845,4374
CVE-2022-22716,Weighted,0.288812,4375
CVE-2022-21340,Weighted,0.288244,4376
CVE-2021-33114,Weighted,0.28648500000000005,4377
CVE-2021-33139,Weighted,0.28647300000000003,4378
CVE-2022-24926,Weighted,0.286467,4379
CVE-2021-33155,Weighted,0.286401,4380
CVE-2021-24968,Weighted,0.28627800000000003,4381
CVE-2021-25011,Weighted,0.28627800000000003,4382
CVE-2022-23409,Weighted,0.286277,4383
CVE-2022-0968,Weighted,0.28619300000000003,4384
CVE-2021-20147,Weighted,0.2857,4385
CVE-2022-22284,Weighted,0.28567200000000004,4386
CVE-2021-45067,Weighted,0.28558700000000004,4387
CVE-2021-23842,Weighted,0.285432,4388
CVE-2021-23760,Weighted,0.28503399999999995,4389
CVE-2022-21877,Weighted,0.28368200000000005,4390
CVE-2021-44713,Weighted,0.28325,4391
CVE-2022-22790,Weighted,0.28306899999999996,4392
CVE-2022-0675,Weighted,0.28275399999999995,4393
CVE-2022-22712,Weighted,0.282406,4394
CVE-2022-0529,Weighted,0.28226300000000004,4395
CVE-2022-23192,Weighted,0.28222400000000003,4396
CVE-2021-25118,Weighted,0.28189600000000004,4397
CVE-2022-0378,Weighted,0.281598,4398
CVE-2021-44712,Weighted,0.28150400000000003,4399
CVE-2022-23960,Weighted,0.281497,4400
CVE-2022-0530,Weighted,0.281324,4401
CVE-2022-23193,Weighted,0.28108700000000003,4402
CVE-2022-24462,Weighted,0.28107200000000004,4403
CVE-2022-24090,Weighted,0.281003,4404
CVE-2021-26401,Weighted,0.280879,4405
CVE-2021-46595,Weighted,0.28073600000000004,4406
CVE-2022-23190,Weighted,0.28071500000000005,4407
CVE-2022-23191,Weighted,0.28071500000000005,4408
CVE-2022-23194,Weighted,0.28071500000000005,4409
CVE-2022-23195,Weighted,0.28071500000000005,4410
CVE-2022-23196,Weighted,0.28071500000000005,4411
CVE-2022-23197,Weighted,0.28071500000000005,4412
CVE-2022-23204,Weighted,0.28064300000000003,4413
CVE-2022-23104,Weighted,0.28063299999999997,4414
CVE-2022-23922,Weighted,0.28063299999999997,4415
CVE-2021-46623,Weighted,0.280445,4416
CVE-2021-46628,Weighted,0.280445,4417
CVE-2021-45942,Weighted,0.28029800000000005,4418
CVE-2022-23189,Weighted,0.280223,4419
CVE-2022-23198,Weighted,0.280223,4420
CVE-2022-23199,Weighted,0.280223,4421
CVE-2022-22583,Weighted,0.28016,4422
CVE-2022-0156,Weighted,0.28015700000000004,4423
CVE-2021-34984,Weighted,0.28009700000000004,4424
CVE-2021-34985,Weighted,0.28009700000000004,4425
CVE-2021-46589,Weighted,0.28009700000000004,4426
CVE-2021-46593,Weighted,0.28009700000000004,4427
CVE-2021-46594,Weighted,0.28009700000000004,4428
CVE-2021-46596,Weighted,0.28009700000000004,4429
CVE-2022-24130,Weighted,0.280082,4430
CVE-2021-46649,Weighted,0.280034,4431
CVE-2021-46650,Weighted,0.280034,4432
CVE-2021-46651,Weighted,0.280034,4433
CVE-2021-46610,Weighted,0.27996200000000004,4434
CVE-2022-22600,Weighted,0.279959,4435
CVE-2021-46611,Weighted,0.279857,4436
CVE-2021-46615,Weighted,0.27983600000000003,4437
CVE-2021-46616,Weighted,0.27983600000000003,4438
CVE-2021-46618,Weighted,0.27983600000000003,4439
CVE-2021-46620,Weighted,0.27983600000000003,4440
CVE-2021-46624,Weighted,0.27983600000000003,4441
CVE-2021-46629,Weighted,0.27983600000000003,4442
CVE-2021-46630,Weighted,0.27983600000000003,4443
CVE-2021-46632,Weighted,0.27983600000000003,4444
CVE-2022-21301,Weighted,0.279812,4445
CVE-2022-0967,Weighted,0.27978600000000003,4446
CVE-2021-46637,Weighted,0.279776,4447
CVE-2021-46642,Weighted,0.279776,4448
CVE-2021-46654,Weighted,0.279776,4449
CVE-2021-45958,Weighted,0.27965,4450
CVE-2022-24055,Weighted,0.27961400000000003,4451
CVE-2022-24060,Weighted,0.27961400000000003,4452
CVE-2022-24061,Weighted,0.27961400000000003,4453
CVE-2022-0954,Weighted,0.27959100000000003,4454
CVE-2022-26336,Weighted,0.27956000000000003,4455
CVE-2021-45943,Weighted,0.279473,4456
CVE-2022-21838,Weighted,0.279449,4457
CVE-2022-0865,Weighted,0.279434,4458
CVE-2022-0696,Weighted,0.27935600000000005,4459
CVE-2021-44700,Weighted,0.279326,4460
CVE-2022-0319,Weighted,0.27932,4461
CVE-2022-21899,Weighted,0.27929000000000004,4462
CVE-2021-45949,Weighted,0.27920300000000003,4463
CVE-2022-23049,Weighted,0.27909900000000004,4464
CVE-2021-45944,Weighted,0.27908,4465
CVE-2021-45930,Weighted,0.27906200000000003,4466
CVE-2021-45868,Weighted,0.279017,4467
CVE-2022-22844,Weighted,0.27900800000000003,4468
CVE-2021-40750,Weighted,0.27899,4469
CVE-2021-40778,Weighted,0.27899,4470
CVE-2021-40781,Weighted,0.27899,4471
CVE-2022-0909,Weighted,0.27899,4472
CVE-2022-0924,Weighted,0.27899,4473
CVE-2021-32435,Weighted,0.278951,4474
CVE-2022-21876,Weighted,0.278861,4475
CVE-2022-22002,Weighted,0.27884600000000004,4476
CVE-2021-40741,Weighted,0.27881,4477
CVE-2022-0907,Weighted,0.27881,4478
CVE-2021-40737,Weighted,0.278774,4479
CVE-2021-40742,Weighted,0.278774,4480
CVE-2022-21367,Weighted,0.27877100000000005,4481
CVE-2022-0561,Weighted,0.27875,4482
CVE-2022-0562,Weighted,0.27875,4483
CVE-2021-46005,Weighted,0.278745,4484
CVE-2021-44879,Weighted,0.278702,4485
CVE-2022-0757,Weighted,0.278693,4486
CVE-2022-21378,Weighted,0.278669,4487
CVE-2021-40782,Weighted,0.27855800000000003,4488
CVE-2021-36411,Weighted,0.278465,4489
CVE-2022-0544,Weighted,0.278459,4490
CVE-2021-44269,Weighted,0.27845000000000003,4491
CVE-2021-40762,Weighted,0.278444,4492
CVE-2021-40768,Weighted,0.278444,4493
CVE-2021-40785,Weighted,0.278444,4494
CVE-2021-40788,Weighted,0.278444,4495
CVE-2021-40789,Weighted,0.278444,4496
CVE-2021-40796,Weighted,0.278444,4497
CVE-2021-42263,Weighted,0.278444,4498
CVE-2021-42264,Weighted,0.278444,4499
CVE-2021-40767,Weighted,0.27843500000000004,4500
CVE-2022-23281,Weighted,0.278399,4501
CVE-2021-46141,Weighted,0.278393,4502
CVE-2022-0173,Weighted,0.27831500000000003,4503
CVE-2022-1122,Weighted,0.278312,4504
CVE-2022-24511,Weighted,0.27830000000000005,4505
CVE-2021-46142,Weighted,0.278285,4506
CVE-2021-23520,Weighted,0.27828200000000003,4507
CVE-2022-1056,Weighted,0.278279,4508
CVE-2022-21906,Weighted,0.27827300000000005,4509
CVE-2022-0219,Weighted,0.278177,4510
CVE-2022-25375,Weighted,0.278162,4511
CVE-2022-27939,Weighted,0.27813200000000005,4512
CVE-2022-21879,Weighted,0.27806000000000003,4513
CVE-2021-44994,Weighted,0.278054,4514
CVE-2022-0961,Weighted,0.27801800000000004,4515
CVE-2022-0476,Weighted,0.278015,4516
CVE-2021-46019,Weighted,0.27801200000000004,4517
CVE-2021-32434,Weighted,0.277943,4518
CVE-2021-4219,Weighted,0.277928,4519
CVE-2021-46022,Weighted,0.27791000000000005,4520
CVE-2022-21964,Weighted,0.277907,4521
CVE-2022-0695,Weighted,0.277868,4522
CVE-2021-46021,Weighted,0.277859,4523
CVE-2022-0712,Weighted,0.277853,4524
CVE-2021-45948,Weighted,0.277826,4525
CVE-2022-0534,Weighted,0.27782,4526
CVE-2022-0419,Weighted,0.277805,4527
CVE-2022-23621,Weighted,0.277805,4528
CVE-2021-44962,Weighted,0.277766,4529
CVE-2022-0614,Weighted,0.27774200000000004,4530
CVE-2021-20302,Weighted,0.277733,4531
CVE-2022-27943,Weighted,0.277718,4532
CVE-2021-45343,Weighted,0.2777,4533
CVE-2021-45934,Weighted,0.277673,4534
CVE-2021-45939,Weighted,0.277673,4535
CVE-2022-22710,Weighted,0.277673,4536
CVE-2021-20300,Weighted,0.27767000000000003,4537
CVE-2021-45932,Weighted,0.27766100000000005,4538
CVE-2021-45933,Weighted,0.27766100000000005,4539
CVE-2021-45936,Weighted,0.27766100000000005,4540
CVE-2021-45937,Weighted,0.27766100000000005,4541
CVE-2021-45938,Weighted,0.27766100000000005,4542
CVE-2021-45935,Weighted,0.277646,4543
CVE-2021-3933,Weighted,0.27764300000000003,4544
CVE-2021-41043,Weighted,0.27761,4545
CVE-2022-22899,Weighted,0.27761,4546
CVE-2021-40567,Weighted,0.27760100000000004,4547
CVE-2022-26291,Weighted,0.277598,4548
CVE-2022-25108,Weighted,0.27759500000000004,4549
CVE-2021-40569,Weighted,0.27758900000000003,4550
CVE-2021-40572,Weighted,0.27758900000000003,4551
CVE-2021-40575,Weighted,0.27758900000000003,4552
CVE-2021-40576,Weighted,0.27758900000000003,4553
CVE-2021-36410,Weighted,0.277577,4554
CVE-2020-6920,Weighted,0.27756800000000004,4555
CVE-2021-36346,Weighted,0.27754300000000004,4556
CVE-2021-40562,Weighted,0.27754100000000004,4557
CVE-2021-40563,Weighted,0.27754100000000004,4558
CVE-2021-40564,Weighted,0.27754100000000004,4559
CVE-2021-40565,Weighted,0.27754100000000004,4560
CVE-2022-22820,Weighted,0.277511,4561
CVE-2022-21998,Weighted,0.27750800000000003,4562
CVE-2021-36408,Weighted,0.277505,4563
CVE-2021-45429,Weighted,0.277499,4564
CVE-2022-25050,Weighted,0.277499,4565
CVE-2021-40566,Weighted,0.27748100000000003,4566
CVE-2022-0890,Weighted,0.27748100000000003,4567
CVE-2022-1035,Weighted,0.27745400000000003,4568
CVE-2021-44749,Weighted,0.277451,4569
CVE-2021-34122,Weighted,0.27744800000000003,4570
CVE-2022-0632,Weighted,0.27743900000000005,4571
CVE-2021-45760,Weighted,0.27743,4572
CVE-2022-0326,Weighted,0.27743,4573
CVE-2022-21985,Weighted,0.277364,4574
CVE-2022-23252,Weighted,0.277364,4575
CVE-2022-23297,Weighted,0.277364,4576
CVE-2021-46335,Weighted,0.27735200000000004,4577
CVE-2022-24613,Weighted,0.277343,4578
CVE-2021-46195,Weighted,0.277337,4579
CVE-2022-24503,Weighted,0.27731100000000003,4580
CVE-2021-45847,Weighted,0.27731,4581
CVE-2022-22890,Weighted,0.27731,4582
CVE-2022-25051,Weighted,0.27731,4583
CVE-2021-44992,Weighted,0.27728600000000003,4584
CVE-2021-44993,Weighted,0.27728600000000003,4585
CVE-2022-24574,Weighted,0.277262,4586
CVE-2021-37529,Weighted,0.27724400000000005,4587
CVE-2021-37530,Weighted,0.27724400000000005,4588
CVE-2021-40559,Weighted,0.27724400000000005,4589
CVE-2021-45863,Weighted,0.277187,4590
CVE-2022-24614,Weighted,0.27718400000000004,4591
CVE-2022-0928,Weighted,0.277167,4592
CVE-2021-45762,Weighted,0.277154,4593
CVE-2021-45763,Weighted,0.277154,4594
CVE-2021-45764,Weighted,0.277154,4595
CVE-2021-45767,Weighted,0.277154,4596
CVE-2021-46327,Weighted,0.27715100000000004,4597
CVE-2021-46329,Weighted,0.27715100000000004,4598
CVE-2021-46330,Weighted,0.27715100000000004,4599
CVE-2021-46331,Weighted,0.27715100000000004,4600
CVE-2021-46333,Weighted,0.27715100000000004,4601
CVE-2021-46481,Weighted,0.27715100000000004,4602
CVE-2021-45386,Weighted,0.27713600000000005,4603
CVE-2021-45387,Weighted,0.27713600000000005,4604
CVE-2021-44961,Weighted,0.277127,4605
CVE-2021-46234,Weighted,0.277127,4606
CVE-2022-24615,Weighted,0.277127,4607
CVE-2021-46052,Weighted,0.27710900000000005,4608
CVE-2021-46053,Weighted,0.27710900000000005,4609
CVE-2021-46054,Weighted,0.27710900000000005,4610
CVE-2021-45830,Weighted,0.27710300000000004,4611
CVE-2021-46048,Weighted,0.2771,4612
CVE-2021-46055,Weighted,0.2771,4613
CVE-2021-46236,Weighted,0.2771,4614
CVE-2021-25026,Weighted,0.27709700000000004,4615
CVE-2021-40573,Weighted,0.27709700000000004,4616
CVE-2021-46474,Weighted,0.27707600000000004,4617
CVE-2021-46475,Weighted,0.27707600000000004,4618
CVE-2021-46477,Weighted,0.27707600000000004,4619
CVE-2021-46478,Weighted,0.27707600000000004,4620
CVE-2021-46480,Weighted,0.27707600000000004,4621
CVE-2021-45833,Weighted,0.277073,4622
CVE-2022-24576,Weighted,0.277073,4623
CVE-2021-46169,Weighted,0.27704900000000005,4624
CVE-2021-46050,Weighted,0.27703700000000003,4625
CVE-2020-25427,Weighted,0.277031,4626
CVE-2022-22901,Weighted,0.277031,4627
CVE-2021-45829,Weighted,0.27701600000000004,4628
CVE-2021-45860,Weighted,0.277013,4629
CVE-2021-45861,Weighted,0.277013,4630
CVE-2021-45864,Weighted,0.277013,4631
CVE-2022-21973,Weighted,0.277013,4632
CVE-2022-23319,Weighted,0.277013,4633
CVE-2021-28507,Weighted,0.277007,4634
CVE-2021-45947,Weighted,0.277001,4635
CVE-2021-45832,Weighted,0.276998,4636
CVE-2021-28275,Weighted,0.276992,4637
CVE-2021-45929,Weighted,0.276992,4638
CVE-2021-45946,Weighted,0.276992,4639
CVE-2021-46496,Weighted,0.276992,4640
CVE-2021-46502,Weighted,0.276992,4641
CVE-2022-0849,Weighted,0.27698,4642
CVE-2021-46322,Weighted,0.27697700000000003,4643
CVE-2022-22644,Weighted,0.27697700000000003,4644
CVE-2021-46338,Weighted,0.276974,4645
CVE-2022-0762,Weighted,0.27696200000000004,4646
CVE-2022-24432,Weighted,0.27696200000000004,4647
CVE-2021-22809,Weighted,0.27694100000000005,4648
CVE-2021-46171,Weighted,0.27694100000000005,4649
CVE-2021-46336,Weighted,0.276932,4650
CVE-2021-46337,Weighted,0.276932,4651
CVE-2021-46346,Weighted,0.276932,4652
CVE-2021-46351,Weighted,0.276932,4653
CVE-2021-46168,Weighted,0.276917,4654
CVE-2021-46546,Weighted,0.276917,4655
CVE-2021-46484,Weighted,0.27691400000000005,4656
CVE-2021-46489,Weighted,0.27691400000000005,4657
CVE-2021-46494,Weighted,0.27691400000000005,4658
CVE-2021-46495,Weighted,0.27691400000000005,4659
CVE-2021-46497,Weighted,0.27691400000000005,4660
CVE-2021-46498,Weighted,0.27691400000000005,4661
CVE-2021-46499,Weighted,0.27691400000000005,4662
CVE-2021-46500,Weighted,0.27691400000000005,4663
CVE-2021-46501,Weighted,0.27691400000000005,4664
CVE-2021-46503,Weighted,0.27691400000000005,4665
CVE-2021-46047,Weighted,0.27689600000000003,4666
CVE-2021-46487,Weighted,0.27689600000000003,4667
CVE-2021-46038,Weighted,0.27687500000000004,4668
CVE-2021-46039,Weighted,0.27687500000000004,4669
CVE-2021-46040,Weighted,0.27687500000000004,4670
CVE-2021-46041,Weighted,0.27687500000000004,4671
CVE-2021-46042,Weighted,0.27687500000000004,4672
CVE-2021-46043,Weighted,0.27687500000000004,4673
CVE-2021-46045,Weighted,0.27687500000000004,4674
CVE-2021-46046,Weighted,0.27687500000000004,4675
CVE-2021-46049,Weighted,0.27687500000000004,4676
CVE-2021-46051,Weighted,0.27687500000000004,4677
CVE-2022-22660,Weighted,0.27687500000000004,4678
CVE-2021-27416,Weighted,0.276866,4679
CVE-2021-45831,Weighted,0.276866,4680
CVE-2021-46044,Weighted,0.276866,4681
CVE-2021-46237,Weighted,0.276863,4682
CVE-2021-46238,Weighted,0.276863,4683
CVE-2021-46311,Weighted,0.276863,4684
CVE-2021-46323,Weighted,0.276863,4685
CVE-2021-46339,Weighted,0.276863,4686
CVE-2021-46340,Weighted,0.276863,4687
CVE-2021-46342,Weighted,0.276863,4688
CVE-2021-46343,Weighted,0.276863,4689
CVE-2021-46344,Weighted,0.276863,4690
CVE-2021-46345,Weighted,0.276863,4691
CVE-2021-46347,Weighted,0.276863,4692
CVE-2021-46348,Weighted,0.276863,4693
CVE-2021-46349,Weighted,0.276863,4694
CVE-2021-46350,Weighted,0.276863,4695
CVE-2021-46556,Weighted,0.276863,4696
CVE-2021-46239,Weighted,0.27684800000000004,4697
CVE-2022-22891,Weighted,0.27684800000000004,4698
CVE-2022-22892,Weighted,0.27684800000000004,4699
CVE-2008-10001,Weighted,0.276845,4700
CVE-2021-46240,Weighted,0.27684200000000003,4701
CVE-2021-46313,Weighted,0.27684200000000003,4702
CVE-2021-46508,Weighted,0.27684200000000003,4703
CVE-2021-46510,Weighted,0.27684200000000003,4704
CVE-2021-46511,Weighted,0.27684200000000003,4705
CVE-2021-46512,Weighted,0.27684200000000003,4706
CVE-2021-46514,Weighted,0.27684200000000003,4707
CVE-2021-46515,Weighted,0.27684200000000003,4708
CVE-2021-46516,Weighted,0.27684200000000003,4709
CVE-2021-46517,Weighted,0.27684200000000003,4710
CVE-2021-46528,Weighted,0.27684200000000003,4711
CVE-2021-46529,Weighted,0.27684200000000003,4712
CVE-2021-46530,Weighted,0.27684200000000003,4713
CVE-2021-46531,Weighted,0.27684200000000003,4714
CVE-2021-46532,Weighted,0.27684200000000003,4715
CVE-2021-46534,Weighted,0.27684200000000003,4716
CVE-2021-46535,Weighted,0.27684200000000003,4717
CVE-2021-46537,Weighted,0.27684200000000003,4718
CVE-2021-46538,Weighted,0.27684200000000003,4719
CVE-2021-46539,Weighted,0.27684200000000003,4720
CVE-2021-46540,Weighted,0.27684200000000003,4721
CVE-2021-46541,Weighted,0.27684200000000003,4722
CVE-2021-46542,Weighted,0.27684200000000003,4723
CVE-2021-46543,Weighted,0.27684200000000003,4724
CVE-2021-46544,Weighted,0.27684200000000003,4725
CVE-2021-46545,Weighted,0.27684200000000003,4726
CVE-2021-46547,Weighted,0.27684200000000003,4727
CVE-2021-46548,Weighted,0.27684200000000003,4728
CVE-2021-46549,Weighted,0.27684200000000003,4729
CVE-2021-46550,Weighted,0.27684200000000003,4730
CVE-2021-46553,Weighted,0.27684200000000003,4731
CVE-2021-46554,Weighted,0.27684200000000003,4732
CVE-2022-24249,Weighted,0.27684200000000003,4733
CVE-2022-27938,Weighted,0.27684200000000003,4734
CVE-2021-45846,Weighted,0.27682700000000005,4735
CVE-2021-46485,Weighted,0.27682100000000004,4736
CVE-2021-46486,Weighted,0.27682100000000004,4737
CVE-2021-46488,Weighted,0.27682100000000004,4738
CVE-2021-46490,Weighted,0.27682100000000004,4739
CVE-2021-46491,Weighted,0.27682100000000004,4740
CVE-2021-46504,Weighted,0.27682100000000004,4741
CVE-2021-46505,Weighted,0.27682100000000004,4742
CVE-2021-46506,Weighted,0.27682100000000004,4743
CVE-2021-46507,Weighted,0.27682100000000004,4744
CVE-2022-25484,Weighted,0.27682100000000004,4745
CVE-2021-27414,Weighted,0.27671900000000005,4746
CVE-2021-46492,Weighted,0.276695,4747
CVE-2021-46659,Weighted,0.27665300000000004,4748
CVE-2021-44748,Weighted,0.276638,4749
CVE-2021-23521,Weighted,0.27663200000000004,4750
CVE-2021-3744,Weighted,0.27659900000000004,4751
CVE-2022-0286,Weighted,0.27659300000000003,4752
CVE-2021-4115,Weighted,0.27659,4753
CVE-2022-0617,Weighted,0.27649100000000004,4754
CVE-2022-0854,Weighted,0.276386,4755
CVE-2022-21283,Weighted,0.27634600000000004,4756
CVE-2021-36151,Weighted,0.27631100000000003,4757
CVE-2021-44421,Weighted,0.276308,4758
CVE-2022-21341,Weighted,0.276295,4759
CVE-2021-45449,Weighted,0.27628400000000003,4760
CVE-2022-24959,Weighted,0.27628400000000003,4761
CVE-2022-0563,Weighted,0.276281,4762
CVE-2022-0487,Weighted,0.276272,4763
CVE-2021-46667,Weighted,0.27626300000000004,4764
CVE-2022-1052,Weighted,0.27626300000000004,4765
CVE-2021-44647,Weighted,0.276254,4766
CVE-2021-45402,Weighted,0.27624800000000005,4767
CVE-2021-34600,Weighted,0.27624200000000004,4768
CVE-2022-22648,Weighted,0.27623000000000003,4769
CVE-2021-46661,Weighted,0.27620900000000004,4770
CVE-2021-46663,Weighted,0.27620900000000004,4771
CVE-2021-4149,Weighted,0.2762,4772
CVE-2021-46664,Weighted,0.2762,4773
CVE-2021-46665,Weighted,0.2762,4774
CVE-2021-46668,Weighted,0.2762,4775
CVE-2021-45928,Weighted,0.27618200000000004,4776
CVE-2021-46702,Weighted,0.276179,4777
CVE-2022-26296,Weighted,0.27617600000000003,4778
CVE-2021-3620,Weighted,0.27617,4779
CVE-2021-46657,Weighted,0.27617,4780
CVE-2021-4095,Weighted,0.27616100000000005,4781
CVE-2021-46658,Weighted,0.27616100000000005,4782
CVE-2021-46662,Weighted,0.27616100000000005,4783
CVE-2021-46666,Weighted,0.27616100000000005,4784
CVE-2022-0382,Weighted,0.27615500000000004,4785
CVE-2022-27195,Weighted,0.27614900000000003,4786
CVE-2022-27950,Weighted,0.276143,4787
CVE-2021-44216,Weighted,0.27609500000000003,4788
CVE-2021-44215,Weighted,0.27606200000000003,4789
CVE-2022-21823,Weighted,0.27604700000000004,4790
CVE-2022-26966,Weighted,0.276038,4791
CVE-2021-4150,Weighted,0.27600800000000003,4792
CVE-2022-23034,Weighted,0.27600800000000003,4793
CVE-2021-3732,Weighted,0.276002,4794
CVE-2021-3602,Weighted,0.27598100000000003,4795
CVE-2021-0145,Weighted,0.275975,4796
CVE-2022-26878,Weighted,0.275975,4797
CVE-2022-20621,Weighted,0.275957,4798
CVE-2021-3947,Weighted,0.275951,4799
CVE-2021-39742,Weighted,0.275951,4800
CVE-2021-46283,Weighted,0.275948,4801
CVE-2021-20180,Weighted,0.275942,4802
CVE-2020-12966,Weighted,0.27593900000000005,4803
CVE-2021-4148,Weighted,0.27592700000000003,4804
CVE-2022-25497,Weighted,0.275926,4805
CVE-2021-0072,Weighted,0.275921,4806
CVE-2022-25012,Weighted,0.275918,4807
CVE-2022-21704,Weighted,0.27591200000000005,4808
CVE-2022-0672,Weighted,0.275909,4809
CVE-2021-3428,Weighted,0.275903,4810
CVE-2021-0127,Weighted,0.275897,4811
CVE-2022-0322,Weighted,0.275897,4812
CVE-2022-0433,Weighted,0.275876,4813
CVE-2021-0170,Weighted,0.27586700000000003,4814
CVE-2021-33061,Weighted,0.275849,4815
CVE-2021-32039,Weighted,0.27584000000000003,4816
CVE-2021-43745,Weighted,0.27584000000000003,4817
CVE-2022-22908,Weighted,0.275834,4818
CVE-2021-33096,Weighted,0.27583100000000005,4819
CVE-2022-23456,Weighted,0.275828,4820
CVE-2020-14480,Weighted,0.27581900000000004,4821
CVE-2021-0076,Weighted,0.27579200000000004,4822
CVE-2022-21375,Weighted,0.27578600000000003,4823
CVE-2021-20320,Weighted,0.27578,4824
CVE-2022-23953,Weighted,0.275768,4825
CVE-2022-23954,Weighted,0.275768,4826
CVE-2022-23955,Weighted,0.275768,4827
CVE-2022-23956,Weighted,0.275768,4828
CVE-2022-23957,Weighted,0.275768,4829
CVE-2022-23958,Weighted,0.275768,4830
CVE-2022-0264,Weighted,0.27576500000000004,4831
CVE-2022-21153,Weighted,0.275762,4832
CVE-2022-21157,Weighted,0.275762,4833
CVE-2022-21218,Weighted,0.275762,4834
CVE-2022-21226,Weighted,0.275762,4835
CVE-2022-22650,Weighted,0.275762,4836
CVE-2021-20269,Weighted,0.275756,4837
CVE-2021-39032,Weighted,0.275756,4838
CVE-2021-27753,Weighted,0.275753,4839
CVE-2021-27755,Weighted,0.275753,4840
CVE-2021-41849,Weighted,0.275753,4841
CVE-2021-44234,Weighted,0.275723,4842
CVE-2021-0171,Weighted,0.27572,4843
CVE-2021-33105,Weighted,0.27572,4844
CVE-2021-33119,Weighted,0.27572,4845
CVE-2021-33147,Weighted,0.27572,4846
CVE-2021-4023,Weighted,0.275714,4847
CVE-2022-22703,Weighted,0.275708,4848
CVE-2021-38994,Weighted,0.275699,4849
CVE-2021-38995,Weighted,0.275699,4850
CVE-2020-4925,Weighted,0.275687,4851
CVE-2021-34405,Weighted,0.275681,4852
CVE-2022-21133,Weighted,0.275681,4853
CVE-2022-21156,Weighted,0.275681,4854
CVE-2021-38988,Weighted,0.27566,4855
CVE-2021-38989,Weighted,0.27566,4856
CVE-2021-38993,Weighted,0.27565100000000003,4857
CVE-2021-38996,Weighted,0.27565100000000003,4858
CVE-2022-22350,Weighted,0.27565100000000003,4859
CVE-2021-33166,Weighted,0.27564500000000003,4860
CVE-2022-21815,Weighted,0.27563600000000005,4861
CVE-2022-0963,Weighted,0.275631,4862
CVE-2021-22571,Weighted,0.275612,4863
CVE-2022-21816,Weighted,0.27557000000000004,4864
CVE-2022-23129,Weighted,0.275558,4865
CVE-2021-31821,Weighted,0.27555500000000005,4866
CVE-2021-39633,Weighted,0.27554,4867
CVE-2021-37115,Weighted,0.27553700000000003,4868
CVE-2021-39986,Weighted,0.27553700000000003,4869
CVE-2021-39991,Weighted,0.27553700000000003,4870
CVE-2021-40033,Weighted,0.275507,4871
CVE-2022-23234,Weighted,0.275507,4872
CVE-2021-37107,Weighted,0.275504,4873
CVE-2021-40037,Weighted,0.275501,4874
CVE-2021-22478,Weighted,0.275498,4875
CVE-2022-22321,Weighted,0.27548900000000004,4876
CVE-2022-21360,Weighted,0.27545800000000004,4877
CVE-2022-21365,Weighted,0.27545800000000004,4878
CVE-2021-37103,Weighted,0.27545600000000003,4879
CVE-2021-40045,Weighted,0.27545600000000003,4880
CVE-2021-22441,Weighted,0.275453,4881
CVE-2021-22479,Weighted,0.275453,4882
CVE-2021-39690,Weighted,0.275405,4883
CVE-2021-22572,Weighted,0.275399,4884
CVE-2022-0970,Weighted,0.275397,4885
CVE-2022-25326,Weighted,0.275393,4886
CVE-2021-39664,Weighted,0.275384,4887
CVE-2021-39765,Weighted,0.275378,4888
CVE-2022-21299,Weighted,0.275374,4889
CVE-2022-20042,Weighted,0.275366,4890
CVE-2022-20017,Weighted,0.27535400000000004,4891
CVE-2022-20036,Weighted,0.27535400000000004,4892
CVE-2022-20037,Weighted,0.27535400000000004,4893
CVE-2021-39687,Weighted,0.275351,4894
CVE-2022-20019,Weighted,0.27534200000000003,4895
CVE-2022-20020,Weighted,0.27534200000000003,4896
CVE-2022-20046,Weighted,0.275339,4897
CVE-2021-39740,Weighted,0.275336,4898
CVE-2021-39757,Weighted,0.275336,4899
CVE-2021-39778,Weighted,0.275336,4900
CVE-2022-25327,Weighted,0.275336,4901
CVE-2021-0524,Weighted,0.27533300000000005,4902
CVE-2021-39631,Weighted,0.27533300000000005,4903
CVE-2021-39666,Weighted,0.27533300000000005,4904
CVE-2021-39688,Weighted,0.27533300000000005,4905
CVE-2021-39744,Weighted,0.27533300000000005,4906
CVE-2021-39745,Weighted,0.27533300000000005,4907
CVE-2021-39754,Weighted,0.27533300000000005,4908
CVE-2021-39755,Weighted,0.27533300000000005,4909
CVE-2021-39756,Weighted,0.27533300000000005,4910
CVE-2021-39760,Weighted,0.27533300000000005,4911
CVE-2021-39761,Weighted,0.27533300000000005,4912
CVE-2021-39766,Weighted,0.27533300000000005,4913
CVE-2021-39773,Weighted,0.27533300000000005,4914
CVE-2021-39775,Weighted,0.27533300000000005,4915
CVE-2021-39777,Weighted,0.27533300000000005,4916
CVE-2021-39788,Weighted,0.27533300000000005,4917
CVE-2021-39791,Weighted,0.27533300000000005,4918
CVE-2021-39624,Weighted,0.27533,4919
CVE-2022-22271,Weighted,0.27533,4920
CVE-2021-39659,Weighted,0.27532700000000004,4921
CVE-2021-39747,Weighted,0.27531500000000003,4922
CVE-2021-39774,Weighted,0.27531500000000003,4923
CVE-2022-20051,Weighted,0.27531500000000003,4924
CVE-2022-22291,Weighted,0.27531500000000003,4925
CVE-2021-39748,Weighted,0.275312,4926
CVE-2021-39751,Weighted,0.275312,4927
CVE-2021-39753,Weighted,0.275312,4928
CVE-2021-39769,Weighted,0.275312,4929
CVE-2021-39770,Weighted,0.275312,4930
CVE-2021-39779,Weighted,0.275312,4931
CVE-2022-25814,Weighted,0.27530000000000004,4932
CVE-2022-25815,Weighted,0.27530000000000004,4933
CVE-2022-0870,Weighted,0.275266,4934
CVE-2021-46145,Weighted,0.27509500000000003,4935
CVE-2022-21294,Weighted,0.27505,4936
CVE-2022-21349,Weighted,0.274918,4937
CVE-2022-23348,Weighted,0.27481900000000004,4938
CVE-2022-0148,Weighted,0.274716,4939
CVE-2022-21366,Weighted,0.274648,4940
CVE-2022-25489,Weighted,0.27437700000000004,4941
CVE-2022-0257,Weighted,0.274368,4942
CVE-2022-0285,Weighted,0.274368,4943
CVE-2021-45744,Weighted,0.274314,4944
CVE-2021-45745,Weighted,0.274314,4945
CVE-2022-0509,Weighted,0.274314,4946
CVE-2022-21277,Weighted,0.274273,4947
CVE-2021-23648,Weighted,0.274254,4948
CVE-2022-0268,Weighted,0.274248,4949
CVE-2021-44178,Weighted,0.274224,4950
CVE-2021-33851,Weighted,0.27395400000000003,4951
CVE-2022-0704,Weighted,0.273891,4952
CVE-2022-0831,Weighted,0.273858,4953
CVE-2022-24643,Weighted,0.27375,4954
CVE-2022-21924,Weighted,0.273715,4955
CVE-2022-21925,Weighted,0.273715,4956
CVE-2022-21291,Weighted,0.273688,4957
CVE-2021-25065,Weighted,0.27365100000000003,4958
CVE-2022-21282,Weighted,0.273631,4959
CVE-2022-24728,Weighted,0.273609,4960
CVE-2022-25020,Weighted,0.273582,4961
CVE-2022-23269,Weighted,0.273492,4962
CVE-2022-22932,Weighted,0.27349,4963
CVE-2022-21296,Weighted,0.273475,4964
CVE-2022-25022,Weighted,0.27340200000000003,4965
CVE-2022-21271,Weighted,0.273367,4966
CVE-2021-25067,Weighted,0.27328800000000003,4967
CVE-2022-23378,Weighted,0.27328800000000003,4968
CVE-2022-21305,Weighted,0.27326500000000004,4969
CVE-2022-0157,Weighted,0.273243,4970
CVE-2020-28919,Weighted,0.27323400000000003,4971
CVE-2022-26874,Weighted,0.27315300000000003,4972
CVE-2022-0396,Weighted,0.273109,4973
CVE-2021-32036,Weighted,0.273102,4974
CVE-2022-21913,Weighted,0.27306400000000003,4975
CVE-2022-21715,Weighted,0.273006,4976
CVE-2022-0182,Weighted,0.272922,4977
CVE-2022-24751,Weighted,0.272865,4978
CVE-2021-33120,Weighted,0.27285000000000004,4979
CVE-2022-0719,Weighted,0.27274200000000004,4980
CVE-2022-0558,Weighted,0.27270900000000003,4981
CVE-2022-0723,Weighted,0.272706,4982
CVE-2022-0962,Weighted,0.272706,4983
CVE-2022-0965,Weighted,0.272706,4984
CVE-2021-3866,Weighted,0.27267,4985
CVE-2021-23495,Weighted,0.272652,4986
CVE-2021-33966,Weighted,0.27264,4987
CVE-2022-24563,Weighted,0.27264,4988
CVE-2021-43841,Weighted,0.27261,4989
CVE-2022-0136,Weighted,0.272586,4990
CVE-2022-0379,Weighted,0.27256800000000003,4991
CVE-2022-0960,Weighted,0.272559,4992
CVE-2022-0575,Weighted,0.27254100000000003,4993
CVE-2022-0589,Weighted,0.27254100000000003,4994
CVE-2022-22852,Weighted,0.272538,4995
CVE-2022-1077,Weighted,0.27253,4996
CVE-2022-23108,Weighted,0.272517,4997
CVE-2022-0964,Weighted,0.27251400000000003,4998
CVE-2022-21376,Weighted,0.272475,4999
CVE-2022-21377,Weighted,0.272475,5000
CVE-2022-22853,Weighted,0.272472,5001
CVE-2022-27196,Weighted,0.272472,5002
CVE-2022-27197,Weighted,0.272472,5003
CVE-2022-27212,Weighted,0.272472,5004
CVE-2022-27213,Weighted,0.272472,5005
CVE-2022-28133,Weighted,0.272472,5006
CVE-2022-28145,Weighted,0.272472,5007
CVE-2022-28149,Weighted,0.272472,5008
CVE-2022-28159,Weighted,0.272472,5009
CVE-2022-0946,Weighted,0.272457,5010
CVE-2022-0253,Weighted,0.27243900000000004,5011
CVE-2021-38695,Weighted,0.27242700000000003,5012
CVE-2021-4170,Weighted,0.27242700000000003,5013
CVE-2021-46108,Weighted,0.27242700000000003,5014
CVE-2022-0945,Weighted,0.27242700000000003,5015
CVE-2022-28153,Weighted,0.272421,5016
CVE-2022-0893,Weighted,0.272409,5017
CVE-2022-0911,Weighted,0.272409,5018
CVE-2021-43478,Weighted,0.272397,5019
CVE-2022-0472,Weighted,0.272376,5020
CVE-2022-25203,Weighted,0.272349,5021
CVE-2021-24960,Weighted,0.27234600000000003,5022
CVE-2021-24961,Weighted,0.27234600000000003,5023
CVE-2022-0877,Weighted,0.27234600000000003,5024
CVE-2021-46355,Weighted,0.272343,5025
CVE-2022-0842,Weighted,0.27231900000000003,5026
CVE-2022-23280,Weighted,0.27231700000000003,5027
CVE-2021-44118,Weighted,0.272316,5028
CVE-2021-29872,Weighted,0.272313,5029
CVE-2022-0370,Weighted,0.27229800000000004,5030
CVE-2022-0957,Weighted,0.27229800000000004,5031
CVE-2022-24710,Weighted,0.27225900000000003,5032
CVE-2022-0942,Weighted,0.272256,5033
CVE-2022-24585,Weighted,0.272241,5034
CVE-2022-24586,Weighted,0.272241,5035
CVE-2021-40813,Weighted,0.272235,5036
CVE-2022-22293,Weighted,0.27223200000000003,5037
CVE-2022-24587,Weighted,0.27223200000000003,5038
CVE-2022-0880,Weighted,0.272229,5039
CVE-2022-0956,Weighted,0.272208,5040
CVE-2021-44565,Weighted,0.27219000000000004,5041
CVE-2021-41658,Weighted,0.27218400000000004,5042
CVE-2022-0278,Weighted,0.27218400000000004,5043
CVE-2022-25196,Weighted,0.272172,5044
CVE-2022-0857,Weighted,0.272166,5045
CVE-2021-45452,Weighted,0.272164,5046
CVE-2005-10001,Weighted,0.27215100000000003,5047
CVE-2021-44566,Weighted,0.27213600000000004,5048
CVE-2022-22123,Weighted,0.27212400000000003,5049
CVE-2022-22124,Weighted,0.27212400000000003,5050
CVE-2022-24588,Weighted,0.272121,5051
CVE-2022-0251,Weighted,0.272115,5052
CVE-2022-24957,Weighted,0.272115,5053
CVE-2021-39038,Weighted,0.2721,5054
CVE-2022-26332,Weighted,0.272079,5055
CVE-2022-25015,Weighted,0.27206400000000003,5056
CVE-2022-0374,Weighted,0.272061,5057
CVE-2022-0894,Weighted,0.272061,5058
CVE-2022-23615,Weighted,0.272052,5059
CVE-2022-0145,Weighted,0.27204300000000003,5060
CVE-2022-0726,Weighted,0.272034,5061
CVE-2022-0727,Weighted,0.272034,5062
CVE-2021-25061,Weighted,0.272025,5063
CVE-2021-45729,Weighted,0.27201000000000003,5064
CVE-2022-28134,Weighted,0.272004,5065
CVE-2021-44211,Weighted,0.27199500000000004,5066
CVE-2021-4103,Weighted,0.271992,5067
CVE-2022-0260,Weighted,0.271992,5068
CVE-2022-22850,Weighted,0.271977,5069
CVE-2022-25185,Weighted,0.271974,5070
CVE-2022-27202,Weighted,0.271974,5071
CVE-2022-0426,Weighted,0.271947,5072
CVE-2022-0188,Weighted,0.271945,5073
CVE-2021-4172,Weighted,0.271926,5074
CVE-2022-0243,Weighted,0.271926,5075
CVE-2022-0256,Weighted,0.271926,5076
CVE-2022-0938,Weighted,0.271923,5077
CVE-2022-0395,Weighted,0.27192,5078
CVE-2022-0179,Weighted,0.271917,5079
CVE-2021-33852,Weighted,0.27190800000000004,5080
CVE-2022-0539,Weighted,0.271905,5081
CVE-2022-0159,Weighted,0.27190200000000003,5082
CVE-2022-0387,Weighted,0.27190200000000003,5083
CVE-2022-0950,Weighted,0.27190200000000003,5084
CVE-2022-22116,Weighted,0.271899,5085
CVE-2022-22117,Weighted,0.271899,5086
CVE-2022-22851,Weighted,0.271896,5087
CVE-2022-24565,Weighted,0.271896,5088
CVE-2022-0506,Weighted,0.271893,5089
CVE-2021-44120,Weighted,0.271884,5090
CVE-2021-45919,Weighted,0.271878,5091
CVE-2022-23871,Weighted,0.271872,5092
CVE-2022-24590,Weighted,0.271872,5093
CVE-2022-0348,Weighted,0.271857,5094
CVE-2022-0510,Weighted,0.271857,5095
CVE-2022-0720,Weighted,0.271857,5096
CVE-2022-0822,Weighted,0.271857,5097
CVE-2022-0941,Weighted,0.271857,5098
CVE-2021-44649,Weighted,0.271851,5099
CVE-2021-46253,Weighted,0.271851,5100
CVE-2021-44091,Weighted,0.27184800000000003,5101
CVE-2022-22112,Weighted,0.27184800000000003,5102
CVE-2022-0372,Weighted,0.271839,5103
CVE-2021-24694,Weighted,0.271833,5104
CVE-2021-25046,Weighted,0.271833,5105
CVE-2021-33848,Weighted,0.271833,5106
CVE-2021-24965,Weighted,0.27182100000000003,5107
CVE-2021-24974,Weighted,0.27182100000000003,5108
CVE-2022-0502,Weighted,0.27182100000000003,5109
CVE-2022-0612,Weighted,0.27182100000000003,5110
CVE-2022-23350,Weighted,0.27182100000000003,5111
CVE-2021-24680,Weighted,0.271812,5112
CVE-2021-24821,Weighted,0.271812,5113
CVE-2021-24826,Weighted,0.271812,5114
CVE-2021-24828,Weighted,0.271812,5115
CVE-2021-24880,Weighted,0.271812,5116
CVE-2021-24897,Weighted,0.271812,5117
CVE-2022-0186,Weighted,0.271812,5118
CVE-2022-0205,Weighted,0.271812,5119
CVE-2022-0450,Weighted,0.271812,5120
CVE-2022-25138,Weighted,0.271806,5121
CVE-2021-24933,Weighted,0.27180000000000004,5122
CVE-2021-24958,Weighted,0.27180000000000004,5123
CVE-2021-24971,Weighted,0.27180000000000004,5124
CVE-2021-25057,Weighted,0.27180000000000004,5125
CVE-2021-25058,Weighted,0.27180000000000004,5126
CVE-2021-25060,Weighted,0.27180000000000004,5127
CVE-2021-25106,Weighted,0.27180000000000004,5128
CVE-2021-3857,Weighted,0.27180000000000004,5129
CVE-2022-0200,Weighted,0.27180000000000004,5130
CVE-2022-0397,Weighted,0.27180000000000004,5131
CVE-2022-0423,Weighted,0.27180000000000004,5132
CVE-2022-25189,Weighted,0.27179400000000004,5133
CVE-2022-25191,Weighted,0.27179400000000004,5134
CVE-2021-43334,Weighted,0.271779,5135
CVE-2021-43436,Weighted,0.271779,5136
CVE-2021-32475,Weighted,0.271776,5137
CVE-2022-25204,Weighted,0.27177300000000004,5138
CVE-2021-45889,Weighted,0.27177,5139
CVE-2021-38265,Weighted,0.271755,5140
CVE-2021-38267,Weighted,0.271755,5141
CVE-2021-38269,Weighted,0.271755,5142
CVE-2021-34073,Weighted,0.271749,5143
CVE-2022-26295,Weighted,0.271749,5144
CVE-2022-23115,Weighted,0.271737,5145
CVE-2021-33853,Weighted,0.271728,5146
CVE-2022-0274,Weighted,0.27171900000000004,5147
CVE-2022-24566,Weighted,0.271716,5148
CVE-2021-46146,Weighted,0.27171300000000004,5149
CVE-2021-44911,Weighted,0.27170700000000003,5150
CVE-2021-46372,Weighted,0.27170700000000003,5151
CVE-2022-25600,Weighted,0.271704,5152
CVE-2022-26197,Weighted,0.271701,5153
CVE-2021-46557,Weighted,0.27168600000000004,5154
CVE-2021-46558,Weighted,0.27168600000000004,5155
CVE-2022-22511,Weighted,0.27168600000000004,5156
CVE-2022-23903,Weighted,0.27168600000000004,5157
CVE-2022-24344,Weighted,0.27168600000000004,5158
CVE-2022-24347,Weighted,0.27168600000000004,5159
CVE-2022-25582,Weighted,0.27168600000000004,5160
CVE-2022-24612,Weighted,0.271674,5161
CVE-2021-43070,Weighted,0.271668,5162
CVE-2022-26950,Weighted,0.271656,5163
CVE-2021-43505,Weighted,0.27165300000000003,5164
CVE-2021-43659,Weighted,0.27165300000000003,5165
CVE-2021-45866,Weighted,0.27165300000000003,5166
CVE-2021-46447,Weighted,0.27165,5167
CVE-2022-0350,Weighted,0.271641,5168
CVE-2022-0394,Weighted,0.271641,5169
CVE-2022-0937,Weighted,0.271641,5170
CVE-2022-0940,Weighted,0.271641,5171
CVE-2022-24582,Weighted,0.271641,5172
CVE-2022-24329,Weighted,0.271636,5173
CVE-2022-0705,Weighted,0.271635,5174
CVE-2022-24620,Weighted,0.271635,5175
CVE-2022-0966,Weighted,0.271623,5176
CVE-2022-21158,Weighted,0.27160500000000004,5177
CVE-2022-25609,Weighted,0.27160500000000004,5178
CVE-2021-3816,Weighted,0.27159900000000003,5179
CVE-2021-23225,Weighted,0.271596,5180
CVE-2022-22109,Weighted,0.27159300000000003,5181
CVE-2022-23008,Weighted,0.27159,5182
CVE-2022-23707,Weighted,0.271581,5183
CVE-2022-21670,Weighted,0.27157600000000004,5184
CVE-2021-24950,Weighted,0.27157200000000004,5185
CVE-2021-25018,Weighted,0.27157200000000004,5186
CVE-2021-25042,Weighted,0.27157200000000004,5187
CVE-2022-21242,Weighted,0.27157200000000004,5188
CVE-2022-21246,Weighted,0.27157200000000004,5189
CVE-2022-21396,Weighted,0.27157200000000004,5190
CVE-2022-21397,Weighted,0.27157200000000004,5191
CVE-2022-21398,Weighted,0.27157200000000004,5192
CVE-2022-21400,Weighted,0.27157200000000004,5193
CVE-2022-23051,Weighted,0.27157200000000004,5194
CVE-2020-36056,Weighted,0.27156,5195
CVE-2021-46353,Weighted,0.27151000000000003,5196
CVE-2021-46087,Weighted,0.271509,5197
CVE-2021-46025,Weighted,0.27148500000000003,5198
CVE-2021-46030,Weighted,0.27148500000000003,5199
CVE-2021-39491,Weighted,0.271479,5200
CVE-2022-25410,Weighted,0.271479,5201
CVE-2022-25413,Weighted,0.271479,5202
CVE-2022-26102,Weighted,0.271476,5203
CVE-2022-25507,Weighted,0.271473,5204
CVE-2022-26244,Weighted,0.271473,5205
CVE-2022-22546,Weighted,0.271467,5206
CVE-2022-25408,Weighted,0.271467,5207
CVE-2021-44607,Weighted,0.271461,5208
CVE-2021-44608,Weighted,0.271461,5209
CVE-2021-44912,Weighted,0.271461,5210
CVE-2021-44970,Weighted,0.271461,5211
CVE-2022-25407,Weighted,0.271461,5212
CVE-2022-25409,Weighted,0.271461,5213
CVE-2021-40840,Weighted,0.271449,5214
CVE-2021-39055,Weighted,0.27144,5215
CVE-2021-39079,Weighted,0.27144,5216
CVE-2022-0341,Weighted,0.271413,5217
CVE-2021-38986,Weighted,0.27139800000000003,5218
CVE-2022-22944,Weighted,0.27138300000000004,5219
CVE-2021-45787,Weighted,0.27137700000000003,5220
CVE-2022-26146,Weighted,0.271365,5221
CVE-2022-22804,Weighted,0.271353,5222
CVE-2022-23136,Weighted,0.271353,5223
CVE-2022-24339,Weighted,0.27135000000000004,5224
CVE-2021-38895,Weighted,0.271335,5225
CVE-2021-4046,Weighted,0.27132300000000004,5226
CVE-2021-46026,Weighted,0.27132300000000004,5227
CVE-2021-46083,Weighted,0.27132300000000004,5228
CVE-2021-46084,Weighted,0.27132300000000004,5229
CVE-2021-44299,Weighted,0.271314,5230
CVE-2022-26555,Weighted,0.271308,5231
CVE-2022-27090,Weighted,0.27123600000000003,5232
CVE-2022-25599,Weighted,0.27121500000000004,5233
CVE-2021-23227,Weighted,0.2712,5234
CVE-2021-44777,Weighted,0.271179,5235
CVE-2021-42633,Weighted,0.271117,5236
CVE-2021-24446,Weighted,0.27098700000000003,5237
CVE-2022-24723,Weighted,0.27098500000000003,5238
CVE-2022-21818,Weighted,0.270963,5239
CVE-2022-25608,Weighted,0.270915,5240
CVE-2021-29398,Weighted,0.270355,5241
CVE-2022-0512,Weighted,0.27034600000000003,5242
CVE-2022-21254,Weighted,0.27007000000000003,5243
CVE-2021-45286,Weighted,0.269968,5244
CVE-2022-23261,Weighted,0.269719,5245
CVE-2022-21302,Weighted,0.26963200000000004,5246
CVE-2022-0639,Weighted,0.26960500000000004,5247
CVE-2022-21364,Weighted,0.26959900000000003,5248
CVE-2022-0331,Weighted,0.26951800000000004,5249
CVE-2021-43974,Weighted,0.269248,5250
CVE-2021-29134,Weighted,0.269164,5251
CVE-2021-21966,Weighted,0.269152,5252
CVE-2022-0564,Weighted,0.26913400000000004,5253
CVE-2022-22120,Weighted,0.26910100000000003,5254
CVE-2022-26847,Weighted,0.269089,5255
CVE-2021-46671,Weighted,0.26906800000000003,5256
CVE-2021-24775,Weighted,0.268981,5257
CVE-2022-25319,Weighted,0.268981,5258
CVE-2022-0813,Weighted,0.268888,5259
CVE-2022-0430,Weighted,0.268876,5260
CVE-2020-14504,Weighted,0.26879800000000004,5261
CVE-2022-24714,Weighted,0.268681,5262
CVE-2022-26315,Weighted,0.268645,5263
CVE-2022-0203,Weighted,0.268639,5264
CVE-2021-25009,Weighted,0.268594,5265
CVE-2022-26276,Weighted,0.26857600000000004,5266
CVE-2020-25180,Weighted,0.26848900000000003,5267
CVE-2022-25355,Weighted,0.26846800000000004,5268
CVE-2021-42857,Weighted,0.26845,5269
CVE-2022-21700,Weighted,0.26845,5270
CVE-2022-25215,Weighted,0.268447,5271
CVE-2022-25358,Weighted,0.268447,5272
CVE-2021-35687,Weighted,0.26844100000000004,5273
CVE-2022-21387,Weighted,0.26844100000000004,5274
CVE-2022-22680,Weighted,0.26842900000000003,5275
CVE-2022-20750,Weighted,0.268426,5276
CVE-2021-41239,Weighted,0.268399,5277
CVE-2022-23619,Weighted,0.268384,5278
CVE-2022-23106,Weighted,0.268363,5279
CVE-2021-38910,Weighted,0.268357,5280
CVE-2021-44692,Weighted,0.268351,5281
CVE-2022-22700,Weighted,0.268345,5282
CVE-2022-23889,Weighted,0.26824600000000004,5283
CVE-2021-42749,Weighted,0.26821,5284
CVE-2021-44746,Weighted,0.268198,5285
CVE-2021-27420,Weighted,0.268183,5286
CVE-2022-0689,Weighted,0.268147,5287
CVE-2003-5001,Weighted,0.268138,5288
CVE-2021-36199,Weighted,0.268135,5289
CVE-2022-27254,Weighted,0.268117,5290
CVE-2022-0569,Weighted,0.268111,5291
CVE-2022-23937,Weighted,0.268102,5292
CVE-2021-32473,Weighted,0.26809900000000003,5293
CVE-2022-24032,Weighted,0.268087,5294
CVE-2021-42748,Weighted,0.26798500000000003,5295
CVE-2021-44792,Weighted,0.267979,5296
CVE-2021-44794,Weighted,0.267979,5297
CVE-2022-22296,Weighted,0.267967,5298
CVE-2022-0622,Weighted,0.26796400000000004,5299
CVE-2022-0079,Weighted,0.267907,5300
CVE-2022-22177,Weighted,0.267874,5301
CVE-2022-23856,Weighted,0.267865,5302
CVE-2022-21659,Weighted,0.267859,5303
CVE-2022-26949,Weighted,0.267859,5304
CVE-2021-35251,Weighted,0.267847,5305
CVE-2022-25320,Weighted,0.267799,5306
CVE-2022-23774,Weighted,0.267778,5307
CVE-2022-23794,Weighted,0.267772,5308
CVE-2021-44795,Weighted,0.267754,5309
CVE-2022-24773,Weighted,0.267754,5310
CVE-2021-22100,Weighted,0.267745,5311
CVE-2022-23027,Weighted,0.267745,5312
CVE-2021-38956,Weighted,0.267739,5313
CVE-2022-25248,Weighted,0.267718,5314
CVE-2021-23218,Weighted,0.267712,5315
CVE-2022-0083,Weighted,0.267697,5316
CVE-2021-45310,Weighted,0.267694,5317
CVE-2022-23600,Weighted,0.26768800000000004,5318
CVE-2022-0508,Weighted,0.267679,5319
CVE-2020-26208,Weighted,0.26767,5320
CVE-2021-28096,Weighted,0.267667,5321
CVE-2022-23028,Weighted,0.267667,5322
CVE-2022-23030,Weighted,0.267667,5323
CVE-2021-44886,Weighted,0.267643,5324
CVE-2021-27424,Weighted,0.26763400000000004,5325
CVE-2021-46434,Weighted,0.267604,5326
CVE-2010-10001,Weighted,0.267586,5327
CVE-2022-24323,Weighted,0.26758000000000004,5328
CVE-2020-25193,Weighted,0.267577,5329
CVE-2019-25056,Weighted,0.26757400000000003,5330
CVE-2022-24953,Weighted,0.26755,5331
CVE-2021-23195,Weighted,0.267535,5332
CVE-2022-26254,Weighted,0.267517,5333
CVE-2022-24111,Weighted,0.267511,5334
CVE-2022-0903,Weighted,0.267484,5335
CVE-2022-24594,Weighted,0.267451,5336
CVE-2022-24633,Weighted,0.267445,5337
CVE-2021-33843,Weighted,0.26740600000000003,5338
CVE-2022-22289,Weighted,0.267334,5339
CVE-2022-22809,Weighted,0.267334,5340
CVE-2020-14112,Weighted,0.267331,5341
CVE-2022-23595,Weighted,0.267322,5342
CVE-2020-15933,Weighted,0.267304,5343
CVE-2021-22815,Weighted,0.267304,5344
CVE-2022-26103,Weighted,0.267301,5345
CVE-2022-0172,Weighted,0.267295,5346
CVE-2021-40001,Weighted,0.267283,5347
CVE-2022-24979,Weighted,0.267274,5348
CVE-2022-23029,Weighted,0.267187,5349
CVE-2022-24336,Weighted,0.267169,5350
CVE-2022-25336,Weighted,0.267121,5351
CVE-2022-26104,Weighted,0.267115,5352
CVE-2021-24046,Weighted,0.267094,5353
CVE-2021-38677,Weighted,0.267091,5354
CVE-2022-24334,Weighted,0.26707600000000004,5355
CVE-2021-34361,Weighted,0.267067,5356
CVE-2022-23701,Weighted,0.267055,5357
CVE-2021-45852,Weighted,0.267052,5358
CVE-2022-24332,Weighted,0.26696800000000004,5359
CVE-2021-40009,Weighted,0.266953,5360
CVE-2021-40003,Weighted,0.266944,5361
CVE-2022-24322,Weighted,0.266932,5362
CVE-2021-27418,Weighted,0.26682700000000004,5363
CVE-2021-39025,Weighted,0.266752,5364
CVE-2022-26157,Weighted,0.266683,5365
CVE-2021-37114,Weighted,0.266638,5366
CVE-2021-37118,Weighted,0.266623,5367
CVE-2021-39980,Weighted,0.266623,5368
CVE-2021-39021,Weighted,0.266611,5369
CVE-2021-42000,Weighted,0.26660500000000004,5370
CVE-2021-24978,Weighted,0.266581,5371
CVE-2021-37132,Weighted,0.266536,5372
CVE-2021-37112,Weighted,0.266449,5373
CVE-2021-39981,Weighted,0.266407,5374
CVE-2022-25146,Weighted,0.26635600000000004,5375
CVE-2022-26778,Weighted,0.26632,5376
CVE-2022-23032,Weighted,0.266212,5377
CVE-2021-1037,Weighted,0.265948,5378
CVE-2022-21946,Weighted,0.26578,5379
CVE-2015-10002,Weighted,0.265612,5380
CVE-2022-25819,Weighted,0.265324,5381
CVE-2022-23429,Weighted,0.26530000000000004,5382
CVE-2022-21799,Weighted,0.261059,5383
CVE-2021-24966,Weighted,0.260564,5384
CVE-2022-23636,Weighted,0.257316,5385
CVE-2022-0448,Weighted,0.257175,5386
CVE-2021-22566,Weighted,0.255882,5387
CVE-2021-46705,Weighted,0.25572,5388
CVE-2022-21945,Weighted,0.255714,5389
CVE-2021-24901,Weighted,0.255189,5390
CVE-2021-24904,Weighted,0.255189,5391
CVE-2022-0210,Weighted,0.253086,5392
CVE-2022-26484,Weighted,0.25300100000000003,5393
CVE-2022-23627,Weighted,0.252976,5394
CVE-2022-23254,Weighted,0.252701,5395
CVE-2022-24742,Weighted,0.252466,5396
CVE-2022-21701,Weighted,0.252301,5397
CVE-2022-1172,Weighted,0.252256,5398
CVE-2021-32006,Weighted,0.25192,5399
CVE-2022-24740,Weighted,0.251767,5400
CVE-2003-5003,Weighted,0.251485,5401
CVE-2021-32009,Weighted,0.251485,5402
CVE-2022-21256,Weighted,0.251093,5403
CVE-2021-44321,Weighted,0.250945,5404
CVE-2022-21253,Weighted,0.25092800000000004,5405
CVE-2022-0013,Weighted,0.25066,5406
CVE-2022-25328,Weighted,0.250606,5407
CVE-2022-21264,Weighted,0.250568,5408
CVE-2022-21270,Weighted,0.250568,5409
CVE-2022-1163,Weighted,0.250518,5410
CVE-2022-21339,Weighted,0.25041800000000003,5411
CVE-2022-21303,Weighted,0.25025000000000003,5412
CVE-2022-21304,Weighted,0.25025000000000003,5413
CVE-2022-21342,Weighted,0.24919400000000003,5414
CVE-2022-21344,Weighted,0.24919400000000003,5415
CVE-2022-0493,Weighted,0.24914300000000003,5416
CVE-2022-21370,Weighted,0.24913700000000003,5417
CVE-2022-21348,Weighted,0.24908000000000002,5418
CVE-2022-21362,Weighted,0.24908000000000002,5419
CVE-2022-21374,Weighted,0.24902300000000002,5420
CVE-2021-24689,Weighted,0.24896000000000001,5421
CVE-2022-21297,Weighted,0.24895400000000004,5422
CVE-2021-41551,Weighted,0.24882200000000002,5423
CVE-2022-21379,Weighted,0.24882200000000002,5424
CVE-2022-23047,Weighted,0.248808,5425
CVE-2021-25004,Weighted,0.24846800000000002,5426
CVE-2022-21720,Weighted,0.248402,5427
CVE-2021-44983,Weighted,0.24838100000000002,5428
CVE-2021-43099,Weighted,0.24832700000000002,5429
CVE-2021-46073,Weighted,0.248277,5430
CVE-2021-46068,Weighted,0.24820799999999998,5431
CVE-2021-46069,Weighted,0.24820799999999998,5432
CVE-2021-46071,Weighted,0.24820799999999998,5433
CVE-2021-46072,Weighted,0.24820799999999998,5434
CVE-2021-25020,Weighted,0.24806300000000003,5435
CVE-2021-25021,Weighted,0.24806300000000003,5436
CVE-2022-23316,Weighted,0.24805100000000002,5437
CVE-2021-39046,Weighted,0.24777800000000003,5438
CVE-2022-0688,Weighted,0.24777500000000002,5439
CVE-2021-38971,Weighted,0.24775100000000003,5440
CVE-2022-23031,Weighted,0.24750200000000003,5441
CVE-2022-22545,Weighted,0.247457,5442
CVE-2020-36519,Weighted,0.24744500000000003,5443
CVE-2022-22939,Weighted,0.24733400000000003,5444
CVE-2022-23232,Weighted,0.24729500000000001,5445
CVE-2021-43774,Weighted,0.24705500000000002,5446
CVE-2021-44717,Weighted,0.24557099999999998,5447
CVE-2022-0535,Weighted,0.243786,5448
CVE-2021-46078,Weighted,0.243783,5449
CVE-2021-24991,Weighted,0.243564,5450
CVE-2021-46074,Weighted,0.243426,5451
CVE-2021-44114,Weighted,0.24298799999999998,5452
CVE-2022-0930,Weighted,0.242727,5453
CVE-2021-46070,Weighted,0.24262799999999998,5454
CVE-2022-22868,Weighted,0.24257099999999998,5455
CVE-2022-0232,Weighted,0.24256799999999998,5456
CVE-2021-20877,Weighted,0.242526,5457
CVE-2022-22125,Weighted,0.24248399999999998,5458
CVE-2022-23110,Weighted,0.24245699999999998,5459
CVE-2021-4222,Weighted,0.24242999999999998,5460
CVE-2022-27207,Weighted,0.242364,5461
CVE-2022-0926,Weighted,0.242355,5462
CVE-2022-0375,Weighted,0.24209999999999998,5463
CVE-2021-24900,Weighted,0.242058,5464
CVE-2022-0684,Weighted,0.24204299999999998,5465
CVE-2021-3862,Weighted,0.242004,5466
CVE-2021-24686,Weighted,0.24196199999999998,5467
CVE-2021-24963,Weighted,0.24196199999999998,5468
CVE-2021-25049,Weighted,0.24196199999999998,5469
CVE-2021-25050,Weighted,0.24196199999999998,5470
CVE-2022-26494,Weighted,0.24195899999999998,5471
CVE-2021-24920,Weighted,0.241941,5472
CVE-2021-46150,Weighted,0.241941,5473
CVE-2022-0360,Weighted,0.241941,5474
CVE-2022-23655,Weighted,0.24193199999999998,5475
CVE-2022-27200,Weighted,0.241896,5476
CVE-2022-23059,Weighted,0.241872,5477
CVE-2022-0674,Weighted,0.241866,5478
CVE-2022-0700,Weighted,0.241866,5479
CVE-2022-0702,Weighted,0.241866,5480
CVE-2022-0703,Weighted,0.241866,5481
CVE-2022-0763,Weighted,0.241866,5482
CVE-2022-0772,Weighted,0.241866,5483
CVE-2022-0906,Weighted,0.241866,5484
CVE-2022-23045,Weighted,0.241863,5485
CVE-2022-23872,Weighted,0.24185099999999998,5486
CVE-2021-24423,Weighted,0.241842,5487
CVE-2021-25005,Weighted,0.241815,5488
CVE-2021-42867,Weighted,0.241812,5489
CVE-2021-24707,Weighted,0.24179399999999998,5490
CVE-2021-24810,Weighted,0.24179399999999998,5491
CVE-2021-24895,Weighted,0.24179399999999998,5492
CVE-2021-24898,Weighted,0.24179399999999998,5493
CVE-2021-24903,Weighted,0.24179399999999998,5494
CVE-2021-24944,Weighted,0.24179399999999998,5495
CVE-2021-24995,Weighted,0.24179399999999998,5496
CVE-2021-25029,Weighted,0.24179399999999998,5497
CVE-2021-25101,Weighted,0.24179399999999998,5498
CVE-2021-25105,Weighted,0.24179399999999998,5499
CVE-2022-0211,Weighted,0.24179399999999998,5500
CVE-2022-0388,Weighted,0.24179399999999998,5501
CVE-2022-0389,Weighted,0.24179399999999998,5502
CVE-2022-0590,Weighted,0.24179399999999998,5503
CVE-2022-0659,Weighted,0.24179399999999998,5504
CVE-2022-0701,Weighted,0.24179399999999998,5505
CVE-2022-23987,Weighted,0.24179399999999998,5506
CVE-2021-43960,Weighted,0.241776,5507
CVE-2022-23321,Weighted,0.24176999999999998,5508
CVE-2021-45888,Weighted,0.241755,5509
CVE-2022-0955,Weighted,0.241746,5510
CVE-2021-46080,Weighted,0.24173999999999998,5511
CVE-2021-43945,Weighted,0.241725,5512
CVE-2021-36920,Weighted,0.241719,5513
CVE-2022-25202,Weighted,0.241716,5514
CVE-2021-44310,Weighted,0.24170999999999998,5515
CVE-2022-25606,Weighted,0.241698,5516
CVE-2022-23979,Weighted,0.241695,5517
CVE-2022-25605,Weighted,0.241689,5518
CVE-2022-25603,Weighted,0.24168599999999998,5519
CVE-2021-42866,Weighted,0.241674,5520
CVE-2021-42946,Weighted,0.241674,5521
CVE-2022-25220,Weighted,0.241671,5522
CVE-2021-23150,Weighted,0.241668,5523
CVE-2021-23209,Weighted,0.241668,5524
CVE-2021-42869,Weighted,0.24165599999999998,5525
CVE-2021-44760,Weighted,0.24163199999999999,5526
CVE-2022-0912,Weighted,0.241608,5527
CVE-2022-24745,Weighted,0.24159599999999998,5528
CVE-2022-21402,Weighted,0.241587,5529
CVE-2021-41952,Weighted,0.24154199999999998,5530
CVE-2021-42868,Weighted,0.24154199999999998,5531
CVE-2022-21281,Weighted,0.241494,5532
CVE-2021-43724,Weighted,0.241482,5533
CVE-2021-44969,Weighted,0.241482,5534
CVE-2021-45792,Weighted,0.241482,5535
CVE-2022-27244,Weighted,0.241443,5536
CVE-2022-26483,Weighted,0.241341,5537
CVE-2022-25464,Weighted,0.24132599999999998,5538
CVE-2022-25574,Weighted,0.24129599999999998,5539
CVE-2021-43943,Weighted,0.241284,5540
CVE-2022-21263,Weighted,0.241248,5541
CVE-2022-22780,Weighted,0.24009100000000003,5542
CVE-2022-21894,Weighted,0.23970100000000003,5543
CVE-2022-21368,Weighted,0.23844400000000002,5544
CVE-2021-26092,Weighted,0.23823100000000003,5545
CVE-2021-41180,Weighted,0.238126,5546
CVE-2022-25601,Weighted,0.23805400000000002,5547
CVE-2022-21710,Weighted,0.23800000000000002,5548
CVE-2021-43925,Weighted,0.237625,5549
CVE-2021-43926,Weighted,0.237625,5550
CVE-2021-43927,Weighted,0.237625,5551
CVE-2021-26256,Weighted,0.23749900000000002,5552
CVE-2022-23980,Weighted,0.237409,5553
CVE-2022-23618,Weighted,0.23740000000000003,5554
CVE-2022-0283,Weighted,0.23730700000000002,5555
CVE-2021-25103,Weighted,0.23725600000000002,5556
CVE-2021-37866,Weighted,0.23716900000000002,5557
CVE-2021-42856,Weighted,0.23681200000000002,5558
CVE-2022-0328,Weighted,0.236413,5559
CVE-2022-21975,Weighted,0.236404,5560
CVE-2021-3753,Weighted,0.23609200000000002,5561
CVE-2022-25368,Weighted,0.23589700000000002,5562
CVE-2022-23651,Weighted,0.23565100000000003,5563
CVE-2021-20321,Weighted,0.23564800000000002,5564
CVE-2022-23653,Weighted,0.23563,5565
CVE-2021-34406,Weighted,0.23555800000000002,5566
CVE-2022-0019,Weighted,0.23550400000000002,5567
CVE-2022-22567,Weighted,0.235414,5568
CVE-2021-40015,Weighted,0.235384,5569
CVE-2022-0743,Weighted,0.234092,5570
CVE-2022-24349,Weighted,0.23366599999999998,5571
CVE-2022-25258,Weighted,0.232781,5572
CVE-2022-21905,Weighted,0.23219299999999998,5573
CVE-2022-21900,Weighted,0.23199199999999998,5574
CVE-2021-40837,Weighted,0.23197099999999998,5575
CVE-2021-44747,Weighted,0.23190199999999997,5576
CVE-2021-22567,Weighted,0.23179699999999998,5577
CVE-2022-23656,Weighted,0.23175199999999999,5578
CVE-2022-21338,Weighted,0.23157199999999997,5579
CVE-2022-26269,Weighted,0.23116399999999998,5580
CVE-2022-23035,Weighted,0.23105599999999998,5581
CVE-2022-20660,Weighted,0.23105299999999998,5582
CVE-2022-22622,Weighted,0.23090899999999998,5583
CVE-2022-22621,Weighted,0.23090599999999997,5584
CVE-2021-20870,Weighted,0.230894,5585
CVE-2022-22647,Weighted,0.230894,5586
CVE-2022-22671,Weighted,0.23084899999999997,5587
CVE-2021-33107,Weighted,0.23075299999999999,5588
CVE-2019-4351,Weighted,0.230732,5589
CVE-2021-40006,Weighted,0.23043199999999997,5590
CVE-2022-0183,Weighted,0.23032099999999997,5591
CVE-2022-22010,Weighted,0.22788100000000003,5592
CVE-2021-20868,Weighted,0.226308,5593
CVE-2022-25576,Weighted,0.22620300000000002,5594
CVE-2022-20625,Weighted,0.22478,5595
CVE-2022-0377,Weighted,0.224615,5596
CVE-2022-23606,Weighted,0.22304800000000002,5597
CVE-2022-21921,Weighted,0.22270000000000004,5598
CVE-2022-0585,Weighted,0.222173,5599
CVE-2021-4002,Weighted,0.22154500000000002,5600
CVE-2021-44111,Weighted,0.22142500000000004,5601
CVE-2022-21968,Weighted,0.221402,5602
CVE-2022-24930,Weighted,0.22128700000000004,5603
CVE-2022-0494,Weighted,0.22124800000000003,5604
CVE-2021-44702,Weighted,0.221216,5605
CVE-2021-44739,Weighted,0.221216,5606
CVE-2021-4032,Weighted,0.22117900000000004,5607
CVE-2022-21673,Weighted,0.220988,5608
CVE-2022-23605,Weighted,0.22092100000000003,5609
CVE-2022-22285,Weighted,0.22082800000000002,5610
CVE-2022-22286,Weighted,0.22082800000000002,5611
CVE-2021-0176,Weighted,0.22079800000000002,5612
CVE-2022-24925,Weighted,0.22075300000000003,5613
CVE-2021-0092,Weighted,0.22074400000000002,5614
CVE-2022-23434,Weighted,0.22071100000000002,5615
CVE-2021-0093,Weighted,0.22070500000000004,5616
CVE-2022-20630,Weighted,0.22067800000000004,5617
CVE-2021-38955,Weighted,0.22064500000000004,5618
CVE-2022-22270,Weighted,0.22060600000000002,5619
CVE-2022-26355,Weighted,0.22051900000000002,5620
CVE-2021-0147,Weighted,0.22049800000000003,5621
CVE-2021-39711,Weighted,0.22045900000000002,5622
CVE-2021-39715,Weighted,0.22041400000000003,5623
CVE-2022-20029,Weighted,0.22036900000000004,5624
CVE-2022-20033,Weighted,0.22036900000000004,5625
CVE-2022-20035,Weighted,0.22036900000000004,5626
CVE-2022-20015,Weighted,0.22034800000000002,5627
CVE-2022-20018,Weighted,0.22034800000000002,5628
CVE-2021-39680,Weighted,0.22034500000000004,5629
CVE-2021-39717,Weighted,0.22033900000000003,5630
CVE-2021-39722,Weighted,0.22033900000000003,5631
CVE-2021-39724,Weighted,0.22033900000000003,5632
CVE-2021-39730,Weighted,0.22033900000000003,5633
CVE-2022-20612,Weighted,0.220337,5634
CVE-2022-23426,Weighted,0.22031500000000004,5635
CVE-2022-22931,Weighted,0.220283,5636
CVE-2021-45346,Weighted,0.219842,5637
CVE-2022-23258,Weighted,0.219728,5638
CVE-2022-23113,Weighted,0.21951199999999998,5639
CVE-2017-20016,Weighted,0.219386,5640
CVE-2021-39942,Weighted,0.219347,5641
CVE-2022-21245,Weighted,0.219197,5642
CVE-2022-0282,Weighted,0.219128,5643
CVE-2021-3660,Weighted,0.218783,5644
CVE-2021-39892,Weighted,0.218684,5645
CVE-2021-43588,Weighted,0.218663,5646
CVE-2022-25188,Weighted,0.218657,5647
CVE-2022-23982,Weighted,0.218627,5648
CVE-2022-21713,Weighted,0.218528,5649
CVE-2022-21677,Weighted,0.218522,5650
CVE-2022-0116,Weighted,0.218504,5651
CVE-2022-0118,Weighted,0.218411,5652
CVE-2021-20148,Weighted,0.218348,5653
CVE-2022-0112,Weighted,0.218342,5654
CVE-2022-20614,Weighted,0.21833,5655
CVE-2021-44141,Weighted,0.21826399999999999,5656
CVE-2022-0110,Weighted,0.218246,5657
CVE-2020-27958,Weighted,0.218156,5658
CVE-2022-0897,Weighted,0.218147,5659
CVE-2022-0384,Weighted,0.218015,5660
CVE-2022-22349,Weighted,0.218,5661
CVE-2022-23585,Weighted,0.217976,5662
CVE-2022-0124,Weighted,0.217922,5663
CVE-2022-24782,Weighted,0.217895,5664
CVE-2022-20613,Weighted,0.217871,5665
CVE-2022-25266,Weighted,0.217859,5666
CVE-2022-0125,Weighted,0.21784699999999999,5667
CVE-2021-41166,Weighted,0.217844,5668
CVE-2022-20680,Weighted,0.217823,5669
CVE-2022-24446,Weighted,0.21781699999999998,5670
CVE-2021-39876,Weighted,0.217805,5671
CVE-2022-0904,Weighted,0.217772,5672
CVE-2022-23708,Weighted,0.217772,5673
CVE-2021-44838,Weighted,0.21776,5674
CVE-2022-0414,Weighted,0.217742,5675
CVE-2022-22300,Weighted,0.217733,5676
CVE-2022-22654,Weighted,0.2177,5677
CVE-2021-25110,Weighted,0.217691,5678
CVE-2021-37865,Weighted,0.217691,5679
CVE-2021-24868,Weighted,0.217673,5680
CVE-2022-0746,Weighted,0.217646,5681
CVE-2022-21244,Weighted,0.217637,5682
CVE-2022-1177,Weighted,0.217634,5683
CVE-2021-43955,Weighted,0.21762499999999999,5684
CVE-2021-39943,Weighted,0.217607,5685
CVE-2021-22060,Weighted,0.217565,5686
CVE-2022-20616,Weighted,0.217556,5687
CVE-2022-20618,Weighted,0.217556,5688
CVE-2022-0174,Weighted,0.217553,5689
CVE-2021-41241,Weighted,0.21755,5690
CVE-2022-21695,Weighted,0.217547,5691
CVE-2022-25839,Weighted,0.217547,5692
CVE-2021-43948,Weighted,0.217535,5693
CVE-2021-43950,Weighted,0.217535,5694
CVE-2022-21684,Weighted,0.217493,5695
CVE-2022-0371,Weighted,0.217466,5696
CVE-2022-21733,Weighted,0.217463,5697
CVE-2022-21243,Weighted,0.217439,5698
CVE-2022-0858,Weighted,0.217436,5699
CVE-2022-25041,Weighted,0.217436,5700
CVE-2021-43949,Weighted,0.217427,5701
CVE-2021-43951,Weighted,0.217427,5702
CVE-2021-44837,Weighted,0.217424,5703
CVE-2022-0708,Weighted,0.217412,5704
CVE-2022-21383,Weighted,0.217412,5705
CVE-2022-21393,Weighted,0.217412,5706
CVE-2021-4146,Weighted,0.2174,5707
CVE-2021-24824,Weighted,0.217382,5708
CVE-2021-4180,Weighted,0.21737299999999998,5709
CVE-2022-21678,Weighted,0.217364,5710
CVE-2021-24733,Weighted,0.217349,5711
CVE-2022-0238,Weighted,0.217349,5712
CVE-2022-25223,Weighted,0.217349,5713
CVE-2021-32472,Weighted,0.21731899999999998,5714
CVE-2022-21692,Weighted,0.217313,5715
CVE-2021-43954,Weighted,0.217298,5716
CVE-2022-21732,Weighted,0.217295,5717
CVE-2022-27205,Weighted,0.21729199999999999,5718
CVE-2022-0338,Weighted,0.217274,5719
CVE-2022-24694,Weighted,0.217268,5720
CVE-2022-23599,Weighted,0.21725,5721
CVE-2022-20620,Weighted,0.217244,5722
CVE-2022-27218,Weighted,0.217244,5723
CVE-2022-28147,Weighted,0.217244,5724
CVE-2022-27199,Weighted,0.217229,5725
CVE-2022-27215,Weighted,0.217229,5726
CVE-2022-28137,Weighted,0.217229,5727
CVE-2022-28139,Weighted,0.217229,5728
CVE-2022-28151,Weighted,0.217229,5729
CVE-2022-23026,Weighted,0.217217,5730
CVE-2022-23807,Weighted,0.217214,5731
CVE-2021-32477,Weighted,0.217211,5732
CVE-2022-0334,Weighted,0.217196,5733
CVE-2021-43961,Weighted,0.21718099999999999,5734
CVE-2022-21642,Weighted,0.21718099999999999,5735
CVE-2022-23578,Weighted,0.217148,5736
CVE-2022-22702,Weighted,0.217139,5737
CVE-2022-21696,Weighted,0.21712399999999998,5738
CVE-2020-4989,Weighted,0.217112,5739
CVE-2021-29701,Weighted,0.217112,5740
CVE-2022-1081,Weighted,0.217106,5741
CVE-2021-35686,Weighted,0.217064,5742
CVE-2022-0170,Weighted,0.217052,5743
CVE-2022-27907,Weighted,0.217049,5744
CVE-2022-22107,Weighted,0.21703999999999998,5745
CVE-2022-22108,Weighted,0.21703999999999998,5746
CVE-2022-25190,Weighted,0.21703999999999998,5747
CVE-2022-21691,Weighted,0.217019,5748
CVE-2021-37867,Weighted,0.217016,5749
CVE-2022-0755,Weighted,0.216983,5750
CVE-2022-0442,Weighted,0.216962,5751
CVE-2021-22819,Weighted,0.216953,5752
CVE-2022-24071,Weighted,0.216953,5753
CVE-2021-25084,Weighted,0.21695,5754
CVE-2021-45074,Weighted,0.216899,5755
CVE-2021-42067,Weighted,0.216893,5756
CVE-2022-23981,Weighted,0.216893,5757
CVE-2022-24343,Weighted,0.216893,5758
CVE-2022-1004,Weighted,0.21687499999999998,5759
CVE-2021-43105,Weighted,0.216872,5760
CVE-2022-0596,Weighted,0.21686,5761
CVE-2022-23433,Weighted,0.216851,5762
CVE-2022-28138,Weighted,0.21682099999999999,5763
CVE-2022-28152,Weighted,0.21682099999999999,5764
CVE-2022-25318,Weighted,0.216782,5765
CVE-2021-44836,Weighted,0.216743,5766
CVE-2021-44751,Weighted,0.216725,5767
CVE-2022-1076,Weighted,0.216686,5768
CVE-2022-1079,Weighted,0.216686,5769
CVE-2021-36349,Weighted,0.216662,5770
CVE-2022-23709,Weighted,0.216656,5771
CVE-2022-25195,Weighted,0.21665,5772
CVE-2022-25180,Weighted,0.216584,5773
CVE-2022-0833,Weighted,0.216482,5774
CVE-2022-27214,Weighted,0.216476,5775
CVE-2021-43953,Weighted,0.216428,5776
CVE-2022-21179,Weighted,0.216416,5777
CVE-2021-24913,Weighted,0.216413,5778
CVE-2022-0199,Weighted,0.216413,5779
CVE-2022-0313,Weighted,0.216413,5780
CVE-2021-24825,Weighted,0.216326,5781
CVE-2022-1074,Weighted,0.216323,5782
CVE-2022-0245,Weighted,0.216317,5783
CVE-2022-0616,Weighted,0.216305,5784
CVE-2022-0226,Weighted,0.216302,5785
CVE-2021-24688,Weighted,0.216299,5786
CVE-2022-0345,Weighted,0.216287,5787
CVE-2022-0515,Weighted,0.216287,5788
CVE-2022-23983,Weighted,0.21626299999999998,5789
CVE-2021-43952,Weighted,0.216245,5790
CVE-2022-0638,Weighted,0.216089,5791
CVE-2021-46028,Weighted,0.216065,5792
CVE-2022-0164,Weighted,0.216047,5793
CVE-2021-25025,Weighted,0.21604099999999998,5794
CVE-2021-24730,Weighted,0.216032,5795
CVE-2020-10635,Weighted,0.216026,5796
CVE-2022-0184,Weighted,0.216026,5797
CVE-2022-21930,Weighted,0.21357900000000002,5798
CVE-2022-21931,Weighted,0.21357900000000002,5799
CVE-2022-0738,Weighted,0.21259200000000003,5800
CVE-2022-0532,Weighted,0.21230400000000002,5801
CVE-2021-38674,Weighted,0.211908,5802
CVE-2021-36751,Weighted,0.211458,5803
CVE-2021-40337,Weighted,0.21120600000000003,5804
CVE-2022-24927,Weighted,0.21102300000000002,5805
CVE-2021-36177,Weighted,0.210903,5806
CVE-2021-40041,Weighted,0.21050400000000002,5807
CVE-2022-24932,Weighted,0.210321,5808
CVE-2022-25820,Weighted,0.21031200000000003,5809
CVE-2021-44715,Weighted,0.20910299999999998,5810
CVE-2021-44166,Weighted,0.20693799999999998,5811
CVE-2022-25611,Weighted,0.20671299999999998,5812
CVE-2022-25612,Weighted,0.20671299999999998,5813
CVE-2022-25604,Weighted,0.206704,5814
CVE-2021-4001,Weighted,0.205558,5815
CVE-2022-0022,Weighted,0.20538099999999998,5816
CVE-2022-25816,Weighted,0.20532699999999998,5817
CVE-2022-24929,Weighted,0.20530299999999999,5818
CVE-2022-20032,Weighted,0.20529999999999998,5819
CVE-2021-39727,Weighted,0.205285,5820
CVE-2021-39792,Weighted,0.205285,5821
CVE-2021-32841,Weighted,0.203237,5822
CVE-2021-32842,Weighted,0.202685,5823
CVE-2022-27820,Weighted,0.202043,5824
CVE-2022-24003,Weighted,0.201659,5825
CVE-2022-24002,Weighted,0.201572,5826
CVE-2022-0237,Weighted,0.20145200000000002,5827
CVE-2021-23566,Weighted,0.20132,5828
CVE-2022-23995,Weighted,0.20131400000000002,5829
CVE-2022-23996,Weighted,0.20131400000000002,5830
CVE-2022-23997,Weighted,0.20131400000000002,5831
CVE-2022-25824,Weighted,0.20070200000000002,5832
CVE-2021-4016,Weighted,0.20066,5833
CVE-2022-24923,Weighted,0.200654,5834
CVE-2022-25817,Weighted,0.20031800000000002,5835
CVE-2022-22266,Weighted,0.200306,5836
CVE-2022-22267,Weighted,0.200306,5837
CVE-2022-22269,Weighted,0.200306,5838
CVE-2022-22272,Weighted,0.200306,5839
CVE-2022-0317,Weighted,0.20028800000000002,5840
CVE-2022-22263,Weighted,0.200279,5841
CVE-2022-25822,Weighted,0.200264,5842
CVE-2022-21248,Weighted,0.196289,5843
CVE-2022-21298,Weighted,0.195849,5844
CVE-2022-22287,Weighted,0.19572900000000001,5845
CVE-2022-23999,Weighted,0.195348,5846
CVE-2022-24000,Weighted,0.195348,5847
CVE-2022-23427,Weighted,0.1953,5848
CVE-2022-21265,Weighted,0.194434,5849
CVE-2022-0333,Weighted,0.191716,5850
CVE-2022-0473,Weighted,0.19153,5851
CVE-2022-25620,Weighted,0.191332,5852
CVE-2022-21295,Weighted,0.191107,5853
CVE-2022-25619,Weighted,0.190978,5854
CVE-2021-3155,Weighted,0.19078,5855
CVE-2021-22799,Weighted,0.190711,5856
CVE-2022-24001,Weighted,0.190294,5857
CVE-2021-36368,Weighted,0.190031,5858
CVE-2022-22935,Weighted,0.18987199999999999,5859
CVE-2022-21164,Weighted,0.188963,5860
CVE-2022-21694,Weighted,0.188744,5861
CVE-2022-24917,Weighted,0.188666,5862
CVE-2022-24919,Weighted,0.188666,5863
CVE-2022-24918,Weighted,0.188483,5864
CVE-2022-23984,Weighted,0.188327,5865
CVE-2022-24784,Weighted,0.188102,5866
CVE-2022-21170,Weighted,0.187955,5867
CVE-2022-22779,Weighted,0.187403,5868
CVE-2021-40339,Weighted,0.187175,5869
CVE-2021-40340,Weighted,0.187175,5870
CVE-2021-40338,Weighted,0.187007,5871
CVE-2003-5002,Weighted,0.186239,5872
CVE-2021-44742,Weighted,0.18256799999999998,5873
CVE-2022-24741,Weighted,0.17981799999999998,5874
CVE-2021-25075,Weighted,0.179092,5875
CVE-2022-21683,Weighted,0.17790999999999998,5876
CVE-2022-1087,Weighted,0.177805,5877
CVE-2022-0093,Weighted,0.177733,5878
CVE-2022-21652,Weighted,0.17737599999999998,5879
CVE-2022-0488,Weighted,0.17712999999999998,5880
CVE-2022-1086,Weighted,0.176872,5881
CVE-2022-1180,Weighted,0.176803,5882
CVE-2022-1085,Weighted,0.176779,5883
CVE-2021-25014,Weighted,0.17676999999999998,5884
CVE-2021-39927,Weighted,0.176719,5885
CVE-2022-24236,Weighted,0.176677,5886
CVE-2021-41809,Weighted,0.176668,5887
CVE-2022-1075,Weighted,0.176386,5888
CVE-2022-0861,Weighted,0.17638299999999998,5889
CVE-2021-4035,Weighted,0.176341,5890
CVE-2022-0475,Weighted,0.176341,5891
CVE-2021-45916,Weighted,0.17590599999999998,5892
CVE-2021-44740,Weighted,0.175887,5893
CVE-2021-44741,Weighted,0.175887,5894
CVE-2021-45051,Weighted,0.173226,5895
CVE-2022-21718,Weighted,0.172838,5896
CVE-2022-21977,Weighted,0.17258099999999998,5897
CVE-2022-25610,Weighted,0.17215999999999998,5898
CVE-2021-45052,Weighted,0.17174999999999999,5899
CVE-2021-45054,Weighted,0.17109,5900
CVE-2020-35501,Weighted,0.17072299999999999,5901
CVE-2021-34901,Weighted,0.17043599999999998,5902
CVE-2021-34889,Weighted,0.17041199999999998,5903
CVE-2021-46602,Weighted,0.17041199999999998,5904
CVE-2021-46607,Weighted,0.17013599999999998,5905
CVE-2022-0158,Weighted,0.17012699999999997,5906
CVE-2021-34890,Weighted,0.16995599999999997,5907
CVE-2021-34888,Weighted,0.16993199999999997,5908
CVE-2021-34943,Weighted,0.16993199999999997,5909
CVE-2021-34944,Weighted,0.16993199999999997,5910
CVE-2021-46600,Weighted,0.16993199999999997,5911
CVE-2021-34883,Weighted,0.16982999999999998,5912
CVE-2021-34884,Weighted,0.16982999999999998,5913
CVE-2021-34902,Weighted,0.16982999999999998,5914
CVE-2021-34910,Weighted,0.16982999999999998,5915
CVE-2021-34886,Weighted,0.169809,5916
CVE-2021-34887,Weighted,0.169809,5917
CVE-2021-46599,Weighted,0.169809,5918
CVE-2021-34881,Weighted,0.16958399999999998,5919
CVE-2021-34882,Weighted,0.169563,5920
CVE-2021-34916,Weighted,0.169563,5921
CVE-2021-46608,Weighted,0.169563,5922
CVE-2021-45059,Weighted,0.16938299999999998,5923
CVE-2021-43752,Weighted,0.16922399999999999,5924
CVE-2021-40766,Weighted,0.16851899999999997,5925
CVE-2021-40769,Weighted,0.16851,5926
CVE-2021-35005,Weighted,0.167673,5927
CVE-2022-23132,Weighted,0.16738799999999998,5928
CVE-2022-24465,Weighted,0.16716299999999998,5929
CVE-2022-22670,Weighted,0.16708199999999998,5930
CVE-2022-1003,Weighted,0.166506,5931
CVE-2022-23994,Weighted,0.16634699999999997,5932
CVE-2022-0758,Weighted,0.16628099999999998,5933
CVE-2022-24448,Weighted,0.16619099999999998,5934
CVE-2021-3981,Weighted,0.165957,5935
CVE-2022-21267,Weighted,0.16594799999999998,5936
CVE-2022-21268,Weighted,0.16594799999999998,5937
CVE-2022-23114,Weighted,0.16592099999999999,5938
CVE-2022-21388,Weighted,0.16591499999999998,5939
CVE-2022-22598,Weighted,0.16587,5940
CVE-2018-25030,Weighted,0.16579499999999997,5941
CVE-2022-22656,Weighted,0.16577399999999998,5942
CVE-2022-0021,Weighted,0.16567199999999999,5943
CVE-2021-38129,Weighted,0.16563899999999998,5944
CVE-2022-0131,Weighted,0.16560899999999998,5945
CVE-2022-0652,Weighted,0.16557899999999998,5946
CVE-2022-23649,Weighted,0.16548899999999997,5947
CVE-2021-39628,Weighted,0.16535099999999997,5948
CVE-2021-39739,Weighted,0.16532999999999998,5949
CVE-2022-25821,Weighted,0.16532999999999998,5950
CVE-2022-0343,Weighted,0.16527299999999998,5951
CVE-2022-26354,Weighted,0.161173,5952
CVE-2022-0249,Weighted,0.158414,5953
CVE-2022-0344,Weighted,0.158273,5954
CVE-2022-0862,Weighted,0.15701299999999999,5955
CVE-2021-3716,Weighted,0.156746,5956
CVE-2022-0279,Weighted,0.156482,5957
CVE-2021-25743,Weighted,0.152334,5958
CVE-2022-21313,Weighted,0.149776,5959
CVE-2022-21311,Weighted,0.149659,5960
CVE-2022-21323,Weighted,0.149659,5961
CVE-2022-21312,Weighted,0.149329,5962
CVE-2022-21321,Weighted,0.149329,5963
CVE-2022-21324,Weighted,0.149329,5964
CVE-2022-21325,Weighted,0.149329,5965
CVE-2022-21331,Weighted,0.149329,5966
CVE-2022-21333,Weighted,0.149329,5967
CVE-2022-21355,Weighted,0.14926599999999998,5968
CVE-2022-21357,Weighted,0.14926599999999998,5969
CVE-2022-21317,Weighted,0.14915799999999999,5970
CVE-2022-21319,Weighted,0.14915799999999999,5971
CVE-2020-16232,Weighted,0.14221099999999998,5972
CVE-2017-20012,Weighted,0.14090599999999998,5973
CVE-2017-20013,Weighted,0.140873,5974
CVE-2017-20015,Weighted,0.140786,5975
CVE-2017-20014,Weighted,0.140783,5976
CVE-2017-20011,Weighted,0.14068099999999997,5977
CVE-2022-22303,Weighted,0.140639,5978
CVE-2022-22283,Weighted,0.140612,5979
CVE-2022-21249,Weighted,0.13997400000000002,5980
CVE-2021-25939,Weighted,0.138387,5981
CVE-2021-28376,Weighted,0.138249,5982
CVE-2021-38894,Weighted,0.137805,5983
CVE-2022-21372,Weighted,0.137634,5984
CVE-2021-25109,Weighted,0.13753800000000002,5985
CVE-2022-21247,Weighted,0.137055,5986
CVE-2021-44840,Weighted,0.13692300000000002,5987
CVE-2021-46270,Weighted,0.13692300000000002,5988
CVE-2021-29846,Weighted,0.13680900000000001,5989
CVE-2022-0536,Weighted,0.13378,5990
CVE-2022-24719,Weighted,0.132505,5991
CVE-2021-44714,Weighted,0.132422,5992
CVE-2020-15936,Weighted,0.13195300000000001,5993
CVE-2021-37864,Weighted,0.131755,5994
CVE-2021-23173,Weighted,0.131572,5995
CVE-2022-24744,Weighted,0.13145500000000002,5996
CVE-2022-21929,Weighted,0.129353,5997
CVE-2021-43566,Weighted,0.126128,5998
CVE-2022-0474,Weighted,0.12192599999999999,5999
CVE-2021-41181,Weighted,0.12092699999999999,6000
CVE-2022-22599,Weighted,0.120873,6001
CVE-2019-4352,Weighted,0.12075899999999999,6002
CVE-2021-27456,Weighted,0.12072,6003
CVE-2022-22348,Weighted,0.120588,6004
CVE-2020-8562,Weighted,0.11324600000000001,6005
CVE-2022-24924,Weighted,0.11224100000000001,6006
CVE-2022-1002,Weighted,0.10195,6007
CVE-2022-22821,Weighted,0.1009,6008
CVE-2022-27049,Weighted,0.100885,6009
CVE-2021-41808,Weighted,0.10073800000000001,6010
CVE-2022-25823,Weighted,0.095621,6011
CVE-2022-25826,Weighted,0.095621,6012
CVE-2022-25827,Weighted,0.095621,6013
CVE-2022-25828,Weighted,0.095621,6014
CVE-2022-25829,Weighted,0.095621,6015
CVE-2022-25830,Weighted,0.095621,6016
CVE-2020-12907,Weighted,0.0,6017
CVE-2020-12908,Weighted,0.0,6018
CVE-2020-12918,Weighted,0.0,6019
CVE-2020-12934,Weighted,0.0,6020
CVE-2020-12937,Weighted,0.0,6021
CVE-2020-12938,Weighted,0.0,6022
CVE-2020-12939,Weighted,0.0,6023
CVE-2020-12942,Weighted,0.0,6024
CVE-2020-12943,Weighted,0.0,6025
CVE-2020-12945,Weighted,0.0,6026
CVE-2020-12947,Weighted,0.0,6027
CVE-2020-12948,Weighted,0.0,6028
CVE-2020-12949,Weighted,0.0,6029
CVE-2020-12950,Weighted,0.0,6030
CVE-2020-12952,Weighted,0.0,6031
CVE-2020-12953,Weighted,0.0,6032
CVE-2020-12955,Weighted,0.0,6033
CVE-2020-12956,Weighted,0.0,6034
CVE-2020-12958,Weighted,0.0,6035
CVE-2020-13010,Weighted,0.0,6036
CVE-2020-13011,Weighted,0.0,6037
CVE-2020-13012,Weighted,0.0,6038
CVE-2020-13013,Weighted,0.0,6039
CVE-2020-13014,Weighted,0.0,6040
CVE-2020-13015,Weighted,0.0,6041
CVE-2020-13016,Weighted,0.0,6042
CVE-2020-13017,Weighted,0.0,6043
CVE-2020-13018,Weighted,0.0,6044
CVE-2020-13019,Weighted,0.0,6045
CVE-2020-13020,Weighted,0.0,6046
CVE-2020-13021,Weighted,0.0,6047
CVE-2020-13022,Weighted,0.0,6048
CVE-2020-13023,Weighted,0.0,6049
CVE-2020-13024,Weighted,0.0,6050
CVE-2020-13025,Weighted,0.0,6051
CVE-2020-13026,Weighted,0.0,6052
CVE-2020-13027,Weighted,0.0,6053
CVE-2020-13028,Weighted,0.0,6054
CVE-2020-13029,Weighted,0.0,6055
CVE-2020-13030,Weighted,0.0,6056
CVE-2020-13031,Weighted,0.0,6057
CVE-2020-13032,Weighted,0.0,6058
CVE-2020-13033,Weighted,0.0,6059
CVE-2020-13034,Weighted,0.0,6060
CVE-2020-13035,Weighted,0.0,6061
CVE-2020-13036,Weighted,0.0,6062
CVE-2020-13037,Weighted,0.0,6063
CVE-2020-13038,Weighted,0.0,6064
CVE-2020-13039,Weighted,0.0,6065
CVE-2020-13040,Weighted,0.0,6066
CVE-2020-13041,Weighted,0.0,6067
CVE-2020-13042,Weighted,0.0,6068
CVE-2020-13043,Weighted,0.0,6069
CVE-2020-13044,Weighted,0.0,6070
CVE-2020-13045,Weighted,0.0,6071
CVE-2020-13046,Weighted,0.0,6072
CVE-2020-13047,Weighted,0.0,6073
CVE-2020-13048,Weighted,0.0,6074
CVE-2020-13049,Weighted,0.0,6075
CVE-2020-13050,Weighted,0.0,6076
CVE-2020-13051,Weighted,0.0,6077
CVE-2020-13052,Weighted,0.0,6078
CVE-2020-13053,Weighted,0.0,6079
CVE-2020-13054,Weighted,0.0,6080
CVE-2020-13055,Weighted,0.0,6081
CVE-2020-13056,Weighted,0.0,6082
CVE-2020-13057,Weighted,0.0,6083
CVE-2020-13058,Weighted,0.0,6084
CVE-2020-13059,Weighted,0.0,6085
CVE-2020-13060,Weighted,0.0,6086
CVE-2020-13061,Weighted,0.0,6087
CVE-2020-13062,Weighted,0.0,6088
CVE-2020-13063,Weighted,0.0,6089
CVE-2020-13064,Weighted,0.0,6090
CVE-2020-13065,Weighted,0.0,6091
CVE-2020-13066,Weighted,0.0,6092
CVE-2020-13067,Weighted,0.0,6093
CVE-2020-13068,Weighted,0.0,6094
CVE-2020-13069,Weighted,0.0,6095
CVE-2020-13070,Weighted,0.0,6096
CVE-2020-13071,Weighted,0.0,6097
CVE-2020-13072,Weighted,0.0,6098
CVE-2020-13073,Weighted,0.0,6099
CVE-2020-13074,Weighted,0.0,6100
CVE-2020-13075,Weighted,0.0,6101
CVE-2020-13076,Weighted,0.0,6102
CVE-2020-13077,Weighted,0.0,6103
CVE-2020-13078,Weighted,0.0,6104
CVE-2020-13079,Weighted,0.0,6105
CVE-2020-13080,Weighted,0.0,6106
CVE-2020-13081,Weighted,0.0,6107
CVE-2020-13082,Weighted,0.0,6108
CVE-2020-13083,Weighted,0.0,6109
CVE-2020-13084,Weighted,0.0,6110
CVE-2020-13085,Weighted,0.0,6111
CVE-2020-13086,Weighted,0.0,6112
CVE-2020-13087,Weighted,0.0,6113
CVE-2020-13088,Weighted,0.0,6114
CVE-2020-13089,Weighted,0.0,6115
CVE-2020-13713,Weighted,0.0,6116
CVE-2020-13714,Weighted,0.0,6117
CVE-2020-13715,Weighted,0.0,6118
CVE-2020-13716,Weighted,0.0,6119
CVE-2020-13717,Weighted,0.0,6120
CVE-2020-13718,Weighted,0.0,6121
CVE-2020-13719,Weighted,0.0,6122
CVE-2020-13720,Weighted,0.0,6123
CVE-2020-13721,Weighted,0.0,6124
CVE-2020-13722,Weighted,0.0,6125
CVE-2020-13723,Weighted,0.0,6126
CVE-2020-13724,Weighted,0.0,6127
CVE-2020-13725,Weighted,0.0,6128
CVE-2020-13726,Weighted,0.0,6129
CVE-2020-13727,Weighted,0.0,6130
CVE-2020-13728,Weighted,0.0,6131
CVE-2020-13729,Weighted,0.0,6132
CVE-2020-13730,Weighted,0.0,6133
CVE-2020-13731,Weighted,0.0,6134
CVE-2020-13732,Weighted,0.0,6135
CVE-2020-13733,Weighted,0.0,6136
CVE-2020-13734,Weighted,0.0,6137
CVE-2020-13735,Weighted,0.0,6138
CVE-2020-13736,Weighted,0.0,6139
CVE-2020-13737,Weighted,0.0,6140
CVE-2020-13738,Weighted,0.0,6141
CVE-2020-13739,Weighted,0.0,6142
CVE-2020-13740,Weighted,0.0,6143
CVE-2020-13741,Weighted,0.0,6144
CVE-2020-13742,Weighted,0.0,6145
CVE-2020-13743,Weighted,0.0,6146
CVE-2020-13744,Weighted,0.0,6147
CVE-2020-13745,Weighted,0.0,6148
CVE-2020-13746,Weighted,0.0,6149
CVE-2020-13747,Weighted,0.0,6150
CVE-2020-13748,Weighted,0.0,6151
CVE-2020-13749,Weighted,0.0,6152
CVE-2020-13750,Weighted,0.0,6153
CVE-2020-13751,Weighted,0.0,6154
CVE-2020-13752,Weighted,0.0,6155
CVE-2020-36123,Weighted,0.0,6156
CVE-2021-20002,Weighted,0.0,6157
CVE-2021-20003,Weighted,0.0,6158
CVE-2021-20004,Weighted,0.0,6159
CVE-2021-20005,Weighted,0.0,6160
CVE-2021-20006,Weighted,0.0,6161
CVE-2021-20007,Weighted,0.0,6162
CVE-2021-20008,Weighted,0.0,6163
CVE-2021-20009,Weighted,0.0,6164
CVE-2021-20010,Weighted,0.0,6165
CVE-2021-20011,Weighted,0.0,6166
CVE-2021-20012,Weighted,0.0,6167
CVE-2021-20013,Weighted,0.0,6168
CVE-2021-20014,Weighted,0.0,6169
CVE-2021-20015,Weighted,0.0,6170
CVE-2021-22686,Weighted,0.0,6171
CVE-2021-22687,Weighted,0.0,6172
CVE-2021-22688,Weighted,0.0,6173
CVE-2021-22689,Weighted,0.0,6174
CVE-2021-22690,Weighted,0.0,6175
CVE-2021-22691,Weighted,0.0,6176
CVE-2021-22692,Weighted,0.0,6177
CVE-2021-22693,Weighted,0.0,6178
CVE-2021-22694,Weighted,0.0,6179
CVE-2021-22695,Weighted,0.0,6180
CVE-2021-26041,Weighted,0.0,6181
CVE-2021-26042,Weighted,0.0,6182
CVE-2021-26043,Weighted,0.0,6183
CVE-2021-26044,Weighted,0.0,6184
CVE-2021-26045,Weighted,0.0,6185
CVE-2021-26046,Weighted,0.0,6186
CVE-2021-26047,Weighted,0.0,6187
CVE-2021-26048,Weighted,0.0,6188
CVE-2021-26049,Weighted,0.0,6189
CVE-2021-26050,Weighted,0.0,6190
CVE-2021-26051,Weighted,0.0,6191
CVE-2021-26052,Weighted,0.0,6192
CVE-2021-26053,Weighted,0.0,6193
CVE-2021-26054,Weighted,0.0,6194
CVE-2021-26055,Weighted,0.0,6195
CVE-2021-26056,Weighted,0.0,6196
CVE-2021-26057,Weighted,0.0,6197
CVE-2021-26058,Weighted,0.0,6198
CVE-2021-26059,Weighted,0.0,6199
CVE-2021-26060,Weighted,0.0,6200
CVE-2021-26061,Weighted,0.0,6201
CVE-2021-26062,Weighted,0.0,6202
CVE-2021-26063,Weighted,0.0,6203
CVE-2021-26064,Weighted,0.0,6204
CVE-2021-26065,Weighted,0.0,6205
CVE-2021-26066,Weighted,0.0,6206
CVE-2021-27000,Weighted,0.0,6207
CVE-2021-27008,Weighted,0.0,6208
CVE-2021-27009,Weighted,0.0,6209
CVE-2021-27010,Weighted,0.0,6210
CVE-2021-27011,Weighted,0.0,6211
CVE-2021-27012,Weighted,0.0,6212
CVE-2021-27013,Weighted,0.0,6213
CVE-2021-27014,Weighted,0.0,6214
CVE-2021-27015,Weighted,0.0,6215
CVE-2021-27016,Weighted,0.0,6216
CVE-2021-32501,Weighted,0.0,6217
CVE-2021-32502,Weighted,0.0,6218
CVE-2021-32505,Weighted,0.0,6219
CVE-2021-3534,Weighted,0.0,6220
CVE-2021-3558,Weighted,0.0,6221
CVE-2021-3648,Weighted,0.0,6222
CVE-2021-36734,Weighted,0.0,6223
CVE-2021-36735,Weighted,0.0,6224
CVE-2021-36736,Weighted,0.0,6225
CVE-2021-36810,Weighted,0.0,6226
CVE-2021-36811,Weighted,0.0,6227
CVE-2021-36812,Weighted,0.0,6228
CVE-2021-36813,Weighted,0.0,6229
CVE-2021-36814,Weighted,0.0,6230
CVE-2021-36815,Weighted,0.0,6231
CVE-2021-36816,Weighted,0.0,6232
CVE-2021-36817,Weighted,0.0,6233
CVE-2021-36818,Weighted,0.0,6234
CVE-2021-36819,Weighted,0.0,6235
CVE-2021-36820,Weighted,0.0,6236
CVE-2021-37853,Weighted,0.0,6237
CVE-2021-37854,Weighted,0.0,6238
CVE-2021-37855,Weighted,0.0,6239
CVE-2021-37856,Weighted,0.0,6240
CVE-2021-37857,Weighted,0.0,6241
CVE-2021-37858,Weighted,0.0,6242
CVE-2021-38577,Weighted,0.0,6243
CVE-2021-3867,Weighted,0.0,6244
CVE-2021-3868,Weighted,0.0,6245
CVE-2021-3870,Weighted,0.0,6246
CVE-2021-3871,Weighted,0.0,6247
CVE-2021-3873,Weighted,0.0,6248
CVE-2021-3876,Weighted,0.0,6249
CVE-2021-3877,Weighted,0.0,6250
CVE-2021-3880,Weighted,0.0,6251
CVE-2021-3883,Weighted,0.0,6252
CVE-2021-3884,Weighted,0.0,6253
CVE-2021-3886,Weighted,0.0,6254
CVE-2021-3887,Weighted,0.0,6255
CVE-2021-38892,Weighted,0.0,6256
CVE-2021-3893,Weighted,0.0,6257
CVE-2021-3937,Weighted,0.0,6258
CVE-2021-3940,Weighted,0.0,6259
CVE-2021-39705,Weighted,0.0,6260
CVE-2021-40395,Weighted,0.0,6261
CVE-2021-40696,Weighted,0.0,6262
CVE-2021-41610,Weighted,0.0,6263
CVE-2021-42186,Weighted,0.0,6264
CVE-2021-4220,Weighted,0.0,6265
CVE-2021-43085,Weighted,0.0,6266
CVE-2021-44103,Weighted,0.0,6267
CVE-2021-44121,Weighted,0.0,6268
CVE-2021-44569,Weighted,0.0,6269
CVE-2021-44570,Weighted,0.0,6270
CVE-2021-44571,Weighted,0.0,6271
CVE-2021-44573,Weighted,0.0,6272
CVE-2021-44574,Weighted,0.0,6273
CVE-2021-44575,Weighted,0.0,6274
CVE-2021-44576,Weighted,0.0,6275
CVE-2021-44577,Weighted,0.0,6276
CVE-2021-44597,Weighted,0.0,6277
CVE-2021-44907,Weighted,0.0,6278
CVE-2021-45388,Weighted,0.0,6279
CVE-2021-45774,Weighted,0.0,6280
CVE-2021-45775,Weighted,0.0,6281
CVE-2021-45778,Weighted,0.0,6282
CVE-2021-45779,Weighted,0.0,6283
CVE-2021-45780,Weighted,0.0,6284
CVE-2021-45781,Weighted,0.0,6285
CVE-2021-45782,Weighted,0.0,6286
CVE-2021-45817,Weighted,0.0,6287
CVE-2021-45945,Weighted,0.0,6288
CVE-2021-45959,Weighted,0.0,6289
CVE-2021-46012,Weighted,0.0,6290
CVE-2021-46058,Weighted,0.0,6291
CVE-2021-46059,Weighted,0.0,6292
CVE-2021-46060,Weighted,0.0,6293
CVE-2021-46380,Weighted,0.0,6294
CVE-2021-46388,Weighted,0.0,6295
CVE-2021-46439,Weighted,0.0,6296
CVE-2022-0177,Weighted,0.0,6297
CVE-2022-0227,Weighted,0.0,6298
CVE-2022-0329,Weighted,0.0,6299
CVE-2022-0498,Weighted,0.0,6300
CVE-2022-0655,Weighted,0.0,6301
CVE-2022-0886,Weighted,0.0,6302
CVE-2022-1072,Weighted,0.0,6303
CVE-2022-22122,Weighted,0.0,6304
CVE-2022-22623,Weighted,0.0,6305
CVE-2022-23967,Weighted,0.0,6306
CVE-2022-24445,Weighted,0.0,6307
CVE-2022-24727,Weighted,0.0,6308
CVE-2022-25019,Weighted,0.0,6309
CVE-2022-25029,Weighted,0.0,6310
CVE-2022-26200,Weighted,0.0,6311
CVE-2022-26333,Weighted,0.0,6312
CVE-2022-26351,Weighted,0.0,6313
CVE-2022-26487,Weighted,0.0,6314
CVE-2022-26502,Weighted,0.0,6315
CVE-2022-26620,Weighted,0.0,6316
