CVE_ID,EPSS_Score,EPSS_Percentile
CVE-2022-22293,0.00744,0.52204
CVE-2022-0080,0.0141,0.70752
CVE-2022-0079,0.00969,0.59419
CVE-2021-45972,0.0096,0.59057
CVE-2021-45960,0.04234,0.9031
CVE-2021-45958,0.0155,0.73305
CVE-2021-45957,0.02447,0.83197
CVE-2021-45956,0.0259,0.84167
CVE-2021-45955,0.02519,0.83703
CVE-2021-45954,0.0259,0.84167
CVE-2021-45953,0.0259,0.84166
CVE-2021-45952,0.0259,0.84167
CVE-2021-45951,0.0259,0.84166
CVE-2021-45950,0.00887,0.56758
CVE-2021-45949,0.01401,0.70589
CVE-2021-45948,0.00942,0.58518
CVE-2021-45947,0.00667,0.49332
CVE-2021-45946,0.00664,0.49218
CVE-2021-45944,0.0136,0.69751
CVE-2021-45943,0.01491,0.72273
CVE-2021-45942,0.01766,0.76471
CVE-2021-45941,0.01097,0.63258
CVE-2021-45940,0.01132,0.64153
CVE-2021-45939,0.00891,0.56912
CVE-2021-45938,0.00887,0.56775
CVE-2021-45937,0.00887,0.56775
CVE-2021-45936,0.00887,0.56776
CVE-2021-45935,0.00882,0.56625
CVE-2021-45934,0.00891,0.56911
CVE-2021-45933,0.00887,0.56775
CVE-2021-45932,0.00887,0.56775
CVE-2021-45931,0.0178,0.76669
CVE-2021-45930,0.01354,0.69621
CVE-2021-45929,0.00664,0.49218
CVE-2021-45928,0.00394,0.3249
CVE-2021-45927,0.00431,0.35968
CVE-2021-45926,0.00431,0.35968
CVE-2021-45917,0.00451,0.3753
CVE-2021-45916,0.00302,0.22419
CVE-2021-44896,0.00893,0.56954
CVE-2021-44852,0.00786,0.53578
CVE-2021-44717,0.01857,0.77692
CVE-2021-44716,0.03958,0.89691
CVE-2021-44158,0.00677,0.49755
CVE-2021-43333,0.00743,0.52193
CVE-2021-41819,0.02931,0.86101
CVE-2021-41817,0.03222,0.87336
CVE-2021-36751,0.00486,0.39872
CVE-2021-35093,0.00248,0.15936
CVE-2021-30351,0.04018,0.89836
CVE-2021-30348,0.00226,0.13163
CVE-2021-30337,0.00154,0.04916
CVE-2021-30336,0.00154,0.04916
CVE-2021-30335,0.00154,0.04915
CVE-2021-30303,0.00157,0.05161
CVE-2021-30298,0.00144,0.0402
CVE-2021-30293,0.00568,0.44775
CVE-2021-30289,0.00157,0.05161
CVE-2021-30283,0.00129,0.02904
CVE-2021-30282,0.00154,0.04915
CVE-2021-30279,0.00135,0.0326
CVE-2021-30278,0.00145,0.04063
CVE-2021-30276,0.00154,0.04915
CVE-2021-30275,0.00154,0.04916
CVE-2021-30274,0.00154,0.04917
CVE-2021-30273,0.00568,0.44775
CVE-2021-30272,0.00151,0.04585
CVE-2021-30271,0.00151,0.04585
CVE-2021-30270,0.00151,0.04585
CVE-2021-30269,0.00151,0.04585
CVE-2021-30268,0.00154,0.04908
CVE-2021-30267,0.00148,0.04308
CVE-2021-30262,0.00146,0.04145
CVE-2021-25994,0.01549,0.73298
CVE-2021-25981,0.02464,0.83316
CVE-2021-25040,0.008,0.54045
CVE-2021-25030,0.01562,0.73488
CVE-2021-25027,0.00876,0.5648
CVE-2021-25023,0.01112,0.63636
CVE-2021-25022,0.01122,0.63888
CVE-2021-25021,0.01021,0.60976
CVE-2021-25020,0.01021,0.60975
CVE-2021-25016,0.01798,0.76895
CVE-2021-25001,0.00757,0.52638
CVE-2021-25000,0.00757,0.52638
CVE-2021-24999,0.00757,0.52638
CVE-2021-24991,0.01188,0.65693
CVE-2021-24973,0.01314,0.68702
CVE-2021-24964,0.01216,0.66442
CVE-2021-24963,0.00654,0.48835
CVE-2021-24893,0.01553,0.73357
CVE-2021-24831,0.01196,0.65872
CVE-2021-24828,0.00604,0.46493
CVE-2021-24786,0.17348,0.96889
CVE-2021-24680,0.00604,0.4649
CVE-2021-1918,0.00142,0.03839
CVE-2021-1894,0.00155,0.04976
CVE-2020-11263,0.00172,0.06738
CVE-2022-21647,0.37671,0.98429
CVE-2022-21644,0.01037,0.61506
CVE-2022-21643,0.01197,0.65915
CVE-2022-20023,0.00267,0.18473
CVE-2022-20022,0.00267,0.18472
CVE-2022-20021,0.00267,0.18472
CVE-2022-20020,0.00114,0.01628
CVE-2022-20019,0.00114,0.01629
CVE-2022-20018,0.00116,0.01763
CVE-2022-20016,0.0009,0.00488
CVE-2022-20015,0.00116,0.01761
CVE-2022-20014,0.00113,0.0156
CVE-2022-20013,0.00082,0.00257
CVE-2022-20012,0.00112,0.01502
CVE-2022-0086,0.01207,0.66147
CVE-2022-0083,0.00899,0.57136
CVE-2021-46109,0.00702,0.50706
CVE-2021-45980,0.01524,0.72853
CVE-2021-45979,0.01531,0.72969
CVE-2021-45978,0.015,0.7245
CVE-2021-45913,0.01008,0.60622
CVE-2021-45912,0.00296,0.21794
CVE-2021-45829,0.00672,0.4956
CVE-2021-45428,0.56931,0.98995
CVE-2021-45389,0.01166,0.65102
CVE-2021-44674,0.01046,0.61772
CVE-2021-44168,0.00873,0.56367
CVE-2021-43942,0.55364,0.98959
CVE-2021-43852,0.01094,0.63149
CVE-2021-43850,0.00828,0.5495
CVE-2021-43832,0.0257,0.84041
CVE-2021-43711,0.37835,0.98438
CVE-2021-43677,0.00621,0.47306
CVE-2021-41789,0.00609,0.46711
CVE-2021-41236,0.00672,0.49559
CVE-2021-41141,0.01367,0.69901
CVE-2021-40525,0.03706,0.88953
CVE-2021-40148,0.0074,0.5209
CVE-2021-40111,0.02122,0.80572
CVE-2021-40110,0.0286,0.85765
CVE-2021-39990,0.00752,0.52496
CVE-2021-39989,0.00655,0.48874
CVE-2021-39988,0.00655,0.48876
CVE-2021-39987,0.00655,0.48875
CVE-2021-39985,0.00655,0.48876
CVE-2021-39984,0.00655,0.48876
CVE-2021-39983,0.00655,0.48876
CVE-2021-39982,0.00637,0.48055
CVE-2021-39981,0.00469,0.38729
CVE-2021-39980,0.00541,0.43304
CVE-2021-39979,0.01054,0.62008
CVE-2021-39978,0.00653,0.48783
CVE-2021-39977,0.00655,0.48875
CVE-2021-39975,0.00655,0.48875
CVE-2021-39974,0.00679,0.49836
CVE-2021-39973,0.00697,0.5053
CVE-2021-39972,0.00672,0.49545
CVE-2021-39971,0.00672,0.49545
CVE-2021-39970,0.00693,0.5038
CVE-2021-39969,0.00679,0.49836
CVE-2021-39968,0.00655,0.48874
CVE-2021-39967,0.00643,0.48338
CVE-2021-39966,0.00679,0.49835
CVE-2021-39143,0.00344,0.27166
CVE-2021-38576,0.01165,0.65081
CVE-2021-38542,0.02347,0.82463
CVE-2021-3845,0.01227,0.66747
CVE-2021-3842,0.01461,0.71726
CVE-2021-3837,0.00522,0.42199
CVE-2021-37134,0.00493,0.4034
CVE-2021-37133,0.00679,0.49837
CVE-2021-37132,0.00512,0.4159
CVE-2021-37128,0.00874,0.56428
CVE-2021-37126,0.00828,0.54968
CVE-2021-37125,0.00672,0.49548
CVE-2021-37121,0.00741,0.52102
CVE-2021-37120,0.00888,0.5678
CVE-2021-37119,0.00675,0.49674
CVE-2021-37118,0.00541,0.43304
CVE-2021-37117,0.00675,0.49674
CVE-2021-37116,0.00741,0.52104
CVE-2021-37114,0.00546,0.43608
CVE-2021-37113,0.00679,0.49835
CVE-2021-37112,0.00483,0.39675
CVE-2021-37111,0.00675,0.49675
CVE-2021-37110,0.00679,0.49836
CVE-2021-37098,0.00655,0.48877
CVE-2021-34797,0.02894,0.85937
CVE-2021-31833,0.00251,0.16336
CVE-2021-24042,0.01242,0.67089
CVE-2021-20872,0.003,0.22122
CVE-2021-20871,0.0052,0.42096
CVE-2021-20870,0.00298,0.21948
CVE-2021-20869,0.00532,0.42843
CVE-2021-20868,0.00436,0.36369
CVE-2021-20148,0.01116,0.63752
CVE-2021-20147,0.069,0.936
CVE-2020-23026,0.0104,0.61562
CVE-2022-22707,0.08969,0.94879
CVE-2022-22704,0.01334,0.69143
CVE-2022-22111,0.00996,0.60241
CVE-2022-22110,0.01122,0.63895
CVE-2022-22109,0.00531,0.42774
CVE-2022-22108,0.0068,0.49862
CVE-2022-22107,0.0068,0.49862
CVE-2022-21664,0.03752,0.89095
CVE-2022-21663,0.03695,0.88921
CVE-2022-21662,0.64529,0.99178
CVE-2022-21661,0.97795,0.99901
CVE-2022-21653,0.00793,0.53833
CVE-2022-21652,0.00792,0.5378
CVE-2022-21651,0.00774,0.53203
CVE-2022-21650,0.00831,0.5504
CVE-2022-21649,0.00932,0.58226
CVE-2022-21648,0.00817,0.54616
CVE-2022-21642,0.00727,0.51628
CVE-2022-0128,0.01739,0.76092
CVE-2022-0122,0.00839,0.55292
CVE-2022-0121,0.01195,0.65848
CVE-2021-46145,0.03365,0.87875
CVE-2021-46144,0.01045,0.6173
CVE-2021-46143,0.0379,0.89207
CVE-2021-46142,0.01095,0.63182
CVE-2021-46141,0.01131,0.64122
CVE-2021-46080,0.0058,0.45355
CVE-2021-46079,0.03309,0.87678
CVE-2021-46078,0.01261,0.67538
CVE-2021-46076,0.03306,0.87668
CVE-2021-46075,0.02616,0.84338
CVE-2021-46074,0.01142,0.64391
CVE-2021-46073,0.02759,0.85216
CVE-2021-46072,0.02736,0.85071
CVE-2021-46071,0.02736,0.85071
CVE-2021-46070,0.00876,0.56472
CVE-2021-46069,0.02736,0.85072
CVE-2021-46068,0.02736,0.85072
CVE-2021-46067,0.0514,0.91808
CVE-2021-46044,0.00622,0.47385
CVE-2021-46043,0.00625,0.47517
CVE-2021-46042,0.00625,0.47517
CVE-2021-46041,0.00625,0.47519
CVE-2021-46040,0.00625,0.47519
CVE-2021-46039,0.00625,0.47517
CVE-2021-46038,0.00625,0.47519
CVE-2021-45971,0.00279,0.20004
CVE-2021-45970,0.00326,0.2506
CVE-2021-45969,0.00279,0.20003
CVE-2021-45833,0.00691,0.50303
CVE-2021-45832,0.00666,0.49299
CVE-2021-45831,0.00622,0.47385
CVE-2021-45830,0.00701,0.50669
CVE-2021-45745,0.01438,0.71278
CVE-2021-45744,0.01438,0.71278
CVE-2021-45458,0.0208,0.80173
CVE-2021-45457,0.02383,0.82716
CVE-2021-45456,0.88887,0.99766
CVE-2021-45452,0.02388,0.82754
CVE-2021-45116,0.01855,0.77656
CVE-2021-45115,0.02397,0.82829
CVE-2021-44878,0.00895,0.57015
CVE-2021-44591,0.01019,0.60917
CVE-2021-44590,0.0124,0.67035
CVE-2021-44584,0.00909,0.5746
CVE-2021-44564,0.00916,0.57692
CVE-2021-44351,0.01775,0.76612
CVE-2021-43947,0.04117,0.90056
CVE-2021-43946,0.01148,0.64554
CVE-2021-43816,0.01682,0.75313
CVE-2021-43779,0.09132,0.94939
CVE-2021-43045,0.0296,0.86227
CVE-2021-42841,0.00852,0.55688
CVE-2021-4194,0.00707,0.50926
CVE-2021-41842,0.01534,0.73016
CVE-2021-41388,0.00228,0.13339
CVE-2021-41043,0.0087,0.56266
CVE-2021-38918,0.0121,0.6628
CVE-2021-38674,0.00636,0.47998
CVE-2021-36774,0.01948,0.78769
CVE-2021-36739,0.02327,0.823
CVE-2021-36738,0.02327,0.823
CVE-2021-36737,0.02327,0.82301
CVE-2021-31589,0.28207,0.97974
CVE-2021-31522,0.02902,0.85975
CVE-2021-28715,0.00332,0.25772
CVE-2021-28714,0.00325,0.24939
CVE-2021-28713,0.00332,0.25722
CVE-2021-28712,0.00332,0.25721
CVE-2021-28711,0.00332,0.25722
CVE-2021-27738,0.02557,0.83947
CVE-2021-25743,0.00778,0.53337
CVE-2021-22567,0.00599,0.46255
CVE-2021-22045,0.04681,0.91125
CVE-2020-5956,0.00806,0.54252
CVE-2020-29050,0.02166,0.80963
CVE-2020-27428,0.00647,0.48501
CVE-2020-23986,0.00628,0.47656
CVE-2020-15933,0.00768,0.53007
CVE-2020-10137,0.00703,0.50769
CVE-2022-22267,0.00102,0.01024
CVE-2022-22266,0.00102,0.01023
CVE-2022-22265,0.00392,0.3221
CVE-2022-22264,0.00122,0.02263
CVE-2022-22263,0.00093,0.00647
CVE-2022-21823,0.00349,0.27686
CVE-2022-21667,0.01623,0.74384
CVE-2022-0133,0.01213,0.66366
CVE-2022-0132,0.00914,0.57602
CVE-2021-46166,0.02759,0.85217
CVE-2021-46165,0.00469,0.38773
CVE-2021-46164,0.07136,0.93803
CVE-2021-46163,0.008,0.54052
CVE-2021-46150,0.00647,0.48503
CVE-2021-46149,0.0121,0.66297
CVE-2021-46148,0.01178,0.65451
CVE-2021-46147,0.00528,0.42609
CVE-2021-46146,0.00571,0.44896
CVE-2021-46055,0.007,0.50661
CVE-2021-46054,0.00703,0.5077
CVE-2021-46053,0.00703,0.5077
CVE-2021-46052,0.00703,0.50769
CVE-2021-46051,0.00625,0.4752
CVE-2021-46050,0.00679,0.49826
CVE-2021-46049,0.00625,0.4752
CVE-2021-46048,0.007,0.5066
CVE-2021-46047,0.00632,0.47823
CVE-2021-46046,0.00625,0.47518
CVE-2021-46045,0.00625,0.47518
CVE-2021-45856,0.01931,0.78563
CVE-2021-45442,0.004,0.33053
CVE-2021-45441,0.00265,0.18094
CVE-2021-45440,0.00464,0.38385
CVE-2021-45334,0.02761,0.85228
CVE-2021-45231,0.00643,0.48311
CVE-2021-45003,0.0301,0.8645
CVE-2021-44528,0.04182,0.902
CVE-2021-44024,0.004,0.33053
CVE-2021-43579,0.07349,0.93949
CVE-2021-42749,0.0107,0.62488
CVE-2021-42748,0.00995,0.602
CVE-2021-42392,0.63211,0.99145
CVE-2021-40041,0.00168,0.06327
CVE-2021-40039,0.00602,0.46415
CVE-2021-40038,0.00602,0.46415
CVE-2021-40037,0.00167,0.06229
CVE-2021-40035,0.00791,0.5374
CVE-2021-40032,0.00895,0.57011
CVE-2021-40031,0.00596,0.4611
CVE-2021-40029,0.00791,0.5374
CVE-2021-40028,0.00562,0.4446
CVE-2021-40027,0.00843,0.55401
CVE-2021-40026,0.00627,0.47594
CVE-2021-40025,0.00672,0.49546
CVE-2021-40022,0.00686,0.50149
CVE-2021-40021,0.00672,0.49547
CVE-2021-40020,0.00672,0.49547
CVE-2021-40018,0.00672,0.49547
CVE-2021-40014,0.00957,0.58985
CVE-2021-40011,0.00779,0.53349
CVE-2021-40010,0.0122,0.66547
CVE-2021-40009,0.00651,0.48694
CVE-2021-40006,0.00144,0.04009
CVE-2021-40005,0.00672,0.49549
CVE-2021-40004,0.00637,0.48054
CVE-2021-40003,0.00648,0.48535
CVE-2021-40002,0.00384,0.31429
CVE-2021-40001,0.00761,0.52783
CVE-2021-40000,0.00384,0.31428
CVE-2021-39998,0.00697,0.5053
CVE-2021-39996,0.00843,0.55386
CVE-2021-39993,0.00756,0.52626
CVE-2021-38990,0.00286,0.20669
CVE-2021-38957,0.00969,0.59396
CVE-2021-38956,0.00913,0.57592
CVE-2021-38921,0.00665,0.49281
CVE-2021-38895,0.00445,0.37116
CVE-2021-38894,0.00935,0.58311
CVE-2021-35247,0.03453,0.88171
CVE-2021-34087,0.00814,0.54472
CVE-2021-34086,0.00529,0.42642
CVE-2021-32998,0.01183,0.65564
CVE-2021-32996,0.01057,0.62081
CVE-2021-30360,0.0057,0.44842
CVE-2021-23594,0.01762,0.76421
CVE-2021-23568,0.0145,0.71489
CVE-2021-23543,0.01762,0.76422
CVE-2021-23173,0.00524,0.42356
CVE-2021-22569,0.01669,0.75095
CVE-2021-22060,0.00855,0.55804
CVE-2021-20048,0.01939,0.78672
CVE-2021-20046,0.01939,0.78672
CVE-2020-9061,0.00733,0.51833
CVE-2020-9060,0.00532,0.4283
CVE-2020-9059,0.00846,0.55486
CVE-2020-9058,0.003,0.22175
CVE-2020-9057,0.00413,0.34293
CVE-2022-22847,0.01155,0.64772
CVE-2022-22846,0.00844,0.55427
CVE-2022-22845,0.03811,0.89285
CVE-2022-22844,0.01336,0.69216
CVE-2022-22836,0.05369,0.92079
CVE-2022-22827,0.02801,0.85465
CVE-2022-22826,0.02801,0.85465
CVE-2022-22825,0.02636,0.84473
CVE-2022-22824,0.03404,0.88007
CVE-2022-22823,0.03404,0.88007
CVE-2022-22822,0.04829,0.91355
CVE-2022-22821,0.003,0.2217
CVE-2022-22817,0.03427,0.88078
CVE-2022-22816,0.01957,0.78857
CVE-2022-22815,0.02556,0.83946
CVE-2022-22702,0.00713,0.51131
CVE-2022-22701,0.01017,0.60865
CVE-2022-22289,0.00778,0.53345
CVE-2022-22288,0.0092,0.57783
CVE-2022-22287,0.00243,0.15345
CVE-2022-22286,0.00276,0.19647
CVE-2022-22285,0.00276,0.19647
CVE-2022-22284,0.00224,0.12833
CVE-2022-22283,0.00204,0.10406
CVE-2022-22272,0.00102,0.01024
CVE-2022-22271,0.0011,0.01392
CVE-2022-22270,0.00202,0.10108
CVE-2022-22269,0.00102,0.01023
CVE-2022-22268,0.00112,0.01504
CVE-2022-22121,0.0121,0.6627
CVE-2022-22120,0.01367,0.69902
CVE-2022-22117,0.00633,0.47879
CVE-2022-22116,0.00633,0.47879
CVE-2022-22115,0.01034,0.61431
CVE-2022-22114,0.01296,0.68344
CVE-2022-21672,0.00715,0.51201
CVE-2022-21671,0.00972,0.5951
CVE-2022-21670,0.02192,0.8118
CVE-2022-21669,0.01032,0.61334
CVE-2022-21668,0.03897,0.89509
CVE-2022-21666,0.01193,0.658
CVE-2022-0174,0.00851,0.55657
CVE-2022-0173,0.01105,0.63476
CVE-2022-0170,0.00684,0.50033
CVE-2022-0158,0.01709,0.757
CVE-2022-0157,0.01081,0.62765
CVE-2022-0156,0.01719,0.75829
CVE-2022-0155,0.02426,0.83039
CVE-2022-0144,0.00427,0.35625
CVE-2022-0129,0.0028,0.20067
CVE-2021-45460,0.00828,0.54952
CVE-2021-45034,0.02307,0.82139
CVE-2021-45033,0.00906,0.5736
CVE-2021-44647,0.00418,0.34855
CVE-2021-44586,0.01308,0.68578
CVE-2021-44458,0.00431,0.35982
CVE-2021-43972,0.01465,0.71804
CVE-2021-43971,0.01744,0.76155
CVE-2021-43951,0.00809,0.54333
CVE-2021-43949,0.00809,0.54333
CVE-2021-43566,0.00376,0.30567
CVE-2021-43297,0.16969,0.96839
CVE-2021-43055,0.00676,0.49709
CVE-2021-43054,0.00746,0.52277
CVE-2021-43053,0.00817,0.54592
CVE-2021-43052,0.00854,0.55759
CVE-2021-41769,0.00968,0.5937
CVE-2021-38991,0.00271,0.1899
CVE-2021-37198,0.00361,0.28992
CVE-2021-37197,0.00816,0.54572
CVE-2021-37196,0.00782,0.53464
CVE-2021-37195,0.00509,0.41397
CVE-2021-36414,0.01144,0.64455
CVE-2021-36412,0.00851,0.55649
CVE-2021-36411,0.01155,0.64768
CVE-2021-36410,0.00859,0.55935
CVE-2021-36409,0.00897,0.57081
CVE-2021-36408,0.00835,0.55167
CVE-2021-35452,0.01321,0.68846
CVE-2021-34704,0.01307,0.6857
CVE-2021-29701,0.00704,0.50777
CVE-2021-29454,0.01927,0.78511
CVE-2021-25054,0.01318,0.68792
CVE-2021-25053,0.0067,0.49464
CVE-2021-25052,0.02985,0.86339
CVE-2021-25051,0.00773,0.53164
CVE-2021-25047,0.008,0.54047
CVE-2021-25043,0.00876,0.56481
CVE-2021-25032,0.06691,0.93422
CVE-2021-24949,0.01704,0.75617
CVE-2021-24948,0.01815,0.77132
CVE-2021-24862,0.73293,0.99419
CVE-2021-23218,0.00904,0.57277
CVE-2021-23154,0.00604,0.46507
CVE-2021-21408,0.0222,0.81428
CVE-2021-1573,0.01307,0.6857
CVE-2020-28679,0.02532,0.83785
CVE-2020-28103,0.01096,0.63246
CVE-2020-28102,0.01213,0.66371
CVE-2020-25427,0.00677,0.49778
CVE-2022-21964,0.00969,0.5941
CVE-2022-21963,0.00699,0.50615
CVE-2022-21962,0.0074,0.52061
CVE-2022-21961,0.0074,0.52062
CVE-2022-21960,0.0074,0.52062
CVE-2022-21959,0.0074,0.52062
CVE-2022-21958,0.0074,0.52063
CVE-2022-21954,0.01487,0.72202
CVE-2022-21932,0.01071,0.62507
CVE-2022-21931,0.01193,0.65807
CVE-2022-21930,0.01193,0.65808
CVE-2022-21929,0.01451,0.7151
CVE-2022-21928,0.00656,0.48904
CVE-2022-21925,0.02905,0.85986
CVE-2022-21924,0.02905,0.85986
CVE-2022-21922,0.02771,0.85285
CVE-2022-21921,0.009,0.57159
CVE-2022-21920,0.02771,0.85285
CVE-2022-21919,0.0295,0.86185
CVE-2022-21918,0.01089,0.6298
CVE-2022-21917,0.03631,0.88716
CVE-2022-21916,0.01031,0.61303
CVE-2022-21915,0.02738,0.85094
CVE-2022-21914,0.00669,0.49419
CVE-2022-21913,0.02688,0.84801
CVE-2022-21912,0.00678,0.49796
CVE-2022-21911,0.03052,0.86625
CVE-2022-21910,0.00599,0.46252
CVE-2022-21908,0.00908,0.57444
CVE-2022-21907,0.9279,0.99821
CVE-2022-21906,0.01091,0.63021
CVE-2022-21905,0.00731,0.5175
CVE-2022-21904,0.035,0.88333
CVE-2022-21903,0.00808,0.54318
CVE-2022-21902,0.00663,0.492
CVE-2022-21901,0.00928,0.5802
CVE-2022-21900,0.00664,0.49242
CVE-2022-21899,0.0143,0.71135
CVE-2022-21898,0.02409,0.82914
CVE-2022-21897,0.01059,0.62142
CVE-2022-21896,0.00586,0.45645
CVE-2022-21895,0.01227,0.66748
CVE-2022-21894,0.06567,0.9333
CVE-2022-21893,0.06793,0.93514
CVE-2022-21892,0.0074,0.52062
CVE-2022-21891,0.01506,0.72554
CVE-2022-21890,0.0303,0.86537
CVE-2022-21889,0.0303,0.86538
CVE-2022-21888,0.02544,0.8386
CVE-2022-21887,0.01094,0.6317
CVE-2022-21885,0.00669,0.49419
CVE-2022-21884,0.00669,0.49419
CVE-2022-21883,0.04395,0.90619
CVE-2022-21882,0.55711,0.98966
CVE-2022-21881,0.25019,0.97757
CVE-2022-21880,0.03883,0.89476
CVE-2022-21879,0.0102,0.60953
CVE-2022-21878,0.02661,0.84629
CVE-2022-21877,0.02894,0.85935
CVE-2022-21876,0.01287,0.68156
CVE-2022-21875,0.00678,0.49796
CVE-2022-21874,0.02343,0.82435
CVE-2022-21873,0.00678,0.49795
CVE-2022-21872,0.00678,0.49795
CVE-2022-21871,0.0068,0.49862
CVE-2022-21870,0.00678,0.49796
CVE-2022-21869,0.0066,0.49074
CVE-2022-21868,0.00656,0.48892
CVE-2022-21867,0.00673,0.49611
CVE-2022-21866,0.00582,0.45473
CVE-2022-21865,0.00772,0.53133
CVE-2022-21864,0.00772,0.53132
CVE-2022-21863,0.00673,0.49611
CVE-2022-21862,0.00634,0.47896
CVE-2022-21861,0.0066,0.49074
CVE-2022-21860,0.00772,0.53132
CVE-2022-21859,0.00634,0.47896
CVE-2022-21858,0.00692,0.50353
CVE-2022-21857,0.02496,0.83533
CVE-2022-21855,0.00927,0.57996
CVE-2022-21852,0.00692,0.50354
CVE-2022-21851,0.02783,0.85372
CVE-2022-21850,0.02783,0.85372
CVE-2022-21849,0.06242,0.93041
CVE-2022-21848,0.04163,0.90157
CVE-2022-21847,0.00997,0.60266
CVE-2022-21846,0.0106,0.62177
CVE-2022-21843,0.03365,0.87874
CVE-2022-21842,0.02271,0.81831
CVE-2022-21841,0.02603,0.84253
CVE-2022-21840,0.03101,0.86819
CVE-2022-21839,0.01506,0.72547
CVE-2022-21838,0.01483,0.72141
CVE-2022-21837,0.03023,0.86506
CVE-2022-21836,0.00704,0.50775
CVE-2022-21835,0.00669,0.49419
CVE-2022-21834,0.00638,0.48078
CVE-2022-21833,0.00638,0.48078
CVE-2021-43974,0.01416,0.7088
CVE-2021-43973,0.01707,0.75659
CVE-2022-23134,0.84657,0.99689
CVE-2022-23133,0.01035,0.61448
CVE-2022-23132,0.00796,0.53895
CVE-2022-23131,0.95683,0.99865
CVE-2022-23118,0.01603,0.74098
CVE-2022-23117,0.01285,0.68092
CVE-2022-23116,0.00828,0.54944
CVE-2022-23115,0.00579,0.4531
CVE-2022-23114,0.00307,0.22983
CVE-2022-23113,0.01504,0.72518
CVE-2022-23112,0.00855,0.55801
CVE-2022-23111,0.26546,0.97866
CVE-2022-23110,0.00819,0.54674
CVE-2022-23109,0.00959,0.59033
CVE-2022-23108,0.00839,0.55302
CVE-2022-23107,0.01886,0.78036
CVE-2022-23106,0.01121,0.63871
CVE-2022-23105,0.00449,0.37403
CVE-2022-22123,0.00708,0.50935
CVE-2022-22113,0.01024,0.6113
CVE-2022-22112,0.00616,0.47067
CVE-2022-21970,0.02543,0.83854
CVE-2022-21969,0.01117,0.63779
CVE-2022-21676,0.0276,0.85221
CVE-2022-21675,0.02544,0.83866
CVE-2022-21646,0.01278,0.6794
CVE-2022-20621,0.00319,0.24255
CVE-2022-20620,0.00748,0.52357
CVE-2022-20619,0.00655,0.48846
CVE-2022-20618,0.00852,0.55674
CVE-2022-20617,0.02277,0.81882
CVE-2022-20616,0.00852,0.55674
CVE-2022-20615,0.81842,0.99622
CVE-2022-20614,0.0111,0.63592
CVE-2022-20613,0.00957,0.58976
CVE-2022-20612,0.01779,0.76648
CVE-2022-0198,0.00739,0.52022
CVE-2022-0197,0.0081,0.54365
CVE-2022-0196,0.00736,0.51927
CVE-2022-0179,0.00639,0.48127
CVE-2022-0159,0.00634,0.47928
CVE-2022-0087,0.02601,0.84241
CVE-2022-0015,0.00229,0.13525
CVE-2022-0014,0.0025,0.16238
CVE-2022-0013,0.0022,0.12319
CVE-2022-0012,0.00243,0.15364
CVE-2021-46283,0.00316,0.24008
CVE-2021-46225,0.00982,0.59822
CVE-2021-45806,0.01355,0.69649
CVE-2021-45449,0.00428,0.35716
CVE-2021-45445,0.0097,0.5943
CVE-2021-45411,0.03865,0.89429
CVE-2021-44652,0.02565,0.83999
CVE-2021-44651,0.05263,0.91967
CVE-2021-44650,0.04794,0.91302
CVE-2021-44649,0.00617,0.47146
CVE-2021-44648,0.01891,0.78091
CVE-2021-43999,0.01784,0.76715
CVE-2021-43960,0.00592,0.45939
CVE-2021-43860,0.01346,0.69433
CVE-2021-43436,0.00593,0.45976
CVE-2021-42562,0.0119,0.65734
CVE-2021-42561,0.19572,0.97187
CVE-2021-42560,0.02148,0.80812
CVE-2021-42559,0.01957,0.78852
CVE-2021-42558,0.01052,0.61943
CVE-2021-41767,0.01933,0.78584
CVE-2021-41597,0.01033,0.61407
CVE-2021-4080,0.01474,0.71973
CVE-2021-40566,0.00827,0.54919
CVE-2021-40565,0.00847,0.55522
CVE-2021-40564,0.00847,0.55523
CVE-2021-40563,0.00847,0.55523
CVE-2021-40562,0.00847,0.55522
CVE-2021-40559,0.00748,0.52353
CVE-2021-40327,0.01194,0.6584
CVE-2021-3852,0.00808,0.54308
CVE-2021-37530,0.00748,0.5235
CVE-2021-37529,0.00748,0.5235
CVE-2021-36417,0.01127,0.64016
CVE-2021-35500,0.00556,0.44129
CVE-2021-30353,0.00568,0.44773
CVE-2021-30330,0.00568,0.44774
CVE-2021-30319,0.00155,0.04957
CVE-2021-30314,0.00145,0.04063
CVE-2021-30313,0.00101,0.0099
CVE-2021-30311,0.00157,0.05161
CVE-2021-30308,0.00157,0.05161
CVE-2021-30307,0.00568,0.44774
CVE-2021-30301,0.00568,0.44774
CVE-2021-30300,0.00568,0.44773
CVE-2021-30287,0.00568,0.44775
CVE-2021-30285,0.00147,0.04276
CVE-2021-28377,0.08389,0.9457
CVE-2021-28376,0.01083,0.62824
CVE-2021-23824,0.00921,0.57811
CVE-2021-23514,0.01589,0.73881
CVE-2022-22991,0.01333,0.6912
CVE-2022-22990,0.02124,0.80589
CVE-2022-22989,0.0131,0.68628
CVE-2022-22988,0.00714,0.51165
CVE-2022-22125,0.00828,0.5497
CVE-2022-22124,0.00708,0.50934
CVE-2022-21684,0.00831,0.55034
CVE-2022-21682,0.01679,0.75258
CVE-2022-21678,0.00788,0.53675
CVE-2021-45807,0.02118,0.80543
CVE-2021-45422,0.03241,0.87408
CVE-2021-45059,0.01461,0.7173
CVE-2021-45058,0.02192,0.81174
CVE-2021-45057,0.02192,0.81174
CVE-2021-45056,0.02276,0.81875
CVE-2021-45055,0.02426,0.83042
CVE-2021-45054,0.0203,0.79658
CVE-2021-45053,0.02192,0.81173
CVE-2021-44178,0.01408,0.70713
CVE-2021-44177,0.01593,0.73952
CVE-2021-44176,0.01593,0.73952
CVE-2021-43765,0.01593,0.73952
CVE-2021-43764,0.01545,0.73205
CVE-2021-43762,0.01631,0.7452
CVE-2021-43761,0.01071,0.62494
CVE-2021-40813,0.00745,0.52235
CVE-2021-40722,0.03273,0.87531
CVE-2021-40576,0.00863,0.56066
CVE-2021-40575,0.00863,0.56065
CVE-2021-40574,0.01324,0.68926
CVE-2021-40573,0.00699,0.5062
CVE-2021-40572,0.00863,0.56066
CVE-2021-40571,0.01189,0.65705
CVE-2021-40570,0.01189,0.65705
CVE-2021-40569,0.00863,0.56066
CVE-2021-40568,0.0131,0.68637
CVE-2021-40567,0.00867,0.56194
CVE-2021-39056,0.01311,0.68653
CVE-2021-34929,0.01937,0.78635
CVE-2021-34928,0.01937,0.78635
CVE-2021-34927,0.01937,0.78631
CVE-2021-34926,0.01937,0.78631
CVE-2021-34925,0.01937,0.7863
CVE-2021-34924,0.01937,0.78632
CVE-2021-34923,0.01937,0.7863
CVE-2021-34922,0.01937,0.78634
CVE-2021-34921,0.01937,0.78634
CVE-2021-34920,0.01937,0.78635
CVE-2021-34919,0.02005,0.79418
CVE-2021-34918,0.02005,0.79418
CVE-2021-34917,0.02113,0.80501
CVE-2021-34916,0.01521,0.72787
CVE-2021-34915,0.02005,0.79417
CVE-2021-34914,0.02113,0.80499
CVE-2021-34913,0.02041,0.79758
CVE-2021-34912,0.02041,0.7976
CVE-2021-34911,0.02103,0.80412
CVE-2021-34910,0.0161,0.74195
CVE-2021-34909,0.02041,0.79758
CVE-2021-34908,0.02123,0.80578
CVE-2021-34907,0.02123,0.80579
CVE-2021-34906,0.02113,0.80501
CVE-2021-34905,0.02123,0.80579
CVE-2021-34904,0.02113,0.805
CVE-2021-34903,0.02113,0.805
CVE-2021-34902,0.0161,0.74196
CVE-2021-34901,0.01812,0.77089
CVE-2021-34900,0.02123,0.8058
CVE-2021-34899,0.02041,0.79761
CVE-2021-34898,0.02041,0.79761
CVE-2021-34897,0.02113,0.805
CVE-2021-34896,0.02123,0.80579
CVE-2021-34895,0.02103,0.80413
CVE-2021-34894,0.02103,0.80412
CVE-2021-34893,0.02123,0.80579
CVE-2021-34892,0.02041,0.79762
CVE-2021-34891,0.0205,0.79864
CVE-2021-34890,0.01652,0.74835
CVE-2021-34889,0.01804,0.76976
CVE-2021-34888,0.01644,0.74729
CVE-2021-34887,0.01603,0.74083
CVE-2021-34886,0.01603,0.74083
CVE-2021-34885,0.02041,0.79762
CVE-2021-34884,0.0161,0.74195
CVE-2021-34883,0.0161,0.74196
CVE-2021-34882,0.01521,0.72787
CVE-2021-34881,0.01528,0.729
CVE-2021-34880,0.01987,0.7918
CVE-2021-34879,0.02005,0.79418
CVE-2021-34878,0.01945,0.78732
CVE-2021-34877,0.01937,0.78631
CVE-2021-34876,0.01945,0.78732
CVE-2021-34875,0.01987,0.79179
CVE-2021-34874,0.02113,0.80499
CVE-2021-34873,0.01996,0.79279
CVE-2021-34872,0.02015,0.79503
CVE-2021-34871,0.02005,0.79418
CVE-2021-34858,0.03756,0.89105
CVE-2021-33046,0.01296,0.6834
CVE-2021-23227,0.004,0.33038
CVE-2022-23222,0.01915,0.7838
CVE-2022-23219,0.04211,0.9026
CVE-2022-23218,0.04729,0.912
CVE-2022-22056,0.02259,0.81737
CVE-2022-22055,0.02467,0.83334
CVE-2022-22054,0.00452,0.37571
CVE-2022-20698,0.03061,0.86665
CVE-2022-20660,0.00351,0.27905
CVE-2022-20658,0.01393,0.70431
CVE-2022-20647,0.00759,0.52703
CVE-2022-20646,0.00759,0.52701
CVE-2022-20645,0.00759,0.52701
CVE-2022-20644,0.00759,0.52703
CVE-2022-20643,0.00759,0.527
CVE-2022-20642,0.00759,0.52702
CVE-2022-20641,0.00759,0.527
CVE-2022-20640,0.00759,0.52701
CVE-2022-20639,0.00759,0.52703
CVE-2022-20638,0.00759,0.52702
CVE-2022-20637,0.00759,0.52702
CVE-2022-20636,0.00759,0.52701
CVE-2022-20635,0.00759,0.52703
CVE-2022-0231,0.00512,0.41554
CVE-2022-0213,0.01242,0.67095
CVE-2022-0178,0.00587,0.45703
CVE-2021-46255,0.01091,0.63011
CVE-2021-45760,0.0081,0.54367
CVE-2021-42551,0.02671,0.84693
CVE-2021-38692,0.01296,0.68339
CVE-2021-38691,0.01296,0.68339
CVE-2021-38690,0.01296,0.68339
CVE-2021-38689,0.01296,0.68339
CVE-2021-38682,0.01296,0.68338
CVE-2021-38678,0.0057,0.44845
CVE-2021-38677,0.00697,0.50536
CVE-2021-36781,0.00207,0.10785
CVE-2021-34998,0.00369,0.29764
CVE-2021-34997,0.04248,0.90337
CVE-2021-34996,0.82258,0.99633
CVE-2021-34995,0.68864,0.99293
CVE-2021-34994,0.05789,0.92568
CVE-2021-34993,0.05424,0.92138
CVE-2021-34985,0.01699,0.75541
CVE-2021-34984,0.01699,0.75542
CVE-2021-34980,0.01372,0.7
CVE-2021-34979,0.01374,0.70057
CVE-2021-34978,0.0152,0.72777
CVE-2021-34977,0.01146,0.64496
CVE-2021-34946,0.02041,0.79766
CVE-2021-34945,0.02041,0.79764
CVE-2021-34944,0.01644,0.74728
CVE-2021-34943,0.01644,0.74729
CVE-2021-34942,0.02041,0.79766
CVE-2021-34941,0.02041,0.79765
CVE-2021-34940,0.02041,0.79764
CVE-2021-34939,0.01937,0.78632
CVE-2021-34938,0.01937,0.78633
CVE-2021-34937,0.01937,0.78634
CVE-2021-34936,0.01937,0.78632
CVE-2021-34935,0.01937,0.78632
CVE-2021-34934,0.01897,0.78168
CVE-2021-34933,0.01937,0.78636
CVE-2021-34932,0.01937,0.78631
CVE-2021-34931,0.01937,0.78634
CVE-2021-34930,0.01937,0.78635
CVE-2021-33962,0.03708,0.88956
CVE-2021-32650,0.02087,0.80247
CVE-2021-32649,0.01336,0.69214
CVE-2022-21685,0.01331,0.69079
CVE-2022-21681,0.02743,0.85119
CVE-2022-21680,0.02828,0.8561
CVE-2022-21677,0.01174,0.653
CVE-2021-39032,0.00252,0.16487
CVE-2022-23227,0.49431,0.98803
CVE-2022-0226,0.00434,0.36239
CVE-2022-0224,0.01979,0.79093
CVE-2021-45763,0.00718,0.5131
CVE-2021-45762,0.00718,0.51309
CVE-2021-45761,0.01436,0.71234
CVE-2021-45468,0.03991,0.89776
CVE-2021-45068,0.12264,0.95887
CVE-2021-45067,0.03529,0.88411
CVE-2021-45064,0.11546,0.95716
CVE-2021-45063,0.06223,0.93022
CVE-2021-45062,0.16497,0.96757
CVE-2021-45061,0.07869,0.94271
CVE-2021-45060,0.08618,0.94701
CVE-2021-45052,0.0225,0.81664
CVE-2021-45051,0.02742,0.85111
CVE-2021-44828,0.00263,0.17779
CVE-2021-44743,0.02458,0.83281
CVE-2021-44742,0.05856,0.92658
CVE-2021-44741,0.03629,0.88712
CVE-2021-44740,0.03629,0.88711
CVE-2021-44739,0.02072,0.80096
CVE-2021-44715,0.14701,0.96418
CVE-2021-44714,0.02474,0.83381
CVE-2021-44713,0.0275,0.85157
CVE-2021-44712,0.02168,0.80979
CVE-2021-44711,0.09979,0.95258
CVE-2021-44710,0.11613,0.95731
CVE-2021-44709,0.29951,0.98073
CVE-2021-44708,0.39318,0.98497
CVE-2021-44707,0.08366,0.94556
CVE-2021-44706,0.08656,0.94722
CVE-2021-44705,0.07409,0.9399
CVE-2021-44704,0.10801,0.95519
CVE-2021-44703,0.57304,0.99004
CVE-2021-44702,0.02072,0.80096
CVE-2021-44701,0.20906,0.9738
CVE-2021-44700,0.01442,0.71355
CVE-2021-44530,0.01091,0.6301
CVE-2021-44234,0.00241,0.15144
CVE-2021-43752,0.01408,0.70727
CVE-2021-42067,0.00631,0.47795
CVE-2021-39684,0.00128,0.02712
CVE-2021-39683,0.00121,0.02173
CVE-2021-39682,0.00122,0.022
CVE-2021-39681,0.00115,0.01709
CVE-2021-39680,0.00115,0.0171
CVE-2021-39679,0.00089,0.00465
CVE-2021-39678,0.00135,0.03259
CVE-2021-39659,0.00109,0.01342
CVE-2021-3965,0.05235,0.91934
CVE-2021-39634,0.00157,0.05191
CVE-2021-39633,0.0018,0.07688
CVE-2021-39632,0.00122,0.022
CVE-2021-39630,0.00124,0.02389
CVE-2021-39629,0.00092,0.00591
CVE-2021-39628,0.00117,0.01822
CVE-2021-39627,0.00128,0.02781
CVE-2021-39626,0.00162,0.05673
CVE-2021-39625,0.0013,0.02932
CVE-2021-39623,0.02041,0.79775
CVE-2021-39622,0.00124,0.02389
CVE-2021-39621,0.00128,0.02781
CVE-2021-39620,0.00119,0.01988
CVE-2021-39618,0.00122,0.022
CVE-2021-38127,0.00569,0.44806
CVE-2021-38126,0.00569,0.44806
CVE-2021-36920,0.00573,0.45015
CVE-2021-36199,0.01045,0.61731
CVE-2021-28507,0.00669,0.49428
CVE-2021-28506,0.01418,0.70911
CVE-2021-28501,0.00844,0.55426
CVE-2021-28500,0.00868,0.56224
CVE-2021-24046,0.00698,0.5055
CVE-2021-23567,0.01733,0.76003
CVE-2021-23566,0.0044,0.36702
CVE-2021-23157,0.07613,0.94117
CVE-2021-23138,0.08595,0.94687
CVE-2021-20613,0.03595,0.88613
CVE-2021-20612,0.03595,0.88613
CVE-2021-1049,0.00666,0.49299
CVE-2021-1037,0.00316,0.23909
CVE-2021-1036,0.0032,0.24452
CVE-2021-1035,0.00122,0.02201
CVE-2021-0959,0.00146,0.04165
CVE-2022-23304,0.01903,0.78233
CVE-2022-23303,0.03054,0.86635
CVE-2022-23178,0.75159,0.99473
CVE-2022-23095,0.01127,0.6402
CVE-2022-23094,0.02523,0.83726
CVE-2022-22703,0.00236,0.14365
CVE-2022-22531,0.00849,0.5559
CVE-2022-22530,0.00935,0.58309
CVE-2022-22529,0.00602,0.46416
CVE-2022-22290,0.00791,0.53742
CVE-2022-21137,0.09271,0.94995
CVE-2022-0262,0.0154,0.73121
CVE-2022-0261,0.01687,0.7539
CVE-2022-0260,0.00664,0.49247
CVE-2022-0258,0.01658,0.74926
CVE-2022-0257,0.01456,0.71608
CVE-2022-0256,0.00642,0.48293
CVE-2022-0253,0.00813,0.54456
CVE-2022-0245,0.00439,0.36655
CVE-2022-0242,0.01413,0.70821
CVE-2022-0240,0.00963,0.59177
CVE-2022-0239,0.01217,0.66459
CVE-2022-0238,0.00783,0.5349
CVE-2022-0235,0.01646,0.74752
CVE-2022-0184,0.00342,0.26924
CVE-2022-0183,0.00107,0.01248
CVE-2022-0182,0.00974,0.5959
CVE-2022-0181,0.01277,0.67913
CVE-2022-0180,0.00654,0.48803
CVE-2022-0131,0.00203,0.10202
CVE-2022-0130,0.01613,0.74239
CVE-2021-46195,0.00779,0.5335
CVE-2021-46171,0.00647,0.48489
CVE-2021-46170,0.01159,0.64874
CVE-2021-46169,0.00683,0.50001
CVE-2021-46168,0.00639,0.48114
CVE-2021-46022,0.0097,0.59434
CVE-2021-46021,0.00953,0.58879
CVE-2021-46020,0.01046,0.61752
CVE-2021-46019,0.01004,0.60515
CVE-2021-45773,0.01062,0.62213
CVE-2021-45769,0.01062,0.62213
CVE-2021-45767,0.00718,0.5131
CVE-2021-45764,0.00718,0.51309
CVE-2021-45406,0.01775,0.76612
CVE-2021-45394,0.01581,0.73771
CVE-2021-44757,0.24195,0.97687
CVE-2021-44537,0.02749,0.85151
CVE-2021-44217,0.0164,0.74659
CVE-2021-44049,0.00404,0.33483
CVE-2021-42555,0.01245,0.67176
CVE-2021-42357,0.02579,0.84102
CVE-2021-4171,0.01387,0.70304
CVE-2021-4170,0.00809,0.54337
CVE-2021-4164,0.00545,0.43528
CVE-2021-41551,0.01274,0.67862
CVE-2021-41550,0.00962,0.59149
CVE-2021-4146,0.008,0.54029
CVE-2021-38965,0.01761,0.76407
CVE-2021-38785,0.0182,0.77195
CVE-2021-38784,0.01783,0.76696
CVE-2021-38783,0.0182,0.77195
CVE-2021-38697,0.02686,0.84789
CVE-2021-38696,0.01678,0.75237
CVE-2021-38695,0.00809,0.54327
CVE-2021-38694,0.01464,0.71767
CVE-2021-3862,0.00668,0.49371
CVE-2021-3857,0.006,0.46323
CVE-2021-3853,0.00616,0.47061
CVE-2021-35969,0.01245,0.67176
CVE-2021-33965,0.02871,0.85819
CVE-2021-33964,0.02871,0.85818
CVE-2021-33963,0.03071,0.86701
CVE-2021-33828,0.01156,0.64792
CVE-2021-33827,0.02089,0.80269
CVE-2021-33499,0.01245,0.67176
CVE-2021-33498,0.01245,0.67177
CVE-2021-33040,0.00937,0.58367
CVE-2021-32545,0.0128,0.67985
CVE-2021-25067,0.01096,0.63207
CVE-2021-25065,0.01217,0.66458
CVE-2021-25061,0.00675,0.49683
CVE-2021-25046,0.00611,0.46848
CVE-2021-25037,0.01291,0.68231
CVE-2021-25036,0.03033,0.86549
CVE-2021-25025,0.00347,0.27431
CVE-2021-25024,0.0081,0.54386
CVE-2021-25005,0.00605,0.46539
CVE-2021-24909,0.008,0.54048
CVE-2021-24838,0.02208,0.81329
CVE-2021-24044,0.0126,0.67515
CVE-2021-22566,0.00294,0.2156
CVE-2020-28919,0.01078,0.62676
CVE-2022-23435,0.01192,0.65776
CVE-2022-23408,0.01417,0.70899
CVE-2022-23307,0.54411,0.98935
CVE-2022-23305,0.66537,0.99226
CVE-2022-23302,0.63556,0.99152
CVE-2022-23083,0.00724,0.51505
CVE-2022-22691,0.01016,0.60853
CVE-2022-22690,0.01138,0.6431
CVE-2022-22180,0.0093,0.58126
CVE-2022-22179,0.00372,0.30163
CVE-2022-22178,0.00945,0.58615
CVE-2022-22177,0.00958,0.59005
CVE-2022-22176,0.00368,0.29654
CVE-2022-22175,0.00685,0.50095
CVE-2022-22174,0.0093,0.58123
CVE-2022-22173,0.00588,0.45749
CVE-2022-22172,0.00369,0.29747
CVE-2022-22171,0.0093,0.58126
CVE-2022-22170,0.0093,0.58126
CVE-2022-22169,0.00827,0.54913
CVE-2022-22168,0.00391,0.32151
CVE-2022-22167,0.0067,0.49476
CVE-2022-22166,0.00369,0.29747
CVE-2022-22164,0.00702,0.50732
CVE-2022-22163,0.00368,0.29655
CVE-2022-22162,0.00243,0.15345
CVE-2022-22161,0.00972,0.59497
CVE-2022-22160,0.00362,0.29155
CVE-2022-22159,0.01137,0.64262
CVE-2022-22157,0.0066,0.4906
CVE-2022-22156,0.0055,0.43816
CVE-2022-22155,0.00369,0.29748
CVE-2022-22154,0.00245,0.15636
CVE-2022-22153,0.0093,0.58126
CVE-2022-22152,0.0078,0.53408
CVE-2022-21700,0.0115,0.6462
CVE-2022-21696,0.00708,0.50958
CVE-2022-21695,0.00849,0.55578
CVE-2022-21694,0.01248,0.67247
CVE-2022-21693,0.01151,0.6468
CVE-2022-21692,0.00771,0.53103
CVE-2022-21691,0.00673,0.49597
CVE-2022-21690,0.00789,0.53693
CVE-2022-21689,0.01374,0.7005
CVE-2022-21688,0.00787,0.53614
CVE-2022-21683,0.0097,0.59429
CVE-2022-21673,0.01996,0.79284
CVE-2022-0263,0.01115,0.63725
CVE-2022-0244,0.01659,0.74957
CVE-2022-0236,0.04284,0.90405
CVE-2022-0233,0.009,0.57162
CVE-2022-0232,0.00856,0.55829
CVE-2022-0215,0.0082,0.54704
CVE-2022-0210,0.04362,0.90554
CVE-2022-0172,0.00765,0.52893
CVE-2022-0154,0.00478,0.39351
CVE-2022-0152,0.01141,0.64374
CVE-2022-0151,0.01121,0.6388
CVE-2022-0125,0.00949,0.58764
CVE-2022-0124,0.00974,0.59582
CVE-2022-0093,0.00911,0.5751
CVE-2022-0090,0.01306,0.68539
CVE-2021-46013,0.03469,0.88229
CVE-2021-46005,0.02915,0.86034
CVE-2021-44840,0.00641,0.48214
CVE-2021-44839,0.00577,0.45206
CVE-2021-44838,0.0092,0.57797
CVE-2021-44836,0.00581,0.45398
CVE-2021-43353,0.00608,0.46653
CVE-2021-41809,0.00556,0.4411
CVE-2021-41808,0.00246,0.15698
CVE-2021-41807,0.01106,0.6349
CVE-2021-4083,0.0031,0.23289
CVE-2021-4074,0.00558,0.44225
CVE-2021-39946,0.01042,0.61623
CVE-2021-39942,0.01449,0.71473
CVE-2021-39927,0.00573,0.4499
CVE-2021-39892,0.01228,0.66754
CVE-2021-37867,0.00672,0.49525
CVE-2021-37866,0.00723,0.51488
CVE-2021-37865,0.00897,0.57077
CVE-2021-37864,0.00585,0.45597
CVE-2021-34406,0.00186,0.08232
CVE-2021-34405,0.00227,0.13301
CVE-2021-34404,0.00212,0.11428
CVE-2021-34403,0.00302,0.22366
CVE-2021-34402,0.00286,0.20731
CVE-2021-34401,0.003,0.22184
CVE-2021-29872,0.00771,0.53119
CVE-2021-29632,0.00855,0.55814
CVE-2021-29215,0.0116,0.64906
CVE-2020-14110,0.00247,0.15813
CVE-2020-14107,0.00956,0.58954
CVE-2022-21312,0.01443,0.71362
CVE-2022-21311,0.01553,0.73367
CVE-2022-21310,0.02621,0.84367
CVE-2022-21309,0.02621,0.84368
CVE-2022-21308,0.02686,0.84788
CVE-2022-21307,0.02518,0.83697
CVE-2022-21306,0.04141,0.90115
CVE-2022-21305,0.02755,0.85196
CVE-2022-21304,0.0175,0.76243
CVE-2022-21303,0.0175,0.76242
CVE-2022-21302,0.01544,0.73196
CVE-2022-21301,0.01604,0.74103
CVE-2022-21300,0.01583,0.73798
CVE-2022-21299,0.03458,0.88188
CVE-2022-21298,0.00283,0.20447
CVE-2022-21297,0.01318,0.68798
CVE-2022-21296,0.02825,0.8559
CVE-2022-21295,0.00369,0.2974
CVE-2022-21294,0.0335,0.87822
CVE-2022-21293,0.08346,0.94545
CVE-2022-21292,0.01731,0.75977
CVE-2022-21291,0.02896,0.85948
CVE-2022-21290,0.03068,0.86692
CVE-2022-21289,0.02686,0.84788
CVE-2022-21288,0.02686,0.84787
CVE-2022-21287,0.02686,0.84788
CVE-2022-21286,0.02686,0.84789
CVE-2022-21285,0.02686,0.84787
CVE-2022-21284,0.02686,0.84787
CVE-2022-21283,0.03782,0.89183
CVE-2022-21282,0.02877,0.85846
CVE-2022-21281,0.00498,0.40689
CVE-2022-21280,0.76548,0.99503
CVE-2022-21279,0.78951,0.99563
CVE-2022-21278,0.01197,0.65908
CVE-2022-21277,0.03091,0.86777
CVE-2022-21276,0.01138,0.6431
CVE-2022-21275,0.01813,0.77105
CVE-2022-21274,0.01028,0.61232
CVE-2022-21273,0.01028,0.61232
CVE-2022-21272,0.00825,0.54866
CVE-2022-21271,0.02789,0.85395
CVE-2022-21270,0.01856,0.77681
CVE-2022-21269,0.00825,0.54867
CVE-2022-21268,0.00316,0.2392
CVE-2022-21267,0.00316,0.2392
CVE-2022-21266,0.01694,0.75481
CVE-2022-21265,0.01478,0.72046
CVE-2022-21264,0.01856,0.77681
CVE-2022-21263,0.00416,0.34602
CVE-2022-21262,0.00946,0.58653
CVE-2022-21261,0.00946,0.58652
CVE-2022-21260,0.00946,0.58652
CVE-2022-21259,0.00946,0.58654
CVE-2022-21258,0.00946,0.58652
CVE-2022-21257,0.00946,0.58653
CVE-2022-21256,0.02031,0.79669
CVE-2022-21255,0.01091,0.63031
CVE-2022-21254,0.0169,0.75419
CVE-2022-21253,0.01976,0.79056
CVE-2022-21252,0.01049,0.61853
CVE-2022-21251,0.01287,0.68136
CVE-2022-21250,0.01105,0.63451
CVE-2022-21249,0.01658,0.7493
CVE-2022-21248,0.03763,0.89126
CVE-2022-21247,0.00685,0.50097
CVE-2022-21246,0.00524,0.42381
CVE-2022-21245,0.01399,0.7054
CVE-2022-21244,0.00879,0.56564
CVE-2022-21243,0.00813,0.54469
CVE-2022-21242,0.00524,0.42379
CVE-2022-0266,0.01086,0.6291
CVE-2022-0166,0.02945,0.8616
CVE-2021-38786,0.0178,0.7666
CVE-2021-35687,0.01147,0.64536
CVE-2021-35686,0.00688,0.5021
CVE-2021-35683,0.01191,0.65772
CVE-2021-35587,0.96284,0.99875
CVE-2021-31854,0.01012,0.60753
CVE-2021-31821,0.00185,0.08191
CVE-2022-23221,0.64766,0.99184
CVE-2022-22310,0.01012,0.60753
CVE-2022-21403,0.00667,0.49358
CVE-2022-21402,0.00529,0.42618
CVE-2022-21401,0.00667,0.49358
CVE-2022-21400,0.00524,0.4238
CVE-2022-21399,0.00667,0.49358
CVE-2022-21398,0.00524,0.42381
CVE-2022-21397,0.00524,0.4238
CVE-2022-21396,0.00524,0.4238
CVE-2022-21395,0.01168,0.65153
CVE-2022-21394,0.0066,0.49068
CVE-2022-21393,0.00804,0.54161
CVE-2022-21392,0.00557,0.44167
CVE-2022-21391,0.01208,0.66204
CVE-2022-21390,0.0237,0.82625
CVE-2022-21389,0.0186,0.77724
CVE-2022-21388,0.00305,0.2269
CVE-2022-21387,0.01147,0.64536
CVE-2022-21386,0.00946,0.58654
CVE-2022-21383,0.00804,0.54161
CVE-2022-21382,0.00933,0.58238
CVE-2022-21381,0.0057,0.44856
CVE-2022-21380,0.03024,0.86511
CVE-2022-21379,0.01274,0.67856
CVE-2022-21378,0.01223,0.66639
CVE-2022-21377,0.00825,0.54868
CVE-2022-21376,0.00825,0.54867
CVE-2022-21375,0.00262,0.17721
CVE-2022-21374,0.01341,0.69327
CVE-2022-21373,0.00706,0.50863
CVE-2022-21372,0.00878,0.56539
CVE-2022-21371,0.92649,0.9982
CVE-2022-21370,0.01379,0.70152
CVE-2022-21369,0.00825,0.54867
CVE-2022-21368,0.01148,0.64551
CVE-2022-21367,0.01257,0.67454
CVE-2022-21366,0.03216,0.87307
CVE-2022-21365,0.03486,0.88287
CVE-2022-21364,0.01533,0.7301
CVE-2022-21363,0.0132,0.68832
CVE-2022-21362,0.0136,0.69763
CVE-2022-21361,0.00946,0.58653
CVE-2022-21360,0.03486,0.88287
CVE-2022-21359,0.00825,0.54867
CVE-2022-21358,0.01013,0.6078
CVE-2022-21357,0.01422,0.70993
CVE-2022-21356,0.02584,0.84128
CVE-2022-21355,0.01422,0.70993
CVE-2022-21354,0.00706,0.50863
CVE-2022-21353,0.01222,0.6658
CVE-2022-21352,0.01296,0.68338
CVE-2022-21351,0.0127,0.67749
CVE-2022-21350,0.03618,0.88682
CVE-2022-21349,0.03306,0.87666
CVE-2022-21348,0.0136,0.69764
CVE-2022-21347,0.01222,0.66579
CVE-2022-21346,0.02169,0.80986
CVE-2022-21345,0.0093,0.58113
CVE-2022-21344,0.01398,0.70529
CVE-2022-21342,0.01398,0.70529
CVE-2022-21341,0.03765,0.89134
CVE-2022-21340,0.07748,0.94201
CVE-2022-21339,0.01806,0.77
CVE-2022-21338,0.00524,0.42379
CVE-2022-21337,0.02621,0.84368
CVE-2022-21336,0.02621,0.84368
CVE-2022-21335,0.02621,0.84368
CVE-2022-21334,0.02795,0.85428
CVE-2022-21333,0.01443,0.71362
CVE-2022-21332,0.02621,0.84369
CVE-2022-21331,0.01443,0.71363
CVE-2022-21330,0.03193,0.87201
CVE-2022-21329,0.02621,0.84369
CVE-2022-21328,0.02621,0.84367
CVE-2022-21327,0.02795,0.85429
CVE-2022-21326,0.02621,0.8437
CVE-2022-21325,0.01443,0.71363
CVE-2022-21324,0.01443,0.71363
CVE-2022-21323,0.01553,0.73368
CVE-2022-21322,0.02621,0.84369
CVE-2022-21321,0.01443,0.71362
CVE-2022-21320,0.02686,0.84787
CVE-2022-21319,0.01386,0.70293
CVE-2022-21318,0.01068,0.62422
CVE-2022-21317,0.01386,0.70292
CVE-2022-21316,0.01068,0.62422
CVE-2022-21315,0.02518,0.83696
CVE-2022-21314,0.02518,0.83696
CVE-2022-21313,0.01592,0.73941
CVE-2021-46104,0.04231,0.90303
CVE-2021-46030,0.00495,0.40507
CVE-2021-45808,0.01305,0.68516
CVE-2021-44837,0.00808,0.54299
CVE-2021-44299,0.00438,0.3656
CVE-2021-42810,0.00315,0.23902
CVE-2021-38788,0.01677,0.75221
CVE-2021-38787,0.01947,0.78754
CVE-2021-33913,0.09643,0.95136
CVE-2021-33912,0.09643,0.95136
CVE-2022-23315,0.01819,0.77184
CVE-2022-23314,0.01595,0.73967
CVE-2022-23120,0.06378,0.93163
CVE-2022-23119,0.2225,0.97505
CVE-2022-23046,0.25243,0.97779
CVE-2022-23045,0.00621,0.47314
CVE-2022-22930,0.23694,0.97648
CVE-2022-22929,0.02576,0.84077
CVE-2022-22928,0.025,0.83553
CVE-2022-22895,0.00817,0.54596
CVE-2022-22894,0.00748,0.52334
CVE-2022-22893,0.00742,0.52141
CVE-2022-22892,0.00616,0.47096
CVE-2022-22891,0.00616,0.47096
CVE-2022-22890,0.0077,0.53075
CVE-2022-22888,0.00742,0.52141
CVE-2022-22820,0.00837,0.55233
CVE-2022-22769,0.00866,0.56156
CVE-2022-22733,0.37594,0.98426
CVE-2022-21933,0.00269,0.18728
CVE-2022-21704,0.00304,0.22629
CVE-2022-21701,0.00767,0.52992
CVE-2022-21699,0.00657,0.48967
CVE-2022-21679,0.0107,0.62471
CVE-2022-21658,0.01376,0.70107
CVE-2022-0326,0.0081,0.54358
CVE-2022-0318,0.02086,0.80241
CVE-2022-0285,0.01456,0.71608
CVE-2022-0282,0.01376,0.70107
CVE-2022-0281,0.1201,0.95829
CVE-2022-0278,0.00728,0.51649
CVE-2022-0277,0.01121,0.63871
CVE-2022-0274,0.00573,0.44996
CVE-2022-0243,0.00642,0.48283
CVE-2022-0219,0.01059,0.62143
CVE-2021-46351,0.00644,0.48373
CVE-2021-46350,0.00621,0.47338
CVE-2021-46349,0.00621,0.47336
CVE-2021-46348,0.00621,0.47338
CVE-2021-46347,0.00621,0.47336
CVE-2021-46346,0.00644,0.48374
CVE-2021-46345,0.00621,0.47336
CVE-2021-46344,0.00621,0.47339
CVE-2021-46343,0.00621,0.47338
CVE-2021-46342,0.00621,0.47339
CVE-2021-46340,0.00621,0.47337
CVE-2021-46339,0.00621,0.47339
CVE-2021-46338,0.00658,0.49004
CVE-2021-46337,0.00644,0.48374
CVE-2021-46336,0.00644,0.48374
CVE-2021-46335,0.00784,0.53522
CVE-2021-46334,0.00831,0.55035
CVE-2021-46333,0.00717,0.51266
CVE-2021-46332,0.00953,0.58877
CVE-2021-46331,0.00717,0.51267
CVE-2021-46330,0.00717,0.51266
CVE-2021-46329,0.00717,0.51266
CVE-2021-46328,0.00771,0.53098
CVE-2021-46327,0.00717,0.51267
CVE-2021-46326,0.00871,0.56302
CVE-2021-46325,0.00748,0.52333
CVE-2021-46324,0.00739,0.5205
CVE-2021-46323,0.00621,0.47337
CVE-2021-46322,0.00659,0.49022
CVE-2021-46204,0.01094,0.6315
CVE-2021-46203,0.01058,0.62091
CVE-2021-46061,0.01599,0.74036
CVE-2021-46028,0.00355,0.28383
CVE-2021-46027,0.00416,0.34625
CVE-2021-46026,0.00441,0.3679
CVE-2021-46025,0.00495,0.40507
CVE-2021-45417,0.00493,0.40384
CVE-2021-45230,0.01709,0.75697
CVE-2021-44829,0.01606,0.74139
CVE-2021-44777,0.00393,0.32346
CVE-2021-44738,0.03312,0.87688
CVE-2021-44737,0.01435,0.71226
CVE-2021-44736,0.02215,0.81389
CVE-2021-44735,0.07025,0.9371
CVE-2021-44734,0.06427,0.93205
CVE-2021-44245,0.01444,0.71375
CVE-2021-44244,0.01254,0.67366
CVE-2021-44092,0.01254,0.67366
CVE-2021-44091,0.00616,0.47068
CVE-2021-44090,0.0111,0.63595
CVE-2021-43269,0.01339,0.69272
CVE-2021-4143,0.0089,0.56853
CVE-2021-38789,0.01287,0.68145
CVE-2021-3866,0.0089,0.56834
CVE-2021-3816,0.00533,0.4289
CVE-2021-34600,0.00414,0.34469
CVE-2021-32039,0.0028,0.20054
CVE-2021-29785,0.01299,0.6839
CVE-2021-26247,0.07124,0.93789
CVE-2021-23843,0.00241,0.15063
CVE-2021-23842,0.00144,0.03989
CVE-2021-23225,0.00532,0.42821
CVE-2020-23315,0.02373,0.82649
CVE-2020-19858,0.01711,0.75729
CVE-2022-23858,0.01121,0.63883
CVE-2022-23857,0.00932,0.58213
CVE-2022-23856,0.00955,0.58937
CVE-2022-23855,0.01712,0.75741
CVE-2022-23852,0.04563,0.90933
CVE-2022-23850,0.00867,0.56186
CVE-2022-23837,0.05258,0.9196
CVE-2022-23808,0.07936,0.94313
CVE-2022-23807,0.00738,0.51984
CVE-2022-23728,0.00104,0.0113
CVE-2022-23366,0.06708,0.93437
CVE-2022-23365,0.01228,0.66763
CVE-2022-23364,0.01254,0.67364
CVE-2022-23363,0.00968,0.59367
CVE-2022-23220,0.00521,0.42125
CVE-2022-23130,0.01004,0.60514
CVE-2022-23129,0.00186,0.08238
CVE-2022-23128,0.02884,0.8588
CVE-2022-23127,0.01614,0.7427
CVE-2022-22553,0.01079,0.62707
CVE-2022-22552,0.00689,0.50231
CVE-2022-22551,0.00388,0.31846
CVE-2022-21708,0.01243,0.67113
CVE-2022-21707,0.00822,0.54761
CVE-2022-0323,0.00691,0.50309
CVE-2022-0319,0.0144,0.713
CVE-2021-46313,0.00614,0.46952
CVE-2021-46311,0.00621,0.47337
CVE-2021-46309,0.01556,0.73403
CVE-2021-46308,0.01556,0.73404
CVE-2021-46307,0.01556,0.73404
CVE-2021-46244,0.00959,0.59022
CVE-2021-46243,0.00954,0.58911
CVE-2021-46242,0.01164,0.65041
CVE-2021-46240,0.00614,0.46947
CVE-2021-46239,0.00616,0.47096
CVE-2021-46238,0.00621,0.47327
CVE-2021-46237,0.00621,0.47338
CVE-2021-46236,0.007,0.50661
CVE-2021-46234,0.00709,0.5098
CVE-2021-46201,0.01556,0.73403
CVE-2021-46200,0.01556,0.73403
CVE-2021-46198,0.01751,0.76258
CVE-2021-46024,0.00968,0.59367
CVE-2021-45380,0.0253,0.83775
CVE-2021-44593,0.0424,0.90322
CVE-2021-44464,0.0064,0.4815
CVE-2021-43355,0.00978,0.59695
CVE-2021-41835,0.00305,0.22677
CVE-2021-4172,0.00642,0.48293
CVE-2021-4103,0.00664,0.49247
CVE-2021-40855,0.0066,0.49062
CVE-2021-40595,0.01356,0.69681
CVE-2021-4032,0.00393,0.32313
CVE-2021-40247,0.02592,0.84196
CVE-2021-4016,0.0022,0.1243
CVE-2021-4001,0.00186,0.08284
CVE-2021-39480,0.0105,0.61857
CVE-2021-39293,0.06934,0.93631
CVE-2021-36339,0.00238,0.14671
CVE-2021-36338,0.00358,0.28697
CVE-2021-35004,0.07743,0.94198
CVE-2021-35003,0.07743,0.94198
CVE-2021-33966,0.0088,0.56579
CVE-2021-33848,0.00611,0.46789
CVE-2021-33846,0.00313,0.23684
CVE-2021-33843,0.00802,0.54099
CVE-2021-31562,0.00488,0.40053
CVE-2021-30636,0.01475,0.72002
CVE-2021-26706,0.01939,0.78666
CVE-2021-24989,0.00538,0.43161
CVE-2021-24985,0.01109,0.63583
CVE-2021-24976,0.00917,0.57701
CVE-2021-24974,0.00607,0.46643
CVE-2021-24968,0.00426,0.35522
CVE-2021-24965,0.00607,0.46643
CVE-2021-24936,0.00541,0.4334
CVE-2021-24923,0.0081,0.54386
CVE-2021-24906,0.01489,0.72233
CVE-2021-24865,0.01502,0.72483
CVE-2021-24858,0.01316,0.68753
CVE-2021-24733,0.00783,0.53495
CVE-2021-24696,0.0063,0.47734
CVE-2021-24694,0.00611,0.46848
CVE-2021-24423,0.00614,0.46975
CVE-2021-23664,0.01389,0.70371
CVE-2021-23631,0.01978,0.79088
CVE-2021-23518,0.01943,0.787
CVE-2021-23460,0.02521,0.8371
CVE-2021-23236,0.0107,0.62482
CVE-2021-23233,0.00945,0.58629
CVE-2021-23207,0.00218,0.12103
CVE-2021-23196,0.00909,0.5747
CVE-2021-23195,0.00845,0.55486
CVE-2020-4879,0.01481,0.72111
CVE-2020-4877,0.00898,0.57109
CVE-2020-4876,0.01726,0.75916
CVE-2020-4875,0.01726,0.75915
CVE-2020-19861,0.01493,0.72301
CVE-2020-19860,0.0131,0.6862
CVE-2022-23945,0.03771,0.89156
CVE-2022-23944,0.79007,0.99566
CVE-2022-23935,0.07575,0.9409
CVE-2022-23437,0.11615,0.95732
CVE-2022-23223,0.04306,0.90444
CVE-2022-23126,0.02208,0.81332
CVE-2022-23035,0.00352,0.27959
CVE-2022-23034,0.00336,0.26274
CVE-2022-23033,0.0034,0.26675
CVE-2022-22554,0.002,0.09905
CVE-2022-22296,0.00989,0.60044
CVE-2022-21715,0.01002,0.60445
CVE-2022-21711,0.00875,0.56456
CVE-2022-21710,0.01,0.60367
CVE-2022-21697,0.01096,0.63219
CVE-2022-0338,0.00758,0.52673
CVE-2022-0269,0.00531,0.42738
CVE-2022-0268,0.01416,0.70874
CVE-2021-46483,0.0084,0.55317
CVE-2021-46482,0.0084,0.55317
CVE-2021-46481,0.00717,0.51267
CVE-2021-46480,0.00692,0.50337
CVE-2021-46478,0.00692,0.50338
CVE-2021-46477,0.00692,0.50338
CVE-2021-46475,0.00692,0.50338
CVE-2021-46474,0.00692,0.50338
CVE-2021-46451,0.01254,0.67366
CVE-2021-46113,0.03097,0.86803
CVE-2021-46089,0.01996,0.79285
CVE-2021-46033,0.01176,0.65369
CVE-2021-45847,0.0077,0.53081
CVE-2021-45846,0.00609,0.46742
CVE-2021-45845,0.01925,0.78489
CVE-2021-45844,0.01102,0.63379
CVE-2021-45803,0.01179,0.65469
CVE-2021-45802,0.01313,0.68689
CVE-2021-45343,0.009,0.57153
CVE-2021-45342,0.01934,0.78598
CVE-2021-45341,0.06617,0.9337
CVE-2021-45340,0.00922,0.57848
CVE-2021-45226,0.01384,0.70251
CVE-2021-45225,0.01085,0.62896
CVE-2021-45224,0.01085,0.62896
CVE-2021-45223,0.01644,0.74735
CVE-2021-45222,0.01506,0.72554
CVE-2021-45029,0.06029,0.92833
CVE-2021-44994,0.01018,0.60906
CVE-2021-44993,0.00762,0.52817
CVE-2021-44992,0.00762,0.52817
CVE-2021-44988,0.01148,0.64589
CVE-2021-44981,0.03665,0.8884
CVE-2021-43863,0.01874,0.77892
CVE-2021-43589,0.00444,0.37058
CVE-2021-43588,0.01221,0.66578
CVE-2021-43420,0.01289,0.68183
CVE-2021-43394,0.01169,0.65169
CVE-2021-42168,0.00725,0.5155
CVE-2021-41930,0.01008,0.606
CVE-2021-41929,0.01008,0.606
CVE-2021-41928,0.01881,0.77974
CVE-2021-41660,0.01254,0.67365
CVE-2021-41659,0.01254,0.67366
CVE-2021-41658,0.00728,0.51668
CVE-2021-41472,0.01254,0.67365
CVE-2021-41471,0.01228,0.66763
CVE-2021-40909,0.02181,0.81089
CVE-2021-40908,0.02534,0.83801
CVE-2021-40907,0.01254,0.67364
CVE-2021-4088,0.02254,0.81698
CVE-2021-40596,0.01254,0.67365
CVE-2021-3850,0.0217,0.80994
CVE-2021-36349,0.00554,0.44044
CVE-2021-36343,0.00241,0.15117
CVE-2021-36342,0.00251,0.16309
CVE-2021-35005,0.00891,0.56881
CVE-2021-34870,0.00895,0.57011
CVE-2021-34869,0.00418,0.3476
CVE-2021-34868,0.00423,0.35252
CVE-2021-34867,0.00429,0.35755
CVE-2021-34866,0.00972,0.59506
CVE-2021-34865,0.03075,0.86717
CVE-2021-25083,0.00887,0.56766
CVE-2021-25080,0.842,0.99678
CVE-2021-25079,0.0682,0.93536
CVE-2021-25078,0.02288,0.81974
CVE-2021-25076,0.1712,0.96858
CVE-2021-25074,0.02161,0.8092
CVE-2021-25073,0.00683,0.50022
CVE-2021-25062,0.00887,0.56765
CVE-2021-25049,0.00654,0.48833
CVE-2021-25045,0.01502,0.72482
CVE-2021-25035,0.00887,0.56766
CVE-2021-25031,0.00887,0.56765
CVE-2021-25028,0.01932,0.78573
CVE-2021-25017,0.01005,0.60523
CVE-2021-25015,0.00887,0.56765
CVE-2021-25013,0.00429,0.35754
CVE-2021-25008,0.02258,0.81732
CVE-2020-17383,0.04252,0.90342
CVE-2022-23968,0.01895,0.78148
CVE-2022-23959,0.01973,0.79018
CVE-2022-23258,0.01576,0.73701
CVE-2022-23032,0.00404,0.33476
CVE-2022-23031,0.00834,0.55138
CVE-2022-23030,0.00889,0.56821
CVE-2022-23029,0.00729,0.51702
CVE-2022-23028,0.00889,0.56821
CVE-2022-23027,0.00915,0.57656
CVE-2022-23026,0.00739,0.52047
CVE-2022-23025,0.00904,0.57278
CVE-2022-23024,0.00904,0.57278
CVE-2022-23023,0.00895,0.57004
CVE-2022-23022,0.0092,0.57775
CVE-2022-23021,0.0092,0.57777
CVE-2022-23020,0.00976,0.59641
CVE-2022-23019,0.0092,0.57775
CVE-2022-23018,0.0092,0.57776
CVE-2022-23017,0.0092,0.57775
CVE-2022-23016,0.0092,0.57775
CVE-2022-23015,0.00629,0.47706
CVE-2022-23014,0.0082,0.54696
CVE-2022-23013,0.00797,0.53952
CVE-2022-23012,0.0092,0.57776
CVE-2022-23011,0.0093,0.58124
CVE-2022-23010,0.00952,0.58846
CVE-2022-23009,0.01112,0.63642
CVE-2022-23008,0.0053,0.4269
CVE-2022-22932,0.0283,0.85619
CVE-2022-22851,0.00632,0.47819
CVE-2022-22850,0.00659,0.49048
CVE-2022-22789,0.00151,0.04591
CVE-2022-21944,0.00287,0.20785
CVE-2022-0379,0.00856,0.55834
CVE-2022-0378,0.03866,0.89433
CVE-2022-0375,0.007,0.50649
CVE-2022-0374,0.00687,0.5018
CVE-2022-0368,0.01521,0.72787
CVE-2022-0362,0.01467,0.71861
CVE-2022-0361,0.01566,0.73543
CVE-2022-0359,0.01339,0.69289
CVE-2022-0355,0.02024,0.79606
CVE-2022-0351,0.00609,0.4671
CVE-2022-0335,0.00607,0.46627
CVE-2022-0334,0.00732,0.51816
CVE-2022-0333,0.00572,0.44978
CVE-2022-0332,0.44918,0.98684
CVE-2022-0270,0.0088,0.56574
CVE-2022-0251,0.00705,0.50815
CVE-2022-0203,0.01213,0.66366
CVE-2021-46561,0.00836,0.55189
CVE-2021-46560,0.03586,0.88582
CVE-2021-46559,0.00436,0.36409
CVE-2021-46386,0.03111,0.86856
CVE-2021-46385,0.01524,0.72835
CVE-2021-46383,0.01563,0.73503
CVE-2021-46118,0.02324,0.82277
CVE-2021-46117,0.02753,0.85171
CVE-2021-46116,0.02151,0.80843
CVE-2021-46115,0.01112,0.63635
CVE-2021-46114,0.01339,0.6927
CVE-2021-46087,0.00503,0.40948
CVE-2021-46086,0.00795,0.53875
CVE-2021-46085,0.00671,0.49487
CVE-2021-46084,0.00441,0.3679
CVE-2021-46083,0.00441,0.3679
CVE-2021-46034,0.00588,0.45731
CVE-2021-45975,0.00604,0.46507
CVE-2021-45729,0.0067,0.49474
CVE-2021-44692,0.01117,0.63778
CVE-2021-44123,0.02396,0.8282
CVE-2021-44122,0.00491,0.4024
CVE-2021-44120,0.00628,0.47654
CVE-2021-44118,0.00772,0.53123
CVE-2021-43799,0.05386,0.92098
CVE-2021-43334,0.00593,0.4595
CVE-2021-43298,0.02256,0.81712
CVE-2021-41766,0.02033,0.79691
CVE-2021-41598,0.01152,0.64695
CVE-2021-4145,0.0039,0.32019
CVE-2021-4133,0.01347,0.69447
CVE-2021-40337,0.00402,0.33272
CVE-2021-40167,0.07734,0.94192
CVE-2021-40159,0.02296,0.82044
CVE-2021-40158,0.02885,0.85886
CVE-2021-39031,0.02017,0.79533
CVE-2021-38129,0.00213,0.11461
CVE-2021-36348,0.01132,0.64142
CVE-2021-36347,0.02208,0.81335
CVE-2021-36346,0.04181,0.90196
CVE-2021-36296,0.02812,0.85521
CVE-2021-36295,0.02812,0.85521
CVE-2021-36294,0.0156,0.73466
CVE-2021-36289,0.00242,0.15204
CVE-2021-29846,0.00603,0.46445
CVE-2021-29845,0.00766,0.52961
CVE-2021-29838,0.01283,0.6805
CVE-2021-22600,0.06079,0.92885
CVE-2021-22570,0.0266,0.84624
CVE-2019-25056,0.00858,0.55911
CVE-2022-23993,0.01528,0.7291
CVE-2022-23990,0.03992,0.89777
CVE-2022-23181,0.00692,0.50351
CVE-2022-22852,0.00846,0.55513
CVE-2022-22828,0.02073,0.80105
CVE-2022-21723,0.04478,0.90767
CVE-2022-21722,0.02405,0.82883
CVE-2022-21719,0.0096,0.59057
CVE-2022-21686,0.01786,0.76738
CVE-2022-0394,0.00547,0.43641
CVE-2022-0387,0.00634,0.47929
CVE-2022-0372,0.00613,0.46894
CVE-2022-0370,0.00766,0.52953
CVE-2022-0348,0.00619,0.47209
CVE-2021-46556,0.00621,0.47339
CVE-2021-46554,0.00614,0.46948
CVE-2021-46553,0.00614,0.46951
CVE-2021-46550,0.00614,0.46949
CVE-2021-46549,0.00614,0.46944
CVE-2021-46548,0.00614,0.46945
CVE-2021-46547,0.00614,0.46944
CVE-2021-46546,0.00639,0.48114
CVE-2021-46545,0.00614,0.46951
CVE-2021-46544,0.00614,0.4695
CVE-2021-46543,0.00614,0.46948
CVE-2021-46542,0.00614,0.46952
CVE-2021-46541,0.00614,0.46946
CVE-2021-46540,0.00614,0.46953
CVE-2021-46539,0.00614,0.46953
CVE-2021-46538,0.00614,0.46952
CVE-2021-46537,0.00614,0.46953
CVE-2021-46535,0.00614,0.46949
CVE-2021-46534,0.00614,0.46954
CVE-2021-46532,0.00614,0.46952
CVE-2021-46531,0.00614,0.46947
CVE-2021-46530,0.00614,0.46948
CVE-2021-46529,0.00614,0.46947
CVE-2021-46528,0.00614,0.46947
CVE-2021-46527,0.00739,0.52024
CVE-2021-46526,0.00739,0.52024
CVE-2021-46525,0.00777,0.53283
CVE-2021-46524,0.00739,0.52024
CVE-2021-46523,0.0073,0.51741
CVE-2021-46522,0.0073,0.51742
CVE-2021-46521,0.0073,0.51743
CVE-2021-46520,0.0073,0.51741
CVE-2021-46519,0.0073,0.51742
CVE-2021-46518,0.0073,0.51741
CVE-2021-46517,0.00614,0.46945
CVE-2021-46516,0.00614,0.46946
CVE-2021-46515,0.00614,0.46946
CVE-2021-46514,0.00614,0.46949
CVE-2021-46513,0.00739,0.52024
CVE-2021-46512,0.00614,0.4695
CVE-2021-46511,0.00614,0.4695
CVE-2021-46510,0.00614,0.4695
CVE-2021-46509,0.00739,0.52023
CVE-2021-46508,0.00614,0.46953
CVE-2021-46507,0.00607,0.46601
CVE-2021-46506,0.00607,0.46608
CVE-2021-46505,0.00607,0.46601
CVE-2021-46504,0.00607,0.46608
CVE-2021-46503,0.00638,0.48082
CVE-2021-46502,0.00664,0.49228
CVE-2021-46501,0.00638,0.48082
CVE-2021-46500,0.00638,0.48083
CVE-2021-46499,0.00638,0.48082
CVE-2021-46498,0.00638,0.48081
CVE-2021-46497,0.00638,0.48081
CVE-2021-46496,0.00664,0.49228
CVE-2021-46495,0.00638,0.48081
CVE-2021-46494,0.00638,0.48082
CVE-2021-46492,0.00565,0.44617
CVE-2021-46491,0.00607,0.46611
CVE-2021-46490,0.00607,0.4661
CVE-2021-46489,0.00638,0.48081
CVE-2021-46488,0.00607,0.4661
CVE-2021-46487,0.00632,0.47802
CVE-2021-46486,0.00607,0.46609
CVE-2021-46485,0.00607,0.46607
CVE-2021-46484,0.00638,0.4808
CVE-2021-46428,0.03226,0.8735
CVE-2021-46427,0.02037,0.79728
CVE-2021-46377,0.00956,0.58955
CVE-2021-46102,0.01872,0.77872
CVE-2021-46097,0.02297,0.8206
CVE-2021-46088,0.03927,0.89605
CVE-2021-46065,0.91737,0.99808
CVE-2021-44795,0.00918,0.57737
CVE-2021-44794,0.00993,0.60131
CVE-2021-44793,0.01367,0.69903
CVE-2021-44792,0.00993,0.6013
CVE-2021-41166,0.00948,0.58728
CVE-2021-32849,0.0765,0.9414
CVE-2021-32842,0.00895,0.57005
CVE-2021-32841,0.01079,0.62703
CVE-2021-32840,0.01973,0.79018
CVE-2021-28096,0.00889,0.56821
CVE-2022-24071,0.00651,0.48711
CVE-2022-23979,0.00565,0.44608
CVE-2022-23889,0.01082,0.62801
CVE-2022-23888,0.0082,0.54709
CVE-2022-23887,0.00739,0.52037
CVE-2022-23863,0.0192,0.78439
CVE-2022-23727,0.00226,0.13165
CVE-2022-23456,0.00276,0.19623
CVE-2022-23098,0.02485,0.83456
CVE-2022-23097,0.02372,0.82642
CVE-2022-23096,0.02598,0.8423
CVE-2022-22994,0.01853,0.77632
CVE-2022-22993,0.00758,0.52674
CVE-2022-22992,0.02309,0.82153
CVE-2022-22938,0.00365,0.2943
CVE-2022-22868,0.00857,0.55893
CVE-2022-22791,0.00382,0.31127
CVE-2022-22790,0.01023,0.61064
CVE-2022-22294,0.01148,0.64589
CVE-2022-21801,0.01088,0.62953
CVE-2022-21796,0.01112,0.63631
CVE-2022-21720,0.01134,0.64189
CVE-2022-21236,0.01812,0.7708
CVE-2022-21217,0.01213,0.66367
CVE-2022-21199,0.0089,0.56859
CVE-2022-21134,0.00907,0.57406
CVE-2021-45899,0.02187,0.8113
CVE-2021-45898,0.01069,0.62458
CVE-2021-45897,0.04608,0.9101
CVE-2021-45435,0.01096,0.63245
CVE-2021-44971,0.021,0.8039
CVE-2021-44463,0.00263,0.17818
CVE-2021-44364,0.01145,0.64477
CVE-2021-44363,0.01145,0.64476
CVE-2021-44362,0.01145,0.64482
CVE-2021-44361,0.01145,0.64475
CVE-2021-44360,0.01145,0.64479
CVE-2021-44359,0.01145,0.6448
CVE-2021-44358,0.01145,0.64479
CVE-2021-44249,0.01831,0.77336
CVE-2021-42791,0.00626,0.47556
CVE-2021-41609,0.02138,0.8072
CVE-2021-41608,0.01973,0.79024
CVE-2021-40423,0.01339,0.69273
CVE-2021-40419,0.01232,0.66864
CVE-2021-40416,0.00867,0.56174
CVE-2021-40415,0.00807,0.54286
CVE-2021-40414,0.00807,0.54285
CVE-2021-40413,0.0082,0.54697
CVE-2021-40412,0.27477,0.97925
CVE-2021-40411,0.04695,0.91148
CVE-2021-40410,0.27876,0.97954
CVE-2021-40409,0.03657,0.88814
CVE-2021-40408,0.03657,0.88814
CVE-2021-40407,0.47635,0.98759
CVE-2021-40406,0.01534,0.73022
CVE-2021-40404,0.01229,0.66794
CVE-2021-40397,0.00872,0.56357
CVE-2021-40396,0.00365,0.29428
CVE-2021-40389,0.00365,0.29427
CVE-2021-40388,0.00365,0.29427
CVE-2021-40340,0.00725,0.51554
CVE-2021-4034,0.94921,0.99854
CVE-2021-40339,0.00725,0.51554
CVE-2021-40338,0.00669,0.4945
CVE-2021-34073,0.00583,0.45529
CVE-2021-31567,0.01391,0.70393
CVE-2021-27654,0.00603,0.46428
CVE-2021-26264,0.00187,0.08393
CVE-2021-23863,0.00562,0.44462
CVE-2021-23760,0.01678,0.75237
CVE-2021-23558,0.01627,0.74454
CVE-2021-23484,0.0205,0.79872
CVE-2021-23174,0.83853,0.9967
CVE-2021-22827,0.01201,0.66016
CVE-2021-22826,0.01201,0.66016
CVE-2021-22825,0.00774,0.53209
CVE-2021-22822,0.00562,0.44465
CVE-2021-22821,0.00823,0.54785
CVE-2021-22820,0.01084,0.62862
CVE-2021-22819,0.00651,0.48711
CVE-2021-22818,0.01005,0.6053
CVE-2021-22816,0.00947,0.58688
CVE-2021-22815,0.00768,0.53007
CVE-2021-22814,0.00745,0.52255
CVE-2021-22813,0.00745,0.52255
CVE-2021-22812,0.00745,0.52255
CVE-2021-22811,0.00745,0.52255
CVE-2021-22810,0.00749,0.5237
CVE-2021-22809,0.00647,0.48495
CVE-2021-22808,0.00855,0.55816
CVE-2021-22807,0.00814,0.54476
CVE-2021-22799,0.00237,0.14546
CVE-2021-22725,0.00468,0.38667
CVE-2021-22724,0.00468,0.38668
CVE-2020-28885,0.02147,0.808
CVE-2020-28884,0.02028,0.7964
CVE-2020-25905,0.01666,0.75055
CVE-2016-3735,0.01363,0.69822
CVE-2022-24130,0.01694,0.75484
CVE-2022-24124,0.55295,0.98958
CVE-2022-24123,0.01945,0.7873
CVE-2022-24122,0.0101,0.60664
CVE-2022-24032,0.01029,0.61263
CVE-2022-23599,0.0075,0.52397
CVE-2022-23598,0.00989,0.60039
CVE-2022-23409,0.13759,0.96232
CVE-2022-22919,0.00621,0.4735
CVE-2022-21721,0.02153,0.80863
CVE-2022-0414,0.00914,0.576
CVE-2022-0413,0.01395,0.70471
CVE-2022-0408,0.01505,0.72541
CVE-2022-0407,0.01161,0.64962
CVE-2022-0395,0.0064,0.48172
CVE-2022-0393,0.01393,0.7043
CVE-2022-0392,0.01514,0.72698
CVE-2022-0352,0.00853,0.55741
CVE-2022-0339,0.00962,0.59151
CVE-2022-0286,0.00531,0.42769
CVE-2022-0273,0.0067,0.49478
CVE-2021-46660,0.01158,0.64839
CVE-2021-46659,0.00551,0.43895
CVE-2021-46658,0.00387,0.31747
CVE-2021-46657,0.0039,0.32025
CVE-2021-46458,0.0137,0.69971
CVE-2021-46448,0.01195,0.65865
CVE-2021-46447,0.0055,0.43838
CVE-2021-46446,0.01211,0.66334
CVE-2021-46445,0.01195,0.65865
CVE-2021-46444,0.01195,0.65865
CVE-2021-46101,0.01403,0.7064
CVE-2021-45079,0.02784,0.85376
CVE-2021-44419,0.01207,0.66166
CVE-2021-44418,0.01207,0.66167
CVE-2021-44417,0.01207,0.66166
CVE-2021-44416,0.01207,0.66165
CVE-2021-44415,0.01207,0.66165
CVE-2021-44414,0.01207,0.66165
CVE-2021-44413,0.01207,0.66167
CVE-2021-44412,0.01207,0.66165
CVE-2021-44411,0.01207,0.66164
CVE-2021-44410,0.01207,0.66164
CVE-2021-44409,0.01207,0.66166
CVE-2021-44408,0.01207,0.66164
CVE-2021-44407,0.01207,0.66163
CVE-2021-44406,0.01207,0.66166
CVE-2021-44405,0.01207,0.6616
CVE-2021-44404,0.01207,0.66161
CVE-2021-44403,0.01207,0.66159
CVE-2021-44402,0.01207,0.66159
CVE-2021-44401,0.01207,0.66162
CVE-2021-44400,0.01207,0.66162
CVE-2021-44399,0.01207,0.66162
CVE-2021-44398,0.01207,0.66162
CVE-2021-44397,0.01207,0.66159
CVE-2021-44396,0.01207,0.66163
CVE-2021-44395,0.01207,0.66163
CVE-2021-44393,0.01207,0.66163
CVE-2021-44392,0.01207,0.66159
CVE-2021-44391,0.01207,0.6616
CVE-2021-44390,0.01207,0.66161
CVE-2021-44389,0.01207,0.66167
CVE-2021-44388,0.01207,0.66168
CVE-2021-44387,0.01207,0.6616
CVE-2021-44386,0.01207,0.6616
CVE-2021-44385,0.01207,0.66161
CVE-2021-44384,0.01145,0.64481
CVE-2021-44383,0.01145,0.64482
CVE-2021-44382,0.01145,0.6448
CVE-2021-44381,0.01145,0.64481
CVE-2021-44380,0.01145,0.64476
CVE-2021-44379,0.01145,0.64477
CVE-2021-44378,0.01145,0.64477
CVE-2021-44377,0.01145,0.64477
CVE-2021-44376,0.01145,0.64481
CVE-2021-44374,0.01145,0.64481
CVE-2021-44373,0.01145,0.6448
CVE-2021-44372,0.01145,0.6448
CVE-2021-44371,0.01145,0.64478
CVE-2021-44370,0.01145,0.64478
CVE-2021-44369,0.01145,0.64478
CVE-2021-44368,0.01145,0.64478
CVE-2021-44367,0.01145,0.64479
CVE-2021-44365,0.01145,0.64476
CVE-2021-44255,0.03138,0.86977
CVE-2021-44114,0.00996,0.60238
CVE-2021-42635,0.05569,0.92306
CVE-2021-42631,0.0617,0.9297
CVE-2021-4160,0.03772,0.89157
CVE-2021-40042,0.00562,0.44459
CVE-2021-40033,0.00169,0.06478
CVE-2021-34805,0.26823,0.97885
CVE-2021-31617,0.02089,0.80277
CVE-2021-28962,0.01161,0.64964
CVE-2021-27971,0.00403,0.3344
CVE-2021-23521,0.00544,0.43489
CVE-2021-23520,0.01094,0.63158
CVE-2020-36064,0.01451,0.71521
CVE-2020-36056,0.0052,0.42114
CVE-2022-24301,0.00985,0.59905
CVE-2022-24300,0.0166,0.74976
CVE-2022-24266,0.05707,0.92473
CVE-2022-24265,0.06711,0.93438
CVE-2022-24264,0.06711,0.93438
CVE-2022-24263,0.08244,0.94487
CVE-2022-24223,0.61965,0.99113
CVE-2022-24222,0.01096,0.63247
CVE-2022-24221,0.01096,0.63247
CVE-2022-24220,0.01096,0.63246
CVE-2022-24219,0.01096,0.63247
CVE-2022-24218,0.1695,0.96837
CVE-2022-24198,0.00547,0.43678
CVE-2022-24197,0.01502,0.72479
CVE-2022-24196,0.01612,0.74232
CVE-2022-23872,0.00617,0.4713
CVE-2022-23774,0.00926,0.57961
CVE-2022-23607,0.01083,0.62813
CVE-2022-23603,0.00994,0.60178
CVE-2022-23602,0.01343,0.69376
CVE-2022-23601,0.00566,0.44664
CVE-2022-23597,0.0148,0.72076
CVE-2022-23596,0.01632,0.74537
CVE-2022-22510,0.00972,0.59496
CVE-2022-22509,0.0099,0.60051
CVE-2022-21817,0.01749,0.76232
CVE-2022-21724,0.0301,0.86449
CVE-2022-21687,0.01003,0.60486
CVE-2022-21659,0.00953,0.5887
CVE-2022-0419,0.00935,0.58298
CVE-2022-0417,0.01541,0.73136
CVE-2022-0401,0.01623,0.744
CVE-2022-0366,0.0099,0.60056
CVE-2022-0320,0.01989,0.7921
CVE-2022-0220,0.02329,0.82314
CVE-2021-46669,0.02403,0.82864
CVE-2021-46668,0.004,0.33075
CVE-2021-46667,0.00421,0.35141
CVE-2021-46666,0.00387,0.31748
CVE-2021-46665,0.004,0.33075
CVE-2021-46664,0.004,0.33075
CVE-2021-46663,0.00403,0.33353
CVE-2021-46662,0.00387,0.31748
CVE-2021-46661,0.00403,0.33353
CVE-2021-46459,0.0137,0.69971
CVE-2021-46253,0.00617,0.47145
CVE-2021-46093,0.01186,0.65627
CVE-2021-45416,0.02327,0.82297
CVE-2021-44746,0.01066,0.62384
CVE-2021-44451,0.07863,0.94267
CVE-2021-43859,0.07934,0.94311
CVE-2021-43848,0.02667,0.84667
CVE-2021-43510,0.07515,0.9405
CVE-2021-43509,0.0185,0.77594
CVE-2021-43073,0.01386,0.70282
CVE-2021-43062,0.12936,0.96027
CVE-2021-42753,0.0113,0.64093
CVE-2021-42638,0.05531,0.92253
CVE-2021-42633,0.02039,0.79738
CVE-2021-41571,0.01726,0.75915
CVE-2021-41040,0.01358,0.69708
CVE-2021-41018,0.03323,0.87726
CVE-2021-41016,0.01055,0.62031
CVE-2021-39070,0.01805,0.76993
CVE-2021-39066,0.00643,0.48332
CVE-2021-39044,0.00384,0.31425
CVE-2021-38560,0.02893,0.85927
CVE-2021-36193,0.00816,0.54588
CVE-2021-36177,0.00301,0.22246
CVE-2021-25097,0.00382,0.31146
CVE-2021-25093,0.01196,0.65872
CVE-2021-25092,0.0048,0.39503
CVE-2021-25091,0.008,0.54048
CVE-2021-25089,0.008,0.54048
CVE-2021-25085,0.01651,0.74833
CVE-2021-25072,0.00531,0.42787
CVE-2021-25063,0.0208,0.80172
CVE-2021-24983,0.00956,0.58945
CVE-2021-24975,0.01334,0.69146
CVE-2021-24944,0.00598,0.46208
CVE-2021-24937,0.008,0.54048
CVE-2021-24934,0.01397,0.70497
CVE-2021-24926,0.12857,0.96012
CVE-2021-24919,0.01517,0.72739
CVE-2021-24900,0.00686,0.50114
CVE-2021-24868,0.00891,0.56873
CVE-2021-24814,0.02085,0.80236
CVE-2021-24775,0.01327,0.68989
CVE-2021-24765,0.01405,0.70667
CVE-2021-24764,0.008,0.54054
CVE-2021-24763,0.00644,0.48393
CVE-2021-24762,0.86782,0.99729
CVE-2021-24761,0.00599,0.46279
CVE-2021-24707,0.00598,0.46207
CVE-2021-24686,0.00654,0.48834
CVE-2021-24648,0.00876,0.56482
CVE-2021-24043,0.01119,0.63819
CVE-2020-8562,0.01082,0.62785
CVE-2020-26208,0.0089,0.56849
CVE-2022-24307,0.01426,0.71059
CVE-2022-24144,0.18506,0.97038
CVE-2022-24143,0.01175,0.65336
CVE-2022-24142,0.01175,0.65339
CVE-2022-24121,0.01261,0.67534
CVE-2022-24069,0.00301,0.22326
CVE-2022-24031,0.00281,0.20133
CVE-2022-24030,0.00304,0.22562
CVE-2022-23873,0.01281,0.67996
CVE-2022-23871,0.00624,0.47462
CVE-2022-23833,0.49246,0.98798
CVE-2022-23569,0.00458,0.38005
CVE-2022-23568,0.008,0.54033
CVE-2022-23567,0.01097,0.63268
CVE-2022-23357,0.19877,0.9723
CVE-2022-22818,0.03328,0.87744
CVE-2022-21741,0.00821,0.54741
CVE-2022-21740,0.00788,0.53653
CVE-2022-21739,0.00783,0.53477
CVE-2022-21738,0.00783,0.53477
CVE-2022-21737,0.00783,0.53477
CVE-2022-21736,0.00746,0.5227
CVE-2022-21735,0.00783,0.53477
CVE-2022-21734,0.00783,0.53478
CVE-2022-21733,0.00821,0.54741
CVE-2022-21732,0.00765,0.52897
CVE-2022-21731,0.00845,0.55435
CVE-2022-21730,0.00815,0.54555
CVE-2022-21729,0.00783,0.53478
CVE-2022-21728,0.01125,0.63973
CVE-2022-21727,0.00659,0.49042
CVE-2022-21726,0.00818,0.54628
CVE-2022-21725,0.00783,0.53479
CVE-2022-0443,0.01395,0.70471
CVE-2022-0432,0.04429,0.90677
CVE-2021-46457,0.03715,0.88974
CVE-2021-46456,0.03715,0.88974
CVE-2021-46455,0.03715,0.88973
CVE-2021-46454,0.04403,0.90628
CVE-2021-46453,0.03746,0.89078
CVE-2021-46452,0.03746,0.89078
CVE-2021-46233,0.03746,0.89078
CVE-2021-46232,0.03746,0.89078
CVE-2021-46231,0.03746,0.89077
CVE-2021-46230,0.03746,0.89077
CVE-2021-46229,0.04375,0.90583
CVE-2021-46228,0.03715,0.88974
CVE-2021-46227,0.04713,0.91176
CVE-2021-46226,0.03715,0.88974
CVE-2021-45998,0.03715,0.88973
CVE-2021-45997,0.01053,0.61953
CVE-2021-45996,0.01175,0.65333
CVE-2021-45995,0.01053,0.61954
CVE-2021-45994,0.01053,0.61954
CVE-2021-45993,0.01053,0.61954
CVE-2021-45992,0.01053,0.61954
CVE-2021-45991,0.01053,0.61953
CVE-2021-45990,0.01921,0.78457
CVE-2021-45989,0.01082,0.62799
CVE-2021-45988,0.01053,0.61955
CVE-2021-45987,0.01869,0.77831
CVE-2021-45986,0.01869,0.77832
CVE-2021-45742,0.03069,0.86695
CVE-2021-45741,0.01175,0.65333
CVE-2021-45740,0.01363,0.69827
CVE-2021-45739,0.01175,0.65333
CVE-2021-45738,0.04391,0.90612
CVE-2021-45737,0.01175,0.65334
CVE-2021-45736,0.01175,0.65339
CVE-2021-45735,0.03798,0.89236
CVE-2021-45734,0.01465,0.7179
CVE-2021-45733,0.04391,0.90612
CVE-2021-45268,0.01821,0.77211
CVE-2021-44882,0.04511,0.90827
CVE-2021-44881,0.04635,0.91054
CVE-2021-44880,0.03969,0.89721
CVE-2021-44866,0.01002,0.60451
CVE-2021-44247,0.02779,0.85354
CVE-2021-44246,0.01175,0.65333
CVE-2021-43615,0.00292,0.21299
CVE-2021-43522,0.00264,0.18001
CVE-2021-43323,0.00351,0.27948
CVE-2021-42642,0.01375,0.70081
CVE-2021-42641,0.02043,0.79796
CVE-2021-42640,0.02043,0.79796
CVE-2021-42639,0.01151,0.64681
CVE-2021-42637,0.0225,0.8167
CVE-2021-42554,0.00327,0.25204
CVE-2021-42113,0.00297,0.21855
CVE-2021-42060,0.00353,0.28102
CVE-2021-42059,0.00346,0.27423
CVE-2021-41841,0.00303,0.22459
CVE-2021-41840,0.00303,0.2246
CVE-2021-41839,0.00275,0.19511
CVE-2021-41838,0.00303,0.2246
CVE-2021-41837,0.00281,0.20133
CVE-2021-39021,0.00537,0.43115
CVE-2021-33627,0.00328,0.25321
CVE-2021-33625,0.00315,0.23875
CVE-2020-5953,0.00284,0.20478
CVE-2022-24448,0.00397,0.32734
CVE-2022-24348,0.02693,0.84831
CVE-2022-24262,0.01825,0.77274
CVE-2022-24260,0.49992,0.98816
CVE-2022-24259,0.02001,0.79341
CVE-2022-24249,0.00614,0.46949
CVE-2022-24172,0.01175,0.65339
CVE-2022-24171,0.02956,0.86204
CVE-2022-24170,0.02956,0.86205
CVE-2022-24169,0.01175,0.65337
CVE-2022-24168,0.02956,0.86205
CVE-2022-24167,0.02956,0.86204
CVE-2022-24166,0.01175,0.65337
CVE-2022-24165,0.02956,0.86204
CVE-2022-24164,0.01175,0.65337
CVE-2022-24163,0.01175,0.65337
CVE-2022-24162,0.01175,0.65338
CVE-2022-24161,0.01175,0.65338
CVE-2022-24160,0.01175,0.65334
CVE-2022-24159,0.01175,0.65336
CVE-2022-24158,0.01175,0.65336
CVE-2022-24157,0.01175,0.65335
CVE-2022-24156,0.01175,0.65335
CVE-2022-24155,0.01175,0.65336
CVE-2022-24154,0.01175,0.6534
CVE-2022-24153,0.01175,0.6534
CVE-2022-24152,0.01175,0.6534
CVE-2022-24151,0.01175,0.65334
CVE-2022-24150,0.02724,0.85001
CVE-2022-24149,0.01175,0.65339
CVE-2022-24148,0.02724,0.85001
CVE-2022-24147,0.01175,0.65338
CVE-2022-24146,0.01175,0.6534
CVE-2022-24145,0.01175,0.65334
CVE-2022-24129,0.06139,0.9294
CVE-2022-23330,0.01926,0.78499
CVE-2022-23329,0.1441,0.96361
CVE-2022-23316,0.01017,0.60874
CVE-2021-46671,0.01356,0.69665
CVE-2021-46398,0.06663,0.93401
CVE-2021-46320,0.01217,0.66459
CVE-2021-45429,0.00833,0.55123
CVE-2021-45408,0.00647,0.4851
CVE-2021-44983,0.01127,0.64024
CVE-2021-44978,0.02166,0.8096
CVE-2021-44977,0.01607,0.74154
CVE-2021-44903,0.00302,0.2234
CVE-2021-44901,0.00467,0.38617
CVE-2021-44900,0.00258,0.17189
CVE-2021-44899,0.00425,0.35447
CVE-2021-44886,0.00881,0.56599
CVE-2021-44779,0.01074,0.62582
CVE-2021-44206,0.00239,0.14809
CVE-2021-44205,0.00239,0.1481
CVE-2021-44204,0.00197,0.09526
CVE-2021-43841,0.0087,0.5627
CVE-2021-43635,0.01776,0.76618
CVE-2021-43145,0.00952,0.58854
CVE-2021-40420,0.04687,0.91133
CVE-2021-40403,0.01084,0.62863
CVE-2021-40401,0.01324,0.68906
CVE-2021-38960,0.01063,0.62267
CVE-2021-38130,0.00857,0.55871
CVE-2021-36152,0.01302,0.68455
CVE-2021-36151,0.00437,0.36494
CVE-2021-32732,0.00964,0.59207
CVE-2021-32036,0.01034,0.61437
CVE-2021-29398,0.01785,0.76726
CVE-2021-29397,0.00813,0.54457
CVE-2021-29396,0.0167,0.75108
CVE-2021-29395,0.01801,0.76936
CVE-2021-29394,0.00815,0.54514
CVE-2021-29393,0.03573,0.88541
CVE-2021-29219,0.0023,0.13613
CVE-2021-29218,0.00237,0.14562
CVE-2021-28503,0.00735,0.51902
CVE-2021-23507,0.02125,0.80606
CVE-2021-23497,0.03734,0.89042
CVE-2021-23470,0.01266,0.67659
CVE-2021-22288,0.01059,0.6215
CVE-2021-22286,0.01059,0.62151
CVE-2021-22285,0.01038,0.61519
CVE-2021-22284,0.00831,0.55044
CVE-2021-21971,0.00696,0.50498
CVE-2021-21970,0.0089,0.56861
CVE-2021-21969,0.0089,0.56861
CVE-2021-21968,0.00952,0.58848
CVE-2021-21965,0.01021,0.60994
CVE-2021-21964,0.00711,0.5106
CVE-2021-21963,0.00489,0.40084
CVE-2021-21962,0.0201,0.79466
CVE-2021-21961,0.02639,0.84486
CVE-2021-21960,0.02639,0.84487
CVE-2021-21959,0.00843,0.55394
CVE-2020-7534,0.00358,0.28687
CVE-2020-12966,0.00313,0.237
CVE-2020-12965,0.0242,0.82997
CVE-2020-12891,0.00254,0.16735
CVE-2018-25029,0.00616,0.47099
CVE-2013-20003,0.00572,0.44985
CVE-2022-24552,0.01306,0.68549
CVE-2022-24551,0.00886,0.56746
CVE-2022-24115,0.0016,0.05498
CVE-2022-24114,0.00154,0.04831
CVE-2022-24113,0.00209,0.11045
CVE-2022-23980,0.00803,0.5414
CVE-2022-23947,0.0146,0.71686
CVE-2022-23946,0.01736,0.76058
CVE-2022-23913,0.0274,0.85106
CVE-2022-23805,0.00737,0.51981
CVE-2022-23614,0.08209,0.94471
CVE-2022-23611,0.01401,0.70594
CVE-2022-23609,0.01039,0.61538
CVE-2022-23605,0.00307,0.2298
CVE-2022-23600,0.00896,0.57058
CVE-2022-23595,0.00774,0.5321
CVE-2022-23594,0.00144,0.03969
CVE-2022-23593,0.0087,0.56291
CVE-2022-23592,0.00858,0.55911
CVE-2022-23591,0.00789,0.53691
CVE-2022-23590,0.00973,0.59572
CVE-2022-23589,0.01097,0.63269
CVE-2022-23588,0.00864,0.56096
CVE-2022-23587,0.00888,0.56794
CVE-2022-23586,0.008,0.54033
CVE-2022-23585,0.00992,0.60108
CVE-2022-23584,0.00725,0.51548
CVE-2022-23583,0.00872,0.56334
CVE-2022-23582,0.00783,0.53479
CVE-2022-23581,0.01151,0.64657
CVE-2022-23580,0.00821,0.5474
CVE-2022-23579,0.00821,0.54741
CVE-2022-23578,0.00716,0.51225
CVE-2022-23577,0.00783,0.53479
CVE-2022-23576,0.00783,0.53479
CVE-2022-23575,0.00783,0.53478
CVE-2022-23574,0.00837,0.55235
CVE-2022-23573,0.00755,0.52566
CVE-2022-23572,0.00992,0.60108
CVE-2022-23571,0.00469,0.38768
CVE-2022-23570,0.00992,0.60108
CVE-2022-23566,0.00924,0.57924
CVE-2022-23565,0.00469,0.38767
CVE-2022-23564,0.00469,0.38768
CVE-2022-23563,0.0011,0.01425
CVE-2022-23562,0.00578,0.45252
CVE-2022-23561,0.0054,0.43253
CVE-2022-23560,0.00837,0.55236
CVE-2022-23559,0.01173,0.65284
CVE-2022-23558,0.00811,0.54412
CVE-2022-23557,0.00757,0.52632
CVE-2022-23379,0.01374,0.70066
CVE-2022-23320,0.01644,0.74725
CVE-2022-23206,0.01978,0.79074
CVE-2022-23184,0.00563,0.44522
CVE-2022-22987,0.01211,0.66299
CVE-2022-22939,0.00778,0.53323
CVE-2022-22833,0.11576,0.95724
CVE-2022-22832,0.14058,0.96289
CVE-2022-22831,0.11441,0.95693
CVE-2022-22804,0.00451,0.37541
CVE-2022-22727,0.01235,0.66914
CVE-2022-22726,0.00771,0.53106
CVE-2022-22725,0.02789,0.85395
CVE-2022-22724,0.0093,0.58125
CVE-2022-22723,0.02822,0.85578
CVE-2022-22722,0.02371,0.82629
CVE-2022-22689,0.0128,0.67973
CVE-2022-22680,0.01143,0.64415
CVE-2022-22679,0.01157,0.64821
CVE-2022-22150,0.01795,0.76858
CVE-2022-0502,0.00607,0.46642
CVE-2022-0501,0.0087,0.56272
CVE-2022-0487,0.00424,0.35373
CVE-2022-0484,0.00997,0.60265
CVE-2022-0481,0.00918,0.57728
CVE-2022-0474,0.00642,0.48261
CVE-2022-0473,0.0051,0.4142
CVE-2022-0472,0.00792,0.53798
CVE-2022-0437,0.15054,0.96476
CVE-2022-0381,0.03865,0.89431
CVE-2022-0380,0.00866,0.56164
CVE-2022-0365,0.02182,0.81094
CVE-2022-0317,0.00096,0.00779
CVE-2022-0264,0.00255,0.16818
CVE-2022-0218,0.70511,0.99341
CVE-2021-43929,0.00597,0.46158
CVE-2021-43928,0.01865,0.77787
CVE-2021-43927,0.00875,0.56435
CVE-2021-43926,0.00875,0.56436
CVE-2021-43925,0.00875,0.56436
CVE-2021-41816,0.04766,0.91263
CVE-2021-4154,0.01206,0.66124
CVE-2021-4043,0.04615,0.91023
CVE-2021-39280,0.02313,0.82189
CVE-2021-38172,0.01826,0.77278
CVE-2013-20004,0.01211,0.66308
CVE-2007-20001,0.01059,0.62151
CVE-2022-24694,0.00756,0.52606
CVE-2022-24682,0.30931,0.98124
CVE-2022-24677,0.02493,0.83508
CVE-2022-24676,0.01492,0.7229
CVE-2022-24450,0.0133,0.69068
CVE-2022-23627,0.00992,0.6012
CVE-2022-23626,0.09874,0.9522
CVE-2022-23624,0.01244,0.67141
CVE-2022-23623,0.01244,0.67142
CVE-2022-23613,0.00485,0.39798
CVE-2022-23378,0.01096,0.63243
CVE-2022-23340,0.01505,0.72527
CVE-2022-23331,0.01175,0.65342
CVE-2022-23263,0.0079,0.53718
CVE-2022-23262,0.01204,0.66071
CVE-2022-23261,0.01573,0.73655
CVE-2022-22931,0.01761,0.76399
CVE-2022-22146,0.00761,0.52781
CVE-2022-22142,0.00955,0.58917
CVE-2022-21816,0.0019,0.08692
CVE-2022-21815,0.00212,0.11361
CVE-2022-21814,0.00232,0.13957
CVE-2022-21813,0.00232,0.13956
CVE-2022-21805,0.00955,0.58918
CVE-2022-21799,0.00353,0.28156
CVE-2022-21713,0.01176,0.65355
CVE-2022-21712,0.01381,0.70197
CVE-2022-21703,0.02283,0.8193
CVE-2022-21702,0.0234,0.82403
CVE-2022-21241,0.03174,0.87123
CVE-2022-21193,0.02001,0.79335
CVE-2022-21173,0.00447,0.37222
CVE-2022-0539,0.00635,0.47945
CVE-2022-0538,0.03901,0.89518
CVE-2022-0536,0.0126,0.67519
CVE-2022-0527,0.0085,0.55604
CVE-2022-0526,0.00856,0.55858
CVE-2022-0525,0.01162,0.64994
CVE-2022-0524,0.01567,0.73559
CVE-2022-0523,0.01097,0.63266
CVE-2022-0522,0.00958,0.59012
CVE-2022-0521,0.00958,0.59012
CVE-2022-0520,0.01097,0.63266
CVE-2022-0519,0.00954,0.58902
CVE-2022-0518,0.01005,0.60529
CVE-2022-0510,0.00619,0.47209
CVE-2022-0509,0.01438,0.71273
CVE-2022-0508,0.00893,0.56952
CVE-2022-0506,0.00631,0.47769
CVE-2022-0505,0.00679,0.49827
CVE-2022-0504,0.01151,0.64657
CVE-2022-0149,0.02337,0.82386
CVE-2022-0148,0.01572,0.73646
CVE-2022-0139,0.01227,0.66744
CVE-2021-46389,0.01177,0.654
CVE-2021-46360,0.09183,0.94957
CVE-2021-46359,0.01197,0.65897
CVE-2021-46354,0.12888,0.96019
CVE-2021-45919,0.00626,0.47542
CVE-2021-45329,0.00777,0.53307
CVE-2021-45328,0.00948,0.58716
CVE-2021-45327,0.02139,0.80735
CVE-2021-45326,0.00577,0.45186
CVE-2021-45325,0.0104,0.61589
CVE-2021-45281,0.00716,0.51242
CVE-2021-44957,0.00819,0.54668
CVE-2021-44956,0.00819,0.54667
CVE-2021-44864,0.10187,0.95325
CVE-2021-42833,0.00211,0.11299
CVE-2021-40837,0.00657,0.48929
CVE-2021-3861,0.00479,0.3945
CVE-2021-3835,0.00743,0.5216
CVE-2021-3813,0.01086,0.62918
CVE-2021-37852,0.00599,0.46268
CVE-2021-25939,0.01129,0.64087
CVE-2021-25114,0.81828,0.99621
CVE-2021-25108,0.00451,0.37556
CVE-2021-25106,0.006,0.46311
CVE-2021-25105,0.00598,0.46198
CVE-2021-25103,0.00752,0.5247
CVE-2021-25096,0.01047,0.61801
CVE-2021-25095,0.00537,0.43112
CVE-2021-25084,0.0065,0.48641
CVE-2021-25077,0.00876,0.56481
CVE-2021-25029,0.00598,0.46204
CVE-2021-25004,0.01156,0.64792
CVE-2021-24993,0.00469,0.38725
CVE-2021-24947,0.03089,0.8677
CVE-2021-24928,0.00889,0.5682
CVE-2021-24880,0.00604,0.46494
CVE-2021-24879,0.00612,0.46858
CVE-2021-24878,0.01165,0.65069
CVE-2021-24843,0.00531,0.42785
CVE-2021-24839,0.0124,0.67034
CVE-2021-20877,0.00842,0.55367
CVE-2022-23617,0.00945,0.58636
CVE-2022-23616,0.02097,0.80356
CVE-2022-23615,0.00684,0.50045
CVE-2022-23312,0.00562,0.44462
CVE-2022-23280,0.02439,0.83132
CVE-2022-23276,0.00543,0.43436
CVE-2022-23274,0.02145,0.8078
CVE-2022-23273,0.022,0.81268
CVE-2022-23272,0.0255,0.83896
CVE-2022-23271,0.03755,0.89103
CVE-2022-23269,0.01164,0.6503
CVE-2022-23256,0.01558,0.73428
CVE-2022-23255,0.0056,0.44356
CVE-2022-23254,0.02567,0.84016
CVE-2022-23252,0.00788,0.53651
CVE-2022-23102,0.05265,0.91969
CVE-2022-22718,0.18464,0.97033
CVE-2022-22717,0.00714,0.51143
CVE-2022-22716,0.04604,0.91004
CVE-2022-22715,0.12636,0.95958
CVE-2022-22712,0.00802,0.5412
CVE-2022-22710,0.00891,0.5689
CVE-2022-22709,0.02276,0.81876
CVE-2022-22567,0.00138,0.03532
CVE-2022-22566,0.00257,0.17158
CVE-2022-22005,0.16825,0.96815
CVE-2022-22004,0.02571,0.84049
CVE-2022-22003,0.02351,0.82496
CVE-2022-22002,0.01282,0.68018
CVE-2022-22001,0.00642,0.48272
CVE-2022-22000,0.04327,0.9048
CVE-2022-21999,0.41683,0.98581
CVE-2022-21998,0.00836,0.55215
CVE-2022-21997,0.00795,0.53882
CVE-2022-21996,0.03046,0.86592
CVE-2022-21995,0.00965,0.59225
CVE-2022-21994,0.04196,0.90224
CVE-2022-21993,0.43618,0.98644
CVE-2022-21992,0.02496,0.83531
CVE-2022-21991,0.02075,0.80127
CVE-2022-21989,0.03193,0.872
CVE-2022-21988,0.02944,0.86155
CVE-2022-21987,0.02018,0.79541
CVE-2022-21986,0.03739,0.89055
CVE-2022-21985,0.00788,0.53651
CVE-2022-21984,0.04797,0.91305
CVE-2022-21981,0.00571,0.44884
CVE-2022-21974,0.04969,0.91575
CVE-2022-21971,0.53934,0.98924
CVE-2022-21968,0.02134,0.8069
CVE-2022-21965,0.02965,0.86252
CVE-2022-21957,0.02718,0.84968
CVE-2022-21927,0.02258,0.81727
CVE-2022-21926,0.02258,0.81727
CVE-2022-21844,0.02258,0.81726
CVE-2022-21660,0.01097,0.63259
CVE-2021-46161,0.01293,0.68271
CVE-2021-46160,0.01293,0.6827
CVE-2021-46159,0.01293,0.68272
CVE-2021-46158,0.01774,0.76589
CVE-2021-46157,0.01311,0.68657
CVE-2021-46156,0.01293,0.68271
CVE-2021-46155,0.01774,0.76589
CVE-2021-46154,0.01774,0.7659
CVE-2021-46153,0.01564,0.73517
CVE-2021-46152,0.01596,0.73993
CVE-2021-46151,0.01567,0.73564
CVE-2021-45331,0.01423,0.71003
CVE-2021-45330,0.01447,0.71438
CVE-2021-45286,0.01656,0.74891
CVE-2021-45106,0.00675,0.49688
CVE-2021-44912,0.00487,0.39961
CVE-2021-44911,0.00569,0.44781
CVE-2021-44018,0.01691,0.75442
CVE-2021-44016,0.017,0.75566
CVE-2021-44000,0.01798,0.76893
CVE-2021-41442,0.03552,0.88479
CVE-2021-41441,0.01585,0.73831
CVE-2021-40363,0.0016,0.05434
CVE-2021-40360,0.00682,0.49966
CVE-2021-37205,0.0164,0.74669
CVE-2021-37204,0.02181,0.81086
CVE-2021-37194,0.00847,0.55525
CVE-2021-37185,0.0206,0.79968
CVE-2021-36302,0.00933,0.58234
CVE-2022-23631,0.02332,0.82337
CVE-2022-23628,0.0103,0.61282
CVE-2022-23622,0.01008,0.60612
CVE-2022-23621,0.00935,0.58313
CVE-2022-23620,0.00957,0.58968
CVE-2022-23619,0.01128,0.64056
CVE-2022-23618,0.008,0.54012
CVE-2022-20030,0.00133,0.03113
CVE-2022-20029,0.00123,0.02331
CVE-2022-20028,0.00146,0.0418
CVE-2022-20027,0.00146,0.04179
CVE-2022-20026,0.00146,0.0418
CVE-2022-20025,0.00146,0.04179
CVE-2022-20024,0.00111,0.01458
CVE-2022-20017,0.00118,0.01934
CVE-2022-0534,0.0094,0.58465
CVE-2022-0532,0.00768,0.53009
CVE-2022-0530,0.02108,0.8046
CVE-2022-0529,0.02421,0.83006
CVE-2022-0391,0.08325,0.94536
CVE-2022-0162,0.0067,0.4947
CVE-2021-44454,0.00256,0.16956
CVE-2021-40045,0.00152,0.04721
CVE-2021-40044,0.00325,0.2504
CVE-2021-40015,0.00128,0.02709
CVE-2021-39997,0.00796,0.53909
CVE-2021-39994,0.00862,0.56011
CVE-2021-39992,0.00162,0.05712
CVE-2021-39991,0.00179,0.07485
CVE-2021-39986,0.00179,0.07484
CVE-2021-39943,0.00869,0.56237
CVE-2021-37115,0.00179,0.07485
CVE-2021-37109,0.00174,0.06928
CVE-2021-37107,0.00168,0.06389
CVE-2021-33166,0.00215,0.11769
CVE-2021-33155,0.00467,0.38629
CVE-2021-33147,0.0024,0.14885
CVE-2021-33139,0.00491,0.40232
CVE-2021-33137,0.00241,0.1506
CVE-2021-33129,0.0021,0.11164
CVE-2021-33120,0.0095,0.58801
CVE-2021-33119,0.0024,0.14884
CVE-2021-33115,0.00691,0.50332
CVE-2021-33114,0.00495,0.40473
CVE-2021-33113,0.00687,0.50176
CVE-2021-33110,0.00504,0.41064
CVE-2021-33107,0.00251,0.16301
CVE-2021-33105,0.0024,0.14884
CVE-2021-33101,0.00241,0.1506
CVE-2021-33096,0.00277,0.19685
CVE-2021-33068,0.0084,0.55314
CVE-2021-33061,0.00283,0.20432
CVE-2021-26616,0.00884,0.56683
CVE-2021-26613,0.00831,0.55044
CVE-2021-23152,0.00241,0.1506
CVE-2021-22954,0.00543,0.4342
CVE-2021-22817,0.002,0.09816
CVE-2021-0183,0.00515,0.4178
CVE-2021-0179,0.00379,0.30828
CVE-2021-0178,0.00379,0.30828
CVE-2021-0177,0.00379,0.30828
CVE-2021-0176,0.00266,0.18214
CVE-2021-0175,0.00515,0.4178
CVE-2021-0174,0.00515,0.41781
CVE-2021-0173,0.00515,0.41781
CVE-2021-0172,0.00515,0.4178
CVE-2021-0171,0.0024,0.14885
CVE-2021-0170,0.00289,0.21024
CVE-2021-0169,0.0024,0.14953
CVE-2021-0168,0.00311,0.23382
CVE-2021-0167,0.0024,0.14953
CVE-2021-0166,0.00293,0.21391
CVE-2021-0165,0.00515,0.4178
CVE-2021-0164,0.00302,0.22416
CVE-2021-0163,0.00414,0.34469
CVE-2021-0162,0.00414,0.34469
CVE-2021-0161,0.00297,0.2187
CVE-2021-0156,0.00301,0.22235
CVE-2021-0147,0.00166,0.06149
CVE-2021-0145,0.00325,0.24958
CVE-2021-0127,0.00299,0.22051
CVE-2021-0125,0.00301,0.22234
CVE-2021-0124,0.00319,0.24298
CVE-2021-0119,0.00299,0.22108
CVE-2021-0118,0.00299,0.22108
CVE-2021-0117,0.00301,0.22234
CVE-2021-0116,0.00301,0.22235
CVE-2021-0115,0.00331,0.25593
CVE-2021-0111,0.00299,0.22107
CVE-2021-0107,0.00299,0.22108
CVE-2021-0103,0.00299,0.22107
CVE-2021-0099,0.00301,0.22235
CVE-2021-0093,0.00235,0.14345
CVE-2021-0092,0.00248,0.1598
CVE-2021-0091,0.00334,0.25959
CVE-2021-0076,0.00264,0.17939
CVE-2021-0072,0.00307,0.22916
CVE-2021-0066,0.00321,0.24568
CVE-2021-0060,0.00323,0.24787
CVE-2022-24668,0.01119,0.63814
CVE-2022-24667,0.01119,0.63814
CVE-2022-24666,0.01354,0.69631
CVE-2022-24321,0.00999,0.60324
CVE-2022-24320,0.00544,0.43507
CVE-2022-24319,0.00575,0.45118
CVE-2022-24318,0.00391,0.32101
CVE-2022-24317,0.01206,0.66139
CVE-2022-24316,0.01273,0.6783
CVE-2022-24315,0.19255,0.97138
CVE-2022-24314,0.18178,0.96992
CVE-2022-24313,0.44559,0.98673
CVE-2022-24312,0.03463,0.88209
CVE-2022-24311,0.03505,0.88347
CVE-2022-24310,0.02227,0.81481
CVE-2022-24111,0.00837,0.55236
CVE-2022-23049,0.03033,0.8655
CVE-2022-23048,0.02074,0.80113
CVE-2022-23047,0.02936,0.86121
CVE-2022-22813,0.01071,0.62493
CVE-2022-22812,0.00604,0.46483
CVE-2022-22811,0.00406,0.33677
CVE-2022-22810,0.01091,0.63034
CVE-2022-22809,0.00778,0.53316
CVE-2022-22808,0.00677,0.49779
CVE-2022-22807,0.00938,0.58431
CVE-2022-22780,0.01697,0.75516
CVE-2022-22779,0.00801,0.54083
CVE-2022-22546,0.00489,0.40132
CVE-2022-22545,0.00819,0.5469
CVE-2022-22544,0.01399,0.7056
CVE-2022-22543,0.01361,0.69784
CVE-2022-22542,0.00903,0.57274
CVE-2022-22540,0.01185,0.65607
CVE-2022-22539,0.01041,0.61599
CVE-2022-22538,0.01063,0.6224
CVE-2022-22537,0.00885,0.5672
CVE-2022-22536,0.97945,0.99906
CVE-2022-22535,0.00834,0.5515
CVE-2022-22534,0.00835,0.55171
CVE-2022-22533,0.01755,0.76332
CVE-2022-22532,0.02372,0.82643
CVE-2022-22528,0.00316,0.23964
CVE-2022-21825,0.00223,0.12709
CVE-2022-21226,0.00254,0.16756
CVE-2022-21220,0.00238,0.14653
CVE-2022-21218,0.00254,0.16756
CVE-2022-21205,0.01087,0.6294
CVE-2022-21204,0.00223,0.12779
CVE-2022-21203,0.00223,0.12779
CVE-2022-21174,0.00256,0.16956
CVE-2022-21157,0.00254,0.16756
CVE-2022-21156,0.00227,0.13302
CVE-2022-21153,0.00254,0.16756
CVE-2022-21133,0.00227,0.13301
CVE-2022-20709,0.03802,0.89251
CVE-2022-20708,0.14863,0.96445
CVE-2022-20707,0.75322,0.99477
CVE-2022-20706,0.05566,0.92302
CVE-2022-20705,0.80031,0.99584
CVE-2022-20704,0.02297,0.82053
CVE-2022-20703,0.09203,0.94963
CVE-2022-20702,0.04598,0.90991
CVE-2022-20701,0.09747,0.95174
CVE-2022-20700,0.05655,0.92423
CVE-2022-20699,0.72458,0.99396
CVE-2022-20680,0.00941,0.58493
CVE-2022-20630,0.00226,0.13196
CVE-2022-20046,0.00113,0.01547
CVE-2022-20045,0.00146,0.0418
CVE-2022-20044,0.00146,0.04179
CVE-2022-20043,0.00134,0.03195
CVE-2022-20042,0.00122,0.02186
CVE-2022-20041,0.00134,0.03195
CVE-2022-20040,0.00129,0.02906
CVE-2022-20039,0.00119,0.02004
CVE-2022-20038,0.00119,0.02003
CVE-2022-20037,0.00118,0.01933
CVE-2022-20036,0.00118,0.01933
CVE-2022-20035,0.00123,0.02331
CVE-2022-20034,0.00095,0.00692
CVE-2022-20033,0.00123,0.02332
CVE-2022-20032,0.001,0.00947
CVE-2022-20031,0.00118,0.01893
CVE-2022-0558,0.00903,0.57246
CVE-2022-0021,0.00224,0.12854
CVE-2022-0020,0.01711,0.75726
CVE-2022-0019,0.00168,0.06291
CVE-2022-0018,0.00746,0.52278
CVE-2022-0017,0.00276,0.19616
CVE-2022-0016,0.00207,0.10797
CVE-2022-0011,0.00663,0.4919
CVE-2021-45901,0.14316,0.96341
CVE-2021-45357,0.00786,0.5358
CVE-2021-44892,0.02021,0.79567
CVE-2021-41445,0.01815,0.77142
CVE-2021-37613,0.00411,0.34133
CVE-2021-3398,0.00924,0.57924
CVE-2021-31814,0.00204,0.10391
CVE-2021-25992,0.01603,0.74091
CVE-2022-24961,0.01644,0.74731
CVE-2022-24959,0.00428,0.35644
CVE-2022-24958,0.00413,0.34282
CVE-2022-24955,0.01052,0.61933
CVE-2022-24954,0.11926,0.95813
CVE-2022-24916,0.0155,0.73312
CVE-2022-24647,0.01047,0.61786
CVE-2022-24646,0.01721,0.75861
CVE-2022-24568,0.01151,0.64652
CVE-2022-24289,0.02282,0.81926
CVE-2022-24112,0.96001,0.9987
CVE-2022-23806,0.03099,0.86812
CVE-2022-23773,0.02698,0.84856
CVE-2022-23772,0.0283,0.85618
CVE-2022-23630,0.0132,0.68839
CVE-2022-23321,0.0059,0.45849
CVE-2022-20749,0.04008,0.89818
CVE-2022-20738,0.01105,0.63467
CVE-2022-20712,0.03031,0.86543
CVE-2022-20711,0.04915,0.91486
CVE-2022-20710,0.02429,0.83067
CVE-2022-0560,0.01036,0.61469
CVE-2022-0557,0.51193,0.98851
CVE-2022-0554,0.01607,0.74161
CVE-2021-46355,0.00781,0.53421
CVE-2021-45402,0.00416,0.34655
CVE-2021-45387,0.00712,0.5109
CVE-2021-45386,0.00712,0.5109
CVE-2021-45385,0.00893,0.56948
CVE-2021-45364,0.01724,0.75896
CVE-2021-44970,0.00487,0.39962
CVE-2021-44969,0.00494,0.40423
CVE-2021-44850,0.00186,0.08286
CVE-2021-44521,0.55006,0.98952
CVE-2021-42940,0.01085,0.62881
CVE-2021-42000,0.00535,0.43002
CVE-2021-39687,0.00117,0.01824
CVE-2021-39677,0.00392,0.32276
CVE-2021-39676,0.00123,0.02334
CVE-2021-39675,0.05927,0.92723
CVE-2021-39674,0.00148,0.04333
CVE-2021-39672,0.00133,0.03142
CVE-2021-39671,0.0049,0.40192
CVE-2021-39669,0.00095,0.00689
CVE-2021-39668,0.00132,0.03091
CVE-2021-39666,0.00111,0.01439
CVE-2021-39665,0.00693,0.50401
CVE-2021-39664,0.00128,0.02782
CVE-2021-39663,0.0015,0.04515
CVE-2021-39662,0.00113,0.01593
CVE-2021-39658,0.00573,0.45027
CVE-2021-39635,0.005,0.40815
CVE-2021-39631,0.00111,0.01444
CVE-2021-39619,0.00133,0.03143
CVE-2021-39616,0.00583,0.45511
CVE-2021-38679,0.00743,0.52164
CVE-2021-35077,0.00196,0.09383
CVE-2021-35075,0.00188,0.08477
CVE-2021-35074,0.00188,0.08477
CVE-2021-35069,0.00181,0.07748
CVE-2021-35068,0.00532,0.42819
CVE-2021-34235,0.01932,0.78581
CVE-2021-31932,0.21639,0.97452
CVE-2021-30326,0.00568,0.44773
CVE-2021-30325,0.00145,0.04091
CVE-2021-30324,0.00145,0.04091
CVE-2021-30323,0.00154,0.04909
CVE-2021-30322,0.00154,0.04908
CVE-2021-30318,0.00146,0.04145
CVE-2021-30317,0.01389,0.7035
CVE-2021-30309,0.00145,0.04139
CVE-2021-23597,0.0203,0.79653
CVE-2021-22824,0.14241,0.96323
CVE-2021-22823,0.21388,0.97427
CVE-2021-22806,0.00954,0.58914
CVE-2021-22805,0.0085,0.55602
CVE-2021-22804,0.01294,0.68287
CVE-2021-22803,0.01943,0.78701
CVE-2021-22802,0.20165,0.9727
CVE-2021-22801,0.01557,0.73423
CVE-2021-22800,0.01004,0.60506
CVE-2021-22798,0.00904,0.57304
CVE-2021-22796,0.01197,0.65918
CVE-2021-22788,0.01037,0.61496
CVE-2021-22787,0.01037,0.61496
CVE-2021-22785,0.00962,0.59165
CVE-2021-22748,0.01855,0.77659
CVE-2021-0524,0.00111,0.0144
CVE-2020-36062,0.02349,0.82481
CVE-2020-14523,0.02254,0.817
CVE-2020-14521,0.01274,0.67854
CVE-2020-13677,0.01053,0.61974
CVE-2020-13676,0.00805,0.54199
CVE-2020-13675,0.01236,0.66945
CVE-2020-13674,0.00456,0.37891
CVE-2020-13673,0.00259,0.17301
CVE-2020-13672,0.00671,0.49515
CVE-2020-13670,0.01106,0.63483
CVE-2020-13669,0.00643,0.48333
CVE-2020-13668,0.00681,0.49924
CVE-2022-24975,0.02645,0.84522
CVE-2022-24968,0.00542,0.43373
CVE-2022-24927,0.00341,0.2681
CVE-2022-24926,0.00489,0.40088
CVE-2022-24925,0.00251,0.16286
CVE-2022-24924,0.00747,0.52302
CVE-2022-24923,0.00218,0.12133
CVE-2022-24003,0.00553,0.43989
CVE-2022-24002,0.00524,0.42369
CVE-2022-24001,0.00098,0.00854
CVE-2022-24000,0.00116,0.01793
CVE-2022-23999,0.00116,0.01794
CVE-2022-23998,0.00586,0.45657
CVE-2022-23997,0.00438,0.36579
CVE-2022-23996,0.00438,0.36579
CVE-2022-23995,0.00438,0.36578
CVE-2022-23994,0.00449,0.37371
CVE-2022-23853,0.00894,0.57002
CVE-2022-23707,0.00527,0.42512
CVE-2022-23634,0.02107,0.80445
CVE-2022-23633,0.02226,0.81473
CVE-2022-23434,0.00237,0.1454
CVE-2022-23433,0.00617,0.47102
CVE-2022-23432,0.00117,0.01845
CVE-2022-23431,0.00117,0.01846
CVE-2022-23429,0.001,0.00967
CVE-2022-23428,0.00152,0.04734
CVE-2022-23427,0.001,0.00909
CVE-2022-23426,0.00105,0.01159
CVE-2022-23425,0.00409,0.33962
CVE-2022-22766,0.00228,0.13376
CVE-2022-22292,0.00131,0.02977
CVE-2022-22291,0.00105,0.01182
CVE-2022-0562,0.0125,0.67297
CVE-2022-0561,0.0125,0.67297
CVE-2022-0483,0.00197,0.09526
CVE-2022-0382,0.00385,0.31541
CVE-2022-0310,0.00809,0.54347
CVE-2022-0309,0.00582,0.45472
CVE-2022-0308,0.0075,0.52411
CVE-2022-0307,0.0075,0.52411
CVE-2022-0306,0.85352,0.99701
CVE-2022-0305,0.00626,0.47553
CVE-2022-0304,0.0075,0.52411
CVE-2022-0302,0.00527,0.42543
CVE-2022-0301,0.00454,0.37726
CVE-2022-0300,0.0075,0.52413
CVE-2022-0298,0.0075,0.52412
CVE-2022-0297,0.0075,0.52412
CVE-2022-0296,0.0075,0.52412
CVE-2022-0295,0.0075,0.52413
CVE-2022-0294,0.00743,0.52182
CVE-2022-0293,0.0075,0.52413
CVE-2022-0292,0.00644,0.48397
CVE-2022-0291,0.00743,0.52183
CVE-2022-0290,0.02038,0.79731
CVE-2022-0289,0.28196,0.97973
CVE-2022-0185,0.25151,0.97774
CVE-2022-0120,0.0075,0.52419
CVE-2022-0118,0.01137,0.64259
CVE-2022-0117,0.01481,0.72097
CVE-2022-0116,0.01168,0.65141
CVE-2022-0115,0.01496,0.72368
CVE-2022-0114,0.01306,0.68538
CVE-2022-0113,0.0086,0.55976
CVE-2022-0112,0.01114,0.63674
CVE-2022-0111,0.00793,0.5382
CVE-2022-0110,0.01082,0.62804
CVE-2022-0109,0.01334,0.69144
CVE-2022-0108,0.01169,0.65168
CVE-2022-0107,0.00941,0.58514
CVE-2022-0106,0.01305,0.68514
CVE-2022-0105,0.0129,0.68203
CVE-2022-0104,0.01344,0.69393
CVE-2022-0103,0.01208,0.66222
CVE-2022-0102,0.01312,0.68666
CVE-2022-0101,0.01413,0.70819
CVE-2022-0100,0.015,0.72446
CVE-2022-0099,0.01184,0.65582
CVE-2022-0098,0.00933,0.58233
CVE-2022-0097,0.00894,0.56976
CVE-2022-0096,0.01361,0.69771
CVE-2021-46366,0.00758,0.52669
CVE-2021-46365,0.01668,0.75082
CVE-2021-46364,0.01573,0.73659
CVE-2021-46363,0.01874,0.7789
CVE-2021-46362,0.04663,0.91098
CVE-2021-46361,0.02783,0.8537
CVE-2021-44111,0.00475,0.39173
CVE-2021-4102,0.07836,0.94249
CVE-2021-4101,0.01042,0.61663
CVE-2021-4100,0.0075,0.52413
CVE-2021-4099,0.0075,0.52412
CVE-2021-4098,0.00645,0.48409
CVE-2021-4046,0.00441,0.36796
CVE-2021-4035,0.00447,0.37287
CVE-2021-39688,0.00111,0.01441
CVE-2021-23555,0.02876,0.85844
CVE-2021-20001,0.01615,0.74279
CVE-2020-26728,0.03767,0.8914
CVE-2022-25150,0.00453,0.37656
CVE-2022-25139,0.01616,0.74294
CVE-2022-24988,0.01068,0.62433
CVE-2022-24977,0.06354,0.93143
CVE-2022-24976,0.0182,0.77201
CVE-2022-24705,0.01182,0.65547
CVE-2022-24704,0.01182,0.65547
CVE-2022-24686,0.00863,0.56053
CVE-2022-24206,0.01213,0.66372
CVE-2022-24110,0.00724,0.51528
CVE-2022-23992,0.02376,0.82666
CVE-2022-23902,0.01213,0.66372
CVE-2022-23638,0.00682,0.4996
CVE-2022-23637,0.00475,0.39207
CVE-2022-23410,0.00383,0.3134
CVE-2022-23391,0.00621,0.4731
CVE-2022-23390,0.01454,0.71584
CVE-2022-23389,0.21951,0.97481
CVE-2022-23384,0.00543,0.43455
CVE-2022-23367,0.00855,0.55812
CVE-2022-23337,0.02288,0.81973
CVE-2022-23336,0.01096,0.63245
CVE-2022-23335,0.01575,0.73691
CVE-2022-23317,0.01076,0.62624
CVE-2022-22854,0.00947,0.58709
CVE-2022-22765,0.00231,0.13835
CVE-2022-22295,0.01575,0.73692
CVE-2022-21818,0.00321,0.24516
CVE-2022-0597,0.03019,0.8649
CVE-2022-0596,0.0062,0.47258
CVE-2022-0589,0.00847,0.5552
CVE-2022-0588,0.01071,0.62493
CVE-2022-0587,0.0102,0.60949
CVE-2022-0586,0.02003,0.79358
CVE-2022-0583,0.01839,0.7744
CVE-2022-0582,0.01992,0.79238
CVE-2022-0581,0.01839,0.7744
CVE-2022-0580,0.0119,0.65734
CVE-2022-0579,0.01054,0.61992
CVE-2022-0576,0.00998,0.60306
CVE-2022-0575,0.00847,0.5552
CVE-2022-0572,0.26583,0.97868
CVE-2022-0571,0.0132,0.68842
CVE-2022-0570,0.01243,0.6711
CVE-2022-0569,0.01037,0.61514
CVE-2022-0565,0.00976,0.59636
CVE-2022-0512,0.01782,0.76685
CVE-2022-0311,0.00877,0.56497
CVE-2022-0214,0.01589,0.73889
CVE-2022-0212,0.02291,0.82004
CVE-2022-0208,0.02038,0.79736
CVE-2022-0206,0.01458,0.71656
CVE-2022-0201,0.03368,0.87886
CVE-2022-0200,0.006,0.46311
CVE-2022-0193,0.00876,0.56482
CVE-2022-0190,0.01292,0.68239
CVE-2022-0188,0.02315,0.82201
CVE-2022-0176,0.00876,0.56483
CVE-2021-46558,0.00562,0.44469
CVE-2021-46557,0.00562,0.44468
CVE-2021-46463,0.01663,0.75005
CVE-2021-46462,0.01677,0.75218
CVE-2021-46461,0.03121,0.86911
CVE-2021-46371,0.04305,0.90444
CVE-2021-45444,0.0198,0.79105
CVE-2021-45421,0.01275,0.6787
CVE-2021-45420,0.18957,0.97094
CVE-2021-45392,0.12294,0.95894
CVE-2021-45348,0.0093,0.58127
CVE-2021-45347,0.01166,0.65102
CVE-2021-45346,0.01614,0.74268
CVE-2021-45310,0.00898,0.57115
CVE-2021-45005,0.01456,0.71614
CVE-2021-44879,0.01234,0.66909
CVE-2021-43953,0.00476,0.39247
CVE-2021-43952,0.00415,0.34511
CVE-2021-43950,0.00845,0.55441
CVE-2021-43948,0.00845,0.55441
CVE-2021-43941,0.00616,0.47059
CVE-2021-43940,0.0033,0.25498
CVE-2021-43734,0.10728,0.95495
CVE-2021-43106,0.00683,0.50006
CVE-2021-42712,0.00302,0.22407
CVE-2021-4201,0.01994,0.79261
CVE-2021-41552,0.0068,0.49877
CVE-2021-39080,0.00665,0.49258
CVE-2021-39079,0.0048,0.39492
CVE-2021-25115,0.00683,0.50002
CVE-2021-25110,0.00897,0.57063
CVE-2021-25109,0.00846,0.55488
CVE-2021-25107,0.01523,0.72833
CVE-2021-25050,0.00654,0.48834
CVE-2021-25033,0.02303,0.82109
CVE-2021-25018,0.00524,0.42368
CVE-2021-25014,0.0059,0.45861
CVE-2021-24904,0.05063,0.91709
CVE-2021-24874,0.008,0.54051
CVE-2021-24446,0.00329,0.25411
CVE-2019-25057,0.00798,0.53975
CVE-2019-16864,0.07714,0.94183
CVE-2022-25242,0.00385,0.31515
CVE-2022-25241,0.03271,0.87528
CVE-2022-25236,0.35867,0.98353
CVE-2022-25235,0.04955,0.91558
CVE-2022-25212,0.00684,0.50038
CVE-2022-25211,0.0111,0.63598
CVE-2022-25210,0.00809,0.54335
CVE-2022-25209,0.01107,0.63531
CVE-2022-25208,0.01097,0.63264
CVE-2022-25207,0.00717,0.51293
CVE-2022-25206,0.00787,0.5362
CVE-2022-25205,0.00527,0.42536
CVE-2022-25204,0.00591,0.4587
CVE-2022-25203,0.00783,0.53476
CVE-2022-25202,0.00572,0.44942
CVE-2022-25201,0.00742,0.52147
CVE-2022-25200,0.00553,0.43976
CVE-2022-25199,0.00787,0.5362
CVE-2022-25198,0.00527,0.42536
CVE-2022-25197,0.00809,0.54335
CVE-2022-25196,0.00724,0.51511
CVE-2022-25195,0.0055,0.43796
CVE-2022-25194,0.00527,0.42536
CVE-2022-25193,0.00912,0.57546
CVE-2022-25192,0.00655,0.48848
CVE-2022-25191,0.00598,0.46231
CVE-2022-25190,0.0068,0.49885
CVE-2022-25189,0.00598,0.46232
CVE-2022-25188,0.01219,0.66514
CVE-2022-25187,0.00966,0.5927
CVE-2022-25186,0.00809,0.54335
CVE-2022-25185,0.00658,0.49008
CVE-2022-25184,0.00876,0.56469
CVE-2022-25183,0.01571,0.73636
CVE-2022-25182,0.01601,0.74057
CVE-2022-25181,0.01601,0.74057
CVE-2022-25180,0.00528,0.42603
CVE-2022-25179,0.01786,0.76736
CVE-2022-25178,0.01668,0.75085
CVE-2022-25177,0.01742,0.76139
CVE-2022-25176,0.01742,0.76139
CVE-2022-25175,0.01404,0.70646
CVE-2022-25174,0.01443,0.71365
CVE-2022-25173,0.01444,0.7138
CVE-2022-24684,0.01396,0.70485
CVE-2022-24590,0.00624,0.47462
CVE-2022-24589,0.00775,0.53247
CVE-2022-24588,0.00707,0.50879
CVE-2022-24587,0.00744,0.52204
CVE-2022-24586,0.00747,0.52322
CVE-2022-24585,0.00747,0.52322
CVE-2022-24227,0.02256,0.81716
CVE-2022-24226,0.01736,0.7605
CVE-2022-23643,0.00801,0.54082
CVE-2022-23641,0.01159,0.64879
CVE-2022-23639,0.01239,0.67005
CVE-2022-23604,0.01129,0.64069
CVE-2022-23358,0.01213,0.66371
CVE-2022-22770,0.01146,0.6449
CVE-2022-21698,0.05994,0.92796
CVE-2022-0614,0.00914,0.57635
CVE-2022-0613,0.0158,0.7376
CVE-2022-0612,0.00607,0.46642
CVE-2022-0611,0.012,0.65984
CVE-2022-0559,0.01262,0.67569
CVE-2021-46321,0.01734,0.76016
CVE-2021-46265,0.01734,0.76016
CVE-2021-46264,0.01734,0.76017
CVE-2021-46263,0.01734,0.76017
CVE-2021-46262,0.01734,0.76016
CVE-2021-46252,0.00484,0.39751
CVE-2021-46251,0.00562,0.44464
CVE-2021-46250,0.01052,0.61934
CVE-2021-46249,0.00643,0.4831
CVE-2021-45391,0.01826,0.77287
CVE-2021-44960,0.01179,0.65468
CVE-2021-43050,0.00248,0.15897
CVE-2021-43049,0.01326,0.68957
CVE-2021-42714,0.00447,0.37272
CVE-2021-42713,0.00302,0.22407
CVE-2021-37354,0.01363,0.69827
CVE-2021-35380,0.38954,0.98481
CVE-2021-33945,0.01846,0.7753
CVE-2021-26726,0.01148,0.64558
CVE-2021-22043,0.01052,0.61932
CVE-2021-22042,0.00296,0.21723
CVE-2021-22041,0.00574,0.45046
CVE-2021-22040,0.00725,0.51561
CVE-2021-21966,0.01384,0.70251
CVE-2021-21958,0.011,0.63335
CVE-2020-6922,0.00865,0.56105
CVE-2020-6921,0.00865,0.56105
CVE-2020-6920,0.00856,0.5584
CVE-2020-6919,0.00865,0.56105
CVE-2020-6918,0.00865,0.56104
CVE-2020-6917,0.00865,0.56105
CVE-2019-4352,0.00253,0.16623
CVE-2019-4351,0.00244,0.15432
CVE-2019-4291,0.00446,0.37207
CVE-2022-25271,0.01277,0.6792
CVE-2022-25270,0.00769,0.5305
CVE-2022-25265,0.01054,0.62014
CVE-2022-25258,0.00927,0.58015
CVE-2022-25255,0.00331,0.25665
CVE-2022-24985,0.0232,0.82241
CVE-2022-24984,0.02596,0.84215
CVE-2022-24983,0.02707,0.84902
CVE-2022-24982,0.01206,0.66125
CVE-2022-24981,0.01042,0.61665
CVE-2022-24953,0.0085,0.55641
CVE-2022-24683,0.01539,0.73103
CVE-2022-24665,0.026,0.8424
CVE-2022-24664,0.0165,0.7482
CVE-2022-24663,0.02047,0.79835
CVE-2022-24086,0.99199,0.99932
CVE-2022-23804,0.01643,0.7472
CVE-2022-23803,0.01643,0.74721
CVE-2022-23646,0.01795,0.76852
CVE-2022-23644,0.00905,0.57309
CVE-2022-23636,0.00772,0.53124
CVE-2022-23632,0.01714,0.75768
CVE-2022-23319,0.00671,0.49507
CVE-2022-23318,0.0079,0.53714
CVE-2022-23204,0.01881,0.77969
CVE-2022-23203,0.04911,0.91482
CVE-2022-23202,0.02249,0.81663
CVE-2022-23200,0.02993,0.86376
CVE-2022-23199,0.01741,0.76129
CVE-2022-23198,0.01741,0.7613
CVE-2022-23197,0.01905,0.7826
CVE-2022-23196,0.01905,0.78259
CVE-2022-23195,0.01905,0.78259
CVE-2022-23194,0.01905,0.7826
CVE-2022-23193,0.02029,0.79647
CVE-2022-23192,0.02408,0.82908
CVE-2022-23191,0.01905,0.78259
CVE-2022-23190,0.01905,0.7826
CVE-2022-23189,0.01741,0.76129
CVE-2022-23188,0.04443,0.90712
CVE-2022-23186,0.02321,0.82251
CVE-2022-22945,0.00354,0.28299
CVE-2022-22916,0.38651,0.9847
CVE-2022-22914,0.01401,0.70588
CVE-2022-22912,0.02553,0.8392
CVE-2022-22901,0.00677,0.49744
CVE-2022-22899,0.0087,0.56284
CVE-2022-22885,0.01301,0.68451
CVE-2022-22881,0.01374,0.70065
CVE-2022-22880,0.01374,0.70065
CVE-2022-22853,0.00824,0.54831
CVE-2022-22792,0.00592,0.4591
CVE-2022-20750,0.01142,0.64389
CVE-2022-20659,0.01233,0.66867
CVE-2022-20653,0.01833,0.7736
CVE-2022-0639,0.01535,0.73043
CVE-2022-0638,0.00363,0.29183
CVE-2022-0633,0.02066,0.80029
CVE-2022-0629,0.01791,0.76806
CVE-2022-0623,0.01637,0.7463
CVE-2022-0622,0.00988,0.59987
CVE-2022-0617,0.00497,0.4064
CVE-2022-0513,0.5346,0.98912
CVE-2021-46368,0.00409,0.33906
CVE-2021-46319,0.06573,0.93336
CVE-2021-46315,0.06573,0.93335
CVE-2021-46314,0.33287,0.98247
CVE-2021-46247,0.01178,0.65433
CVE-2021-45382,0.97836,0.99901
CVE-2021-44868,0.01412,0.70806
CVE-2021-44730,0.00351,0.27887
CVE-2021-43303,0.02356,0.82535
CVE-2021-43302,0.02179,0.81076
CVE-2021-43301,0.02356,0.82534
CVE-2021-43300,0.02356,0.82535
CVE-2021-43299,0.02493,0.83509
CVE-2021-4134,0.0144,0.71306
CVE-2021-4106,0.00253,0.16523
CVE-2021-39301,0.00441,0.36761
CVE-2021-39300,0.00423,0.35304
CVE-2021-39299,0.00423,0.35304
CVE-2021-39298,0.00445,0.37073
CVE-2021-39297,0.00441,0.36761
CVE-2021-39034,0.01174,0.65319
CVE-2021-3781,0.83913,0.99672
CVE-2021-3773,0.05279,0.91986
CVE-2021-3760,0.00354,0.2828
CVE-2021-3753,0.00364,0.29309
CVE-2021-3752,0.01736,0.7606
CVE-2021-3578,0.01037,0.6149
CVE-2021-3560,0.22193,0.97501
CVE-2021-3557,0.00764,0.52869
CVE-2021-3551,0.00186,0.08224
CVE-2021-3242,0.01227,0.66741
CVE-2021-3155,0.0026,0.17507
CVE-2021-23682,0.02117,0.80533
CVE-2021-22050,0.02316,0.82215
CVE-2014-8597,0.00811,0.54411
CVE-2022-25337,0.01059,0.6215
CVE-2022-25336,0.00707,0.50906
CVE-2022-25335,0.0128,0.67976
CVE-2022-25323,0.03245,0.87424
CVE-2022-25322,0.08346,0.94545
CVE-2022-25321,0.01066,0.62381
CVE-2022-25320,0.00933,0.58248
CVE-2022-25319,0.01327,0.68996
CVE-2022-25318,0.00594,0.46013
CVE-2022-25317,0.00627,0.47591
CVE-2022-25315,0.04821,0.9134
CVE-2022-25314,0.04693,0.91144
CVE-2022-25313,0.03295,0.87625
CVE-2022-25299,0.01433,0.71192
CVE-2022-25298,0.01677,0.7521
CVE-2022-23982,0.01209,0.66258
CVE-2022-23981,0.00631,0.47756
CVE-2022-23647,0.01479,0.72057
CVE-2022-22922,0.01324,0.68916
CVE-2022-21800,0.00521,0.42132
CVE-2022-21215,0.01412,0.70802
CVE-2022-21196,0.03663,0.88835
CVE-2022-21176,0.01053,0.61972
CVE-2022-21143,0.01163,0.65004
CVE-2022-21141,0.0316,0.87068
CVE-2022-0673,0.01021,0.60973
CVE-2022-0672,0.00303,0.22521
CVE-2022-0671,0.01262,0.67546
CVE-2022-0666,0.44259,0.98663
CVE-2022-0664,0.01714,0.75769
CVE-2022-0660,0.06923,0.93624
CVE-2022-0646,0.00342,0.2696
CVE-2022-0631,0.00922,0.57846
CVE-2022-0585,0.02391,0.82782
CVE-2022-0451,0.00998,0.60292
CVE-2022-0138,0.00986,0.59939
CVE-2021-46587,0.02093,0.80319
CVE-2021-46586,0.02093,0.8032
CVE-2021-46585,0.02041,0.79766
CVE-2021-46584,0.02093,0.8032
CVE-2021-46583,0.02113,0.80502
CVE-2021-46582,0.02113,0.80501
CVE-2021-46581,0.02041,0.79762
CVE-2021-46580,0.02041,0.79759
CVE-2021-46579,0.02041,0.79763
CVE-2021-46578,0.02041,0.79763
CVE-2021-46577,0.02041,0.79759
CVE-2021-46576,0.02041,0.79765
CVE-2021-46575,0.0237,0.82623
CVE-2021-46574,0.02041,0.7976
CVE-2021-46573,0.02041,0.7976
CVE-2021-46572,0.02041,0.79758
CVE-2021-46571,0.02041,0.7976
CVE-2021-46570,0.02113,0.805
CVE-2021-46569,0.02041,0.79763
CVE-2021-46568,0.02041,0.79764
CVE-2021-46567,0.02041,0.79763
CVE-2021-46566,0.02041,0.79764
CVE-2021-46565,0.02016,0.79517
CVE-2021-46564,0.02016,0.79517
CVE-2021-46563,0.02016,0.79517
CVE-2021-46562,0.02041,0.79765
CVE-2021-46372,0.00569,0.44781
CVE-2021-46108,0.00809,0.54326
CVE-2021-46082,0.01175,0.65332
CVE-2021-46063,0.02731,0.85042
CVE-2021-46062,0.00767,0.52974
CVE-2021-46037,0.01033,0.61354
CVE-2021-46036,0.03743,0.89068
CVE-2021-45401,0.02502,0.83568
CVE-2021-44968,0.00431,0.35966
CVE-2021-44731,0.00944,0.58604
CVE-2021-41599,0.02223,0.81447
CVE-2021-4120,0.00437,0.36446
CVE-2021-4093,0.00419,0.34897
CVE-2021-4091,0.02014,0.795
CVE-2021-4090,0.00339,0.26567
CVE-2021-3948,0.00564,0.44561
CVE-2021-3947,0.00317,0.241
CVE-2021-3930,0.00338,0.26499
CVE-2021-39026,0.0051,0.41425
CVE-2021-38935,0.01033,0.61366
CVE-2021-3657,0.03459,0.8819
CVE-2021-30650,0.00722,0.51459
CVE-2021-26619,0.00902,0.57232
CVE-2021-26618,0.00997,0.60261
CVE-2021-23702,0.01378,0.70151
CVE-2021-20325,0.01593,0.7395
CVE-2021-20322,0.06846,0.93554
CVE-2021-20321,0.00216,0.11885
CVE-2021-20320,0.0026,0.17499
CVE-2021-20315,0.00196,0.09352
CVE-2020-8242,0.00934,0.58272
CVE-2020-8107,0.00324,0.24928
CVE-2020-25722,0.01606,0.74137
CVE-2020-25719,0.01687,0.75391
CVE-2020-25718,0.01595,0.73973
CVE-2020-25717,0.01625,0.74434
CVE-2016-2124,0.01752,0.76263
CVE-2022-24366,0.02543,0.83856
CVE-2022-24365,0.02543,0.83856
CVE-2022-24364,0.02543,0.83856
CVE-2022-24363,0.02543,0.83855
CVE-2022-24362,0.02543,0.83857
CVE-2022-24361,0.02543,0.83858
CVE-2022-24360,0.02543,0.83858
CVE-2022-24359,0.02543,0.83858
CVE-2022-24358,0.02543,0.83857
CVE-2022-24357,0.02543,0.83856
CVE-2022-24356,0.02341,0.8242
CVE-2022-24355,0.02058,0.79946
CVE-2022-24354,0.01788,0.76756
CVE-2022-24064,0.01848,0.77556
CVE-2022-24063,0.0181,0.77056
CVE-2022-24062,0.01848,0.77555
CVE-2022-24061,0.01538,0.73086
CVE-2022-24060,0.01538,0.73086
CVE-2022-24059,0.01848,0.77555
CVE-2022-24058,0.02913,0.86024
CVE-2022-24057,0.01848,0.77555
CVE-2022-24056,0.01848,0.77555
CVE-2022-24055,0.01538,0.73086
CVE-2022-24052,0.00689,0.50236
CVE-2022-24051,0.00657,0.48931
CVE-2022-24050,0.00644,0.48349
CVE-2022-24049,0.07212,0.9386
CVE-2022-24048,0.00689,0.50235
CVE-2022-24047,0.01895,0.78149
CVE-2022-24046,0.04085,0.89987
CVE-2022-0543,0.99351,0.99937
CVE-2021-46656,0.02293,0.82019
CVE-2021-46655,0.01913,0.78352
CVE-2021-46654,0.01592,0.73942
CVE-2021-46653,0.02087,0.80254
CVE-2021-46652,0.02087,0.80254
CVE-2021-46651,0.01678,0.75228
CVE-2021-46650,0.01678,0.75227
CVE-2021-46649,0.01678,0.75228
CVE-2021-46648,0.02087,0.80254
CVE-2021-46647,0.02087,0.80253
CVE-2021-46646,0.02087,0.80252
CVE-2021-46645,0.02087,0.80252
CVE-2021-46644,0.02087,0.80253
CVE-2021-46643,0.01981,0.79115
CVE-2021-46642,0.01592,0.73942
CVE-2021-46641,0.02087,0.80254
CVE-2021-46640,0.02087,0.80253
CVE-2021-46639,0.02087,0.80252
CVE-2021-46638,0.02068,0.80054
CVE-2021-46637,0.01592,0.73942
CVE-2021-46636,0.01981,0.79115
CVE-2021-46635,0.01981,0.79115
CVE-2021-46634,0.01913,0.78352
CVE-2021-46633,0.02005,0.79416
CVE-2021-46632,0.01612,0.74226
CVE-2021-46631,0.02005,0.79415
CVE-2021-46630,0.01612,0.74226
CVE-2021-46629,0.01612,0.74224
CVE-2021-46628,0.01815,0.77129
CVE-2021-46627,0.02005,0.79415
CVE-2021-46626,0.02005,0.79416
CVE-2021-46625,0.01937,0.78633
CVE-2021-46624,0.01612,0.74225
CVE-2021-46623,0.01815,0.77129
CVE-2021-46622,0.02005,0.79416
CVE-2021-46621,0.01937,0.78633
CVE-2021-46620,0.01612,0.74225
CVE-2021-46619,0.01987,0.7918
CVE-2021-46618,0.01612,0.74225
CVE-2021-46617,0.02005,0.79419
CVE-2021-46616,0.01612,0.74226
CVE-2021-46615,0.01612,0.74226
CVE-2021-46614,0.02005,0.79419
CVE-2021-46613,0.02005,0.79417
CVE-2021-46612,0.01987,0.7918
CVE-2021-46611,0.01619,0.74351
CVE-2021-46610,0.01654,0.74865
CVE-2021-46609,0.02005,0.79417
CVE-2021-46608,0.01521,0.72787
CVE-2021-46607,0.01712,0.7574
CVE-2021-46606,0.02005,0.79416
CVE-2021-46605,0.02113,0.80502
CVE-2021-46604,0.02113,0.80501
CVE-2021-46603,0.02113,0.80502
CVE-2021-46602,0.01804,0.76976
CVE-2021-46601,0.02041,0.79758
CVE-2021-46600,0.01644,0.74729
CVE-2021-46599,0.01603,0.74084
CVE-2021-46598,0.01999,0.79304
CVE-2021-46597,0.02041,0.79757
CVE-2021-46596,0.01699,0.75542
CVE-2021-46595,0.01912,0.78343
CVE-2021-46594,0.01699,0.75541
CVE-2021-46593,0.01699,0.75542
CVE-2021-46592,0.02093,0.8032
CVE-2021-46591,0.02041,0.79761
CVE-2021-46590,0.02041,0.79761
CVE-2021-46589,0.01699,0.75542
CVE-2021-46588,0.02041,0.79759
CVE-2022-25375,0.01054,0.62004
CVE-2022-25372,0.00647,0.48531
CVE-2022-25366,0.00556,0.4412
CVE-2022-25365,0.00845,0.55436
CVE-2022-25358,0.01149,0.64598
CVE-2022-25297,0.01896,0.78161
CVE-2022-25256,0.01172,0.65259
CVE-2022-25137,0.02198,0.8125
CVE-2022-25136,0.02198,0.81249
CVE-2022-25135,0.02934,0.86112
CVE-2022-25134,0.02992,0.86369
CVE-2022-25133,0.02909,0.86006
CVE-2022-25132,0.02909,0.86006
CVE-2022-25131,0.02198,0.81249
CVE-2022-25130,0.02198,0.8125
CVE-2022-24980,0.01201,0.66006
CVE-2022-24979,0.00758,0.5269
CVE-2022-24971,0.027,0.84868
CVE-2022-24553,0.0269,0.84806
CVE-2022-24370,0.01889,0.78065
CVE-2022-24369,0.02543,0.83857
CVE-2022-24368,0.02095,0.8034
CVE-2022-24367,0.02543,0.83857
CVE-2022-24295,0.16571,0.96777
CVE-2022-23984,0.01109,0.63578
CVE-2022-23983,0.00421,0.35157
CVE-2022-23848,0.01211,0.66307
CVE-2022-23650,0.01556,0.73411
CVE-2022-23649,0.00163,0.05743
CVE-2022-23645,0.00404,0.33471
CVE-2022-23642,0.7431,0.99451
CVE-2022-23376,0.00858,0.55917
CVE-2022-23375,0.19872,0.9723
CVE-2022-23228,0.01324,0.68929
CVE-2022-23054,0.00615,0.47047
CVE-2022-23053,0.00615,0.47047
CVE-2022-22308,0.00748,0.52338
CVE-2022-22126,0.00615,0.47047
CVE-2022-0708,0.00804,0.54195
CVE-2022-0692,0.03378,0.87919
CVE-2022-0691,0.0222,0.81429
CVE-2022-0690,0.01105,0.63453
CVE-2022-0689,0.01049,0.61829
CVE-2022-0688,0.00925,0.57942
CVE-2022-0686,0.01827,0.77295
CVE-2022-0685,0.01708,0.75689
CVE-2022-0678,0.02273,0.81842
CVE-2022-0632,0.00813,0.54451
CVE-2022-0630,0.00992,0.60094
CVE-2022-0564,0.01378,0.70143
CVE-2022-0409,0.00942,0.58544
CVE-2022-0313,0.00471,0.38914
CVE-2022-0288,0.02389,0.82773
CVE-2022-0279,0.00494,0.40438
CVE-2022-0255,0.0131,0.68636
CVE-2022-0252,0.00866,0.56163
CVE-2022-0234,0.01752,0.76287
CVE-2022-0228,0.05887,0.9269
CVE-2022-0211,0.00598,0.46198
CVE-2022-0199,0.00471,0.38913
CVE-2022-0186,0.00604,0.46491
CVE-2022-0164,0.00349,0.27739
CVE-2022-0134,0.00645,0.48428
CVE-2021-46701,0.00366,0.29461
CVE-2021-46700,0.0083,0.55005
CVE-2021-46110,0.01141,0.64378
CVE-2021-45083,0.00311,0.23379
CVE-2021-45082,0.00495,0.40508
CVE-2021-45081,0.00911,0.57519
CVE-2021-45008,0.01959,0.78884
CVE-2021-45007,0.00731,0.51758
CVE-2021-44568,0.01794,0.76849
CVE-2021-44302,0.01089,0.6299
CVE-2021-44142,0.73864,0.99439
CVE-2021-44141,0.01088,0.62949
CVE-2021-4208,0.01275,0.67871
CVE-2021-40841,0.01079,0.62706
CVE-2021-40840,0.00483,0.39716
CVE-2021-29656,0.0068,0.49865
CVE-2021-29655,0.00537,0.43096
CVE-2021-27797,0.01347,0.69454
CVE-2021-27796,0.00907,0.57406
CVE-2021-27755,0.00251,0.16308
CVE-2021-27753,0.00251,0.16308
CVE-2021-26256,0.00833,0.55122
CVE-2021-25101,0.00598,0.46205
CVE-2021-25100,0.00866,0.56163
CVE-2021-25099,0.02145,0.80778
CVE-2021-25082,0.05229,0.91928
CVE-2021-25075,0.01364,0.69835
CVE-2021-25069,0.01487,0.72206
CVE-2021-25060,0.006,0.46311
CVE-2021-25058,0.006,0.4631
CVE-2021-25057,0.006,0.46312
CVE-2021-25055,0.0201,0.79472
CVE-2021-24921,0.008,0.54049
CVE-2021-24867,0.18878,0.97083
CVE-2017-0371,0.01568,0.73576
CVE-2016-20013,0.02234,0.81543
CVE-2016-1239,0.01211,0.66308
CVE-2022-25599,0.00405,0.33558
CVE-2022-25331,0.03098,0.86807
CVE-2022-25330,0.05198,0.91887
CVE-2022-25329,0.02688,0.84797
CVE-2022-24680,0.00477,0.39295
CVE-2022-24679,0.00477,0.39294
CVE-2022-24678,0.02335,0.82372
CVE-2022-24671,0.0042,0.3501
CVE-2022-24564,0.00671,0.4951
CVE-2022-24409,0.01108,0.63553
CVE-2022-23655,0.00644,0.48389
CVE-2022-23654,0.00723,0.51489
CVE-2022-23653,0.0021,0.11066
CVE-2022-23652,0.01397,0.70502
CVE-2022-23651,0.00217,0.12006
CVE-2022-23635,0.01664,0.75022
CVE-2022-23612,0.01931,0.78569
CVE-2022-23608,0.04055,0.8992
CVE-2022-23606,0.01016,0.60851
CVE-2022-23043,0.01459,0.71668
CVE-2022-22336,0.01999,0.79302
CVE-2022-22333,0.00585,0.45618
CVE-2022-21705,0.0865,0.94719
CVE-2022-21657,0.00517,0.41921
CVE-2022-21656,0.00672,0.49536
CVE-2022-21655,0.01145,0.6447
CVE-2022-21654,0.01078,0.62676
CVE-2022-21179,0.00472,0.38974
CVE-2022-21142,0.01547,0.73238
CVE-2022-20650,0.1455,0.96386
CVE-2022-20625,0.0326,0.87487
CVE-2022-20624,0.12404,0.95913
CVE-2022-20623,0.11859,0.95794
CVE-2022-0736,0.01575,0.73697
CVE-2022-0731,0.01011,0.60719
CVE-2022-0729,0.01622,0.74374
CVE-2022-0727,0.00678,0.49797
CVE-2022-0726,0.00678,0.49797
CVE-2022-0724,0.01348,0.69471
CVE-2022-0721,0.01397,0.70508
CVE-2022-0719,0.00914,0.57622
CVE-2022-0717,0.00921,0.578
CVE-2022-0714,0.12272,0.95889
CVE-2022-0713,0.00975,0.59606
CVE-2022-0712,0.00951,0.58822
CVE-2022-0696,0.01452,0.7154
CVE-2022-0695,0.00956,0.5895
CVE-2022-0676,0.01178,0.65445
CVE-2022-0665,0.01506,0.72551
CVE-2022-0654,0.01423,0.7101
CVE-2022-0563,0.00427,0.35583
CVE-2022-0476,0.01005,0.60517
CVE-2021-46699,0.01454,0.7158
CVE-2021-46162,0.01293,0.68271
CVE-2021-45746,0.0151,0.72628
CVE-2021-44967,0.13502,0.96165
CVE-2021-44610,0.01374,0.70065
CVE-2021-44608,0.00487,0.39962
CVE-2021-44607,0.00487,0.39962
CVE-2021-44567,0.23084,0.97593
CVE-2021-44566,0.00712,0.51077
CVE-2021-44565,0.0073,0.51714
CVE-2021-44550,0.01269,0.67731
CVE-2021-43943,0.00428,0.3571
CVE-2021-43826,0.01062,0.62231
CVE-2021-43825,0.00877,0.5651
CVE-2021-43824,0.01062,0.62231
CVE-2021-43724,0.00494,0.40424
CVE-2021-4115,0.0053,0.42661
CVE-2021-4070,0.00858,0.559
CVE-2021-4030,0.00439,0.36662
CVE-2021-4029,0.00748,0.52331
CVE-2021-35689,0.02117,0.80529
CVE-2021-26092,0.01077,0.6266
CVE-2021-25636,0.00954,0.58896
CVE-2020-27467,0.15737,0.96617
CVE-2019-25058,0.00378,0.30761
CVE-2022-25838,0.00946,0.58672
CVE-2022-25809,0.0326,0.87488
CVE-2022-25643,0.02108,0.80457
CVE-2022-25640,0.01352,0.69581
CVE-2022-25638,0.00628,0.47645
CVE-2022-25636,0.02633,0.84458
CVE-2022-25418,0.01761,0.76397
CVE-2022-25417,0.01761,0.76397
CVE-2022-25414,0.10439,0.95406
CVE-2022-25406,0.01029,0.61253
CVE-2022-25405,0.01029,0.61253
CVE-2022-25404,0.01029,0.61253
CVE-2022-25403,0.01575,0.73691
CVE-2022-25402,0.01609,0.74183
CVE-2022-25401,0.02255,0.81708
CVE-2022-25363,0.00895,0.57037
CVE-2022-25360,0.01314,0.68704
CVE-2022-25355,0.01156,0.64802
CVE-2022-25293,0.02109,0.80467
CVE-2022-25292,0.02109,0.80467
CVE-2022-25291,0.01804,0.7698
CVE-2022-25290,0.00699,0.50613
CVE-2022-25104,0.01135,0.64206
CVE-2022-25101,0.01224,0.6666
CVE-2022-25099,0.01224,0.66661
CVE-2022-25098,0.00987,0.5995
CVE-2022-25084,0.24845,0.97742
CVE-2022-25083,0.03128,0.86935
CVE-2022-25082,0.15673,0.96602
CVE-2022-25081,0.03128,0.86935
CVE-2022-25080,0.03189,0.87184
CVE-2022-25079,0.03189,0.87183
CVE-2022-25078,0.03189,0.87183
CVE-2022-25077,0.32552,0.98213
CVE-2022-25076,0.03189,0.87183
CVE-2022-25075,0.56248,0.98977
CVE-2022-25074,0.13034,0.96058
CVE-2022-25073,0.13034,0.96058
CVE-2022-25072,0.13034,0.96059
CVE-2022-25003,0.01638,0.74644
CVE-2022-24708,0.00552,0.43938
CVE-2022-24707,0.07159,0.93821
CVE-2022-24687,0.01387,0.70319
CVE-2022-24633,0.00815,0.54518
CVE-2022-24620,0.00545,0.43535
CVE-2022-24615,0.00709,0.50976
CVE-2022-24614,0.00728,0.51654
CVE-2022-24613,0.00781,0.53418
CVE-2022-24610,0.0096,0.59052
CVE-2022-24599,0.01734,0.76022
CVE-2022-24582,0.00547,0.43644
CVE-2022-24566,0.00572,0.44933
CVE-2022-24565,0.00632,0.47802
CVE-2022-24435,0.00946,0.5868
CVE-2022-24407,0.04123,0.90067
CVE-2022-24374,0.00905,0.57343
CVE-2022-24232,0.01526,0.72877
CVE-2022-23986,0.0169,0.7543
CVE-2022-23922,0.00211,0.11329
CVE-2022-23916,0.00774,0.53213
CVE-2022-23810,0.01116,0.6374
CVE-2022-23176,0.12692,0.9597
CVE-2022-23135,0.01396,0.70488
CVE-2022-23104,0.00211,0.11329
CVE-2022-22794,0.01033,0.61406
CVE-2022-22793,0.00695,0.50461
CVE-2022-22349,0.01,0.60372
CVE-2022-21824,0.21514,0.9744
CVE-2022-0732,0.02508,0.83617
CVE-2022-0710,0.02416,0.8297
CVE-2022-0683,0.03243,0.87415
CVE-2022-0653,0.02703,0.8488
CVE-2022-0651,0.32212,0.98193
CVE-2022-0546,0.01174,0.65301
CVE-2022-0545,0.01164,0.65033
CVE-2022-0544,0.01153,0.64716
CVE-2021-44663,0.0399,0.89773
CVE-2021-44662,0.01079,0.62691
CVE-2021-44533,0.09358,0.95026
CVE-2021-44532,0.10364,0.95384
CVE-2021-44531,0.08373,0.94559
CVE-2021-4021,0.01046,0.61752
CVE-2021-39038,0.007,0.50626
CVE-2021-38995,0.00233,0.14064
CVE-2021-38994,0.00233,0.14064
CVE-2021-3700,0.00314,0.23721
CVE-2021-3610,0.02762,0.85243
CVE-2021-3608,0.00363,0.29214
CVE-2021-3607,0.00299,0.22107
CVE-2021-3596,0.01894,0.78131
CVE-2021-26252,0.00959,0.59025
CVE-2020-14504,0.01266,0.6766
CVE-2020-14502,0.01008,0.60613
CVE-2020-14481,0.00163,0.05766
CVE-2020-14480,0.00273,0.19271
CVE-2020-14478,0.00336,0.26275
CVE-2020-10640,0.03107,0.86839
CVE-2020-10636,0.00278,0.19803
CVE-2020-10635,0.00342,0.26971
CVE-2020-10632,0.00473,0.39023
CVE-2022-25374,0.00964,0.59198
CVE-2022-25328,0.00202,0.10165
CVE-2022-25327,0.00112,0.01479
CVE-2022-25326,0.00131,0.02976
CVE-2022-25307,0.01378,0.70146
CVE-2022-25306,0.01378,0.70146
CVE-2022-25305,0.78905,0.99562
CVE-2022-25264,0.00964,0.59199
CVE-2022-25263,0.02027,0.7963
CVE-2022-25262,0.0144,0.71313
CVE-2022-25261,0.00568,0.44737
CVE-2022-25260,0.02391,0.82784
CVE-2022-25259,0.00568,0.44737
CVE-2022-25170,0.00973,0.59577
CVE-2022-25149,0.77956,0.99539
CVE-2022-25148,0.8093,0.996
CVE-2022-25064,0.36473,0.98376
CVE-2022-25062,0.03503,0.8834
CVE-2022-25061,0.58701,0.99036
CVE-2022-25060,0.4015,0.98532
CVE-2022-25004,0.01638,0.74643
CVE-2022-24948,0.02251,0.81676
CVE-2022-24947,0.0116,0.64887
CVE-2022-24709,0.00692,0.50352
CVE-2022-24612,0.00558,0.44259
CVE-2022-24594,0.00817,0.54603
CVE-2022-24442,0.03683,0.8889
CVE-2022-24347,0.00562,0.44467
CVE-2022-24346,0.00437,0.36445
CVE-2022-24345,0.00386,0.3166
CVE-2022-24344,0.00562,0.44467
CVE-2022-24343,0.00631,0.4779
CVE-2022-24342,0.03252,0.87454
CVE-2022-24341,0.00764,0.5287
CVE-2022-24340,0.01027,0.6119
CVE-2022-24339,0.0045,0.37458
CVE-2022-24338,0.00568,0.44738
CVE-2022-24337,0.00682,0.49954
CVE-2022-24336,0.00723,0.51482
CVE-2022-24335,0.00695,0.50449
CVE-2022-24334,0.00692,0.50357
CVE-2022-24333,0.00682,0.49954
CVE-2022-24332,0.00656,0.48903
CVE-2022-24331,0.01146,0.64502
CVE-2022-24330,0.00609,0.46706
CVE-2022-24329,0.02212,0.81364
CVE-2022-24328,0.00819,0.54689
CVE-2022-24327,0.00913,0.57592
CVE-2022-24288,0.7788,0.99536
CVE-2022-23985,0.01952,0.78814
CVE-2022-23921,0.00209,0.11009
CVE-2022-23835,0.01428,0.71103
CVE-2022-23701,0.00685,0.50105
CVE-2022-21798,0.00612,0.46892
CVE-2022-21209,0.01952,0.78813
CVE-2022-0746,0.00882,0.56639
CVE-2022-0615,0.00833,0.55124
CVE-2022-0247,0.00082,0.00242
CVE-2021-45977,0.01083,0.62833
CVE-2021-45229,0.02601,0.84245
CVE-2021-44665,0.07685,0.9416
CVE-2021-44664,0.12782,0.9599
CVE-2021-44132,0.0305,0.86606
CVE-2021-43745,0.0028,0.20087
CVE-2021-42952,0.01571,0.73635
CVE-2021-42244,0.00621,0.47311
CVE-2021-40046,0.00741,0.52102
CVE-2021-40043,0.0039,0.32028
CVE-2021-39364,0.01047,0.61806
CVE-2021-39363,0.01418,0.70909
CVE-2021-38993,0.00217,0.12022
CVE-2021-37504,0.00867,0.56169
CVE-2021-37103,0.00152,0.04662
CVE-2021-37027,0.00675,0.49675
CVE-2021-34361,0.00689,0.50245
CVE-2021-34359,0.00623,0.47416
CVE-2021-29220,0.02109,0.80471
CVE-2021-29217,0.00727,0.51612
CVE-2021-29216,0.00565,0.44606
CVE-2021-26617,0.01269,0.67715
CVE-2021-23495,0.00884,0.56699
CVE-2021-22489,0.00675,0.49675
CVE-2021-22480,0.00741,0.52103
CVE-2021-22479,0.00151,0.04621
CVE-2021-22478,0.00166,0.06153
CVE-2021-22448,0.00739,0.52033
CVE-2021-22441,0.00151,0.04621
CVE-2021-22437,0.00158,0.0528
CVE-2021-22434,0.00898,0.57103
CVE-2021-22433,0.00873,0.56397
CVE-2021-22432,0.00894,0.56989
CVE-2021-22431,0.00763,0.52852
CVE-2021-22430,0.00854,0.55766
CVE-2021-22429,0.00894,0.56989
CVE-2021-22426,0.00873,0.56397
CVE-2021-22395,0.00679,0.49836
CVE-2021-22394,0.00843,0.55387
CVE-2021-22319,0.00694,0.50414
CVE-2022-26315,0.01215,0.66421
CVE-2022-26181,0.00882,0.56648
CVE-2022-26159,0.13372,0.96135
CVE-2022-26158,0.00724,0.51523
CVE-2022-26157,0.00561,0.44378
CVE-2022-26156,0.00724,0.51523
CVE-2022-26155,0.00678,0.49792
CVE-2022-26149,0.09314,0.95009
CVE-2022-26146,0.00455,0.37849
CVE-2022-25642,0.01489,0.72251
CVE-2022-25359,0.37295,0.98414
CVE-2022-25096,0.02101,0.80398
CVE-2022-25095,0.01373,0.70017
CVE-2022-25094,0.23261,0.97607
CVE-2022-25023,0.01195,0.65851
CVE-2022-25015,0.00688,0.50216
CVE-2022-25014,0.00716,0.51244
CVE-2022-25013,0.00716,0.51242
CVE-2022-24986,0.00253,0.1653
CVE-2022-24712,0.00565,0.44649
CVE-2022-24711,0.01173,0.65261
CVE-2022-24710,0.00753,0.52498
CVE-2022-24685,0.01548,0.73248
CVE-2022-24572,0.00641,0.48199
CVE-2022-24571,0.01638,0.74643
CVE-2022-23988,0.02231,0.8151
CVE-2022-23987,0.00598,0.46204
CVE-2022-23912,0.00866,0.56165
CVE-2022-23911,0.01467,0.71858
CVE-2022-23308,0.0601,0.92813
CVE-2022-22908,0.00278,0.19866
CVE-2022-21706,0.01206,0.66143
CVE-2022-0772,0.00622,0.47392
CVE-2022-0768,0.01642,0.74699
CVE-2022-0764,0.00734,0.51881
CVE-2022-0763,0.00622,0.47392
CVE-2022-0762,0.00654,0.48801
CVE-2022-0723,0.00902,0.57236
CVE-2022-0412,0.73998,0.99443
CVE-2022-0411,0.01517,0.72739
CVE-2022-0385,0.01396,0.70478
CVE-2022-0383,0.01467,0.71858
CVE-2022-0377,0.03205,0.87248
CVE-2022-0360,0.00647,0.48497
CVE-2022-0345,0.00429,0.35794
CVE-2022-0328,0.00471,0.38914
CVE-2022-0189,0.02228,0.81491
CVE-2022-0150,0.01718,0.75819
CVE-2021-46702,0.00393,0.32294
CVE-2021-45414,0.03499,0.88329
CVE-2021-44342,0.0073,0.51739
CVE-2021-44340,0.0073,0.5174
CVE-2021-44339,0.0073,0.51739
CVE-2021-44334,0.0073,0.51742
CVE-2021-44331,0.00897,0.57089
CVE-2021-43945,0.00575,0.45107
CVE-2021-43086,0.01248,0.67253
CVE-2021-4222,0.0081,0.54389
CVE-2021-41112,0.00749,0.52366
CVE-2021-41111,0.00555,0.44062
CVE-2021-3967,0.00838,0.55251
CVE-2021-25118,0.05632,0.92398
CVE-2021-25112,0.02187,0.81135
CVE-2021-25081,0.00575,0.45114
CVE-2021-25042,0.00524,0.42368
CVE-2021-25034,0.008,0.54044
CVE-2021-25011,0.00426,0.35523
CVE-2021-25010,0.00612,0.46859
CVE-2021-24994,0.01232,0.66866
CVE-2021-24977,0.01492,0.72295
CVE-2021-24971,0.006,0.4631
CVE-2021-24933,0.006,0.4631
CVE-2021-24920,0.00647,0.48498
CVE-2021-24913,0.00471,0.38914
CVE-2021-24903,0.00598,0.46198
CVE-2021-24901,0.05063,0.91709
CVE-2021-24898,0.00598,0.46203
CVE-2021-24864,0.01221,0.66562
CVE-2021-24823,0.0055,0.43849
CVE-2021-24820,0.03047,0.86599
CVE-2021-24803,0.00628,0.47627
CVE-2021-24730,0.00344,0.27158
CVE-2021-24704,0.00618,0.47186
CVE-2021-24689,0.0132,0.68826
CVE-2021-24688,0.00433,0.36102
CVE-2021-21708,0.03002,0.86415
CVE-2020-36516,0.00672,0.49543
CVE-2020-36510,0.0259,0.84182
CVE-2020-27958,0.01052,0.61945
CVE-2020-22845,0.0125,0.67286
CVE-2020-22844,0.01233,0.66869
CVE-2022-26332,0.00693,0.50386
CVE-2022-25634,0.0196,0.78892
CVE-2022-25413,0.00493,0.40328
CVE-2022-25412,0.01059,0.62132
CVE-2022-25411,0.02972,0.8628
CVE-2022-25410,0.00493,0.40328
CVE-2022-25409,0.00487,0.39963
CVE-2022-25408,0.00489,0.40132
CVE-2022-25407,0.00487,0.39963
CVE-2022-25051,0.0077,0.53081
CVE-2022-25050,0.00833,0.55108
CVE-2022-25028,0.00641,0.482
CVE-2022-25022,0.01134,0.64199
CVE-2022-25020,0.01194,0.65823
CVE-2022-25018,0.02708,0.84906
CVE-2022-25016,0.02015,0.79511
CVE-2022-25012,0.00306,0.22775
CVE-2022-25010,0.01001,0.60389
CVE-2022-24720,0.02686,0.84789
CVE-2022-24719,0.00835,0.55158
CVE-2022-24718,0.0113,0.64108
CVE-2022-24717,0.00866,0.56142
CVE-2022-24447,0.00807,0.54294
CVE-2022-24446,0.00939,0.58448
CVE-2022-24306,0.0238,0.82695
CVE-2022-24305,0.02588,0.84156
CVE-2022-24255,0.01376,0.70106
CVE-2022-24254,0.026,0.84238
CVE-2022-24253,0.01304,0.68499
CVE-2022-24252,0.02333,0.82344
CVE-2022-24251,0.0134,0.69315
CVE-2022-23907,0.00641,0.4824
CVE-2022-23906,0.02229,0.81493
CVE-2022-23878,0.022,0.8126
CVE-2022-23779,0.1514,0.96487
CVE-2022-23656,0.00584,0.45581
CVE-2022-23640,0.01275,0.67884
CVE-2022-23395,0.0114,0.64354
CVE-2022-23387,0.01214,0.66377
CVE-2022-23380,0.0097,0.59443
CVE-2022-23377,0.02173,0.81023
CVE-2022-22944,0.00461,0.38183
CVE-2022-22350,0.00217,0.12022
CVE-2022-22321,0.00163,0.05797
CVE-2022-22303,0.00213,0.1152
CVE-2022-22301,0.00286,0.20672
CVE-2022-22300,0.00911,0.5753
CVE-2022-22262,0.00257,0.17079
CVE-2022-0829,0.01295,0.68316
CVE-2022-0824,0.96977,0.99886
CVE-2022-0819,0.4101,0.98557
CVE-2022-0777,0.01241,0.67052
CVE-2022-0776,0.03679,0.88879
CVE-2022-0743,0.01364,0.6983
CVE-2022-0675,0.00918,0.57727
CVE-2022-0577,0.01263,0.67596
CVE-2021-46387,0.21028,0.97394
CVE-2021-45864,0.00671,0.49508
CVE-2021-45863,0.00729,0.51712
CVE-2021-45861,0.00671,0.49507
CVE-2021-45860,0.00671,0.49507
CVE-2021-44962,0.00922,0.57831
CVE-2021-44961,0.00709,0.50996
CVE-2021-44747,0.00634,0.47931
CVE-2021-44238,0.01887,0.7804
CVE-2021-44166,0.00646,0.48476
CVE-2021-43619,0.0042,0.34963
CVE-2021-43077,0.0081,0.5439
CVE-2021-43075,0.01623,0.74402
CVE-2021-43070,0.00556,0.44123
CVE-2021-42951,0.01571,0.73635
CVE-2021-42767,0.01529,0.72916
CVE-2021-41652,0.0107,0.62476
CVE-2021-41282,0.87113,0.99735
CVE-2021-41193,0.02466,0.83329
CVE-2021-4039,0.71048,0.99357
CVE-2021-38996,0.00217,0.12022
CVE-2021-38986,0.00466,0.38505
CVE-2021-38955,0.00215,0.11744
CVE-2021-38268,0.00777,0.53294
CVE-2021-36171,0.01154,0.64744
CVE-2021-36166,0.01472,0.71938
CVE-2021-35036,0.0049,0.40185
CVE-2021-32586,0.01055,0.62016
CVE-2020-4925,0.00229,0.13474
CVE-2020-15936,0.00651,0.48703
CVE-2020-12775,0.02801,0.85463
CVE-2022-26171,0.01275,0.67874
CVE-2022-26170,0.01275,0.67874
CVE-2022-26169,0.01275,0.67875
CVE-2022-26129,0.01014,0.60786
CVE-2022-26128,0.00981,0.59801
CVE-2022-26127,0.01014,0.60787
CVE-2022-26126,0.01085,0.6289
CVE-2022-26125,0.01007,0.60578
CVE-2022-25471,0.00844,0.55423
CVE-2022-25399,0.01239,0.67001
CVE-2022-25398,0.01239,0.67001
CVE-2022-25396,0.01239,0.67001
CVE-2022-25395,0.01037,0.61503
CVE-2022-25394,0.01537,0.73071
CVE-2022-25393,0.01214,0.66391
CVE-2022-25146,0.00452,0.37631
CVE-2022-25138,0.00602,0.46409
CVE-2022-25125,0.06981,0.93671
CVE-2022-25115,0.01615,0.74272
CVE-2022-25114,0.00751,0.52437
CVE-2022-25089,0.18377,0.97019
CVE-2022-25045,0.01307,0.68561
CVE-2022-25031,0.00251,0.16276
CVE-2022-24724,0.0451,0.90825
CVE-2022-24723,0.01995,0.79271
CVE-2022-24722,0.01092,0.63044
CVE-2022-24573,0.00617,0.47128
CVE-2022-24563,0.0088,0.56597
CVE-2022-23958,0.00256,0.1703
CVE-2022-23957,0.00256,0.1703
CVE-2022-23956,0.00256,0.17029
CVE-2022-23955,0.00256,0.1703
CVE-2022-23954,0.00256,0.1703
CVE-2022-23953,0.00256,0.17031
CVE-2022-23899,0.0108,0.6274
CVE-2022-23898,0.07734,0.94192
CVE-2022-23849,0.00252,0.16488
CVE-2022-23648,0.27392,0.97918
CVE-2022-22909,0.45434,0.987
CVE-2022-22706,0.01095,0.63178
CVE-2022-22700,0.01115,0.63722
CVE-2022-21716,0.0351,0.88363
CVE-2022-0841,0.02513,0.83653
CVE-2022-0753,0.00834,0.55127
CVE-2022-0711,0.16563,0.96775
CVE-2022-0528,0.00997,0.60284
CVE-2022-0492,0.05528,0.92251
CVE-2021-46270,0.00641,0.48212
CVE-2021-45819,0.00214,0.11701
CVE-2021-45074,0.00633,0.4786
CVE-2021-44343,0.0073,0.51738
CVE-2021-44335,0.0073,0.51738
CVE-2021-43774,0.00685,0.5011
CVE-2021-42950,0.01571,0.73635
CVE-2021-41003,0.00788,0.53647
CVE-2021-41002,0.00981,0.59778
CVE-2021-41001,0.02668,0.84677
CVE-2021-41000,0.02596,0.84217
CVE-2021-4076,0.01564,0.7352
CVE-2021-40637,0.00786,0.5358
CVE-2021-40636,0.0128,0.67983
CVE-2021-40635,0.0128,0.67982
CVE-2021-4002,0.00515,0.41798
CVE-2021-38578,0.01011,0.60709
CVE-2021-38269,0.00585,0.45583
CVE-2021-38267,0.00585,0.45582
CVE-2021-38266,0.01742,0.76141
CVE-2021-38265,0.00585,0.45583
CVE-2021-38264,0.00728,0.51668
CVE-2021-38263,0.00881,0.56623
CVE-2021-3772,0.0124,0.67039
CVE-2021-3762,0.04815,0.91333
CVE-2021-3738,0.01918,0.78415
CVE-2021-3716,0.00582,0.45455
CVE-2021-3715,0.00353,0.28143
CVE-2021-3677,0.01442,0.7135
CVE-2021-3667,0.01366,0.69887
CVE-2021-3658,0.00795,0.53889
CVE-2021-3654,0.26792,0.97882
CVE-2021-3631,0.00493,0.40373
CVE-2021-3623,0.00321,0.24488
CVE-2021-3620,0.0039,0.3208
CVE-2021-3609,0.00431,0.35981
CVE-2021-3602,0.00327,0.25187
CVE-2021-23222,0.01501,0.72459
CVE-2021-23206,0.01481,0.72098
CVE-2021-23192,0.01953,0.78819
CVE-2021-23191,0.011,0.63334
CVE-2021-23180,0.01354,0.69631
CVE-2022-26505,0.01603,0.74084
CVE-2022-26496,0.03592,0.88607
CVE-2022-26495,0.02835,0.85645
CVE-2022-26490,0.00432,0.36068
CVE-2022-26484,0.02667,0.84672
CVE-2022-26483,0.00447,0.37287
CVE-2022-26336,0.0152,0.72778
CVE-2022-26318,0.78157,0.99542
CVE-2022-26201,0.01495,0.72336
CVE-2022-25623,0.00281,0.20157
CVE-2022-25465,0.0073,0.5174
CVE-2022-25312,0.02858,0.85756
CVE-2022-25220,0.00557,0.44176
CVE-2022-25106,0.08588,0.94683
CVE-2022-25069,0.01961,0.78898
CVE-2022-25044,0.00877,0.565
CVE-2022-24921,0.03255,0.87468
CVE-2022-24725,0.00499,0.40752
CVE-2022-23915,0.03787,0.89201
CVE-2022-23729,0.00112,0.01485
CVE-2022-23710,0.00771,0.53114
CVE-2022-23709,0.00552,0.43943
CVE-2022-23708,0.00924,0.57904
CVE-2022-23397,0.01028,0.61213
CVE-2022-23328,0.01373,0.70018
CVE-2022-23327,0.01373,0.70018
CVE-2022-23233,0.0093,0.58125
CVE-2022-23232,0.00765,0.52898
CVE-2022-23052,0.00445,0.37095
CVE-2022-23051,0.00524,0.42341
CVE-2022-22947,0.98253,0.99911
CVE-2022-22946,0.04846,0.91386
CVE-2022-22943,0.01264,0.67621
CVE-2022-21828,0.03965,0.89709
CVE-2022-0869,0.02642,0.84504
CVE-2022-0868,0.00719,0.51327
CVE-2022-0855,0.00988,0.60008
CVE-2022-0849,0.0066,0.49078
CVE-2022-0848,0.35436,0.98333
CVE-2022-0845,0.0098,0.59759
CVE-2022-0839,0.02967,0.86258
CVE-2022-0838,0.01094,0.63089
CVE-2022-0832,0.6662,0.9923
CVE-2022-0831,0.01286,0.68117
CVE-2022-0767,0.00985,0.599
CVE-2022-0766,0.01315,0.68732
CVE-2022-0752,0.00967,0.59351
CVE-2022-0730,0.03499,0.88329
CVE-2022-0697,0.00628,0.47623
CVE-2022-0265,0.02792,0.85409
CVE-2021-46704,0.21901,0.97475
CVE-2021-46703,0.01861,0.77733
CVE-2021-46394,0.02738,0.85093
CVE-2021-46393,0.15916,0.96651
CVE-2021-46384,0.02218,0.8141
CVE-2021-46382,0.0073,0.51744
CVE-2021-46381,0.57984,0.99019
CVE-2021-46379,0.15701,0.96609
CVE-2021-46378,0.31863,0.98173
CVE-2021-46353,0.0217,0.80995
CVE-2021-44827,0.53956,0.98925
CVE-2021-44749,0.00817,0.54592
CVE-2021-44748,0.00546,0.43599
CVE-2021-44321,0.00315,0.23879
CVE-2021-43590,0.00151,0.04595
CVE-2021-43393,0.0015,0.04544
CVE-2021-43392,0.00164,0.05929
CVE-2021-40846,0.00685,0.50078
CVE-2021-3744,0.00533,0.42878
CVE-2021-3743,0.0072,0.5138
CVE-2021-3737,0.11586,0.95725
CVE-2021-3656,0.00658,0.48986
CVE-2021-3640,0.0037,0.29899
CVE-2021-3638,0.00429,0.3577
CVE-2021-3575,0.01536,0.73055
CVE-2021-3428,0.00301,0.2228
CVE-2021-32008,0.00996,0.60248
CVE-2021-27757,0.00582,0.45472
CVE-2021-27756,0.00566,0.4467
CVE-2021-26948,0.00839,0.55299
CVE-2021-26259,0.01215,0.66414
CVE-2021-24825,0.00442,0.36857
CVE-2021-24824,0.00794,0.53854
CVE-2021-24821,0.00604,0.46491
CVE-2021-24810,0.00598,0.46207
CVE-2021-24778,0.01275,0.67871
CVE-2021-24777,0.01301,0.68442
CVE-2021-24216,0.01713,0.75759
CVE-2021-23214,0.01901,0.78217
CVE-2021-20319,0.00523,0.42306
CVE-2021-20303,0.00822,0.54763
CVE-2021-20302,0.00911,0.57505
CVE-2021-20300,0.0089,0.56834
CVE-2020-18327,0.00866,0.56164
CVE-2020-18326,0.02243,0.81618
CVE-2020-18325,0.01644,0.74726
CVE-2020-18324,0.02166,0.80962
CVE-2022-26337,0.00682,0.49967
CVE-2022-26319,0.00284,0.2046
CVE-2022-26317,0.00956,0.58945
CVE-2022-26314,0.01488,0.72216
CVE-2022-26313,0.00968,0.59393
CVE-2022-25943,0.00716,0.51219
CVE-2022-25311,0.00526,0.42496
CVE-2022-24739,0.00912,0.57539
CVE-2022-24738,0.01068,0.62426
CVE-2022-24737,0.0165,0.74821
CVE-2022-24716,0.89378,0.99772
CVE-2022-24715,0.1467,0.96411
CVE-2022-24714,0.01227,0.66732
CVE-2022-24713,0.1446,0.96369
CVE-2022-24661,0.00814,0.54478
CVE-2022-24408,0.0021,0.11061
CVE-2022-24309,0.006,0.46305
CVE-2022-24282,0.0143,0.71138
CVE-2022-24281,0.03489,0.88298
CVE-2022-23287,0.00577,0.45185
CVE-2022-23286,0.04304,0.90441
CVE-2022-23285,0.25628,0.97806
CVE-2022-23284,0.03166,0.87092
CVE-2022-23283,0.00386,0.3161
CVE-2022-23282,0.02412,0.82936
CVE-2022-23281,0.01133,0.64173
CVE-2022-23278,0.01892,0.78114
CVE-2022-23277,0.40028,0.98526
CVE-2022-23266,0.01079,0.62698
CVE-2022-23265,0.0283,0.85617
CVE-2022-23253,0.56376,0.98981
CVE-2022-22351,0.01193,0.65804
CVE-2022-22010,0.02627,0.84407
CVE-2022-22007,0.02285,0.81946
CVE-2022-22006,0.02285,0.81945
CVE-2022-21990,0.18842,0.97077
CVE-2022-21977,0.02527,0.83749
CVE-2022-21975,0.00468,0.3867
CVE-2022-21973,0.00671,0.49516
CVE-2022-21967,0.00681,0.49913
CVE-2022-0896,0.0141,0.70749
CVE-2022-0881,0.01091,0.63036
CVE-2022-0877,0.00782,0.53462
CVE-2022-0756,0.00619,0.47203
CVE-2022-0755,0.00661,0.49115
CVE-2022-0754,0.00824,0.54814
CVE-2022-0535,0.01262,0.67565
CVE-2022-0533,0.01809,0.77041
CVE-2022-0482,0.43746,0.98647
CVE-2022-0448,0.05725,0.92499
CVE-2022-0445,0.00531,0.42787
CVE-2022-0442,0.00654,0.48815
CVE-2022-0441,0.85334,0.99701
CVE-2022-0440,0.01442,0.71352
CVE-2022-0439,0.04156,0.90144
CVE-2022-0434,0.14783,0.9643
CVE-2022-0429,0.01157,0.64824
CVE-2022-0426,0.00649,0.48634
CVE-2022-0422,0.0812,0.9442
CVE-2022-0420,0.01484,0.72158
CVE-2022-0410,0.01318,0.68792
CVE-2022-0389,0.00598,0.46201
CVE-2022-0384,0.01005,0.60539
CVE-2022-0349,0.34359,0.98292
CVE-2022-0347,0.008,0.54055
CVE-2022-0267,0.01275,0.6787
CVE-2022-0205,0.00604,0.46496
CVE-2022-0163,0.00988,0.60025
CVE-2021-44478,0.00761,0.5279
CVE-2021-43944,0.02311,0.82171
CVE-2021-42020,0.00985,0.59886
CVE-2021-42019,0.00924,0.57932
CVE-2021-42018,0.01021,0.6097
CVE-2021-42017,0.00472,0.38972
CVE-2021-42016,0.00627,0.47588
CVE-2021-4199,0.0077,0.53069
CVE-2021-4198,0.00566,0.44671
CVE-2021-41543,0.00747,0.52315
CVE-2021-41542,0.00562,0.44464
CVE-2021-41541,0.00562,0.44464
CVE-2021-41241,0.0085,0.55611
CVE-2021-41239,0.01133,0.64167
CVE-2021-41181,0.00309,0.23166
CVE-2021-41180,0.01042,0.6166
CVE-2021-38989,0.0022,0.12427
CVE-2021-38988,0.0022,0.12428
CVE-2021-37209,0.00378,0.30709
CVE-2021-37208,0.00535,0.42988
CVE-2021-36809,0.0023,0.13699
CVE-2021-36777,0.0091,0.57478
CVE-2021-25098,0.00531,0.42787
CVE-2021-25087,0.01516,0.72729
CVE-2021-25039,0.008,0.54045
CVE-2021-25038,0.008,0.54045
CVE-2021-25009,0.01198,0.65924
CVE-2021-24961,0.00782,0.53444
CVE-2021-24960,0.00782,0.53444
CVE-2021-24953,0.008,0.54051
CVE-2021-24952,0.01318,0.68793
CVE-2021-24826,0.00604,0.46491
CVE-2022-24919,0.01222,0.66583
CVE-2022-24918,0.01161,0.64909
CVE-2022-24917,0.01222,0.66583
CVE-2022-24753,0.00334,0.26036
CVE-2022-24748,0.00759,0.52696
CVE-2022-24747,0.01097,0.63276
CVE-2022-24746,0.00844,0.55412
CVE-2022-24745,0.00532,0.42839
CVE-2022-24744,0.00485,0.39808
CVE-2022-24741,0.01606,0.74135
CVE-2022-24734,0.77827,0.99535
CVE-2022-24732,0.00409,0.3396
CVE-2022-24526,0.01608,0.74168
CVE-2022-24525,0.00441,0.36757
CVE-2022-24522,0.02306,0.82128
CVE-2022-24520,0.02416,0.82971
CVE-2022-24519,0.02826,0.85597
CVE-2022-24518,0.02826,0.85596
CVE-2022-24517,0.02416,0.82971
CVE-2022-24515,0.02846,0.857
CVE-2022-24512,0.01608,0.74175
CVE-2022-24511,0.011,0.63322
CVE-2022-24510,0.02968,0.86264
CVE-2022-24509,0.02968,0.86264
CVE-2022-24508,0.02547,0.83879
CVE-2022-24507,0.03867,0.89435
CVE-2022-24506,0.02826,0.85597
CVE-2022-24505,0.00357,0.28556
CVE-2022-24503,0.02437,0.83122
CVE-2022-24502,0.33063,0.98238
CVE-2022-24501,0.02592,0.84197
CVE-2022-24471,0.02416,0.8297
CVE-2022-24470,0.02416,0.82972
CVE-2022-24469,0.02789,0.85395
CVE-2022-24468,0.02416,0.82971
CVE-2022-24467,0.02416,0.82971
CVE-2022-24465,0.00721,0.51429
CVE-2022-24464,0.03551,0.88478
CVE-2022-24463,0.3179,0.98169
CVE-2022-24462,0.02024,0.79595
CVE-2022-24461,0.02968,0.86263
CVE-2022-24460,0.0201,0.79463
CVE-2022-24459,0.00641,0.48192
CVE-2022-24457,0.02276,0.81876
CVE-2022-24456,0.02285,0.81946
CVE-2022-24455,0.00925,0.57956
CVE-2022-24454,0.00625,0.47526
CVE-2022-24453,0.02285,0.81945
CVE-2022-24452,0.02285,0.81945
CVE-2022-24451,0.02276,0.81877
CVE-2022-24349,0.01222,0.66584
CVE-2022-24323,0.0086,0.55966
CVE-2022-24322,0.00644,0.48355
CVE-2022-23301,0.02285,0.81945
CVE-2022-23300,0.02258,0.81727
CVE-2022-23299,0.07618,0.94121
CVE-2022-23298,0.00577,0.45185
CVE-2022-23297,0.00788,0.53651
CVE-2022-23296,0.00666,0.493
CVE-2022-23295,0.02258,0.81726
CVE-2022-23294,0.02296,0.82045
CVE-2022-23293,0.00667,0.49357
CVE-2022-23291,0.00642,0.48272
CVE-2022-23290,0.00625,0.47526
CVE-2022-23288,0.00577,0.45185
CVE-2022-22806,0.12256,0.95884
CVE-2022-22805,0.11664,0.95744
CVE-2022-22511,0.00562,0.44458
CVE-2022-0906,0.00622,0.47392
CVE-2022-0905,0.00847,0.55517
CVE-2022-0895,0.01748,0.76212
CVE-2022-0890,0.00827,0.54933
CVE-2022-0715,0.05849,0.92649
CVE-2022-0022,0.00127,0.02651
CVE-2021-38296,0.01845,0.77518
CVE-2021-34341,0.00897,0.57083
CVE-2021-34340,0.00897,0.57084
CVE-2021-34339,0.00957,0.58981
CVE-2021-34338,0.00957,0.58981
CVE-2021-34122,0.00816,0.5458
CVE-2021-33852,0.00636,0.48028
CVE-2021-33851,0.01318,0.68802
CVE-2021-33293,0.02099,0.80383
CVE-2021-32436,0.01668,0.75085
CVE-2021-32435,0.01317,0.68776
CVE-2021-32434,0.00981,0.59786
CVE-2021-32025,0.00176,0.0719
CVE-2021-32006,0.0064,0.48153
CVE-2021-32005,0.00592,0.45916
CVE-2021-28488,0.01118,0.63811
CVE-2021-22783,0.0037,0.2988
CVE-2021-20269,0.00252,0.16456
CVE-2020-36517,0.02897,0.85951
CVE-2020-14115,0.01122,0.63885
CVE-2020-14112,0.00777,0.53304
CVE-2020-14111,0.00323,0.2477
CVE-2022-24177,0.00675,0.4969
CVE-2022-23940,0.53235,0.98903
CVE-2022-23383,0.01202,0.66034
CVE-2022-22985,0.01042,0.61662
CVE-2022-22835,0.145,0.96376
CVE-2022-22834,0.0349,0.88301
CVE-2022-22814,0.02301,0.8209
CVE-2022-22795,0.01057,0.62074
CVE-2022-22547,0.025,0.83553
CVE-2022-21219,0.01025,0.61142
CVE-2022-21170,0.00985,0.59879
CVE-2022-21158,0.00535,0.42986
CVE-2022-21146,0.00907,0.57376
CVE-2022-21132,0.01783,0.76698
CVE-2022-21124,0.01512,0.7266
CVE-2022-20060,0.0014,0.03635
CVE-2022-20059,0.00135,0.03257
CVE-2022-20058,0.00135,0.03257
CVE-2022-20057,0.00128,0.02699
CVE-2022-20056,0.00135,0.03257
CVE-2022-20055,0.00134,0.0321
CVE-2022-20054,0.00217,0.12009
CVE-2022-20053,0.0012,0.02081
CVE-2022-20051,0.00105,0.01153
CVE-2022-20050,0.00136,0.03322
CVE-2022-20049,0.00115,0.01732
CVE-2022-20048,0.00123,0.02348
CVE-2022-20047,0.00123,0.02348
CVE-2022-0904,0.00924,0.57904
CVE-2022-0903,0.00828,0.54943
CVE-2022-0891,0.01542,0.73163
CVE-2022-0865,0.01478,0.72041
CVE-2022-0856,0.0273,0.85031
CVE-2022-0847,0.89721,0.99778
CVE-2022-0813,0.01296,0.68321
CVE-2022-0725,0.02451,0.83228
CVE-2022-0618,0.01299,0.68398
CVE-2022-0516,0.00335,0.26119
CVE-2022-0507,0.01235,0.66928
CVE-2022-0433,0.00292,0.21311
CVE-2022-0204,0.01808,0.77023
CVE-2021-46408,0.01238,0.66982
CVE-2021-44750,0.00742,0.5215
CVE-2021-44632,0.02576,0.8408
CVE-2021-44631,0.02576,0.8408
CVE-2021-44630,0.02576,0.84079
CVE-2021-44629,0.02576,0.84081
CVE-2021-44628,0.02576,0.8408
CVE-2021-44627,0.02576,0.84079
CVE-2021-44626,0.02576,0.84081
CVE-2021-44625,0.01782,0.76688
CVE-2021-44623,0.01782,0.76688
CVE-2021-44622,0.02576,0.8408
CVE-2021-44421,0.00436,0.3635
CVE-2021-44269,0.0115,0.64633
CVE-2021-44216,0.00365,0.29391
CVE-2021-44215,0.00354,0.2832
CVE-2021-44032,0.01792,0.76807
CVE-2021-43970,0.01777,0.76636
CVE-2021-43969,0.01508,0.72583
CVE-2021-42857,0.0115,0.64635
CVE-2021-42856,0.00604,0.46483
CVE-2021-42855,0.00223,0.12779
CVE-2021-42854,0.01568,0.73582
CVE-2021-42853,0.01568,0.73582
CVE-2021-42787,0.01328,0.69011
CVE-2021-42786,0.02086,0.8024
CVE-2021-41657,0.00784,0.5353
CVE-2021-4095,0.00387,0.31737
CVE-2021-4045,0.72376,0.99395
CVE-2021-40376,0.004,0.33116
CVE-2021-4023,0.00238,0.147
CVE-2021-40064,0.00827,0.54923
CVE-2021-40063,0.00729,0.51705
CVE-2021-40062,0.00736,0.51946
CVE-2021-40061,0.00627,0.476
CVE-2021-40060,0.00748,0.52338
CVE-2021-40059,0.00275,0.19467
CVE-2021-40058,0.00748,0.52339
CVE-2021-40057,0.00748,0.52339
CVE-2021-40056,0.00736,0.51947
CVE-2021-40055,0.00514,0.41698
CVE-2021-40054,0.00621,0.47316
CVE-2021-40053,0.00706,0.50867
CVE-2021-40052,0.0077,0.53076
CVE-2021-40051,0.0075,0.524
CVE-2021-40050,0.0109,0.63
CVE-2021-40049,0.00771,0.53111
CVE-2021-40048,0.0077,0.53076
CVE-2021-40047,0.0061,0.46754
CVE-2021-3981,0.00319,0.24288
CVE-2021-3739,0.00616,0.47058
CVE-2021-3733,0.04675,0.91117
CVE-2021-3732,0.00334,0.25976
CVE-2021-3698,0.00676,0.49714
CVE-2021-3660,0.01261,0.67542
CVE-2021-35251,0.00949,0.58759
CVE-2021-34342,0.01149,0.64614
CVE-2022-26847,0.01363,0.69825
CVE-2022-26846,0.03063,0.86675
CVE-2022-26778,0.0044,0.36705
CVE-2022-26662,0.01973,0.79024
CVE-2022-26661,0.01407,0.70712
CVE-2022-26652,0.02342,0.82423
CVE-2022-26521,0.09615,0.95126
CVE-2022-26520,0.02999,0.86403
CVE-2022-26488,0.01365,0.6986
CVE-2022-26355,0.00173,0.06797
CVE-2022-26311,0.01155,0.64769
CVE-2022-26143,0.87212,0.99737
CVE-2022-26131,0.01321,0.68849
CVE-2022-26104,0.00705,0.50801
CVE-2022-26103,0.00767,0.52972
CVE-2022-26102,0.00492,0.403
CVE-2022-26101,0.01405,0.70669
CVE-2022-26100,0.01164,0.65032
CVE-2022-25922,0.01191,0.65772
CVE-2022-25830,0.00207,0.10807
CVE-2022-25829,0.00207,0.10807
CVE-2022-25828,0.00207,0.10808
CVE-2022-25827,0.00207,0.10808
CVE-2022-25826,0.00207,0.10807
CVE-2022-25825,0.00224,0.12919
CVE-2022-25824,0.00234,0.14177
CVE-2022-25823,0.00207,0.10808
CVE-2022-25822,0.00088,0.00425
CVE-2022-25821,0.0011,0.01418
CVE-2022-25820,0.00104,0.0111
CVE-2022-25819,0.00108,0.01303
CVE-2022-25818,0.00431,0.35961
CVE-2022-25817,0.00106,0.01193
CVE-2022-25816,0.00109,0.0135
CVE-2022-25815,0.001,0.00918
CVE-2022-25814,0.001,0.00918
CVE-2022-25566,0.01238,0.66985
CVE-2022-25561,0.01238,0.66982
CVE-2022-25560,0.01238,0.66984
CVE-2022-25558,0.01238,0.66984
CVE-2022-25557,0.01238,0.66983
CVE-2022-25556,0.01238,0.66982
CVE-2022-25555,0.01238,0.66981
CVE-2022-25554,0.01238,0.66981
CVE-2022-25553,0.01238,0.66982
CVE-2022-25552,0.01238,0.66985
CVE-2022-25551,0.01238,0.66983
CVE-2022-25550,0.01238,0.66983
CVE-2022-25549,0.01238,0.66984
CVE-2022-25548,0.01238,0.66983
CVE-2022-25547,0.08767,0.94783
CVE-2022-25546,0.12269,0.95888
CVE-2022-25368,0.00299,0.22073
CVE-2022-25325,0.01077,0.62661
CVE-2022-25294,0.00271,0.18995
CVE-2022-25244,0.00953,0.58866
CVE-2022-25243,0.00571,0.44896
CVE-2022-25234,0.01025,0.61142
CVE-2022-25230,0.01077,0.6266
CVE-2022-25225,0.02967,0.86257
CVE-2022-25219,0.0077,0.53063
CVE-2022-25218,0.00993,0.60149
CVE-2022-25217,0.00329,0.25433
CVE-2022-25215,0.01149,0.64592
CVE-2022-25214,0.01495,0.72348
CVE-2022-25213,0.00368,0.2972
CVE-2022-25108,0.00865,0.56112
CVE-2022-25090,0.111,0.95609
CVE-2022-24995,0.13596,0.96187
CVE-2022-24960,0.00576,0.45156
CVE-2022-24932,0.00107,0.01266
CVE-2022-24931,0.00122,0.02191
CVE-2022-24930,0.00429,0.35739
CVE-2022-24929,0.00101,0.00976
CVE-2022-24928,0.00119,0.02003
CVE-2022-24915,0.01013,0.60779
CVE-2022-24652,0.02653,0.84585
CVE-2022-24651,0.02653,0.84584
CVE-2022-24644,0.01896,0.78155
CVE-2022-24618,0.0025,0.16155
CVE-2022-24609,0.0155,0.7331
CVE-2022-24608,0.00675,0.49691
CVE-2022-24607,0.01155,0.64781
CVE-2022-24606,0.01155,0.6478
CVE-2022-24605,0.01155,0.64781
CVE-2022-24604,0.01155,0.6478
CVE-2022-24603,0.01155,0.64781
CVE-2022-24602,0.01155,0.64781
CVE-2022-24601,0.01164,0.65047
CVE-2022-24600,0.01305,0.68522
CVE-2022-24432,0.00654,0.48796
CVE-2022-24399,0.01405,0.70669
CVE-2022-24398,0.00802,0.54127
CVE-2022-24397,0.00835,0.55182
CVE-2022-24396,0.00516,0.41845
CVE-2022-24395,0.0061,0.46755
CVE-2022-24286,0.00225,0.13044
CVE-2022-24285,0.00225,0.13044
CVE-2022-24193,0.05467,0.92186
CVE-2022-26878,0.00325,0.25012
CVE-2022-26874,0.01051,0.61896
CVE-2022-25621,0.01442,0.71355
CVE-2022-25601,0.01018,0.60887
CVE-2022-25600,0.00568,0.44736
CVE-2022-25512,0.01099,0.63309
CVE-2022-25511,0.00737,0.51957
CVE-2022-25510,0.01051,0.61899
CVE-2022-25508,0.01044,0.61691
CVE-2022-25507,0.00491,0.40235
CVE-2022-25506,0.00876,0.56468
CVE-2022-25216,0.13835,0.96245
CVE-2022-24750,0.00276,0.19565
CVE-2022-24726,0.01591,0.73906
CVE-2022-24433,0.03444,0.88147
CVE-2022-24097,0.02422,0.83014
CVE-2022-24096,0.03949,0.89664
CVE-2022-24095,0.03949,0.89665
CVE-2022-24094,0.03949,0.89665
CVE-2022-24090,0.02001,0.79342
CVE-2022-23934,0.00437,0.36481
CVE-2022-23933,0.00437,0.36446
CVE-2022-23932,0.00437,0.36447
CVE-2022-23931,0.00437,0.36449
CVE-2022-23930,0.00467,0.38585
CVE-2022-23929,0.00437,0.36447
CVE-2022-23928,0.00437,0.36448
CVE-2022-23927,0.00437,0.36448
CVE-2022-23926,0.00437,0.36447
CVE-2022-23925,0.00437,0.36448
CVE-2022-23924,0.00615,0.47009
CVE-2022-23731,0.00627,0.47595
CVE-2022-23730,0.01024,0.61085
CVE-2022-23625,0.01239,0.67007
CVE-2022-23402,0.00997,0.6026
CVE-2022-23401,0.00219,0.12274
CVE-2022-23187,0.04471,0.90759
CVE-2022-23042,0.00254,0.16763
CVE-2022-23041,0.00365,0.29404
CVE-2022-23040,0.00365,0.29404
CVE-2022-23039,0.00365,0.29404
CVE-2022-23038,0.00365,0.29405
CVE-2022-23037,0.00348,0.27592
CVE-2022-23036,0.00365,0.29404
CVE-2022-22729,0.00945,0.58618
CVE-2022-22151,0.00804,0.5419
CVE-2022-22148,0.00218,0.12164
CVE-2022-22145,0.00804,0.54189
CVE-2022-22141,0.00206,0.10572
CVE-2022-21819,0.00409,0.33985
CVE-2022-21808,0.01059,0.6213
CVE-2022-21194,0.00968,0.59393
CVE-2022-21177,0.00936,0.58347
CVE-2022-0932,0.01018,0.60893
CVE-2022-0928,0.02389,0.82769
CVE-2022-0924,0.0133,0.69044
CVE-2022-0921,0.0221,0.81344
CVE-2022-0913,0.01423,0.71006
CVE-2022-0912,0.00536,0.43062
CVE-2022-0909,0.0133,0.69044
CVE-2022-0908,0.0125,0.67297
CVE-2022-0907,0.0127,0.67757
CVE-2022-0871,0.0124,0.67031
CVE-2022-0870,0.03422,0.88055
CVE-2022-0860,0.02256,0.81714
CVE-2022-0853,0.01452,0.71533
CVE-2022-0822,0.00619,0.4721
CVE-2022-0821,0.0074,0.52065
CVE-2022-0820,0.0074,0.52064
CVE-2022-0815,0.00998,0.60298
CVE-2022-0280,0.00337,0.26286
CVE-2022-0002,0.00447,0.37238
CVE-2022-0001,0.00508,0.41348
CVE-2021-46708,0.01495,0.72343
CVE-2021-44673,0.08963,0.94877
CVE-2021-44620,0.0135,0.69511
CVE-2021-44618,0.01395,0.70459
CVE-2021-44585,0.00907,0.57389
CVE-2021-41233,0.00788,0.53687
CVE-2021-39025,0.00584,0.45572
CVE-2021-39022,0.0049,0.40195
CVE-2021-38910,0.01119,0.63827
CVE-2021-33658,0.00157,0.05158
CVE-2021-33150,0.00351,0.27927
CVE-2021-32478,0.01128,0.64043
CVE-2021-32477,0.00737,0.51969
CVE-2021-32476,0.01089,0.62985
CVE-2021-32475,0.00592,0.45936
CVE-2021-32474,0.00926,0.57994
CVE-2021-32473,0.01033,0.61369
CVE-2021-32472,0.00773,0.53167
CVE-2021-32009,0.00495,0.40475
CVE-2021-27416,0.00622,0.47386
CVE-2021-27414,0.00573,0.4502
CVE-2021-26401,0.00293,0.21387
CVE-2021-26341,0.00321,0.2458
CVE-2021-23246,0.00971,0.5946
CVE-2020-36518,0.0486,0.91406
CVE-2018-25031,0.42326,0.986
CVE-2022-26981,0.01463,0.71757
CVE-2022-26967,0.00963,0.5917
CVE-2022-26966,0.00346,0.27383
CVE-2022-26533,0.00716,0.51242
CVE-2022-26276,0.01192,0.65775
CVE-2022-25839,0.00849,0.55594
CVE-2022-24760,0.49081,0.98795
CVE-2022-24754,0.02097,0.80359
CVE-2022-24696,0.00249,0.16015
CVE-2022-24577,0.01189,0.65697
CVE-2022-24576,0.00691,0.50308
CVE-2022-24575,0.00902,0.57245
CVE-2022-24574,0.00754,0.5253
CVE-2022-24421,0.00292,0.21332
CVE-2022-24420,0.00292,0.21331
CVE-2022-24419,0.00292,0.21332
CVE-2022-24416,0.00292,0.21331
CVE-2022-24415,0.00292,0.21331
CVE-2022-24387,0.02058,0.79948
CVE-2022-24386,0.00708,0.50962
CVE-2022-24385,0.00877,0.56495
CVE-2022-24384,0.0409,0.89996
CVE-2022-24128,0.00906,0.57364
CVE-2022-23960,0.00499,0.4074
CVE-2022-23943,0.50401,0.98827
CVE-2022-22735,0.01318,0.68791
CVE-2022-22734,0.008,0.54044
CVE-2022-22721,0.41861,0.98587
CVE-2022-22720,0.28189,0.97972
CVE-2022-22719,0.69803,0.99319
CVE-2022-0962,0.00902,0.57236
CVE-2022-0960,0.00853,0.55721
CVE-2022-0946,0.00819,0.54685
CVE-2022-0941,0.00619,0.47237
CVE-2022-0940,0.00547,0.43641
CVE-2022-0938,0.00641,0.48202
CVE-2022-0937,0.00547,0.43633
CVE-2022-0930,0.00909,0.57472
CVE-2022-0929,0.01079,0.627
CVE-2022-0926,0.00785,0.53545
CVE-2022-0880,0.00743,0.52193
CVE-2022-0703,0.00622,0.47383
CVE-2022-0702,0.00622,0.47383
CVE-2022-0701,0.00598,0.46203
CVE-2022-0700,0.00622,0.47384
CVE-2022-0684,0.00681,0.49919
CVE-2022-0674,0.00622,0.47383
CVE-2022-0659,0.00598,0.46203
CVE-2022-0658,0.08631,0.94708
CVE-2022-0648,0.008,0.54054
CVE-2022-0601,0.00876,0.56481
CVE-2022-0593,0.01442,0.71338
CVE-2022-0503,0.008,0.5405
CVE-2022-0478,0.01535,0.73032
CVE-2022-0449,0.008,0.54047
CVE-2022-0399,0.00876,0.56481
CVE-2022-0341,0.00471,0.38896
CVE-2022-0327,0.00795,0.5389
CVE-2022-0321,0.00795,0.53889
CVE-2022-0254,0.02028,0.79638
CVE-2022-0248,0.01717,0.75812
CVE-2022-0230,0.01532,0.72989
CVE-2022-0169,0.74615,0.9946
CVE-2022-0165,0.0428,0.90399
CVE-2022-0161,0.00876,0.56482
CVE-2022-0147,0.0156,0.73458
CVE-2021-46709,0.00651,0.48681
CVE-2021-45889,0.0059,0.45837
CVE-2021-45888,0.00585,0.45614
CVE-2021-45887,0.03471,0.88239
CVE-2021-45886,0.00555,0.44077
CVE-2021-44964,0.00985,0.59905
CVE-2021-44667,0.00831,0.55043
CVE-2021-43954,0.00766,0.5296
CVE-2021-42577,0.00958,0.59005
CVE-2021-42262,0.0083,0.54999
CVE-2021-42171,0.02523,0.8372
CVE-2021-41952,0.00514,0.41731
CVE-2021-41850,0.00395,0.32571
CVE-2021-41849,0.00251,0.16262
CVE-2021-41848,0.00431,0.35976
CVE-2021-39055,0.0048,0.39492
CVE-2021-39051,0.00851,0.55663
CVE-2021-38971,0.00917,0.57704
CVE-2021-36368,0.01677,0.75211
CVE-2021-25026,0.00699,0.50618
CVE-2021-25007,0.01608,0.74167
CVE-2021-25006,0.00833,0.5512
CVE-2021-25003,0.56148,0.98974
CVE-2021-24996,0.008,0.5405
CVE-2021-24995,0.00598,0.46208
CVE-2021-24982,0.00646,0.48449
CVE-2021-24966,0.05188,0.91876
CVE-2021-24959,0.02249,0.81661
CVE-2021-24958,0.006,0.46312
CVE-2021-24950,0.00524,0.42369
CVE-2021-24940,0.01439,0.71296
CVE-2021-24897,0.00604,0.46493
CVE-2021-24895,0.00598,0.462
CVE-2021-24692,0.01361,0.69785
CVE-2022-27218,0.00748,0.52356
CVE-2022-27217,0.00949,0.58746
CVE-2022-27216,0.00923,0.57857
CVE-2022-27215,0.00743,0.52186
CVE-2022-27214,0.00492,0.40267
CVE-2022-27213,0.00824,0.54841
CVE-2022-27212,0.00824,0.54839
CVE-2022-27211,0.00923,0.57856
CVE-2022-27210,0.00733,0.51838
CVE-2022-27209,0.00923,0.57857
CVE-2022-27208,0.01835,0.77396
CVE-2022-27207,0.00788,0.53659
CVE-2022-27206,0.01039,0.61538
CVE-2022-27205,0.00764,0.52884
CVE-2022-27204,0.00578,0.45222
CVE-2022-27203,0.0158,0.73757
CVE-2022-27202,0.00658,0.49007
CVE-2022-27201,0.01399,0.70544
CVE-2022-27200,0.00632,0.47819
CVE-2022-27199,0.00743,0.52186
CVE-2022-27198,0.00511,0.41487
CVE-2022-27197,0.00824,0.54841
CVE-2022-27196,0.00824,0.5484
CVE-2022-27195,0.00383,0.31335
CVE-2022-27193,0.00695,0.50468
CVE-2022-26779,0.0285,0.85719
CVE-2022-26320,0.00967,0.5928
CVE-2022-26212,0.02779,0.85355
CVE-2022-26211,0.02779,0.85354
CVE-2022-26210,0.05693,0.92462
CVE-2022-26209,0.02218,0.81411
CVE-2022-26208,0.02779,0.85354
CVE-2022-26207,0.02218,0.81411
CVE-2022-26206,0.02218,0.81411
CVE-2022-25498,0.03081,0.86742
CVE-2022-25497,0.03642,0.88768
CVE-2022-25495,0.02178,0.81062
CVE-2022-25494,0.0108,0.62738
CVE-2022-25493,0.008,0.54055
CVE-2022-25492,0.01608,0.74166
CVE-2022-25491,0.01498,0.7241
CVE-2022-25490,0.01608,0.74166
CVE-2022-25489,0.01459,0.71671
CVE-2022-25488,0.07148,0.9381
CVE-2022-25487,0.53839,0.98922
CVE-2022-25486,0.09966,0.95254
CVE-2022-25485,0.07927,0.94306
CVE-2022-24762,0.00684,0.50044
CVE-2022-24756,0.01936,0.78617
CVE-2022-24755,0.02027,0.79633
CVE-2022-24752,0.01392,0.70405
CVE-2022-24749,0.01108,0.63537
CVE-2022-24743,0.01252,0.67328
CVE-2022-24742,0.00822,0.54754
CVE-2022-24740,0.00589,0.45786
CVE-2022-24733,0.00907,0.57377
CVE-2022-24721,0.01146,0.64493
CVE-2022-24578,0.00973,0.59516
CVE-2022-23989,0.0093,0.58125
CVE-2022-22771,0.02451,0.83229
CVE-2022-22354,0.00941,0.58503
CVE-2022-22353,0.00899,0.57133
CVE-2022-22348,0.00196,0.0939
CVE-2022-22346,0.00384,0.31425
CVE-2022-22344,0.00634,0.47925
CVE-2022-21187,0.03624,0.88694
CVE-2022-20001,0.01472,0.71945
CVE-2022-0970,0.01799,0.76911
CVE-2022-0968,0.03731,0.89032
CVE-2022-0967,0.03262,0.87495
CVE-2022-0966,0.00541,0.43348
CVE-2022-0965,0.00902,0.57237
CVE-2022-0964,0.00838,0.55253
CVE-2022-0963,0.01877,0.77924
CVE-2022-0961,0.01006,0.60543
CVE-2022-0957,0.00766,0.52963
CVE-2022-0956,0.00736,0.51931
CVE-2022-0954,0.03197,0.87215
CVE-2022-0951,0.00884,0.56691
CVE-2022-0950,0.00634,0.47929
CVE-2022-0945,0.00809,0.54353
CVE-2022-0944,0.08669,0.94728
CVE-2022-0943,0.00698,0.50579
CVE-2022-0942,0.00752,0.52469
CVE-2022-0894,0.00687,0.5018
CVE-2022-0893,0.00803,0.54138
CVE-2022-0778,0.73188,0.99417
CVE-2022-0430,0.01292,0.68242
CVE-2021-45848,0.01624,0.74411
CVE-2021-45010,0.7008,0.99327
CVE-2021-43305,0.01672,0.75143
CVE-2021-43304,0.01672,0.75144
CVE-2021-42391,0.01373,0.70039
CVE-2021-42390,0.01259,0.67491
CVE-2021-42389,0.01259,0.67491
CVE-2021-42388,0.01573,0.73656
CVE-2021-42387,0.01573,0.73656
CVE-2021-29134,0.01388,0.70345
CVE-2020-4989,0.00704,0.50777
CVE-2022-27225,0.00544,0.43502
CVE-2022-27223,0.02151,0.80846
CVE-2022-27005,0.05455,0.9217
CVE-2022-27004,0.02903,0.85979
CVE-2022-27003,0.02903,0.85979
CVE-2022-27002,0.0507,0.91716
CVE-2022-27001,0.0342,0.88051
CVE-2022-27000,0.0342,0.88051
CVE-2022-26999,0.0342,0.8805
CVE-2022-26998,0.0342,0.8805
CVE-2022-26997,0.0342,0.88051
CVE-2022-26996,0.02851,0.85722
CVE-2022-26995,0.02851,0.85722
CVE-2022-26994,0.02956,0.86205
CVE-2022-26993,0.02692,0.84826
CVE-2022-26992,0.02908,0.86004
CVE-2022-26991,0.02692,0.84825
CVE-2022-26990,0.02873,0.85828
CVE-2022-26214,0.02779,0.85355
CVE-2022-26213,0.2558,0.97805
CVE-2022-24751,0.00955,0.58922
CVE-2022-21946,0.0026,0.175
CVE-2022-21945,0.00238,0.14728
CVE-2022-0986,0.00868,0.56225
CVE-2022-0911,0.00803,0.54138
CVE-2022-0705,0.00545,0.43569
CVE-2022-0704,0.01297,0.68357
CVE-2021-46705,0.0024,0.149
CVE-2021-45852,0.00684,0.50031
CVE-2021-45851,0.01454,0.71574
CVE-2021-45787,0.00459,0.38058
CVE-2021-45786,0.01198,0.65923
CVE-2021-43958,0.01465,0.71802
CVE-2021-43957,0.01295,0.6831
CVE-2021-43956,0.00731,0.51765
CVE-2021-43955,0.00875,0.56439
CVE-2021-42552,0.00667,0.4935
CVE-2021-40737,0.01258,0.67481
CVE-2021-40736,0.01815,0.77133
CVE-2021-40735,0.01815,0.77133
CVE-2021-40734,0.0169,0.75421
CVE-2021-39793,0.00738,0.52001
CVE-2021-39792,0.00095,0.00691
CVE-2021-39737,0.00518,0.41984
CVE-2021-39736,0.00113,0.01566
CVE-2021-39735,0.00092,0.00577
CVE-2021-39734,0.00104,0.01115
CVE-2021-39733,0.00113,0.01567
CVE-2021-39732,0.00113,0.01602
CVE-2021-39731,0.00113,0.01567
CVE-2021-39730,0.00113,0.01603
CVE-2021-39729,0.00113,0.01566
CVE-2021-39727,0.00095,0.00691
CVE-2021-39726,0.00755,0.52577
CVE-2021-39725,0.0011,0.01424
CVE-2021-39724,0.00113,0.01603
CVE-2021-39723,0.00518,0.41984
CVE-2021-39722,0.00113,0.01603
CVE-2021-39721,0.0011,0.01424
CVE-2021-39720,0.00518,0.41984
CVE-2021-39719,0.00113,0.01565
CVE-2021-39718,0.00113,0.01565
CVE-2021-39717,0.00113,0.01604
CVE-2021-39716,0.00392,0.32276
CVE-2021-39715,0.00138,0.03477
CVE-2021-39714,0.00229,0.13511
CVE-2021-39713,0.0021,0.11089
CVE-2021-39712,0.00094,0.00671
CVE-2021-39711,0.00153,0.04777
CVE-2021-39710,0.00518,0.41985
CVE-2021-39709,0.00133,0.03142
CVE-2021-39708,0.0123,0.66819
CVE-2021-39707,0.00126,0.0258
CVE-2021-39706,0.00657,0.48951
CVE-2021-39704,0.00201,0.10001
CVE-2021-39703,0.00126,0.0258
CVE-2021-39702,0.00334,0.26036
CVE-2021-39701,0.00398,0.32874
CVE-2021-39698,0.00247,0.15858
CVE-2021-39697,0.00128,0.02726
CVE-2021-39695,0.00134,0.03209
CVE-2021-39694,0.00128,0.02726
CVE-2021-39693,0.00132,0.03078
CVE-2021-39692,0.00746,0.52269
CVE-2021-39690,0.00135,0.0328
CVE-2021-39689,0.00105,0.01167
CVE-2021-39686,0.00154,0.04877
CVE-2021-39685,0.00461,0.38191
CVE-2021-39667,0.00726,0.51581
CVE-2021-39624,0.0011,0.01382
CVE-2021-33853,0.00576,0.45139
CVE-2021-23165,0.03512,0.88369
CVE-2021-23158,0.02436,0.83114
CVE-2021-20299,0.01767,0.76497
CVE-2021-20257,0.0037,0.29872
CVE-2021-20180,0.00314,0.23793
CVE-2021-0957,0.00135,0.03246
CVE-2020-36519,0.00815,0.54519
CVE-2020-25721,0.02064,0.80005
CVE-2022-26660,0.00617,0.47104
CVE-2022-26534,0.01037,0.61503
CVE-2022-26354,0.00391,0.32135
CVE-2022-26353,0.02743,0.8512
CVE-2022-26300,0.01197,0.65896
CVE-2022-26295,0.00583,0.45531
CVE-2022-26293,0.02198,0.81245
CVE-2022-25760,0.01639,0.74658
CVE-2022-25516,0.00937,0.5836
CVE-2022-25515,0.00937,0.58361
CVE-2022-25514,0.01037,0.61502
CVE-2022-25354,0.01931,0.78566
CVE-2022-25352,0.02061,0.79981
CVE-2022-25296,0.00973,0.59561
CVE-2022-25252,0.01568,0.73581
CVE-2022-25251,0.01871,0.7786
CVE-2022-25250,0.01655,0.74878
CVE-2022-25249,0.02473,0.83375
CVE-2022-25248,0.00906,0.57359
CVE-2022-25247,0.04144,0.9012
CVE-2022-25246,0.01807,0.77018
CVE-2022-24761,0.0178,0.76667
CVE-2022-24729,0.02487,0.83467
CVE-2022-24728,0.01203,0.6606
CVE-2022-24075,0.0088,0.56587
CVE-2022-24074,0.01052,0.61933
CVE-2022-24073,0.00578,0.45257
CVE-2022-24072,0.00579,0.45317
CVE-2022-23812,0.0426,0.90358
CVE-2022-23610,0.00697,0.50524
CVE-2022-23234,0.00169,0.06419
CVE-2022-22273,0.01933,0.78587
CVE-2022-21221,0.02496,0.83531
CVE-2022-21164,0.01321,0.68865
CVE-2022-1000,0.01893,0.78123
CVE-2022-0982,0.01235,0.66923
CVE-2022-0959,0.00968,0.59391
CVE-2022-0918,0.05914,0.9271
CVE-2022-0811,0.19046,0.97106
CVE-2022-0749,0.01722,0.75865
CVE-2022-0748,0.02089,0.80277
CVE-2021-45822,0.01055,0.62034
CVE-2021-45821,0.02675,0.84723
CVE-2021-45794,0.01059,0.62141
CVE-2021-45793,0.04519,0.9084
CVE-2021-45792,0.00494,0.40424
CVE-2021-45791,0.00969,0.59419
CVE-2021-44908,0.01827,0.77297
CVE-2021-44262,0.0219,0.81161
CVE-2021-44261,0.20305,0.97289
CVE-2021-44260,0.07382,0.93972
CVE-2021-44259,0.01958,0.78867
CVE-2021-42730,0.01773,0.76565
CVE-2021-42729,0.01773,0.76565
CVE-2021-42728,0.03972,0.89729
CVE-2021-42724,0.01773,0.76565
CVE-2021-42722,0.00618,0.47165
CVE-2021-42720,0.02053,0.79898
CVE-2021-42719,0.02165,0.80956
CVE-2021-42533,0.02128,0.80631
CVE-2021-42527,0.01706,0.75656
CVE-2021-42526,0.01608,0.74174
CVE-2021-42264,0.01148,0.64587
CVE-2021-42263,0.01148,0.64587
CVE-2021-42219,0.01197,0.65897
CVE-2021-41987,0.16229,0.96712
CVE-2021-40796,0.01148,0.64588
CVE-2021-40794,0.01659,0.74943
CVE-2021-40793,0.01659,0.74943
CVE-2021-40792,0.01699,0.75544
CVE-2021-40789,0.01148,0.64587
CVE-2021-40788,0.01148,0.64588
CVE-2021-40787,0.0165,0.74814
CVE-2021-40786,0.0165,0.74815
CVE-2021-40785,0.01148,0.64586
CVE-2021-40782,0.01186,0.6563
CVE-2021-40781,0.0133,0.69063
CVE-2021-40780,0.02007,0.79431
CVE-2021-40779,0.02007,0.79431
CVE-2021-40778,0.0133,0.69062
CVE-2021-40777,0.0169,0.75421
CVE-2021-40769,0.0117,0.65189
CVE-2021-40768,0.01148,0.64587
CVE-2021-40767,0.01145,0.64468
CVE-2021-40766,0.01173,0.65287
CVE-2021-40765,0.0165,0.74814
CVE-2021-40764,0.0165,0.74815
CVE-2021-40763,0.0165,0.74814
CVE-2021-40762,0.01148,0.64588
CVE-2021-40750,0.0133,0.69063
CVE-2021-40742,0.01258,0.67482
CVE-2021-40741,0.0127,0.67747
CVE-2021-40740,0.0175,0.7625
CVE-2021-40739,0.0175,0.7625
CVE-2021-40738,0.0175,0.7625
CVE-2021-23771,0.01013,0.60774
CVE-2021-23648,0.01418,0.7091
CVE-2021-23632,0.0235,0.82487
CVE-2021-23556,0.0113,0.641
CVE-2020-15591,0.04058,0.89924
CVE-2022-27240,0.01557,0.73416
CVE-2022-27191,0.03931,0.8962
CVE-2022-26965,0.36257,0.98365
CVE-2022-26526,0.00343,0.27051
CVE-2022-26511,0.00634,0.47911
CVE-2022-26504,0.0257,0.84043
CVE-2022-26503,0.0069,0.5029
CVE-2022-26501,0.04104,0.90029
CVE-2022-26500,0.05828,0.92624
CVE-2022-26081,0.00825,0.54846
CVE-2022-25969,0.00825,0.54846
CVE-2022-25949,0.00753,0.52514
CVE-2022-25364,0.01017,0.60878
CVE-2022-24773,0.00918,0.57743
CVE-2022-24772,0.01031,0.61311
CVE-2022-24771,0.00728,0.51655
CVE-2022-24770,0.01298,0.68382
CVE-2022-24759,0.00499,0.40731
CVE-2022-24655,0.01124,0.63945
CVE-2022-24637,0.99055,0.99929
CVE-2022-24595,0.01723,0.75877
CVE-2022-24302,0.0208,0.8017
CVE-2022-22622,0.00303,0.22531
CVE-2022-22621,0.00302,0.22407
CVE-2022-22620,0.16214,0.96709
CVE-2022-22618,0.00379,0.30819
CVE-2022-22617,0.00308,0.23
CVE-2022-22615,0.01332,0.69117
CVE-2022-22614,0.01332,0.69116
CVE-2022-22613,0.01216,0.66443
CVE-2022-22612,0.00801,0.54056
CVE-2022-22611,0.01088,0.62943
CVE-2022-22609,0.01344,0.69396
CVE-2022-22608,0.00881,0.56606
CVE-2022-22607,0.00881,0.56606
CVE-2022-22606,0.01031,0.61311
CVE-2022-22605,0.0083,0.55018
CVE-2022-22604,0.00972,0.5949
CVE-2022-22603,0.00972,0.5949
CVE-2022-22602,0.00972,0.59489
CVE-2022-22601,0.00972,0.5949
CVE-2022-22600,0.01653,0.74853
CVE-2022-22599,0.00291,0.21178
CVE-2022-22598,0.0029,0.21098
CVE-2022-22597,0.01319,0.68812
CVE-2022-22596,0.00347,0.27514
CVE-2022-22594,0.00885,0.56711
CVE-2022-22593,0.0148,0.72081
CVE-2022-22592,0.01623,0.74404
CVE-2022-22591,0.01128,0.64047
CVE-2022-22590,0.01555,0.73388
CVE-2022-22589,0.02005,0.79378
CVE-2022-22588,0.09661,0.95142
CVE-2022-22587,0.11638,0.95738
CVE-2022-22586,0.02,0.79322
CVE-2022-22585,0.01654,0.74871
CVE-2022-22584,0.01611,0.74216
CVE-2022-22583,0.0172,0.7585
CVE-2022-22579,0.01803,0.76952
CVE-2022-22578,0.00983,0.59847
CVE-2022-21822,0.01067,0.62403
CVE-2022-1011,0.01169,0.65175
CVE-2022-1003,0.00502,0.40909
CVE-2022-1002,0.0065,0.48637
CVE-2022-0758,0.00427,0.35598
CVE-2022-0757,0.01231,0.66838
CVE-2022-0742,0.05038,0.91675
CVE-2022-0547,0.03574,0.88547
CVE-2022-0237,0.00484,0.39766
CVE-2021-46107,0.07408,0.93989
CVE-2021-45968,0.10385,0.95391
CVE-2021-45967,0.208,0.97367
CVE-2021-45966,0.05993,0.92795
CVE-2021-45868,0.01339,0.69278
CVE-2021-45835,0.03169,0.87102
CVE-2021-45834,0.02305,0.8212
CVE-2021-45040,0.03155,0.87046
CVE-2021-44906,0.04581,0.90962
CVE-2021-44760,0.00544,0.4349
CVE-2021-44088,0.02972,0.86277
CVE-2021-44087,0.04116,0.90053
CVE-2021-43961,0.00727,0.51627
CVE-2021-4031,0.00475,0.39209
CVE-2021-39046,0.00926,0.5797
CVE-2021-30771,0.01347,0.69445
CVE-2021-29899,0.01052,0.61939
CVE-2021-27789,0.00818,0.54638
CVE-2021-23209,0.00556,0.44146
CVE-2021-23150,0.00556,0.44146
CVE-2021-22571,0.00204,0.10341
CVE-2020-25197,0.03172,0.87121
CVE-2020-25193,0.00859,0.55922
CVE-2020-25184,0.00437,0.36488
CVE-2020-25182,0.00446,0.37148
CVE-2020-25180,0.01163,0.65017
CVE-2020-25178,0.01691,0.75441
CVE-2020-25176,0.06421,0.93201
CVE-2020-16232,0.00737,0.5197
CVE-2020-15388,0.00703,0.5076
CVE-2022-27250,0.01237,0.66963
CVE-2022-27246,0.00601,0.46376
CVE-2022-27245,0.00895,0.57009
CVE-2022-27244,0.00481,0.39583
CVE-2022-27243,0.01207,0.66172
CVE-2022-27226,0.33702,0.98266
CVE-2022-26555,0.00436,0.36366
CVE-2022-26267,0.01454,0.71574
CVE-2022-26266,0.01292,0.6824
CVE-2022-26265,0.30367,0.98096
CVE-2022-26247,0.00751,0.5244
CVE-2022-26246,0.00621,0.4731
CVE-2022-25607,0.00827,0.54916
CVE-2022-25605,0.00563,0.44533
CVE-2022-25604,0.00568,0.44742
CVE-2022-25603,0.00562,0.44443
CVE-2022-25602,0.01313,0.68686
CVE-2022-25581,0.01176,0.65356
CVE-2022-25578,0.01803,0.76952
CVE-2022-25464,0.00442,0.36848
CVE-2022-25462,0.00928,0.58027
CVE-2022-25461,0.01692,0.75449
CVE-2022-25460,0.01692,0.75448
CVE-2022-25459,0.01692,0.75451
CVE-2022-25458,0.01692,0.75447
CVE-2022-25457,0.01692,0.75448
CVE-2022-25456,0.01692,0.75447
CVE-2022-25455,0.01692,0.75448
CVE-2022-25454,0.01692,0.75448
CVE-2022-25453,0.01692,0.75446
CVE-2022-25452,0.01692,0.75449
CVE-2022-25451,0.01692,0.7545
CVE-2022-25450,0.1155,0.95718
CVE-2022-25449,0.01692,0.75451
CVE-2022-25448,0.01692,0.75447
CVE-2022-25447,0.01692,0.7545
CVE-2022-25446,0.01692,0.7545
CVE-2022-25445,0.09007,0.94893
CVE-2022-25441,0.04947,0.91542
CVE-2022-25440,0.01692,0.75447
CVE-2022-25439,0.01692,0.75452
CVE-2022-25438,0.04947,0.91542
CVE-2022-25437,0.01692,0.75451
CVE-2022-25435,0.01692,0.75446
CVE-2022-25434,0.09135,0.9494
CVE-2022-25433,0.01692,0.75446
CVE-2022-25431,0.01692,0.75452
CVE-2022-25429,0.01692,0.75445
CVE-2022-25428,0.01692,0.75449
CVE-2022-25427,0.01692,0.75451
CVE-2022-25390,0.03266,0.87507
CVE-2022-25389,0.00954,0.58913
CVE-2022-24126,0.04694,0.91145
CVE-2022-24125,0.02675,0.84724
CVE-2022-24092,0.04498,0.90806
CVE-2022-24091,0.04102,0.90023
CVE-2022-22671,0.00283,0.20385
CVE-2022-22670,0.00694,0.50439
CVE-2022-22669,0.00309,0.23178
CVE-2022-22667,0.01071,0.62507
CVE-2022-22666,0.01292,0.68235
CVE-2022-22665,0.01184,0.65597
CVE-2022-22664,0.01096,0.63233
CVE-2022-22661,0.01153,0.64725
CVE-2022-22660,0.00625,0.47532
CVE-2022-22659,0.00914,0.57623
CVE-2022-22657,0.01096,0.63232
CVE-2022-22656,0.00258,0.17273
CVE-2022-22654,0.009,0.57168
CVE-2022-22653,0.01147,0.6453
CVE-2022-22652,0.00314,0.23753
CVE-2022-22651,0.01881,0.77963
CVE-2022-22650,0.00254,0.16725
CVE-2022-22648,0.0041,0.34051
CVE-2022-22647,0.00298,0.21937
CVE-2022-22644,0.00659,0.49049
CVE-2022-22643,0.0125,0.673
CVE-2022-22642,0.0117,0.65187
CVE-2022-22641,0.01444,0.71383
CVE-2022-22640,0.01167,0.65126
CVE-2022-22639,0.08191,0.94462
CVE-2022-22638,0.01935,0.78604
CVE-2022-22636,0.0104,0.61568
CVE-2022-22635,0.01224,0.66655
CVE-2022-22634,0.01207,0.66154
CVE-2022-22633,0.01194,0.65818
CVE-2022-22632,0.01536,0.73044
CVE-2022-22631,0.00322,0.24615
CVE-2022-22627,0.01014,0.60807
CVE-2022-22626,0.01127,0.6402
CVE-2022-22625,0.01127,0.64019
CVE-2022-0991,0.01012,0.60754
CVE-2021-44345,0.01137,0.64259
CVE-2021-42194,0.01071,0.6249
CVE-2021-39384,0.01214,0.66393
CVE-2021-39383,0.03067,0.86689
CVE-2020-26008,0.01006,0.60542
CVE-2020-26007,0.01006,0.60542
CVE-2022-27666,0.05524,0.92248
CVE-2022-27607,0.00985,0.59883
CVE-2022-27333,0.00796,0.53919
CVE-2022-27228,0.20776,0.97363
CVE-2022-27090,0.00412,0.34245
CVE-2022-26960,0.50993,0.98845
CVE-2022-26494,0.00653,0.48778
CVE-2022-26285,0.02029,0.79652
CVE-2022-26284,0.01979,0.79091
CVE-2022-26283,0.01557,0.73415
CVE-2022-26260,0.01315,0.68732
CVE-2022-26189,0.03424,0.88068
CVE-2022-26188,0.03424,0.88067
CVE-2022-26187,0.19579,0.97187
CVE-2022-26186,0.03947,0.89661
CVE-2022-26184,0.01901,0.78218
CVE-2022-26183,0.01594,0.73963
CVE-2022-26174,0.02422,0.83012
CVE-2022-26148,0.53439,0.98912
CVE-2022-25766,0.34303,0.98288
CVE-2022-25570,0.00819,0.54687
CVE-2022-25518,0.00771,0.53106
CVE-2022-25517,0.01931,0.78572
CVE-2022-25505,0.0108,0.62739
CVE-2022-25484,0.00607,0.46608
CVE-2022-25481,0.04748,0.91231
CVE-2022-24775,0.0248,0.83424
CVE-2022-24774,0.01451,0.71509
CVE-2022-24766,0.01646,0.74757
CVE-2022-24764,0.02396,0.82818
CVE-2022-24656,0.00741,0.52109
CVE-2022-24237,0.25339,0.97786
CVE-2022-24236,0.00559,0.44265
CVE-2022-24235,0.00722,0.51464
CVE-2022-23352,0.01607,0.74163
CVE-2022-23350,0.00607,0.46637
CVE-2022-23349,0.00652,0.48718
CVE-2022-23348,0.03273,0.87534
CVE-2022-23347,0.13844,0.96247
CVE-2022-23346,0.01404,0.70642
CVE-2022-23345,0.01554,0.7338
CVE-2022-22394,0.02211,0.81352
CVE-2022-21718,0.00946,0.58652
CVE-2022-1036,0.01226,0.66717
CVE-2022-1035,0.00818,0.54624
CVE-2022-1034,0.01481,0.72099
CVE-2022-1033,0.00925,0.57934
CVE-2022-1031,0.00993,0.60155
CVE-2022-1004,0.00625,0.4753
CVE-2022-0861,0.00461,0.38224
CVE-2022-0859,0.0021,0.11096
CVE-2022-0858,0.00812,0.5444
CVE-2022-0857,0.00722,0.51459
CVE-2022-0842,0.00773,0.53162
CVE-2022-0760,0.10825,0.95527
CVE-2022-0747,0.14882,0.96447
CVE-2022-0739,0.37171,0.9841
CVE-2022-0694,0.01849,0.77581
CVE-2022-0687,0.01462,0.71732
CVE-2022-0681,0.00531,0.42785
CVE-2022-0667,0.01348,0.69468
CVE-2022-0652,0.00193,0.09024
CVE-2022-0640,0.00866,0.56164
CVE-2022-0635,0.01348,0.69468
CVE-2022-0628,0.00866,0.56164
CVE-2022-0627,0.008,0.54049
CVE-2022-0616,0.00435,0.36344
CVE-2022-0591,0.20249,0.97282
CVE-2022-0590,0.00598,0.46199
CVE-2022-0515,0.00429,0.35764
CVE-2022-0514,0.00956,0.58966
CVE-2022-0475,0.00447,0.37273
CVE-2022-0423,0.006,0.46313
CVE-2022-0415,0.65237,0.99194
CVE-2022-0396,0.02703,0.84881
CVE-2022-0386,0.01229,0.66771
CVE-2022-0364,0.69552,0.99311
CVE-2022-0229,0.00552,0.43905
CVE-2021-46390,0.00491,0.40216
CVE-2021-45878,0.01111,0.63629
CVE-2021-45877,0.01126,0.64009
CVE-2021-45876,0.01485,0.72172
CVE-2021-45810,0.00808,0.54306
CVE-2021-45809,0.01648,0.74794
CVE-2021-45757,0.01082,0.62806
CVE-2021-45756,0.01243,0.67108
CVE-2021-45117,0.01417,0.70891
CVE-2021-44759,0.01576,0.737
CVE-2021-44040,0.01991,0.79236
CVE-2021-43650,0.06158,0.92961
CVE-2021-41736,0.01398,0.70525
CVE-2021-40662,0.01096,0.63214
CVE-2021-38745,0.00851,0.55652
CVE-2021-36100,0.01355,0.69649
CVE-2021-33961,0.00705,0.50807
CVE-2021-25220,0.03357,0.87847
CVE-2021-25019,0.008,0.54047
CVE-2021-24905,0.0077,0.53071
CVE-2020-24772,0.00677,0.49777
CVE-2022-27820,0.00681,0.49907
CVE-2022-27811,0.02849,0.85715
CVE-2022-27254,0.01039,0.6154
CVE-2022-27192,0.01147,0.64527
CVE-2022-27083,0.02844,0.85688
CVE-2022-27082,0.02702,0.84874
CVE-2022-27081,0.02628,0.84419
CVE-2022-27080,0.02628,0.84419
CVE-2022-27079,0.02628,0.8442
CVE-2022-27078,0.02628,0.84418
CVE-2022-27077,0.02628,0.84419
CVE-2022-27076,0.02628,0.8442
CVE-2022-26536,0.02628,0.84418
CVE-2022-26290,0.02628,0.84418
CVE-2022-26289,0.02628,0.84419
CVE-2022-26243,0.01175,0.65335
CVE-2022-25609,0.00535,0.43013
CVE-2022-25608,0.00305,0.22657
CVE-2022-25269,0.00568,0.44737
CVE-2022-25268,0.00417,0.34718
CVE-2022-25267,0.01502,0.72476
CVE-2022-25266,0.00953,0.58867
CVE-2022-25223,0.00783,0.53501
CVE-2022-25222,0.0164,0.74674
CVE-2022-25221,0.00702,0.50706
CVE-2022-25041,0.00812,0.54418
CVE-2022-24934,0.2047,0.97318
CVE-2022-24768,0.0125,0.67292
CVE-2022-24757,0.01256,0.67423
CVE-2022-24731,0.0096,0.59064
CVE-2022-24730,0.00895,0.57007
CVE-2022-24293,0.07549,0.94071
CVE-2022-24292,0.07549,0.94072
CVE-2022-24291,0.04709,0.91171
CVE-2022-23881,0.56509,0.98985
CVE-2022-23880,0.01724,0.75896
CVE-2022-23242,0.00209,0.1101
CVE-2022-22952,0.01507,0.72567
CVE-2022-22951,0.20319,0.97291
CVE-2022-22819,0.01403,0.70635
CVE-2022-22316,0.00983,0.59839
CVE-2022-1061,0.00959,0.59036
CVE-2022-1030,0.01487,0.72205
CVE-2022-0996,0.01531,0.72957
CVE-2022-0981,0.01168,0.65143
CVE-2022-0889,0.00779,0.53348
CVE-2022-0888,0.39393,0.98501
CVE-2022-0862,0.00671,0.49489
CVE-2022-0854,0.00462,0.3825
CVE-2022-0834,0.0054,0.43246
CVE-2022-0750,0.04404,0.90629
CVE-2022-0315,0.00959,0.59041
CVE-2021-46064,0.01131,0.64126
CVE-2021-44226,0.00903,0.57246
CVE-2021-44139,0.05643,0.92412
CVE-2021-43738,0.00477,0.39281
CVE-2021-43737,0.00411,0.34138
CVE-2021-43736,0.02483,0.8344
CVE-2021-43735,0.01259,0.67492
CVE-2021-4219,0.00976,0.59661
CVE-2021-4197,0.00536,0.4307
CVE-2021-4180,0.00791,0.53757
CVE-2021-4156,0.01754,0.76317
CVE-2021-4150,0.00336,0.26215
CVE-2021-4149,0.004,0.33097
CVE-2021-4148,0.00309,0.2316
CVE-2021-38772,0.01213,0.66374
CVE-2021-38278,0.01408,0.7072
CVE-2021-3748,0.00522,0.42198
CVE-2021-3618,0.02036,0.79718
CVE-2021-3589,0.01047,0.61794
CVE-2021-31326,0.02199,0.81258
CVE-2021-28278,0.00871,0.5631
CVE-2021-28277,0.00867,0.56186
CVE-2021-28276,0.01127,0.64026
CVE-2021-28275,0.00664,0.49218
CVE-2021-27476,0.04111,0.90045
CVE-2021-27475,0.02989,0.86354
CVE-2021-27474,0.01612,0.74223
CVE-2021-27473,0.00783,0.53471
CVE-2021-27472,0.05657,0.92425
CVE-2021-27471,0.02856,0.85744
CVE-2021-27470,0.03828,0.89327
CVE-2021-27468,0.03493,0.88311
CVE-2021-27466,0.03886,0.89484
CVE-2021-27464,0.03481,0.88271
CVE-2021-27462,0.03828,0.89327
CVE-2021-27460,0.03195,0.87208
CVE-2021-27456,0.0024,0.14946
CVE-2021-27430,0.00249,0.16054
CVE-2021-27428,0.0121,0.66274
CVE-2021-27426,0.0121,0.66273
CVE-2021-27424,0.00878,0.56527
CVE-2021-27422,0.00667,0.49362
CVE-2021-27420,0.01061,0.62201
CVE-2021-27418,0.00609,0.46723
CVE-2020-20096,0.01398,0.70524
CVE-2020-20095,0.01323,0.68889
CVE-2020-20094,0.01398,0.70524
CVE-2020-20093,0.0235,0.8249
CVE-2022-27920,0.0089,0.56835
CVE-2022-27919,0.01841,0.77473
CVE-2022-27906,0.0108,0.62722
CVE-2022-27887,0.00555,0.44088
CVE-2022-27886,0.00555,0.44087
CVE-2022-27885,0.00555,0.44086
CVE-2022-27884,0.00555,0.44087
CVE-2022-27882,0.01907,0.78281
CVE-2022-27881,0.01898,0.78181
CVE-2022-27227,0.05026,0.91649
CVE-2022-26659,0.00432,0.35997
CVE-2022-26629,0.03222,0.87338
CVE-2022-26573,0.00566,0.44672
CVE-2022-26301,0.0108,0.62739
CVE-2022-26279,0.01842,0.77477
CVE-2022-26272,0.22471,0.97526
CVE-2022-26263,0.41722,0.98582
CVE-2022-26249,0.0188,0.7796
CVE-2022-26197,0.00567,0.44711
CVE-2022-25612,0.00571,0.44893
CVE-2022-25611,0.00571,0.44893
CVE-2022-25610,0.0072,0.51381
CVE-2022-25606,0.00566,0.44677
CVE-2022-25590,0.01309,0.68619
CVE-2022-25582,0.00562,0.44468
CVE-2022-25577,0.01215,0.66423
CVE-2022-25576,0.00401,0.33189
CVE-2022-25575,0.00641,0.48198
CVE-2022-25574,0.00432,0.36044
CVE-2022-25571,0.00954,0.58913
CVE-2022-25568,0.06885,0.93587
CVE-2022-25523,0.00553,0.43997
CVE-2022-24784,0.01034,0.61424
CVE-2022-24783,0.01147,0.64535
CVE-2022-24782,0.00965,0.59229
CVE-2022-24781,0.0094,0.5847
CVE-2022-24778,0.02718,0.84969
CVE-2022-24777,0.01177,0.65413
CVE-2022-24776,0.00968,0.59375
CVE-2022-24769,0.00492,0.40272
CVE-2022-24643,0.0125,0.67283
CVE-2022-22688,0.01598,0.74017
CVE-2022-22687,0.02432,0.83087
CVE-2022-22374,0.01001,0.60383
CVE-2022-21820,0.16508,0.96762
CVE-2022-1064,0.01152,0.64708
CVE-2022-1058,0.53177,0.98902
CVE-2022-1052,0.00421,0.35086
CVE-2022-1049,0.01953,0.78821
CVE-2022-1040,0.99796,0.99956
CVE-2022-0995,0.09518,0.95089
CVE-2022-0988,0.00518,0.41968
CVE-2022-0983,0.00934,0.58282
CVE-2022-0955,0.00582,0.45463
CVE-2022-0897,0.01049,0.61828
CVE-2022-0759,0.00942,0.58521
CVE-2022-0551,0.00904,0.57276
CVE-2022-0550,0.00904,0.57276
CVE-2022-0500,0.00355,0.28369
CVE-2022-0494,0.00416,0.34588
CVE-2022-0435,0.67994,0.99268
CVE-2022-0330,0.00379,0.30903
CVE-2022-0322,0.00299,0.22101
CVE-2022-0153,0.01128,0.64054
CVE-2022-0145,0.00681,0.4994
CVE-2021-46426,0.00923,0.57876
CVE-2021-44905,0.0131,0.68638
CVE-2021-44768,0.00689,0.50241
CVE-2021-44751,0.00575,0.45106
CVE-2021-44683,0.00972,0.59503
CVE-2021-44477,0.01095,0.63186
CVE-2021-44462,0.00713,0.51108
CVE-2021-43700,0.01112,0.63637
CVE-2021-43666,0.02125,0.80605
CVE-2021-43659,0.00551,0.43852
CVE-2021-43636,0.01068,0.62433
CVE-2021-43091,0.01412,0.70799
CVE-2021-43090,0.01926,0.78501
CVE-2021-43084,0.00956,0.58955
CVE-2021-4203,0.01747,0.76203
CVE-2021-4202,0.00357,0.28569
CVE-2021-4157,0.01584,0.73823
CVE-2021-4147,0.00242,0.15213
CVE-2021-39491,0.00493,0.40328
CVE-2021-3941,0.00303,0.2246
CVE-2021-3933,0.00881,0.56598
CVE-2021-3814,0.01158,0.64848
CVE-2021-3582,0.00386,0.3166
CVE-2021-3567,0.01157,0.64816
CVE-2021-35254,0.01014,0.60795
CVE-2021-3422,0.00601,0.46348
CVE-2021-26622,0.03034,0.86553
CVE-2021-26621,0.01737,0.76073
CVE-2021-26620,0.0135,0.69528
CVE-2021-22100,0.00915,0.57656
CVE-2021-20323,0.37246,0.98414
CVE-2021-20290,0.00223,0.12789
CVE-2020-21554,0.01525,0.72864
CVE-2018-25032,0.51733,0.98863
CVE-2022-27950,0.00381,0.31099
CVE-2022-27948,0.01433,0.71182
CVE-2022-27947,0.02865,0.85794
CVE-2022-27946,0.03247,0.87429
CVE-2022-27945,0.02945,0.86161
CVE-2022-27943,0.00906,0.57364
CVE-2022-27942,0.01122,0.63895
CVE-2022-27941,0.01117,0.63773
CVE-2022-27940,0.01117,0.63774
CVE-2022-27939,0.01044,0.61697
CVE-2022-27938,0.00614,0.46946
CVE-2022-26273,0.01168,0.65133
CVE-2022-26271,0.04515,0.90833
CVE-2022-26268,0.00956,0.58955
CVE-2022-26259,0.02382,0.82703
CVE-2022-26258,0.80377,0.9959
CVE-2022-26255,0.01788,0.76756
CVE-2022-26254,0.00839,0.55304
CVE-2022-26252,0.0178,0.7666
CVE-2022-26245,0.14844,0.96443
CVE-2022-26205,0.02014,0.79499
CVE-2022-26198,0.01689,0.75407
CVE-2022-25757,0.02481,0.83428
CVE-2022-24303,0.02879,0.85855
CVE-2022-23884,0.02585,0.84137
CVE-2022-23882,0.0108,0.62739
CVE-2022-22995,0.02758,0.85208
CVE-2022-22274,0.57591,0.9901
CVE-2022-1106,0.01047,0.61789
CVE-2022-1071,0.0092,0.5779
CVE-2022-0846,0.08785,0.94792
CVE-2022-0833,0.00494,0.40434
CVE-2022-0818,0.00866,0.5614
CVE-2022-0787,0.08631,0.94708
CVE-2022-0784,0.10079,0.95291
CVE-2022-0770,0.00612,0.46859
CVE-2022-0720,0.00619,0.47208
CVE-2022-0680,0.00866,0.56141
CVE-2022-0679,0.4783,0.98763
CVE-2022-0647,0.008,0.54053
CVE-2022-0643,0.008,0.54054
CVE-2022-0641,0.008,0.54054
CVE-2022-0621,0.008,0.54052
CVE-2022-0620,0.008,0.54053
CVE-2022-0619,0.008,0.54053
CVE-2022-0600,0.008,0.54056
CVE-2022-0599,0.01669,0.75103
CVE-2022-0595,0.13575,0.96182
CVE-2022-0499,0.00628,0.47627
CVE-2022-0493,0.01381,0.70199
CVE-2022-0488,0.0071,0.51006
CVE-2022-0479,0.43807,0.9865
CVE-2022-0450,0.00604,0.46494
CVE-2022-0427,0.00828,0.5496
CVE-2022-0397,0.006,0.46311
CVE-2022-0388,0.00598,0.46205
CVE-2022-0371,0.00822,0.54776
CVE-2022-0344,0.01091,0.63016
CVE-2022-0342,0.8442,0.99682
CVE-2022-0283,0.00769,0.53032
CVE-2022-0249,0.01138,0.64302
CVE-2022-0136,0.00862,0.56008
CVE-2022-0123,0.00438,0.36566
CVE-2021-46434,0.00868,0.56223
CVE-2021-46433,0.01126,0.63999
CVE-2021-45491,0.00799,0.53988
CVE-2021-45490,0.01087,0.62938
CVE-2021-44617,0.02122,0.80573
CVE-2021-44213,0.00933,0.58238
CVE-2021-44212,0.00933,0.58238
CVE-2021-44211,0.00665,0.49261
CVE-2021-44210,0.00913,0.57559
CVE-2021-44209,0.00903,0.57269
CVE-2021-44208,0.00903,0.57269
CVE-2021-44127,0.03371,0.87892
CVE-2021-44124,0.01887,0.7804
CVE-2021-43725,0.02573,0.84058
CVE-2021-43721,0.01061,0.622
CVE-2021-4191,0.80004,0.99583
CVE-2021-40906,0.00989,0.60047
CVE-2021-40905,0.03027,0.86524
CVE-2021-40904,0.03692,0.88915
CVE-2021-39876,0.00935,0.58316
CVE-2021-26601,0.03236,0.87382
CVE-2021-26600,0.0563,0.92397
CVE-2021-26599,0.20968,0.97386
CVE-2021-26598,0.10528,0.95433
CVE-2021-25071,0.008,0.54045
CVE-2021-25070,0.01608,0.74166
CVE-2021-25068,0.01301,0.68442
CVE-2021-25064,0.01327,0.68986
CVE-2021-25012,0.008,0.5405
CVE-2021-24978,0.00527,0.42548
CVE-2021-24962,0.03041,0.86577
CVE-2021-24746,0.02244,0.81626
CVE-2018-25030,0.00265,0.18133
CVE-2015-10002,0.00204,0.1031
CVE-2022-28160,0.01094,0.63088
CVE-2022-28159,0.00824,0.5484
CVE-2022-28158,0.00751,0.5244
CVE-2022-28157,0.01432,0.71173
CVE-2022-28156,0.0158,0.73757
CVE-2022-28155,0.008,0.5404
CVE-2022-28154,0.01012,0.6074
CVE-2022-28153,0.00807,0.54296
CVE-2022-28152,0.00607,0.46599
CVE-2022-28151,0.00743,0.52187
CVE-2022-28150,0.00717,0.51293
CVE-2022-28149,0.00824,0.54839
CVE-2022-28148,0.01835,0.77395
CVE-2022-28147,0.00748,0.52357
CVE-2022-28146,0.01835,0.77395
CVE-2022-28145,0.00824,0.5484
CVE-2022-28144,0.00822,0.54771
CVE-2022-28143,0.00544,0.43489
CVE-2022-28142,0.00668,0.49384
CVE-2022-28141,0.00923,0.57857
CVE-2022-28140,0.01012,0.60739
CVE-2022-28139,0.00743,0.52186
CVE-2022-28138,0.00607,0.46599
CVE-2022-28137,0.00743,0.52186
CVE-2022-28136,0.00717,0.51293
CVE-2022-28135,0.00923,0.57857
CVE-2022-28134,0.00668,0.4939
CVE-2022-28133,0.00824,0.5484
CVE-2022-27658,0.00887,0.56771
CVE-2022-26980,0.01088,0.62952
CVE-2022-26642,0.01253,0.67349
CVE-2022-26641,0.01253,0.6735
CVE-2022-26640,0.01253,0.67349
CVE-2022-26639,0.01253,0.67349
CVE-2022-26296,0.00392,0.32268
CVE-2022-26291,0.00866,0.56146
CVE-2022-26280,0.01877,0.77923
CVE-2022-26278,0.01692,0.7545
CVE-2022-26269,0.00388,0.31843
CVE-2022-25521,0.01694,0.75479
CVE-2022-25420,0.02599,0.84234
CVE-2022-24957,0.00705,0.50802
CVE-2022-24956,0.01366,0.69876
CVE-2022-24789,0.00764,0.52879
CVE-2022-23937,0.01034,0.61423
CVE-2022-23903,0.00562,0.44468
CVE-2022-23901,0.01588,0.7387
CVE-2022-23059,0.00624,0.47494
CVE-2022-1087,0.00935,0.58318
CVE-2022-1086,0.00624,0.47462
CVE-2022-1085,0.00593,0.45984
CVE-2022-1084,0.0096,0.59055
CVE-2022-1083,0.00949,0.58752
CVE-2022-1082,0.00949,0.58752
CVE-2022-1081,0.00702,0.50732
CVE-2022-1080,0.00684,0.50052
CVE-2022-1079,0.00562,0.44461
CVE-2022-1078,0.00801,0.54067
CVE-2022-1077,0.0251,0.83625
CVE-2022-1076,0.00562,0.44465
CVE-2022-1075,0.00462,0.38302
CVE-2022-1074,0.00441,0.36811
CVE-2022-1073,0.00806,0.54264
CVE-2022-1056,0.01093,0.63068
CVE-2022-1055,0.005,0.40782
CVE-2022-1032,0.01604,0.74114
CVE-2022-0751,0.01448,0.71454
CVE-2022-0738,0.00864,0.5608
CVE-2022-0735,0.13227,0.96096
CVE-2022-0549,0.0092,0.57787
CVE-2022-0343,0.00091,0.00551
CVE-2022-0331,0.01506,0.72543
CVE-2021-46743,0.00789,0.53711
CVE-2021-45866,0.00551,0.43852
CVE-2021-45865,0.01384,0.70255
CVE-2021-44581,0.01029,0.61269
CVE-2021-44081,0.01048,0.61824
CVE-2021-43701,0.03345,0.87805
CVE-2021-43105,0.00624,0.47457
CVE-2021-43103,0.01632,0.74536
CVE-2021-43102,0.01632,0.74536
CVE-2021-43101,0.01632,0.74535
CVE-2021-43100,0.01632,0.74535
CVE-2021-43099,0.01109,0.63582
CVE-2021-43098,0.01242,0.67089
CVE-2021-43097,0.02386,0.82741
CVE-2021-22572,0.00133,0.03114
CVE-2017-20016,0.01462,0.71746
CVE-2017-20015,0.00262,0.17688
CVE-2017-20014,0.00261,0.17579
CVE-2017-20013,0.00291,0.21256
CVE-2017-20012,0.00302,0.22344
CVE-2017-20011,0.00227,0.13252
CVE-2010-10001,0.00862,0.56038
CVE-2008-10001,0.00615,0.47008
CVE-2005-10001,0.00717,0.5128
CVE-2003-5003,0.00495,0.40476
CVE-2003-5002,0.00413,0.34365
CVE-2003-5001,0.01046,0.61774
CVE-2022-28209,0.0132,0.6884
CVE-2022-28206,0.01462,0.71733
CVE-2022-28205,0.01462,0.71733
CVE-2022-28202,0.01208,0.66221
CVE-2022-27816,0.005,0.40817
CVE-2022-27815,0.00514,0.41701
CVE-2022-27432,0.00576,0.45161
CVE-2022-27175,0.01219,0.6652
CVE-2022-26951,0.00568,0.44739
CVE-2022-26950,0.00552,0.43945
CVE-2022-26949,0.00953,0.58873
CVE-2022-26948,0.00586,0.45658
CVE-2022-26947,0.00634,0.47917
CVE-2022-26887,0.09731,0.95167
CVE-2022-26871,0.19633,0.97194
CVE-2022-26839,0.00217,0.11971
CVE-2022-26836,0.01219,0.66521
CVE-2022-26667,0.01219,0.66521
CVE-2022-26666,0.01219,0.66522
CVE-2022-26514,0.01219,0.6652
CVE-2022-26349,0.01219,0.66522
CVE-2022-26338,0.01219,0.66521
CVE-2022-26244,0.00491,0.40236
CVE-2022-26069,0.01219,0.66519
CVE-2022-26065,0.01219,0.66522
CVE-2022-26059,0.01219,0.66522
CVE-2022-26013,0.09136,0.9494
CVE-2022-25980,0.01219,0.6652
CVE-2022-25880,0.01219,0.6652
CVE-2022-25620,0.00444,0.37052
CVE-2022-25619,0.00326,0.25085
CVE-2022-25598,0.01981,0.79113
CVE-2022-25347,0.11386,0.9568
CVE-2022-24693,0.03344,0.87803
CVE-2022-24131,0.00905,0.57344
CVE-2022-23869,0.00678,0.49791
CVE-2022-23868,0.00715,0.51214
CVE-2022-22948,0.13282,0.96108
CVE-2022-22941,0.01346,0.69433
CVE-2022-22936,0.00827,0.54942
CVE-2022-22935,0.01624,0.74416
CVE-2022-22934,0.00875,0.56437
CVE-2022-21821,0.02089,0.8027
CVE-2022-1181,0.51472,0.98858
CVE-2022-1180,0.00601,0.46355
CVE-2022-1179,0.769,0.99511
CVE-2022-1178,0.51613,0.98862
CVE-2022-1177,0.00878,0.56541
CVE-2022-1172,0.00752,0.52485
CVE-2022-1163,0.03506,0.88348
CVE-2022-1155,0.00992,0.60107
CVE-2022-1154,0.01462,0.71732
CVE-2022-1122,0.01104,0.63445
CVE-2022-1050,0.0038,0.31003
CVE-2022-0923,0.01045,0.61737
CVE-2021-44082,0.03037,0.86564
CVE-2021-43118,0.34845,0.98312
CVE-2021-43110,0.01674,0.75168
CVE-2021-43109,0.01214,0.66391
CVE-2021-42970,0.00716,0.51244
CVE-2021-42911,0.03524,0.884
CVE-2021-41594,0.00785,0.53545
CVE-2021-39767,0.00113,0.016
CVE-2021-39766,0.00111,0.01441
CVE-2021-39765,0.00126,0.02568
CVE-2021-39764,0.00329,0.25385
CVE-2021-39763,0.00113,0.01601
CVE-2021-39762,0.00755,0.52576
CVE-2021-39761,0.00111,0.0144
CVE-2021-39760,0.00111,0.01444
CVE-2021-39759,0.00113,0.01601
CVE-2021-39758,0.00104,0.01115
CVE-2021-39757,0.00112,0.0149
CVE-2021-39756,0.00111,0.0144
CVE-2021-39755,0.00111,0.01445
CVE-2021-39754,0.00111,0.01444
CVE-2021-39753,0.00104,0.01143
CVE-2021-39752,0.00114,0.01677
CVE-2021-39751,0.00104,0.01142
CVE-2021-39750,0.00104,0.01115
CVE-2021-39749,0.00205,0.1041
CVE-2021-39748,0.00104,0.01142
CVE-2021-39747,0.00105,0.01183
CVE-2021-39746,0.00113,0.01601
CVE-2021-39745,0.00111,0.01441
CVE-2021-39744,0.00111,0.01442
CVE-2021-39743,0.00104,0.01114
CVE-2021-39742,0.00317,0.24018
CVE-2021-39741,0.00113,0.01601
CVE-2021-39740,0.00112,0.0149
CVE-2021-39739,0.0011,0.01394
CVE-2021-23851,0.0156,0.7346
CVE-2021-23850,0.0156,0.7346
CVE-2021-1033,0.00105,0.01157
CVE-2021-1000,0.00105,0.01156
CVE-2020-35501,0.00241,0.15136
CVE-2020-24771,0.02046,0.79827
CVE-2020-24770,0.02429,0.83073
CVE-2020-24769,0.01979,0.79091
CVE-2015-3298,0.00662,0.49149
CVE-2022-28223,0.01091,0.63036
CVE-2022-28128,0.00386,0.31572
CVE-2022-27907,0.00683,0.5002
CVE-2022-27772,0.00597,0.46184
CVE-2022-27496,0.00748,0.52357
CVE-2022-26646,0.01235,0.66917
CVE-2022-26645,0.02519,0.83699
CVE-2022-26644,0.00641,0.48199
CVE-2022-26019,0.04497,0.90803
CVE-2022-25915,0.00447,0.37227
CVE-2022-25348,0.00378,0.30699
CVE-2022-25008,0.0433,0.90485
CVE-2022-24790,0.02191,0.81169
CVE-2022-24763,0.02121,0.80566
CVE-2022-24299,0.01932,0.78578
CVE-2022-24136,0.01881,0.77962
CVE-2022-24135,0.00642,0.48249
CVE-2022-24132,0.01071,0.62492
CVE-2022-23801,0.00586,0.4566
CVE-2022-23800,0.00674,0.49643
CVE-2022-23799,0.01225,0.66701
CVE-2022-23798,0.00587,0.45694
CVE-2022-23797,0.01106,0.63481
CVE-2022-23796,0.00586,0.4566
CVE-2022-23795,0.01147,0.64536
CVE-2022-23794,0.00924,0.57932
CVE-2022-23793,0.02078,0.80154
CVE-2022-23183,0.01459,0.71674
CVE-2022-23136,0.00451,0.37542
CVE-2022-22996,0.00312,0.23585
CVE-2022-22986,0.00737,0.51979
CVE-2022-22772,0.02321,0.82253
CVE-2022-22311,0.00697,0.50519
CVE-2022-20002,0.00105,0.01149
CVE-2022-1191,0.00955,0.58927
CVE-2022-1176,0.0125,0.67299
CVE-2022-1160,0.01267,0.67683
CVE-2022-0998,0.0037,0.29975
CVE-2022-0350,0.00547,0.43642
CVE-2021-46010,0.01243,0.67123
CVE-2021-46009,0.12531,0.95938
CVE-2021-46008,0.00918,0.57732
CVE-2021-46007,0.02591,0.84187
CVE-2021-46006,0.05503,0.92224
CVE-2021-45900,0.0074,0.52063
CVE-2021-45031,0.0078,0.53406
CVE-2021-44312,0.00429,0.35795
CVE-2021-44310,0.0057,0.44866
CVE-2021-43707,0.00641,0.48198
CVE-2021-43664,0.01652,0.74846
CVE-2021-43663,0.00957,0.58987
CVE-2021-43662,0.00547,0.4366
CVE-2021-43661,0.00641,0.482
CVE-2021-43506,0.01575,0.73693
CVE-2021-43505,0.00551,0.43852
CVE-2021-43484,0.03524,0.88398
CVE-2021-43479,0.02519,0.83699
CVE-2021-43478,0.00799,0.53995
CVE-2021-43142,0.01465,0.71802
CVE-2021-42946,0.00558,0.44257
CVE-2021-42869,0.00552,0.43938
CVE-2021-42868,0.00514,0.41738
CVE-2021-42867,0.00604,0.46515
CVE-2021-42866,0.00558,0.44257
CVE-2021-40645,0.01097,0.6326
CVE-2021-40644,0.01097,0.63261
CVE-2021-39791,0.00111,0.01441
CVE-2021-39790,0.00316,0.24
CVE-2021-39789,0.00104,0.01114
CVE-2021-39788,0.00111,0.01439
CVE-2021-39787,0.0038,0.30992
CVE-2021-39786,0.00113,0.01565
CVE-2021-39784,0.00104,0.01113
CVE-2021-39783,0.00104,0.01113
CVE-2021-39782,0.00104,0.01113
CVE-2021-39781,0.00114,0.01677
CVE-2021-39780,0.00319,0.24298
CVE-2021-39779,0.00104,0.01143
CVE-2021-39778,0.00112,0.01532
CVE-2021-39777,0.00111,0.01438
CVE-2021-39776,0.00111,0.01454
CVE-2021-39775,0.00111,0.01439
CVE-2021-39774,0.00105,0.01155
CVE-2021-39773,0.00111,0.01438
CVE-2021-39772,0.00205,0.10423
CVE-2021-39771,0.00329,0.25385
CVE-2021-39770,0.00104,0.01141
CVE-2021-39769,0.00104,0.01141
CVE-2021-39768,0.0012,0.02037
CVE-2021-38362,0.00982,0.59815
CVE-2021-37517,0.00985,0.59901
CVE-2021-36625,0.00928,0.58059
CVE-2021-3456,0.00202,0.10037
CVE-2021-34257,0.01822,0.77221
CVE-2021-33581,0.01284,0.68078
CVE-2021-33523,0.01847,0.77549
CVE-2021-33208,0.01151,0.64659
CVE-2021-20729,0.02878,0.85852
CVE-2019-9564,0.01419,0.70918
CVE-2019-12266,0.01248,0.67257
CVE-2022-27966,0.00485,0.39819
CVE-2022-27965,0.00485,0.39819
CVE-2022-27964,0.00485,0.39819
CVE-2022-27963,0.0045,0.37435
CVE-2022-27052,0.00332,0.2577
CVE-2022-27050,0.0035,0.27757
CVE-2022-27049,0.00295,0.2159
CVE-2022-26546,0.01406,0.70678
CVE-2022-24798,0.01422,0.70976
CVE-2022-24797,0.01378,0.70145
CVE-2022-24796,0.03741,0.89061
CVE-2022-24794,0.00738,0.52014
CVE-2022-24791,0.01179,0.65459
CVE-2022-24758,0.01097,0.63265
CVE-2021-43722,0.03162,0.87079
